年月,總編號,處理單位,處理編號,年,月,日,時,分,縣市,區,村里,鄰,街道,段,巷,弄,號,公尺處,街道.1,段.1,側,附近,道路,公里,公尺處.1,向,車道,平交道,公里.1,公尺處.2,附近.1,死,受傷,X2.30,天候,光線,道路類別,速限,道路型態,事故位置,路面鋪裝,路面狀態,路面缺陷,障礙物,視距,號誌種類,號誌動作,分向設施,快車道或一般車道間,快慢車道間,路面邊線,事故類型及型態,主要肇因,警局,分局,案件類別,事故類別,日期,道路1,道路2,概略位置,lon,lat,車種,當事者區分.類別.,年齡,受傷程度,車輛牌照號碼,車輛用途,駕駛資格情形,飲酒情形,車輛撞擊部位最初,肇事因素個別,肇事因素主要,職.業,旅次目的,國籍
10102,10102Y00020006,YZA1,10102YZ000008,2012,2,5,17,48,金門縣,金城鎮,,NA,民權路,,,NA,,,,,,中正國小旁路口,NA,NA,NA,NA,NA,NA,NA,NA,NA,0,2,0,陰,晨或暮光,村里道路,40,四岔路,交岔路口內,柏油,乾燥,無缺陷,無障礙物,良好,行車管制號誌,正常,無分向設施,未繪設車道線,未繪設快慢車道分隔線,有,側撞,未依規定讓車,Y000,YZ00,1,2,2012/2/5,民權路,,金門縣金城鎮中正國小旁路口,118.3168946,24.4355379,腳踏自行車 慢車∕普通重型 機車∕,腳踏自行車∕機車普通重型∕,12∕20∕,受傷∕受傷∕,∕01****S代號97∕,其他∕其他∕,非汽（機）車駕駛人∕有適當之駕照∕,非駕駛人，未檢測∕經檢測無酒精反應∕,非汽（機）車∕機車前車頭∕,未依規定讓車∕未注意車前狀態∕,未依規定讓車∕未依規定讓車∕,小學生∕其他∕,其他∕其他∕,本國∕本國∕
10102,10102Y00020016,YZA1,10102YZ000010,2012,2,6,8,18,金門縣,金城鎮,,NA,北堤路,,9,NA,,,,,,,NA,NA,NA,NA,NA,NA,NA,NA,NA,0,1,0,雨,日間自然光線,村里道路,40,三岔路,交岔路口內,柏油,濕潤,無缺陷,無障礙物,良好,無號誌,無號誌,無分向設施,未繪設車道線,快慢車道分隔線,有,側撞,未依規定讓車,Y000,YZ00,1,2,2012/2/6,北堤路9巷,,金門縣金城鎮,118.3167419,24.4294062,自用 小客車∕普通重型 機車∕,小客車自用∕機車普通重型∕,28∕47∕,未受傷∕受傷∕,22****S代號98∕47****E代號99∕,其他∕其他∕,有適當之駕照∕無照（已達考照年齡）∕,經檢測無酒精反應∕經檢測無酒精反應∕,汽車前車頭∕機車前車頭∕,未依規定讓車∕未依規定減速∕,未依規定讓車∕未依規定讓車∕,事務工作者∕其他∕,其他∕其他∕,本國∕本國∕
10102,10102Y00020009,YZA1,10102YZ000012,2012,2,6,14,22,金門縣,烈嶼鄉,,NA,,,,NA,,,,,,東林12號前路段,NA,NA,NA,NA,NA,NA,NA,NA,NA,0,1,0,晴,日間自然光線,村里道路,40,直路,一般車道（未劃分快慢車道）,柏油,乾燥,無缺陷,無障礙物,良好,無號誌,無號誌,無標記,未繪設車道線,未繪設快慢車道分隔線,有,倒車撞,倒車未依規定,Y000,YZ00,1,2,2012/2/6,金門縣烈嶼鄉東林12號前路段,,金門縣烈嶼鄉東林12號前路段,118.2455353,24.4288578,自用 小貨車(含客、貨兩用)∕普通輕型 機車∕,小貨車自用∕機車普通輕型∕,56∕70∕,未受傷∕受傷∕,10****S代號100∕WZ****7代號101∕,其他∕其他∕,有適當之駕照∕有適當之駕照∕,經檢測無酒精反應∕經檢測無酒精反應∕,汽車右後車尾（身）∕機車前車頭∕,倒車未依規定∕未注意車前狀態∕,倒車未依規定∕倒車未依規定∕,其他∕無業者∕,其他∕其他∕,本國∕本國∕
10102,10102Y00020010,YZA1,10102YZ000013,2012,2,6,19,20,金門縣,金城鎮,西門里,NA,民權路,,,NA,,,光前路,,,,NA,NA,NA,NA,NA,NA,NA,NA,NA,0,1,0,晴,夜間（或隧道、地下道、涵洞）有照明,村里道路,40,四岔路,交岔口附近,柏油,乾燥,無缺陷,無障礙物,良好,行車管制號誌,正常,無標記,未繪設車道線,未繪設快慢車道分隔線,有,側撞,未依規定讓車,Y000,YZ00,1,2,2012/2/6,民權路,光前路,,118.3154588,24.43343543,自用 小客車∕普通重型 機車∕,小客車自用∕機車普通重型∕,58∕32∕,未受傷∕受傷∕,13****V代號102∕LW****1代號103∕,其他∕其他∕,有適當之駕照∕有適當之駕照∕,經檢測無酒精反應∕經檢測無酒精反應∕,汽車左前車頭（身）∕機車前車頭∕,未依規定讓車∕尚未發現肇事因素∕,未依規定讓車∕未依規定讓車∕,服務工作者∕技術員及助理人員∕,業務聯繫∕社交活動∕,本國∕本國∕
10102,10102Y00020008,YZA1,10102YZ000014,2012,2,6,13,51,金門縣,金城鎮,,NA,民生路,,,NA,,,,,,金城車站旁路段,NA,NA,NA,NA,NA,NA,NA,NA,NA,0,1,0,晴,日間自然光線,村里道路,40,圓環,其他,柏油,乾燥,無缺陷,無障礙物,路上停放車輛,無號誌,無號誌,無分向設施,未繪設車道線,未繪設快慢車道分隔線,有,其他,逆向行駛,Y000,YZ00,1,2,2012/2/6,民生路,,金門縣金城鎮金城車站旁路段,118.3190184,24.43575,自用 小貨車(含客、貨兩用)∕普通重型 機車∕,小貨車自用∕機車普通重型∕,28∕68∕,未受傷∕受傷∕,5N****7代號104∕PZ****2代號105∕,其他∕其他∕,有適當之駕照∕有適當之駕照∕,經檢測無酒精反應∕經檢測無酒精反應∕,汽車右前車頭（身）∕機車右側車身∕,逆向行駛∕尚未發現肇事因素∕,逆向行駛∕逆向行駛∕,事務工作者∕家庭主婦（夫）∕,其他∕其他∕,本國∕本國∕
10102,10102Y00020011,YZA1,10102YZ000015,2012,2,8,7,39,金門縣,金寧鄉,,NA,桃園路,,,NA,1,,,,,金酒公司側門,NA,NA,NA,NA,NA,NA,NA,NA,NA,0,0,1,晴,日間自然光線,縣道,60,三岔路,交岔路口內,柏油,乾燥,無缺陷,無障礙物,良好,無號誌,無號誌,無分向設施,未繪設車道線,未繪設快慢車道分隔線,有,側撞,未依規定減速,Y000,YZ00,1,2,2012/2/8,桃園路1號,,金門縣金寧鄉金酒公司側門,118.3446627,24.4317794,自用 小客車∕普通輕型 機車∕,小客車自用∕機車普通輕型∕,29∕50∕,未受傷∕2-30日內死亡∕,13****V代號106∕WZ****3代號107∕,其他∕其他∕,有適當之駕照∕有適當之駕照∕,經檢測無酒精反應∕經檢測無酒精反應∕,汽車右前車頭（身）∕機車左側車身∕,未依規定減速∕左轉彎未依規定∕,未依規定減速∕未依規定減速∕,專業人員∕技術工∕,上、下班∕上、下班∕,本國∕本國∕
10102,10102Y00020014,YZA1,10102YZ000018,2012,2,9,19,15,金門縣,金城鎮,,NA,北堤路,,,NA,,,,,,03154燈桿前路段,NA,NA,NA,NA,NA,NA,NA,NA,NA,0,1,0,陰,夜間（或隧道、地下道、涵洞）有照明,村里道路,40,直路,一般車道（未劃分快慢車道）,柏油,乾燥,無缺陷,無障礙物,良好,無號誌,無號誌,無標記,未繪設車道線,未繪設快慢車道分隔線,有,側撞,迴轉未依規定,Y000,YZ00,1,2,2012/2/9,北堤路,,金門縣金城鎮03154燈桿前路段,118.3167419,24.4294062,自用 小客車∕普通重型 機車∕,小客車自用∕機車普通重型∕,22∕19∕,未受傷∕受傷∕,6F****3代號108∕BY****2代號109∕,其他∕其他∕,有適當之駕照∕無照（已達考照年齡）∕,經檢測無酒精反應∕經呼氣檢測未超過0.15mg∕L或血液檢測未超過0.03∕,汽車左前車頭（身）∕機車前車頭∕,迴轉未依規定∕酒醉（後）駕駛失控∕,迴轉未依規定∕迴轉未依規定∕,大學（研究）生∕其他∕,其他∕其他∕,本國∕本國∕
10102,10102Y00030002,YZA1,10102YZ000019,2012,2,9,21,27,金門縣,金寧鄉,埔後里,NA,,,,NA,70之8,,,,,旁路口,NA,NA,NA,NA,NA,NA,NA,NA,NA,0,0,0,晴,夜間（或隧道、地下道、涵洞）有照明,村里道路,40,四岔路,交岔路口內,水泥,乾燥,無缺陷,無障礙物,良好,無號誌,無號誌,無分向設施,未繪設車道線,未繪設快慢車道分隔線,有,路口交岔撞,未依規定讓車,Y000,YZ00,1,3,2012/2/9,金門縣金寧鄉埔後里70-8,,金門縣金寧鄉埔後里旁路口,118.317029,24.442928,自用 小客車∕自用 小客車∕,小客車自用∕小客車自用∕,20∕31∕,未受傷∕未受傷∕,06****X代號110∕6F****2代號111∕,其他∕其他∕,有適當之駕照∕有適當之駕照∕,經檢測無酒精反應∕經檢測無酒精反應∕,汽車右側車身∕汽車前車頭∕,未依規定讓車∕未依規定減速∕,未依規定讓車∕未依規定讓車∕,不明∕不明∕,其他∕其他∕,本國∕本國∕
10102,10102Y00020019,YZA1,10102YZ000021,2012,2,12,23,38,金門縣,金城鎮,,NA,環島西路,一,,NA,,,,,,03170號路燈桿,NA,NA,NA,NA,NA,NA,NA,NA,NA,0,2,0,晴,夜間（或隧道、地下道、涵洞）有照明,鄉道,50,直路,一般車道（未劃分快慢車道）,柏油,乾燥,無缺陷,無障礙物,良好,無號誌,無號誌,附標記,未繪設車道線,未繪設快慢車道分隔線,有,追撞,未保持行車安全距離,Y000,YZ00,1,2,2012/2/12,環島西路一段,,金門縣金城鎮03170號路燈桿,118.3184801,24.4172073,普通重型 機車∕普通重型 機車∕,機車普通重型∕機車普通重型∕,19∕19∕,受傷∕受傷∕,37****U代號112∕00****V代號113∕,其他∕其他∕,有適當之駕照∕有適當之駕照∕,經檢測無酒精反應∕經檢測無酒精反應∕,機車前車頭∕機車後車尾∕,未保持行車安全距離∕尚未發現肇事因素∕,未保持行車安全距離∕未保持行車安全距離∕,技術員及助理人員∕技術員及助理人員∕,社交活動∕社交活動∕,本國∕本國∕
10102,10102Y00030003,YZA1,10102YZ000022,2012,2,11,21,57,金門縣,金城鎮,,NA,民生路,,,NA,,,,,,中興路口,NA,NA,NA,NA,NA,NA,NA,NA,NA,0,0,0,晴,夜間（或隧道、地下道、涵洞）有照明,村里道路,40,四岔路,交岔路口內,柏油,乾燥,無缺陷,無障礙物,良好,閃光號誌,正常,無分向設施,未繪設車道線,未繪設快慢車道分隔線,有,路口交岔撞,未依規定讓車,Y000,YZ00,1,3,2012/2/11,民生路,,金門縣金城鎮中興路口,118.3190184,24.43575,普通重型 機車∕自用 小客車∕,機車普通重型∕小客車自用∕,18∕28∕,未受傷∕未受傷∕,07****U代號114∕6F****8代號115∕,其他∕其他∕,無照（未達考照年齡）∕有適當之駕照∕,經檢測無酒精反應∕經檢測無酒精反應∕,機車前車頭∕汽車前車頭∕,未依規定讓車∕未依規定減速∕,未依規定讓車∕未依規定讓車∕,高中生∕不明∕,其他∕其他∕,本國∕本國∕
10102,10102Y00020020,YZA1,10102YZ000023,2012,2,15,7,25,金門縣,金城鎮,,NA,民生路,,54,NA,,,,,,,NA,NA,NA,NA,NA,NA,NA,NA,NA,0,1,0,雨,日間自然光線,鄉道,40,三岔路,交岔路口內,柏油,濕潤,無缺陷,無障礙物,良好,無號誌,無號誌,無分向設施,未繪設車道線,未繪設快慢車道分隔線,有,側撞,未依規定讓車,Y000,YZ00,1,2,2012/2/15,民生路54巷,,金門縣金城鎮,118.3196657,24.436923,自用 小客車∕普通重型 機車∕,小客車自用∕機車普通重型∕,35∕51∕,未受傷∕受傷∕,6F****3代號116∕PZ****7代號117∕,其他∕其他∕,有適當之駕照∕有適當之駕照∕,經檢測無酒精反應∕經檢測無酒精反應∕,汽車右前車頭（身）∕機車前車頭∕,未依規定讓車∕未依規定減速∕,未依規定讓車∕未依規定讓車∕,專業人員∕技術工∕,上、下班∕其他∕,本國∕本國∕
10102,10102Y00030004,YZA1,10102YZ000024,2012,2,18,8,5,金門縣,金城鎮,,NA,民生路,,,NA,2,,,,,金城鎮公所前,NA,NA,NA,NA,NA,NA,NA,NA,NA,0,0,0,晴,日間自然光線,村里道路,50,三岔路,交岔路口內,柏油,乾燥,無缺陷,無障礙物,良好,無號誌,無號誌,無分向設施,未繪設車道線,未繪設快慢車道分隔線,有,追撞,未保持行車安全距離,Y000,YZ00,1,3,2012/2/18,民生路2號,,金門縣金城鎮金城鎮公所前,118.3209249,24.4326671,自用 小客車∕自用 小客車∕,小客車自用∕小客車自用∕,30∕67∕,未受傷∕未受傷∕,6F****3代號118∕WY****2代號119∕,其他∕其他∕,有適當之駕照∕有適當之駕照∕,經檢測無酒精反應∕不明∕,汽車前車頭∕汽車後車尾∕,未保持行車安全距離∕其他引起事故之故障∕,未保持行車安全距離∕未保持行車安全距離∕,事務工作者∕無業者∕,其他∕其他∕,本國∕本國∕
10102,10102Y00020022,YZA1,10102YZ000027,2012,2,18,17,14,金門縣,金寧鄉,,NA,,,,NA,,,,,,金寶來飯店前,NA,NA,NA,NA,NA,NA,NA,NA,NA,0,1,0,晴,日間自然光線,村里道路,40,四岔路,交岔路口內,水泥,乾燥,無缺陷,無障礙物,良好,無號誌,無號誌,無分向設施,未繪設車道線,未繪設快慢車道分隔線,無,路上翻車、摔倒,未注意車前狀態,Y000,YZ00,1,2,2012/2/18,金門縣金寧鄉金寶來飯店前,,金門縣金寧鄉金寶來飯店前,118.312619,24.440298,普通重型 機車∕ ∕,機車普通重型,42∕0∕,受傷,41****B代號120,其他,有適當之駕照,經檢測無酒精反應,機車前車頭,未注意車前狀態∕動物竄出∕,未注意車前狀態∕未注意車前狀態∕,其他,其他,本國∕本國∕
10102,10102Y00020023,YZA1,10102YZ000028,2012,2,19,19,40,金門縣,金寧鄉,,NA,東湖路,,,NA,,,桃園路,,,,NA,NA,NA,NA,NA,NA,NA,NA,NA,0,1,0,晴,夜間（或隧道、地下道、涵洞）有照明,村里道路,60,三岔路,交岔路口內,柏油,乾燥,無缺陷,無障礙物,良好,無號誌,無號誌,無分向設施,未繪設車道線,未繪設快慢車道分隔線,有,側撞,未依規定讓車,Y000,YZ00,1,2,2012/2/19,東湖路,桃園路,,118.3409757,24.4297648,計程車 小客車∕普通重型 機車∕,小客車計程車∕機車普通重型∕,48∕42∕,未受傷∕受傷∕,07***5代號121∕98****B代號122∕,其他∕其他∕,有適當之駕照∕有適當之駕照∕,經檢測無酒精反應∕經檢測無酒精反應∕,汽車右側車身∕機車前車頭∕,未依規定讓車∕未依規定減速∕,未依規定讓車∕未依規定讓車∕,汽車、火車駕駛員及船員∕不明∕,業務聯繫∕不明∕,本國∕本國∕
10102,10102Y00020024,YZA1,10102YZ000029,2012,2,20,7,48,金門縣,金城鎮,,NA,北堤路,,,NA,63,,,,,,NA,NA,NA,NA,NA,NA,NA,NA,NA,0,1,0,晴,日間自然光線,村里道路,50,三岔路,交岔路口內,柏油,乾燥,無缺陷,無障礙物,良好,無號誌,無號誌,無分向設施,未繪設車道線,快慢車道分隔線,有,側撞,右轉彎未依規定,Y000,YZ00,1,2,2012/2/20,北堤路63號,,金門縣金城鎮,118.3167419,24.4294062,自用 小客車∕普通重型 機車∕,小客車自用∕機車普通重型∕,53∕60∕,未受傷∕受傷∕,06****V代號123∕HZ****8代號124∕,其他∕其他∕,有適當之駕照∕有適當之駕照∕,經檢測無酒精反應∕經檢測無酒精反應∕,汽車右側車身∕機車前車頭∕,右轉彎未依規定∕未注意車前狀態∕,右轉彎未依規定∕右轉彎未依規定∕,不明∕不明∕,不明∕不明∕,本國∕本國∕
10102,10102Y00020026,YZA1,10102YZ000030,2012,2,21,8,19,金門縣,金寧鄉,,NA,環島北路,二,,NA,,,,,,07186號燈桿前路段,NA,NA,NA,NA,NA,NA,NA,NA,NA,0,2,0,晴,日間自然光線,村里道路,60,三岔路,交岔路口內,柏油,乾燥,無缺陷,無障礙物,良好,無號誌,無號誌,無標記,未繪設車道線,未繪設快慢車道分隔線,有,側撞,未依規定讓車,Y000,YZ00,1,2,2012/2/21,環島北路二段,,金門縣金寧鄉07186號燈桿前路段,118.3537405,24.452631,普通輕型 機車∕普通重型 機車∕,機車普通輕型∕機車普通重型∕,70∕20∕,受傷∕受傷∕,WZ****2代號125∕36****T代號126∕,其他∕其他∕,有適當之駕照∕有適當之駕照∕,經檢測無酒精反應∕經檢測無酒精反應∕,機車右側車身∕機車前車頭∕,未依規定讓車∕未依規定減速∕,未依規定讓車∕未依規定讓車∕,家庭主婦（夫）∕大學（研究）生∕,其他∕上、下學∕,本國∕本國∕
10102,10102Y00030005,YZA1,10102YZ000033,2012,2,22,18,15,金門縣,金寧鄉,盤山村,NA,環島北路,二,,NA,,,,,,頂堡路口,NA,NA,NA,NA,NA,NA,NA,NA,NA,0,0,0,雨,夜間（或隧道、地下道、涵洞）有照明,縣道,60,三岔路,交岔口附近,柏油,濕潤,無缺陷,無障礙物,良好,無號誌,無號誌,附標記,未繪設車道線,未繪設快慢車道分隔線,有,追撞,未保持行車安全距離,Y000,YZ00,1,3,2012/2/22,環島北路二段,,金門縣金寧鄉盤山村頂堡路口,118.3537405,24.452631,自用 小貨車(含客、貨兩用)∕自用 小客車∕自用 小客車∕自用 小客車∕,小貨車自用∕小客車自用∕小客車自用∕小客車自用∕,41∕43∕20∕60∕,未受傷∕未受傷∕未受傷∕未受傷∕,22****S代號127∕09****2代號128∕17****F代號129∕6F****6代號130∕,其他∕其他∕其他∕其他∕,有適當之駕照∕有適當之駕照∕有適當之駕照∕有適當之駕照∕,經檢測無酒精反應∕經檢測無酒精反應∕經檢測無酒精反應∕經檢測無酒精反應∕,汽車前車頭∕汽車前車頭∕汽車前車頭∕汽車後車尾∕,未保持行車安全距離∕尚未發現肇事因素∕尚未發現肇事因素∕尚未發現肇事因素∕,未保持行車安全距離∕未保持行車安全距離∕未保持行車安全距離∕未保持行車安全距離∕,售貨員∕家庭主婦（夫）∕技術員及助理人員∕技術員及助理人員∕,業務聯繫∕社交活動∕社交活動∕社交活動∕,本國∕本國∕本國∕本國∕
10102,10102Y00020027,YZA1,10102YZ000034,2012,2,23,13,18,金門縣,金寧鄉,安美村,NA,,,,NA,,,,,,消防局後側產業道路,NA,NA,NA,NA,NA,NA,NA,NA,NA,0,1,0,晴,日間自然光線,村里道路,40,直路,一般車道（未劃分快慢車道）,水泥,乾燥,無缺陷,無障礙物,良好,無號誌,無號誌,無分向設施,未繪設車道線,未繪設快慢車道分隔線,無,路上翻車、摔倒,未注意車前狀態,Y000,YZ00,1,2,2012/2/23,金門縣金寧鄉安美村消防局後側產業道路,,金門縣金寧鄉安美村消防局後側產業道路,118.3313809,24.4565347,普通重型 機車∕ ∕,機車普通重型,36∕0∕,受傷,99****J代號131,其他,有適當之駕照,經檢測無酒精反應,機車前車頭,未注意車前狀態∕尚未發現肇事因素∕,未注意車前狀態∕未注意車前狀態∕,農林漁牧工作者,社交活動,本國∕本國∕
10102,10102Y00020028,YZA1,10102YZ000036,2012,2,25,17,45,金門縣,金城鎮,,NA,北堤路,,,NA,,,,,,03166燈桿前路段,NA,NA,NA,NA,NA,NA,NA,NA,NA,0,2,0,陰,夜間（或隧道、地下道、涵洞）有照明,村里道路,40,直路,一般車道（未劃分快慢車道）,柏油,乾燥,無缺陷,無障礙物,良好,無號誌,無號誌,無標記,未繪設車道線,未繪設快慢車道分隔線,有,側撞,左轉彎未依規定,Y000,YZ00,1,2,2012/2/25,北堤路,,金門縣金城鎮03166燈桿前路段,118.3167419,24.4294062,普通重型 機車∕普通重型 機車∕,機車普通重型∕機車普通重型∕,46∕20∕,受傷∕受傷∕,38****U代號132∕55****S代號133∕,其他∕其他∕,有適當之駕照∕有適當之駕照∕,經檢測無酒精反應∕經檢測無酒精反應∕,機車前車頭∕機車前車頭∕,左轉彎未依規定∕違規超車∕,左轉彎未依規定∕左轉彎未依規定∕,家庭主婦（夫）∕大學（研究）生∕,其他∕其他∕,本國∕本國∕
10102,,YZA1,10102YZ000037,2012,2,26,7,50,金門縣,金寧鄉,,NA,伯玉路,二,,NA,,,,,,與盤果路口,NA,NA,NA,NA,NA,NA,NA,NA,NA,0,0,0,NA,NA,NA,0,NA,NA,NA,NA,NA,NA,NA,NA,NA,NA,NA,NA,NA,NA,NA,Y000,YZ00,1,4,2012/2/26,伯玉路二段,,金門縣金寧鄉與盤果路口,118.3416148,24.4414563,計程車 小客車∕自用 小客車∕,小客車計程車∕小客車自用∕,59∕54∕,,51***Q代號134∕3F****8代號135∕,,,,,,,,,本國∕本國∕
10102,10102Y00020030,YZA1,10102YZ000038,2012,2,29,8,20,金門縣,金城鎮,,NA,中興路,,161,NA,,,,,,,NA,NA,NA,NA,NA,NA,NA,NA,NA,0,1,0,陰,日間自然光線,村里道路,30,四岔路,交岔路口內,水泥,濕潤,無缺陷,無障礙物,良好,無號誌,無號誌,無分向設施,未繪設車道線,未繪設快慢車道分隔線,有,路口交岔撞,未依規定讓車,Y000,YZ00,1,2,2012/2/29,中興路161巷,,金門縣金城鎮,118.3185269,24.4344058,自用 小客車∕普通輕型 機車∕,小客車自用∕機車普通輕型∕,60∕33∕,未受傷∕受傷∕,Z7****6代號136∕WZ****2代號137∕,其他∕其他∕,有適當之駕照∕有適當之駕照∕,經檢測無酒精反應∕經檢測無酒精反應∕,汽車右前車頭（身）∕機車前車頭∕,未依規定讓車∕未依規定減速∕,未依規定讓車∕未依規定讓車∕,專業人員∕不明∕,其他∕其他∕,本國∕本國∕
10102,10102Y00020031,YZA1,10102YZ000039,2012,2,29,8,57,金門縣,金寧鄉,,NA,環島南路,一,,NA,,,東湖路,,,,NA,NA,NA,NA,NA,NA,NA,NA,NA,0,3,0,陰,日間自然光線,縣道,60,四岔路,交岔路口內,柏油,濕潤,無缺陷,無障礙物,良好,閃光號誌,正常,無分向設施,未繪設車道線,未繪設快慢車道分隔線,有,側撞,未依規定讓車,Y000,YZ00,1,2,2012/2/29,環島南路一段,東湖路,,118.3388096,24.4228996,自用 小客車∕計程車 小客車∕乘客 人,小客車自用∕小客車計程車∕乘客,50∕36∕33,受傷∕受傷∕受傷,6F****9代號138∕VX***3代號139∕VX***3代號139,其他∕其他∕其他,有適當之駕照∕有適當之駕照∕非汽（機）車駕駛人,經檢測無酒精反應∕經檢測無酒精反應∕非駕駛人，未檢測,汽車左側車身∕汽車前車頭∕非汽（機）車,未依規定讓車∕未依規定減速∕尚未發現肇事因素,未依規定讓車∕未依規定讓車∕未依規定讓車,家庭主婦（夫）∕汽車、火車駕駛員及船員∕其他,其他∕運輸∕運輸,本國∕本國∕本國
10102,10102Y00020029,YZA1,10102YZ000040,2012,2,27,16,20,金門縣,金城鎮,,NA,珠浦西路,,80,NA,17,,,,,旁十字路口,NA,NA,NA,NA,NA,NA,NA,NA,NA,0,1,0,晴,日間自然光線,村里道路,40,四岔路,交岔路口內,水泥,乾燥,無缺陷,無障礙物,良好,無號誌,無號誌,無分向設施,未繪設車道線,未繪設快慢車道分隔線,無,路口交岔撞,未依規定讓車,Y000,YZ00,1,2,2012/2/27,珠浦西路80巷17號,,金門縣金城鎮旁十字路口,118.3147803,24.4384226,普通重型 機車∕自用 小客車∕,機車普通重型∕小客車自用∕,22∕56∕,受傷∕未受傷∕,18****C代號140∕6F****0代號141∕,其他∕其他∕,有適當之駕照∕有適當之駕照∕,經檢測無酒精反應∕經檢測無酒精反應∕,機車前車頭∕汽車左前車頭（身）∕,未依規定讓車∕未依規定減速∕,未依規定讓車∕未依規定讓車∕,大學（研究）生∕其他∕,其他∕其他∕,本國∕本國∕
10102,10102Y00030007,YZA1,10102YZ000041,2012,2,29,18,45,金門縣,金城鎮,,NA,民生路,,,NA,Mar-33,,,,,,NA,NA,NA,NA,NA,NA,NA,NA,NA,0,0,0,晴,夜間（或隧道、地下道、涵洞）有照明,村里道路,40,直路,一般車道（未劃分快慢車道）,柏油,乾燥,無缺陷,無障礙物,良好,無號誌,無號誌,無標記,未繪設車道線,快慢車道分隔線,有,同向擦撞,未保持行車安全間隔,Y000,YZ00,1,3,2012/2/29,民生路33-3號,,金門縣金城鎮,118.3190184,24.43575,自用 小客車∕自用 小貨車(含客、貨兩用)∕,小客車自用∕小貨車自用∕,55∕52∕,未受傷∕未受傷∕,94****9代號142∕03****2代號143∕,其他∕其他∕,有適當之駕照∕有適當之駕照∕,經檢測無酒精反應∕經檢測無酒精反應∕,汽車右前車頭（身）∕汽車左側車身∕,未保持行車安全間隔∕尚未發現肇事因素∕,未保持行車安全間隔∕未保持行車安全間隔∕,不明∕服務工作者∕,不明∕其他∕,本國∕本國∕
10103,10103Y00020001,YYA1,10103YY000001,2012,3,1,8,39,金門縣,金湖鎮,,NA,太湖路,三,,NA,,,,,,9號前路口,NA,NA,NA,NA,NA,NA,NA,NA,NA,0,1,0,陰,日間自然光線,村里道路,50,直路,一般車道（未劃分快慢車道）,柏油,乾燥,無缺陷,無障礙物,良好,無號誌,無號誌,無標記,未繪設車道線,未繪設快慢車道分隔線,有,倒車撞,倒車未依規定,Y000,YY00,1,2,2012/3/1,太湖路三段,,金門縣金湖鎮9號前路口,118.4317691,24.4347503,小型車 軍車∕普通重型 機車∕,軍車小型車∕機車普通重型∕,24∕47∕,未受傷∕受傷∕,軍D*****7代號144∕PZ****1代號145∕,其他∕其他∕,有適當之駕照∕越級駕駛∕,經檢測無酒精反應∕經檢測無酒精反應∕,汽車後車尾∕機車前車頭∕,倒車未依規定∕未注意車前狀態∕,倒車未依規定∕倒車未依規定∕,保安工作者（不含警察人員）∕服務工作者∕,運輸∕購物∕,本國∕本國∕
10103,10103Y00020045,YYA1,10103YY000002,2012,3,1,18,12,金門縣,金沙鎮,汶沙里,NA,沙青路,,,NA,,,,,,金沙消防隊前路口,NA,NA,NA,NA,NA,NA,NA,NA,NA,0,1,0,晴,夜間（或隧道、地下道、涵洞）有照明,村里道路,50,四岔路,交岔路口內,柏油,乾燥,無缺陷,無障礙物,良好,無號誌,無號誌,無分向設施,未繪設車道線,未繪設快慢車道分隔線,有,側撞,左轉彎未依規定,Y000,YY00,1,2,2012/3/1,沙青路,,金門縣金沙鎮汶沙里金沙消防隊前路口,118.4130838,24.5066188,普通重型 機車∕自用 小客車∕,機車普通重型∕小客車自用∕,48∕52∕,受傷∕未受傷∕,12****G代號146∕2J****9代號147∕,其他∕其他∕,有適當之駕照∕有適當之駕照∕,經檢測無酒精反應∕經檢測無酒精反應∕,機車左側車身∕汽車右前車頭（身）∕,左轉彎未依規定∕違規超車∕,左轉彎未依規定∕左轉彎未依規定∕,其他∕技術工∕,其他∕其他∕,本國∕本國∕
10103,10103Y00020004,YYA1,10103YY000007,2012,3,2,18,16,金門縣,金沙鎮,,NA,環島北路,四,,NA,,,,,,金沙二號橋旁路口,NA,NA,NA,NA,NA,NA,NA,NA,NA,0,1,0,陰,夜間（或隧道、地下道、涵洞）有照明,村里道路,60,三岔路,交岔路口內,柏油,乾燥,無缺陷,無障礙物,良好,無號誌,無號誌,無分向設施,未繪設車道線,未繪設快慢車道分隔線,有,側撞,右轉彎未依規定,Y000,YY00,1,2,2012/3/2,環島北路四段,,金門縣金沙鎮金沙二號橋旁路口,118.4045085,24.4840105,自用 小客車∕普通重型 機車∕,小客車自用∕機車普通重型∕,40∕25∕,未受傷∕受傷∕,WY****1代號148∕92****J代號149∕,其他∕其他∕,有適當之駕照∕有適當之駕照∕,經檢測無酒精反應∕經檢測無酒精反應∕,汽車右前車頭（身）∕機車左側車身∕,右轉彎未依規定∕未保持行車安全距離∕,右轉彎未依規定∕右轉彎未依規定∕,機械設備操作工及組裝工∕其他∕,其他∕其他∕,本國∕本國∕
10103,10103Y00020034,YYA1,10103YY000032,2012,3,27,7,43,金門縣,金湖鎮,瓊林里,NA,伯玉路,三,,NA,,,,,,與中山路路口,NA,NA,NA,NA,NA,NA,NA,NA,NA,0,1,0,晴,日間自然光線,村里道路,70,四岔路,交岔路口內,柏油,乾燥,無缺陷,無障礙物,良好,行車管制號誌,正常,無分向設施,未繪設車道線,未繪設快慢車道分隔線,有,路口交岔撞,違反號誌管制或指揮,Y000,YY00,1,2,2012/3/27,伯玉路三段,,金門縣金湖鎮瓊林里與中山路路口,118.3646755,24.4460136,計程車 小客車∕普通重型 機車∕,小客車計程車∕機車普通重型∕,59∕48∕,未受傷∕受傷∕,05***X代號150∕58****D代號151∕,其他∕其他∕,有適當之駕照∕無照（已達考照年齡）∕,經檢測無酒精反應∕經檢測無酒精反應∕,汽車左前車頭（身）∕機車前車頭∕,違反號誌管制或指揮∕尚未發現肇事因素∕,違反號誌管制或指揮∕違反號誌管制或指揮∕,其他∕其他∕,其他∕其他∕,本國∕本國∕