年月,總編號,處理單位,處理編號,年,月,日,時,分,縣市,區,村里,鄰,街道,段,巷,弄,號,公尺處,街道.1,段.1,側,附近,道路,公里,公尺處.1,向,車道,平交道,公里.1,公尺處.2,附近.1,死,受傷,X2.30,天候,光線,道路類別,速限,道路型態,事故位置,路面鋪裝,路面狀態,路面缺陷,障礙物,視距,號誌種類,號誌動作,分向設施,快車道或一般車道間,快慢車道間,路面邊線,事故類型及型態,主要肇因,警局,分局,案件類別,事故類別,日期,道路1,道路2,概略位置,lon,lat,車種,當事者區分.類別.,年齡,受傷程度,車輛牌照號碼,車輛用途,駕駛資格情形,飲酒情形,車輛撞擊部位最初,肇事因素個別,肇事因素主要,職.業,旅次目的,國籍
10103,10103Y00020028,YYA1,10103YY000033,2012,3,25,1,40,金門縣,金湖鎮,,NA,環島南路,三,,NA,,,瓊義路,,,,NA,NA,NA,NA,NA,NA,NA,NA,NA,0,1,0,晴,夜間（或隧道、地下道、涵洞）有照明,縣道,50,四岔路,交岔路口內,柏油,乾燥,無缺陷,無障礙物,良好,閃光號誌,正常,無分向設施,未繪設車道線,未繪設快慢車道分隔線,有,路口交岔撞,未依規定讓車,Y000,YY00,1,2,2012/3/25,環島南路三段,瓊義路,,118.3762326,24.4440968,自用 小客車∕大型重型1(550C.C.以上) 機車∕,小客車自用∕機車大型重型1（550C.C.以上）∕,24∕34∕,未受傷∕受傷∕,09****2代號152∕TE**3代號153∕,其他∕其他∕,有適當之駕照∕有適當之駕照∕,不明∕經檢測無酒精反應∕,汽車右側車身∕機車前車頭∕,未依規定讓車∕未依規定減速∕,未依規定讓車∕未依規定讓車∕,專業人員∕技術員及助理人員∕,不明∕社交活動∕,本國∕本國∕
10103,10103Y00020032,YYA1,10103YY000035,2012,3,26,20,30,金門縣,金沙鎮,,NA,環島北路,三,,NA,,,,,,高陽路口處,NA,NA,NA,NA,NA,NA,NA,NA,NA,0,1,0,晴,夜間（或隧道、地下道、涵洞）有照明,村里道路,60,直路,一般車道（未劃分快慢車道）,柏油,乾燥,無缺陷,無障礙物,良好,無號誌,無號誌,附標記,未繪設車道線,未繪設快慢車道分隔線,有,同向通行中,未注意車前狀態,Y000,YY00,1,2,2012/3/26,環島北路三段,,金門縣金沙鎮高陽路口處,118.388325,24.466263,普通重型 機車∕行人 人∕,機車普通重型∕行人∕,23∕33∕,未受傷∕受傷∕,00****K代號154,其他∕非駕駛人及乘客∕,有適當之駕照∕非汽（機）車駕駛人∕,經檢測無酒精反應∕經檢測無酒精反應∕,機車前車頭∕非汽（機）車∕,未注意車前狀態∕尚未發現肇事因素∕,未注意車前狀態∕未注意車前狀態∕,大學（研究）生∕其他∕,其他∕其他∕,本國∕本國∕
10103,10103Y00020041,YYA1,10103YY000038,2012,3,3,17,10,金門縣,金沙鎮,,NA,,,,NA,,,,,,洋山至環島北路07297號路燈桿,NA,NA,NA,NA,NA,NA,NA,NA,NA,0,1,0,晴,日間自然光線,村里道路,50,直路,一般車道（未劃分快慢車道）,柏油,乾燥,無缺陷,無障礙物,良好,無號誌,無號誌,無標記,未繪設車道線,未繪設快慢車道分隔線,有,衝出路外,未注意車前狀態,Y000,YY00,1,2,2012/3/3,金門縣金沙鎮洋山至環島北路07297號路燈桿,,金門縣金沙鎮洋山至環島北路07297號路燈桿,118.322662,24.441264,自用 小客車∕ ∕,小客車自用,27∕0∕,受傷,CF****1代號155,其他,有適當之駕照,不明,汽車右前車頭（身）,未注意車前狀態∕尚未發現肇事因素∕,未注意車前狀態∕未注意車前狀態∕,非技術工及體力工,社交活動,本國∕本國∕
10103,10103Y00020010,YYA1,10103YY000039,2012,3,7,16,10,金門縣,金沙鎮,,NA,成功路,,,NA,32,,,,,,NA,NA,NA,NA,NA,NA,NA,NA,NA,0,1,0,晴,日間自然光線,村里道路,50,直路,一般車道（未劃分快慢車道）,柏油,乾燥,無缺陷,無障礙物,良好,無號誌,無號誌,附標記,未繪設車道線,未繪設快慢車道分隔線,有,同向擦撞,未保持行車安全間隔,Y000,YY00,1,2,2012/3/7,成功路32號,,金門縣金沙鎮,118.4114288,24.4898024,自用 小客車∕普通輕型 機車∕,小客車自用∕機車普通輕型∕,66∕60∕,未受傷∕受傷∕,6F****0代號156∕WZ****9代號157∕,其他∕其他∕,有適當之駕照∕有適當之駕照∕,經檢測無酒精反應∕經檢測無酒精反應∕,汽車右側車身∕機車左側車身∕,未保持行車安全間隔∕尚未發現肇事因素∕,未保持行車安全間隔∕未保持行車安全間隔∕,無業者∕無業者∕,社交活動∕其他∕,本國∕本國∕
10103,10103Y00020005,YYA1,10103YY000040,2012,3,4,18,0,金門縣,金湖鎮,,NA,,,,NA,,,,,,尚義機場2號旁路口,NA,NA,NA,NA,NA,NA,NA,NA,NA,0,1,0,晴,日間自然光線,其他,40,三岔路,交岔路口內,水泥,乾燥,無缺陷,無障礙物,良好,無號誌,無號誌,無分向設施,未繪設車道線,未繪設快慢車道分隔線,有,穿越道路中,搶越行人穿越道,Y000,YY00,1,2,2012/3/4,金門縣金湖鎮尚義機場2號旁路口,,金門縣金湖鎮尚義機場2號旁路口,118.376631,24.437699,自用 小貨車(含客、貨兩用)∕行人 人∕,小貨車自用∕行人∕,64∕74∕,未受傷∕受傷∕,15****S代號158,其他∕非駕駛人及乘客∕,有適當之駕照∕非汽（機）車駕駛人∕,經檢測無酒精反應∕非駕駛人，未檢測∕,汽車左側車身∕非汽（機）車∕,搶越行人穿越道∕尚未發現肇事因素∕,搶越行人穿越道∕搶越行人穿越道∕,服務工作者∕無業者∕,運輸∕其他∕,本國∕本國∕
10103,10103Y00020015,YYA1,10103YY000041,2012,3,13,15,50,金門縣,金湖鎮,,NA,環島南路,四,,NA,,,,,,168加油站前,NA,NA,NA,NA,NA,NA,NA,NA,NA,0,1,0,晴,日間自然光線,村里道路,50,直路,快車道,柏油,乾燥,無缺陷,無障礙物,良好,無號誌,無號誌,附標記,未繪設車道線,快慢車道分隔線,有,側撞,違反特定標誌（線）禁制,Y000,YY00,1,2,2012/3/13,環島南路四段,,金門縣金湖鎮168加油站前,118.40101,24.438041,自用 小貨車(含客、貨兩用)∕普通重型 機車∕,小貨車自用∕機車普通重型∕,36∕23∕,未受傷∕受傷∕,6F****6代號159∕83****J代號160∕,其他∕其他∕,有適當之駕照∕有適當之駕照∕,經檢測無酒精反應∕經檢測無酒精反應∕,汽車左側車身∕機車前車頭∕,違反特定標誌（線）禁制∕未依規定減速∕,違反特定標誌（線）禁制∕違反特定標誌（線）禁制∕,服務工作者∕保安工作者（不含警察人員）∕,運輸∕其他∕,本國∕本國∕
10103,10103Y00020022,YYA1,10103YY000043,2012,3,21,10,30,金門縣,金湖鎮,,NA,環島南路,四,,NA,,,瓊徑路,,,,NA,NA,NA,NA,NA,NA,NA,NA,NA,0,1,0,晴,日間自然光線,村里道路,50,三岔路,交岔路口內,柏油,乾燥,無缺陷,無障礙物,良好,行車管制號誌,正常,無分向設施,未繪設車道線,未繪設快慢車道分隔線,有,追撞,酒醉（後）駕駛失控,Y000,YY00,1,2,2012/3/21,環島南路四段,瓊徑路,,118.3917905,24.44048713,自用 大貨車∕普通輕型 機車∕,大貨車自用∕機車普通輕型∕,41∕70∕,未受傷∕受傷∕,02***J代號161∕WZ****7代號162∕,其他∕其他∕,有適當之駕照∕有適當之駕照∕,經呼氣檢測0.41至0.55mg∕L或血液檢測0.081至0.11∕經檢測無酒精反應∕,汽車右前車頭（身）∕機車左側車身∕,酒醉（後）駕駛失控∕左轉彎未依規定∕,酒醉（後）駕駛失控∕酒醉（後）駕駛失控∕,汽車、火車駕駛員及船員∕技術工∕,運輸∕購物∕,本國∕本國∕
10103,10103Y00020031,YYA1,10103YY000048,2012,3,26,13,23,金門縣,金湖鎮,,NA,市港路,,,NA,,,,,,金湖清潔隊路口,NA,NA,NA,NA,NA,NA,NA,NA,NA,0,2,0,晴,日間自然光線,村里道路,50,三岔路,交岔路口內,水泥,乾燥,路面鬆軟,無障礙物,彎道,無號誌,無號誌,無分向設施,未繪設車道線,未繪設快慢車道分隔線,有,側撞,未依規定讓車,Y000,YY00,1,2,2012/3/26,市港路,,金門縣金湖鎮金湖清潔隊路口,118.4099121,24.4348324,普通重型 機車∕普通重型 機車∕,機車普通重型∕機車普通重型∕,24∕33∕,受傷∕受傷∕,87****D代號163∕19****V代號164∕,其他∕其他∕,有適當之駕照∕有適當之駕照∕,經檢測無酒精反應∕經檢測無酒精反應∕,機車前車頭∕機車右側車身∕,未依規定讓車∕未依規定減速∕,未依規定讓車∕未依規定讓車∕,服務工作者∕服務工作者∕,其他∕業務聯繫∕,本國∕本國∕
10103,10103Y00020039,YYA1,10103YY000049,2012,3,6,8,58,金門縣,金湖鎮,,NA,瓊徑路,,,NA,,,,,,與經武路口,NA,NA,NA,NA,NA,NA,NA,NA,NA,0,2,0,晴,日間自然光線,村里道路,60,四岔路,交岔路口內,柏油,乾燥,無缺陷,無障礙物,良好,行車管制號誌,正常,無分向設施,未繪設車道線,未繪設快慢車道分隔線,有,側撞,未依規定讓車,Y000,YY00,1,2,2012/3/6,瓊徑路,,金門縣金湖鎮與經武路口,118.3837181,24.4489328,普通輕型 機車∕普通重型 機車∕,機車普通輕型∕機車普通重型∕,49∕21∕,受傷∕受傷∕,10****B代號165∕58****V代號166∕,其他∕其他∕,有適當之駕照∕有適當之駕照∕,經檢測無酒精反應∕經檢測無酒精反應∕,機車右側車身∕機車前車頭∕,未依規定讓車∕未注意車前狀態∕,未依規定讓車∕未依規定讓車∕,其他∕大學（研究）生∕,上、下班∕上、下學∕,本國∕本國∕
10103,10103Y00030006,YYA1,10103YY000050,2012,3,11,5,20,金門縣,金沙鎮,,NA,環島北路,,,NA,,,,,,下塘頭路口,NA,NA,NA,NA,NA,NA,NA,NA,NA,0,0,0,陰,晨或暮光,村里道路,60,三岔路,交岔路口內,柏油,濕潤,無缺陷,無障礙物,良好,無號誌,無號誌,附標記,車道線（附標記）,未繪設快慢車道分隔線,有,側撞,未依規定讓車,Y000,YY00,1,3,2012/3/11,環島北路,,金門縣金沙鎮下塘頭路口,118.322662,24.441264,自用 小貨車(含客、貨兩用)∕普通重型 機車∕,小貨車自用∕機車普通重型∕,74∕52∕,未受傷∕未受傷∕,6F****8代號167∕87****D代號168∕,其他∕其他∕,有適當之駕照∕越級駕駛∕,經觀察未飲酒∕經觀察未飲酒∕,汽車左前車頭（身）∕機車右側車身∕,未依規定讓車∕未依規定減速∕,未依規定讓車∕未依規定讓車∕,其他∕其他∕,上、下班∕其他∕,本國∕本國∕
10103,10103Y00020042,YYA1,10103YY000052,2012,3,6,5,50,金門縣,金湖鎮,,NA,環島東路,五,,NA,,,,,,下湖路段環島五021號路燈桿,NA,NA,NA,NA,NA,NA,NA,NA,NA,0,1,0,晴,晨或暮光,縣道,60,直路,一般車道（未劃分快慢車道）,柏油,乾燥,無缺陷,無障礙物,良好,無號誌,無號誌,附標記,未繪設車道線,未繪設快慢車道分隔線,有,路上翻車、摔倒,未注意車前狀態,Y000,YY00,1,2,2012/3/6,環島東路五段,,金門縣金湖鎮下湖路段環島五021號路燈桿,118.446814,24.4338343,自用 小客車∕ ∕,小客車自用,26∕0∕,受傷,6F****5代號169,其他,有適當之駕照,不明,汽車前車頭,未注意車前狀態∕尚未發現肇事因素∕,未注意車前狀態∕未注意車前狀態∕,不明,不明,本國∕本國∕
10103,10103Y00020043,YYA1,10103YY000054,2012,3,12,14,0,金門縣,金湖鎮,,NA,中正路,,,NA,,,,,,62號路旁路口,NA,NA,NA,NA,NA,NA,NA,NA,NA,0,1,0,雨,日間自然光線,村里道路,50,四岔路,交岔路口內,柏油,濕潤,無缺陷,路上有停車,路上停放車輛,無號誌,無號誌,無分向設施,未繪設車道線,未繪設快慢車道分隔線,有,路口交岔撞,未依規定讓車,Y000,YY00,1,2,2012/3/12,中正路,,金門縣金湖鎮62號路旁路口,118.4156249,24.4409009,普通輕型 機車∕自用 小客車∕自用 小貨車(含客、貨兩用),機車普通輕型∕小客車自用∕小貨車自用,44∕35∕52,受傷∕未受傷∕未受傷,WZ****9代號170∕6F****7代號171∕17****2代號172,其他∕其他∕其他,有適當之駕照∕有適當之駕照∕有適當之駕照,經檢測無酒精反應∕經檢測無酒精反應∕經觀察未飲酒,機車右側車身∕汽車左前車頭（身）∕不明,未依規定讓車∕未注意車前狀態∕違規停車或暫停不當而肇事,未依規定讓車∕未依規定讓車∕未依規定讓車,服務工作者∕技術員及助理人員∕服務工作者,上、下班∕購物∕其他,本國∕本國∕本國
10103,10103Y00020002,YZA1,10103YZ000003,2012,3,1,17,38,金門縣,金城鎮,,NA,民權路,,,NA,59,,,,,,NA,NA,NA,NA,NA,NA,NA,NA,NA,0,2,0,陰,日間自然光線,村里道路,40,三岔路,交岔口附近,柏油,乾燥,無缺陷,無障礙物,良好,無號誌,無號誌,無標記,未繪設車道線,未繪設快慢車道分隔線,有,側撞,橫越道路不慎,Y000,YZ00,1,2,2012/3/1,民權路59號,,金門縣金城鎮,118.3139754,24.4324265,普通重型 機車∕普通重型 機車∕,機車普通重型∕機車普通重型∕,67∕31∕,受傷∕受傷∕,PZ****3代號173∕29****G代號174∕,其他∕其他∕,有適當之駕照∕有適當之駕照∕,經檢測無酒精反應∕經檢測無酒精反應∕,機車右側車身∕機車前車頭∕,橫越道路不慎∕未依規定減速∕,橫越道路不慎∕橫越道路不慎∕,售貨員∕技術員及助理人員∕,其他∕上、下班∕,本國∕本國∕
10103,10103Y00020007,YZA1,10103YZ000004,2012,3,6,7,54,金門縣,金城鎮,,NA,民生路,,,NA,,,民權路,,,路口,NA,NA,NA,NA,NA,NA,NA,NA,NA,0,1,0,晴,日間自然光線,村里道路,40,四岔路,交岔路口內,柏油,乾燥,無缺陷,無障礙物,良好,行車管制號誌（附設行人專用號誌）,正常,無分向設施,未繪設車道線,未繪設快慢車道分隔線,有,穿越道路中,未依規定讓車,Y000,YZ00,1,2,2012/3/6,民生路,民權路,,118.318387,24.437086,自用 小客車∕行人 人∕,小客車自用∕行人∕,41∕91∕,未受傷∕受傷∕,WY****0代號175,其他∕非駕駛人及乘客∕,有適當之駕照∕非汽（機）車駕駛人∕,經檢測無酒精反應∕非駕駛人，未檢測∕,汽車左前車頭（身）∕非汽（機）車∕,未依規定讓車∕尚未發現肇事因素∕,未依規定讓車∕未依規定讓車∕,其他∕無業者∕,其他∕其他∕,本國∕本國∕
10103,10103Y00020003,YZA1,10103YZ000005,2012,3,2,16,28,金門縣,金城鎮,,NA,光前路,,,NA,,,,,,金城民防坑道前路口,NA,NA,NA,NA,NA,NA,NA,NA,NA,0,1,0,陰,日間自然光線,村里道路,50,三岔路,交岔路口內,柏油,乾燥,無缺陷,無障礙物,良好,無號誌,無號誌,無分向設施,未繪設車道線,未繪設快慢車道分隔線,有,側撞,未依規定讓車,Y000,YZ00,1,2,2012/3/2,光前路,,金門縣金城鎮金城民防坑道前路口,118.3142468,24.4339885,自用 小客車∕普通重型 機車∕,小客車自用∕機車普通重型∕,55∕42∕,未受傷∕受傷∕,WY****1代號176∕PZ****5代號177∕,其他∕其他∕,有適當之駕照∕有適當之駕照∕,經檢測無酒精反應∕經檢測無酒精反應∕,汽車右前車頭（身）∕機車前車頭∕,未依規定讓車∕未注意車前狀態∕,未依規定讓車∕未依規定讓車∕,家庭主婦（夫）∕家庭主婦（夫）∕,其他∕其他∕,本國∕本國∕
10103,10103Y00030001,YZA1,10103YZ000006,2012,3,6,17,32,金門縣,金城鎮,,NA,,,,NA,,,,,,后湖29號前路口,NA,NA,NA,NA,NA,NA,NA,NA,NA,0,0,0,陰,日間自然光線,村里道路,40,三岔路,交岔路口內,其他鋪裝,乾燥,無缺陷,無障礙物,其他,無號誌,無號誌,無分向設施,未繪設車道線,未繪設快慢車道分隔線,無,側撞,未依規定讓車,Y000,YZ00,1,3,2012/3/6,金門縣金城鎮后湖29號前路口,,金門縣金城鎮后湖29號前路口,118.343172,24.421356,普通輕型 機車∕自用 小客車∕,機車普通輕型∕小客車自用∕,68∕26∕,未受傷∕未受傷∕,WZ****0代號178∕18****B代號179∕,其他∕其他∕,有適當之駕照∕有適當之駕照∕,經檢測無酒精反應∕經檢測無酒精反應∕,機車前車頭∕汽車左前車頭（身）∕,未依規定讓車∕未注意車前狀態∕,未依規定讓車∕未依規定讓車∕,無業者∕其他∕,其他∕其他∕,本國∕本國∕
10103,10103Y00020006,YZA1,10103YZ000008,2012,3,5,0,20,金門縣,金城鎮,,NA,民權路,,,NA,,,民生路,,,,NA,NA,NA,NA,NA,NA,NA,NA,NA,0,1,0,晴,夜間（或隧道、地下道、涵洞）有照明,村里道路,50,四岔路,交岔路口內,柏油,乾燥,無缺陷,無障礙物,良好,閃光號誌,正常,無分向設施,未繪設車道線,未繪設快慢車道分隔線,有,路口交岔撞,未依規定減速,Y000,YZ00,1,2,2012/3/5,民權路,民生路,,118.318387,24.437086,自用 小貨車(含客、貨兩用)∕自用 小客車∕,小貨車自用∕小客車自用∕,51∕46∕,未受傷∕受傷∕,6F****5代號180∕V2****5代號181∕,其他∕其他∕,駕照被吊扣∕有適當之駕照∕,不明∕經檢測無酒精反應∕,汽車前車頭∕汽車左側車身∕,未依規定減速∕未依規定讓車∕,未依規定減速∕未依規定減速∕,機械設備操作工及組裝工∕事務工作者∕,其他∕上、下班∕,本國∕非本國∕
10103,10103Y00030002,YZA1,10103YZ000009,2012,3,9,16,55,金門縣,金寧鄉,,NA,,,,NA,埔後115,,,,,路口,NA,NA,NA,NA,NA,NA,NA,NA,NA,0,0,0,晴,日間自然光線,村里道路,40,四岔路,交岔路口內,柏油,乾燥,無缺陷,無障礙物,建築物,無號誌,無號誌,無分向設施,未繪設車道線,未繪設快慢車道分隔線,有,路口交岔撞,未依規定讓車,Y000,YZ00,1,3,2012/3/9,金門縣金寧鄉埔後115號,,金門縣金寧鄉路口,118.317029,24.442928,普通重型 機車∕遊覽車 大客車∕,機車普通重型∕遊覽車∕,50∕65∕,未受傷∕未受傷∕,89****U代號182∕15***L代號183∕,其他∕其他∕,有適當之駕照∕有適當之駕照∕,經檢測無酒精反應∕經檢測無酒精反應∕,機車前車頭∕汽車右前車頭（身）∕,未依規定讓車∕未依規定減速∕,未依規定讓車∕未依規定讓車∕,其他∕服務工作者∕,其他∕其他∕,本國∕本國∕
10103,10103Y00020011,YZA1,10103YZ000010,2012,3,10,4,10,金門縣,金城鎮,,NA,民生路,,27,NA,,,,,,口,NA,NA,NA,NA,NA,NA,NA,NA,NA,0,1,0,陰,夜間（或隧道、地下道、涵洞）有照明,村里道路,40,三岔路,交岔路口內,柏油,乾燥,無缺陷,路上有停車,路上停放車輛,無號誌,無號誌,無分向設施,未繪設車道線,快慢車道分隔線,有,側撞,未依規定讓車,Y000,YZ00,1,2,2012/3/10,民生路27巷,,金門縣金城鎮口,118.3190184,24.43575,普通重型 機車∕自用 小客車∕,機車普通重型∕小客車自用∕,20∕61∕,受傷∕未受傷∕,18****T代號184∕WY****8代號185∕,其他∕其他∕,有適當之駕照∕有適當之駕照∕,經檢測無酒精反應∕經檢測無酒精反應∕,機車前車頭∕汽車右前車頭（身）∕,未依規定讓車∕尚未發現肇事因素∕,未依規定讓車∕未依規定讓車∕,其他∕技術工∕,其他∕上、下班∕,本國∕本國∕
10103,10103Y00020008,YZA1,10103YZ000011,2012,3,7,12,15,金門縣,金城鎮,,NA,環島西路,二,,NA,,,,,,與環島北路3巷口,NA,NA,NA,NA,NA,NA,NA,NA,NA,0,2,0,陰,日間自然光線,村里道路,50,四岔路,交岔口附近,柏油,濕潤,無缺陷,無障礙物,良好,無號誌,無號誌,無標記,未繪設車道線,未繪設快慢車道分隔線,有,其他,未依規定讓車,Y000,YZ00,1,2,2012/3/7,環島西路二段,,金門縣金城鎮與環島北路3巷口,118.3148723,24.4566699,普通重型 機車∕普通重型 機車∕,機車普通重型∕機車普通重型∕,42∕20∕,受傷∕受傷∕,PZ****7代號186∕55****C代號187∕,其他∕其他∕,有適當之駕照∕有適當之駕照∕,經檢測無酒精反應∕經檢測無酒精反應∕,機車後車尾∕機車左側車身∕,未依規定讓車∕未依規定減速∕,未依規定讓車∕未依規定讓車∕,其他∕大學（研究）生∕,其他∕上、下學∕,本國∕本國∕
10103,10103Y00020013,YZA1,10103YZ000012,2012,3,11,18,10,金門縣,金城鎮,,NA,環島西路,一,,NA,,,,,,官裡30號前路段,NA,NA,NA,NA,NA,NA,NA,NA,NA,0,1,0,晴,晨或暮光,村里道路,40,直路,一般車道（未劃分快慢車道）,柏油,乾燥,無缺陷,無障礙物,良好,無號誌,無號誌,無標記,未繪設車道線,未繪設快慢車道分隔線,有,撞橋樑、建築物,未注意車前狀態,Y000,YZ00,1,2,2012/3/11,環島西路一段,,金門縣金城鎮官裡30號前路段,118.3184801,24.4172073,普通重型 機車∕ ∕,機車普通重型,42∕0∕,受傷,58****T代號188,其他,有適當之駕照,不明,機車前車頭,未注意車前狀態∕尚未發現肇事因素∕,未注意車前狀態∕未注意車前狀態∕,技術工,不明,本國∕本國∕
10103,10103Y00020012,YZA1,10103YZ000013,2012,3,10,19,30,金門縣,金城鎮,,NA,環島北路,,90,3,,,,,,旁路口,NA,NA,NA,NA,NA,NA,NA,NA,NA,0,2,0,晴,夜間（或隧道、地下道、涵洞）有照明,村里道路,40,四岔路,交岔路口內,柏油,乾燥,無缺陷,無障礙物,良好,無號誌,無號誌,無分向設施,未繪設車道線,未繪設快慢車道分隔線,有,路口交岔撞,未依規定讓車,Y000,YZ00,1,2,2012/3/10,環島北路90巷3弄,,金門縣金城鎮旁路口,118.322662,24.441264,普通重型 機車∕普通重型 機車∕,機車普通重型∕機車普通重型∕,20∕21∕,受傷∕受傷∕,36****H代號189∕92****V代號190∕,其他∕其他∕,有適當之駕照∕有適當之駕照∕,經檢測無酒精反應∕經檢測無酒精反應∕,機車前車頭∕機車前車頭∕,未依規定讓車∕未依規定減速∕,未依規定讓車∕未依規定讓車∕,大學（研究）生∕大學（研究）生∕,其他∕其他∕,本國∕本國∕
10103,10103Y00020014,YZA1,10103YZ000014,2012,3,13,14,50,金門縣,金寧鄉,,NA,,,,NA,,,,,,榜林圓環,NA,NA,NA,NA,NA,NA,NA,NA,NA,0,1,0,陰,日間自然光線,縣道,50,圓環,其他,柏油,乾燥,無缺陷,無障礙物,良好,無號誌,無號誌,無分向設施,車道線（無標記）,未繪設快慢車道分隔線,有,其他,未依規定讓車,Y000,YZ00,1,2,2012/3/13,金門縣金寧鄉榜林圓環,,金門縣金寧鄉榜林圓環,118.330294,24.438568,自用 小客車∕普通重型 機車∕,小客車自用∕機車普通重型∕,41∕21∕,未受傷∕受傷∕,QP****9代號191∕23****U代號192∕,其他∕其他∕,有適當之駕照∕有適當之駕照∕,經檢測無酒精反應∕經檢測無酒精反應∕,汽車左前車頭（身）∕機車前車頭∕,未依規定讓車∕未依規定減速∕,未依規定讓車∕未依規定讓車∕,民意代表、行政主管、企業主管及經理人員∕大學（研究）生∕,業務聯繫∕其他∕,本國∕本國∕
10103,10103Y00020016,YZA1,10103YZ000015,2012,3,15,20,5,金門縣,金城鎮,西門里,NA,民權路,,,NA,,,莒光路,,,,NA,NA,NA,NA,NA,NA,NA,NA,NA,0,1,0,晴,夜間（或隧道、地下道、涵洞）有照明,村里道路,40,三岔路,交岔路口內,柏油,乾燥,無缺陷,無障礙物,良好,無號誌,無號誌,無分向設施,未繪設車道線,未繪設快慢車道分隔線,有,側撞,未依規定讓車,Y000,YZ00,1,2,2012/3/15,民權路,莒光路,,118.3156202,24.43419458,自用 小貨車(含客、貨兩用)∕普通重型 機車∕,小貨車自用∕機車普通重型∕,55∕22∕,未受傷∕受傷∕,6F****0代號193∕80****F代號194∕,其他∕其他∕,有適當之駕照∕有適當之駕照∕,經檢測無酒精反應∕經檢測無酒精反應∕,汽車左前車頭（身）∕機車前車頭∕,未依規定讓車∕未依規定減速∕,未依規定讓車∕未依規定讓車∕,服務工作者∕大學（研究）生∕,業務聯繫∕社交活動∕,本國∕本國∕
10103,10103Y00030004,YZA1,10103YZ000016,2012,3,16,15,10,金門縣,金城鎮,,NA,西海路,二,,NA,,,,,,03715號路燈桿前,NA,NA,NA,NA,NA,NA,NA,NA,NA,0,0,0,晴,日間自然光線,村里道路,50,三岔路,交岔路口內,柏油,乾燥,無缺陷,無障礙物,良好,無號誌,無號誌,無標記,未繪設車道線,未繪設快慢車道分隔線,有,其他,酒醉（後）駕駛失控,Y000,YZ00,1,3,2012/3/16,西海路二段,,金門縣金城鎮03715號路燈桿前,118.3041626,24.4144371,自用 小貨車(含客、貨兩用)∕公營公車 大客車∕,小貨車自用∕公營公車∕,44∕41∕,未受傷∕未受傷∕,WY****3代號195∕31***H代號196∕,其他∕其他∕,有適當之駕照∕有適當之駕照∕,經呼氣檢測超過0.80mg∕L或血液檢測超過0.16∕經檢測無酒精反應∕,汽車右前車頭（身）∕汽車左前車頭（身）∕,酒醉（後）駕駛失控∕尚未發現肇事因素∕,酒醉（後）駕駛失控∕酒醉（後）駕駛失控∕,非技術工及體力工∕汽車、火車駕駛員及船員∕,其他∕業務聯繫∕,本國∕本國∕
10103,10103Y00020018,YZA1,10103YZ000017,2012,3,18,11,50,金門縣,金寧鄉,,NA,伯玉路,一,,NA,232-4,,,,,,NA,NA,NA,NA,NA,NA,NA,NA,NA,0,1,0,晴,日間自然光線,村里道路,60,三岔路,交岔路口內,柏油,乾燥,無缺陷,無障礙物,良好,閃光號誌,正常,無分向設施,未繪設車道線,未繪設快慢車道分隔線,有,側撞,未依規定讓車,Y000,YZ00,1,2,2012/3/18,伯玉路一段232-4號,,金門縣金寧鄉,118.3267756,24.4346914,自用 小客車∕普通重型 機車∕,小客車自用∕機車普通重型∕,25∕25∕,未受傷∕受傷∕,18****S代號197∕96****U代號198∕,其他∕其他∕,有適當之駕照∕有適當之駕照∕,經檢測無酒精反應∕經檢測無酒精反應∕,汽車右側車身∕機車前車頭∕,未依規定讓車∕未依規定減速∕,未依規定讓車∕未依規定讓車∕,服務工作者∕保安工作者（不含警察人員）∕,其他∕其他∕,本國∕本國∕
10103,,YZA1,10103YZ000018,2012,3,17,17,55,金門縣,金城鎮,西門里,NA,珠浦西路,,50,14,1,,,,,,NA,NA,NA,NA,NA,NA,NA,NA,NA,0,0,0,NA,NA,NA,0,NA,NA,NA,NA,NA,NA,NA,NA,NA,NA,NA,NA,NA,NA,NA,Y000,YZ00,1,4,2012/3/17,珠浦西路50巷14弄1號,,金門縣金城鎮西門里,118.3147803,24.4384226,自用 小貨車(含客、貨兩用)∕ ∕,小貨車自用,56∕0∕,,6F****6代號199,,,,,,,,,本國∕本國∕
10103,10103Y00020017,YZA1,10103YZ000019,2012,3,17,16,35,金門縣,金寧鄉,,NA,,,,NA,,,,,,埔後708號,NA,NA,NA,NA,NA,NA,NA,NA,NA,0,5,0,晴,日間自然光線,村里道路,40,四岔路,交岔路口內,柏油,乾燥,無缺陷,無障礙物,良好,無號誌,無號誌,無分向設施,未繪設車道線,未繪設快慢車道分隔線,無,側撞,未依規定讓車,Y000,YZ00,1,2,2012/3/17,金門縣金寧鄉埔後708號,,金門縣金寧鄉埔後708號,118.317029,24.442928,自用 小客車∕自用 小客車∕乘客 人∕乘客 人∕乘客 人∕乘客 人∕乘客 人,小客車自用∕小客車自用∕乘客∕乘客∕乘客∕乘客∕乘客,28∕49∕26∕1∕4∕10∕8,未受傷∕未受傷∕受傷∕受傷∕受傷∕受傷∕受傷,08****X代號200∕DZ****9代號201∕08****X代號200∕08****X代號200∕08****X代號200∕DZ****9代號201∕DZ****9代號201,其他∕其他∕其他∕其他∕其他∕其他∕其他,有適當之駕照∕有適當之駕照∕非汽（機）車駕駛人∕非汽（機）車駕駛人∕非汽（機）車駕駛人∕非汽（機）車駕駛人∕非汽（機）車駕駛人,經檢測無酒精反應∕經檢測無酒精反應∕非駕駛人，未檢測∕非駕駛人，未檢測∕非駕駛人，未檢測∕非駕駛人，未檢測∕非駕駛人，未檢測,汽車前車頭∕汽車左側車身∕非汽（機）車∕非汽（機）車∕非汽（機）車∕非汽（機）車∕非汽（機）車,未依規定讓車∕未依規定減速∕尚未發現肇事因素∕尚未發現肇事因素∕尚未發現肇事因素∕尚未發現肇事因素∕尚未發現肇事因素,未依規定讓車∕未依規定讓車∕未依規定讓車∕未依規定讓車∕未依規定讓車∕未依規定讓車∕未依規定讓車,事務工作者∕事務工作者∕家庭主婦（夫）∕未就學兒童∕未就學兒童∕小學生∕小學生,其他∕其他∕其他∕其他∕其他∕其他∕其他,本國∕本國∕非本國∕本國∕本國∕本國∕本國