年月,總編號,處理單位,處理編號,年,月,日,時,分,縣市,區,村里,鄰,街道,段,巷,弄,號,公尺處,街道.1,段.1,側,附近,道路,公里,公尺處.1,向,車道,平交道,公里.1,公尺處.2,附近.1,死,受傷,X2.30,天候,光線,道路類別,速限,道路型態,事故位置,路面鋪裝,路面狀態,路面缺陷,障礙物,視距,號誌種類,號誌動作,分向設施,快車道或一般車道間,快慢車道間,路面邊線,事故類型及型態,主要肇因,警局,分局,案件類別,事故類別,日期,道路1,道路2,概略位置,lon,lat,車種,當事者區分.類別.,年齡,受傷程度,車輛牌照號碼,車輛用途,駕駛資格情形,飲酒情形,車輛撞擊部位最初,肇事因素個別,肇事因素主要,職.業,旅次目的,國籍
10103,10103Y00020019,YZA1,10103YZ000020,2012,3,18,21,25,金門縣,金城鎮,,NA,民權路,,,NA,59,,,,,,NA,NA,NA,NA,NA,NA,NA,NA,NA,0,2,0,晴,夜間（或隧道、地下道、涵洞）有照明,村里道路,40,直路,一般車道（未劃分快慢車道）,柏油,乾燥,無缺陷,無障礙物,良好,無號誌,無號誌,附標記,未繪設車道線,未繪設快慢車道分隔線,有,同向通行中,未注意車前狀態,Y000,YZ00,1,2,2012/3/18,民權路59號,,金門縣金城鎮,118.3139754,24.4324265,普通重型 機車∕行人 人∕,機車普通重型∕行人∕,20∕47∕,受傷∕受傷∕,3J****8代號202,其他∕非駕駛人及乘客∕,有適當之駕照∕非汽（機）車駕駛人∕,經檢測無酒精反應∕經檢測無酒精反應∕,機車前車頭∕非汽（機）車∕,未注意車前狀態∕其他引起事故之疏失或行為∕,未注意車前狀態∕未注意車前狀態∕,其他∕其他∕,不明∕不明∕,本國∕本國∕
10103,10103Y00030005,YZA1,10103YZ000021,2012,3,21,7,8,金門縣,金寧鄉,,NA,,,,NA,,,,,,埔後03291燈桿旁路段,NA,NA,NA,NA,NA,NA,NA,NA,NA,0,0,0,晴,日間自然光線,村里道路,40,四岔路,交岔路口內,水泥,乾燥,無缺陷,無障礙物,良好,無號誌,無號誌,無分向設施,未繪設車道線,未繪設快慢車道分隔線,有,路口交岔撞,未依規定讓車,Y000,YZ00,1,3,2012/3/21,金門縣金寧鄉埔後03291燈桿旁路段,,金門縣金寧鄉埔後03291燈桿旁路段,118.317029,24.442928,自用 小客車∕自用 小客車∕,小客車自用∕小客車自用∕,25∕28∕,未受傷∕未受傷∕,17****S代號203∕WY****3代號204∕,其他∕其他∕,有適當之駕照∕有適當之駕照∕,經檢測無酒精反應∕經檢測無酒精反應∕,汽車左前車頭（身）∕汽車右前車頭（身）∕,未依規定讓車∕未依規定減速∕,未依規定讓車∕未依規定讓車∕,服務工作者∕服務工作者∕,其他∕其他∕,本國∕本國∕
10103,10103Y00020021,YZA1,10103YZ000022,2012,3,21,9,38,金門縣,金寧鄉,,NA,環島北路,一,350,10,,,,,,,NA,NA,NA,NA,NA,NA,NA,NA,NA,0,1,0,晴,日間自然光線,村里道路,40,四岔路,交岔路口內,水泥,乾燥,無缺陷,無障礙物,良好,無號誌,無號誌,無分向設施,未繪設車道線,未繪設快慢車道分隔線,無,同向擦撞,左轉彎未依規定,Y000,YZ00,1,2,2012/3/21,環島北路一段350巷10弄,,金門縣金寧鄉,118.3283226,24.4462231,自用 小客車∕普通重型 機車∕,小客車自用∕機車普通重型∕,52∕21∕,未受傷∕受傷∕,6F****5代號205∕37****W代號206∕,其他∕其他∕,有適當之駕照∕有適當之駕照∕,經檢測無酒精反應∕經檢測無酒精反應∕,汽車左側車身∕機車前車頭∕,左轉彎未依規定∕未注意車前狀態∕,左轉彎未依規定∕左轉彎未依規定∕,服務工作者∕大學（研究）生∕,其他∕其他∕,本國∕本國∕
10103,10103Y00030003,YZA1,10103YZ000023,2012,3,13,18,16,金門縣,金城鎮,,NA,民權路,,,NA,,,,,,國民黨黨部前,NA,NA,NA,NA,NA,NA,NA,NA,NA,0,0,0,晴,夜間（或隧道、地下道、涵洞）有照明,村里道路,40,三岔路,交岔口附近,柏油,乾燥,無缺陷,無障礙物,良好,無號誌,無號誌,無分向設施,未繪設車道線,未繪設快慢車道分隔線,有,側撞,未依規定讓車,Y000,YZ00,1,3,2012/3/13,民權路,,金門縣金城鎮國民黨黨部前,118.3168946,24.4355379,自用 小客車∕自用 小客車∕,小客車自用∕小客車自用∕,56∕26∕,未受傷∕未受傷∕,02****2代號207∕59****L代號208∕,其他∕其他∕,有適當之駕照∕有適當之駕照∕,經檢測無酒精反應∕經檢測無酒精反應∕,汽車左側車身∕汽車左側車身∕,未依規定讓車∕尚未發現肇事因素∕,未依規定讓車∕未依規定讓車∕,不明∕不明∕,不明∕不明∕,本國∕本國∕
10103,10103Y00020023,YZA1,10103YZ000024,2012,3,22,11,50,金門縣,烈嶼鄉,,NA,,,,NA,,,,,,青岐80之1號前,NA,NA,NA,NA,NA,NA,NA,NA,NA,0,1,0,晴,日間自然光線,村里道路,40,四岔路,交岔路口內,其他鋪裝,乾燥,無缺陷,無障礙物,良好,無號誌,無號誌,無分向設施,未繪設車道線,未繪設快慢車道分隔線,無,路口交岔撞,未依規定讓車,Y000,YZ00,1,2,2012/3/22,金門縣烈嶼鄉青岐80之1號前,,金門縣烈嶼鄉青岐80之1號前,118.2257211,24.4161038,普通重型 機車∕自用 小客車∕,機車普通重型∕小客車自用∕,69∕58∕,受傷∕未受傷∕,PZ****1代號209∕KC****9代號210∕,其他∕其他∕,越級駕駛∕有適當之駕照∕,經檢測無酒精反應∕經檢測無酒精反應∕,機車前車頭∕汽車左前車頭（身）∕,未依規定讓車∕未注意車前狀態∕,未依規定讓車∕未依規定讓車∕,其他∕無業者∕,其他∕其他∕,本國∕本國∕
10103,10103Y00020009,YZA1,10103YZ000025,2012,3,7,12,30,金門縣,金城鎮,西門里,NA,民權路,,,NA,,,珠浦西路,,,,NA,NA,NA,NA,NA,NA,NA,NA,NA,0,3,0,晴,日間自然光線,縣道,40,四岔路,交岔路口內,柏油,乾燥,無缺陷,無障礙物,良好,行車管制號誌（附設行人專用號誌）,正常,無分向設施,未繪設車道線,未繪設快慢車道分隔線,有,路口交岔撞,違反號誌管制或指揮,Y000,YZ00,1,2,2012/3/7,民權路,珠浦西路,,118.3161782,24.4357325,普通重型 機車∕普通重型 機車∕乘客 人,機車普通重型∕機車普通重型∕乘客,50∕23∕11,受傷∕受傷∕受傷,3J****5代號211∕03****V代號212∕3J****5代號211,其他∕其他∕其他,有適當之駕照∕有適當之駕照∕非汽（機）車駕駛人,經檢測無酒精反應∕經檢測無酒精反應∕非駕駛人，未檢測,機車右側車身∕機車前車頭∕非汽（機）車,違反號誌管制或指揮∕違反號誌管制或指揮∕尚未發現肇事因素,違反號誌管制或指揮∕違反號誌管制或指揮∕違反號誌管制或指揮,事務工作者∕服務工作者∕小學生,上、下班∕業務聯繫∕上、下班,本國∕本國∕本國
10103,10103Y00020027,YZA1,10103YZ000026,2012,3,23,19,34,金門縣,金寧鄉,湖埔村,NA,,,,NA,,,,,,下埔下90之3號前路段,NA,NA,NA,NA,NA,NA,NA,NA,NA,0,2,0,晴,夜間（或隧道、地下道、涵洞）有照明,村里道路,40,四岔路,交岔路口內,水泥,乾燥,無缺陷,無障礙物,良好,無號誌,無號誌,無分向設施,未繪設車道線,未繪設快慢車道分隔線,無,路口交岔撞,未依規定減速,Y000,YZ00,1,2,2012/3/23,金門縣金寧鄉湖埔村下埔下90之3號前路段,,金門縣金寧鄉湖埔村下埔下90之3號前路段,118.3126857,24.4442026,普通重型 機車∕普通重型 機車∕,機車普通重型∕機車普通重型∕,21∕45∕,受傷∕受傷∕,72****C代號213∕72****V代號214∕,其他∕其他∕,有適當之駕照∕有適當之駕照∕,經檢測無酒精反應∕經檢測無酒精反應∕,機車前車頭∕機車右側車身∕,未依規定減速∕未依規定讓車∕,未依規定減速∕未依規定減速∕,大學（研究）生∕無業者∕,上、下班∕社交活動∕,本國∕本國∕
10103,,YZA1,10103YZ000027,2012,3,24,8,35,金門縣,金城鎮,珠沙里,NA,,,,NA,,,,,,和平社區45號前路段,NA,NA,NA,NA,NA,NA,NA,NA,NA,0,0,0,NA,NA,NA,0,NA,NA,NA,NA,NA,NA,NA,NA,NA,NA,NA,NA,NA,NA,NA,Y000,YZ00,1,4,2012/3/24,金門縣金城鎮珠沙里和平社區45號前路段,,金門縣金城鎮珠沙里和平社區45號前路段,118.32784,24.414351,自用 小客車∕自用 小貨車(含客、貨兩用)∕,小客車自用∕小貨車自用∕,41∕69∕,,WY****1代號215∕20****S代號216∕,,,,,,,,,本國∕本國∕
10103,10103Y00020020,YZA1,10103YZ000028,2012,3,20,11,40,金門縣,金城鎮,,NA,民族路,,,NA,242,,,,,,NA,NA,NA,NA,NA,NA,NA,NA,NA,0,1,0,晴,日間自然光線,鄉道,40,三岔路,交岔路口內,柏油,乾燥,無缺陷,無障礙物,良好,無號誌,無號誌,無分向設施,未繪設車道線,未繪設快慢車道分隔線,有,其他,倒車未依規定,Y000,YZ00,1,2,2012/3/20,民族路242號,,金門縣金城鎮,118.3157499,24.4302723,自用 小客車∕行人 人∕,小客車自用∕行人∕,43∕88∕,未受傷∕受傷∕,6F****7代號217,其他∕非駕駛人及乘客∕,有適當之駕照∕非汽（機）車駕駛人∕,經檢測無酒精反應∕非駕駛人，未檢測∕,汽車後車尾∕非汽（機）車∕,倒車未依規定∕尚未發現肇事因素∕,倒車未依規定∕倒車未依規定∕,技術工∕無業者∕,其他∕其他∕,本國∕本國∕
10103,10103Y00020024,YZA1,10103YZ000029,2012,3,22,12,53,金門縣,金城鎮,,NA,民權路,,,NA,188-1,,,,,路口,NA,NA,NA,NA,NA,NA,NA,NA,NA,0,2,0,晴,日間自然光線,村里道路,40,三岔路,交岔口附近,柏油,乾燥,無缺陷,無障礙物,良好,無號誌,無號誌,無標記,未繪設車道線,未繪設快慢車道分隔線,有,側撞,未注意車前狀態,Y000,YZ00,1,2,2012/3/22,民權路188-1號,,金門縣金城鎮路口,118.3168946,24.4355379,普通重型 機車∕普通重型 機車∕乘客 人,機車普通重型∕機車普通重型∕乘客,19∕61∕19,未受傷∕受傷∕受傷,3J****1代號218∕31****U代號219∕3J****1代號218,其他∕其他∕其他,有適當之駕照∕有適當之駕照∕非汽（機）車駕駛人,經檢測無酒精反應∕經檢測無酒精反應∕非駕駛人，未檢測,機車右側車身∕機車左側車身∕非汽（機）車,未注意車前狀態∕尚未發現肇事因素∕尚未發現肇事因素,未注意車前狀態∕未注意車前狀態∕未注意車前狀態,大學（研究）生∕服務工作者∕大學（研究）生,其他∕其他∕其他,本國∕本國∕本國
10103,10103Y00020025,YZA1,10103YZ000030,2012,3,22,13,40,金門縣,金寧鄉,,NA,,一,,NA,,,,,,00233燈桿前路段,NA,NA,NA,NA,NA,NA,NA,NA,NA,0,2,0,晴,日間自然光線,村里道路,60,直路,一般車道（未劃分快慢車道）,柏油,乾燥,無缺陷,無障礙物,良好,無號誌,無號誌,附標記,未繪設車道線,快慢車道分隔線,有,側撞,酒醉（後）駕駛失控,Y000,YZ00,1,2,2012/3/22,,,金門縣金寧鄉00233燈桿前路段,118.328021,24.436477,普通重型 機車∕普通重型 機車∕,機車普通重型∕機車普通重型∕,42∕33∕,受傷∕受傷∕,PZ****9代號220∕15****J代號221∕,其他∕其他∕,駕照被吊（註）銷∕有適當之駕照∕,經呼氣檢測超過0.80mg∕L或血液檢測超過0.16∕經檢測無酒精反應∕,機車右側車身∕機車左側車身∕,酒醉（後）駕駛失控∕尚未發現肇事因素∕,酒醉（後）駕駛失控∕酒醉（後）駕駛失控∕,其他∕服務工作者∕,其他∕其他∕,本國∕本國∕
10103,10103Y00020029,YZA1,10103YZ000031,2012,3,25,12,58,金門縣,金寧鄉,,NA,環島北路,一,,NA,,,林湖路,,,路口,NA,NA,NA,NA,NA,NA,NA,NA,NA,0,1,0,晴,日間自然光線,縣道,60,三岔路,交岔路口內,柏油,乾燥,無缺陷,無障礙物,良好,無號誌,無號誌,無分向設施,未繪設車道線,未繪設快慢車道分隔線,有,追撞,未保持行車安全距離,Y000,YZ00,1,2,2012/3/25,環島北路一段,林湖路,,118.3258302,24.4439927,普通重型 機車∕自用 小客車∕,機車普通重型∕小客車自用∕,22∕33∕,受傷∕未受傷∕,28****U代號222∕02****V代號223∕,其他∕其他∕,有適當之駕照∕有適當之駕照∕,經檢測無酒精反應∕經檢測無酒精反應∕,機車前車頭∕汽車右後車尾（身）∕,未保持行車安全距離∕尚未發現肇事因素∕,未保持行車安全距離∕未保持行車安全距離∕,大學（研究）生∕其他∕,其他∕其他∕,本國∕本國∕
10103,10103Y00020033,YZA1,10103YZ000034,2012,3,27,7,25,金門縣,金城鎮,,NA,北堤路,,,NA,,,,,,停車場入口,NA,NA,NA,NA,NA,NA,NA,NA,NA,0,1,0,晴,日間自然光線,鄉道,40,三岔路,交岔路口內,柏油,乾燥,無缺陷,無障礙物,良好,無號誌,無號誌,無分向設施,未繪設車道線,未繪設快慢車道分隔線,有,側撞,右轉彎未依規定,Y000,YZ00,1,2,2012/3/27,北堤路,,金門縣金城鎮停車場入口,118.3167419,24.4294062,自用 小客車∕普通重型 機車∕,小客車自用∕機車普通重型∕,47∕23∕,未受傷∕受傷∕,6F****9代號224∕06****R代號225∕,其他∕其他∕,有適當之駕照∕有適當之駕照∕,經檢測無酒精反應∕經檢測無酒精反應∕,汽車右前車頭（身）∕機車前車頭∕,右轉彎未依規定∕未注意車前狀態∕,右轉彎未依規定∕右轉彎未依規定∕,其他∕技術員及助理人員∕,其他∕上、下班∕,本國∕本國∕
10103,10103Y00020026,YZA1,10103YZ000036,2012,3,23,18,51,金門縣,金城鎮,,NA,珠浦南路,,,NA,,,,,,59號旁路口,NA,NA,NA,NA,NA,NA,NA,NA,NA,0,2,0,晴,夜間（或隧道、地下道、涵洞）有照明,村里道路,40,四岔路,交岔路口內,其他鋪裝,乾燥,無缺陷,無障礙物,良好,無號誌,無號誌,無分向設施,未繪設車道線,未繪設快慢車道分隔線,無,路口交岔撞,未依規定讓車,Y000,YZ00,1,2,2012/3/23,珠浦南路,,金門縣金城鎮59號旁路口,118.3152928,24.4311875,普通重型 機車∕普通重型 機車∕,機車普通重型∕機車普通重型∕,58∕18∕,受傷∕受傷∕,3J****9代號226∕93****C代號227∕,其他∕其他∕,有適當之駕照∕有適當之駕照∕,經檢測無酒精反應∕經檢測無酒精反應∕,機車前車頭∕機車前車頭∕,未依規定讓車∕未依規定減速∕,未依規定讓車∕未依規定讓車∕,其他∕無業者∕,業務聯繫∕社交活動∕,本國∕本國∕
10103,10103Y00020036,YZA1,10103YZ000037,2012,3,28,14,3,金門縣,金寧鄉,,NA,,,,NA,,,,,,金榮資源回收廠前路口,NA,NA,NA,NA,NA,NA,NA,NA,NA,0,1,0,晴,日間自然光線,村里道路,40,四岔路,交岔路口內,柏油,乾燥,無缺陷,無障礙物,良好,無號誌,無號誌,無分向設施,未繪設車道線,未繪設快慢車道分隔線,有,路口交岔撞,未依規定讓車,Y000,YZ00,1,2,2012/3/28,金門縣金寧鄉金榮資源回收廠前路口,,金門縣金寧鄉金榮資源回收廠前路口,118.312811,24.438807,普通重型 機車∕自用 小客車∕,機車普通重型∕小客車自用∕,72∕58∕,受傷∕未受傷∕,62****C代號228∕05****V代號229∕,其他∕其他∕,有適當之駕照∕有適當之駕照∕,經檢測無酒精反應∕經檢測無酒精反應∕,機車前車頭∕汽車左前車頭（身）∕,未依規定讓車∕未依規定減速∕,未依規定讓車∕未依規定讓車∕,無業者∕其他∕,其他∕其他∕,本國∕本國∕
10103,10103Y00020035,YZA1,10103YZ000042,2012,3,28,6,30,金門縣,金寧鄉,,NA,,,,NA,埔邊22,,,,,路段,NA,NA,NA,NA,NA,NA,NA,NA,NA,0,2,0,晴,日間自然光線,村里道路,40,彎曲路及附近,一般車道（未劃分快慢車道）,柏油,乾燥,無缺陷,無障礙物,樹木、農作物,無號誌,無號誌,無分向設施,未繪設車道線,未繪設快慢車道分隔線,無,對向擦撞,未靠右行駛,Y000,YZ00,1,2,2012/3/28,金門縣金寧鄉埔邊22號,,金門縣金寧鄉路段,118.317249,24.439896,普通重型 機車∕普通重型 機車∕,機車普通重型∕機車普通重型∕,19∕48∕,受傷∕受傷∕,21****C代號230∕35****U代號231∕,其他∕其他∕,有適當之駕照∕有適當之駕照∕,經檢測無酒精反應∕經檢測無酒精反應∕,機車左側車身∕機車左側車身∕,未靠右行駛∕未注意車前狀態∕,未靠右行駛∕未靠右行駛∕,高中生∕家庭主婦（夫）∕,其他∕其他∕,本國∕本國∕
10103,,YZA1,10103YZ000044,2012,3,30,11,18,金門縣,金城鎮,,NA,莒光路,,,NA,169-1,,,,,,NA,NA,NA,NA,NA,NA,NA,NA,NA,0,0,0,晴,NA,NA,40,NA,NA,NA,NA,NA,NA,NA,NA,NA,NA,NA,NA,NA,NA,NA,Y000,YZ00,1,4,2012/3/30,莒光路169-1號,,金門縣金城鎮,118.3169343,24.432731,自用 小客車∕普通重型 機車∕,小客車自用∕機車普通重型∕,34∕50∕,,62****5代號232∕PZ****9代號233∕,,,,,,,,,本國∕本國∕
10103,10103Y00020037,YZA1,10103YZ000045,2012,3,30,12,15,金門縣,金寧鄉,,NA,伯玉路,二,,NA,219,,,,,王大夫一條根前,NA,NA,NA,NA,NA,NA,NA,NA,NA,0,1,0,晴,日間自然光線,縣道,60,直路,一般車道（未劃分快慢車道）,柏油,乾燥,無缺陷,無障礙物,良好,無號誌,無號誌,附標記,未繪設車道線,快慢車道分隔線,有,側撞,右轉彎未依規定,Y000,YZ00,1,2,2012/3/30,伯玉路二段219號,,金門縣金寧鄉王大夫一條根前,118.3416148,24.4414563,自用 小客車∕普通重型 機車∕,小客車自用∕機車普通重型∕,54∕45∕,未受傷∕受傷∕,WY****5代號234∕LQ****2代號235∕,其他∕其他∕,無照（已達考照年齡）∕有適當之駕照∕,經檢測無酒精反應∕經檢測無酒精反應∕,汽車右前車頭（身）∕機車前車頭∕,右轉彎未依規定∕尚未發現肇事因素∕,右轉彎未依規定∕右轉彎未依規定∕,技術員及助理人員∕服務工作者∕,購物∕社交活動∕,本國∕本國∕
10103,10103Y00020030,YZA1,10103YZ000046,2012,3,26,9,50,金門縣,金城鎮,,NA,西海路,二,,NA,,,,,,03715燈桿旁路段,NA,NA,NA,NA,NA,NA,NA,NA,NA,0,1,0,晴,日間自然光線,村里道路,50,三岔路,交岔路口內,柏油,乾燥,無缺陷,無障礙物,良好,無號誌,無號誌,無分向設施,未繪設車道線,未繪設快慢車道分隔線,有,側撞,未依規定讓車,Y000,YZ00,1,2,2012/3/26,西海路二段,,金門縣金城鎮03715燈桿旁路段,118.3041626,24.4144371,自用 小貨車(含客、貨兩用)∕普通重型 機車∕,小貨車自用∕機車普通重型∕,50∕62∕,未受傷∕受傷∕,6F****1代號236∕62****J代號237∕,其他∕其他∕,有適當之駕照∕不明∕,不明∕不明∕,汽車右前車頭（身）∕機車左側車身∕,未依規定讓車∕未依規定減速∕,未依規定讓車∕未依規定讓車∕,其他∕服務工作者∕,其他∕其他∕,本國∕本國∕
10103,10103Y00020038,YZA1,10103YZ000047,2012,3,30,21,34,金門縣,金城鎮,,NA,伯玉路,一,,NA,,,,,,00262路燈桿前路段,NA,NA,NA,NA,NA,NA,NA,NA,NA,0,1,0,晴,夜間（或隧道、地下道、涵洞）有照明,縣道,60,直路,一般車道（未劃分快慢車道）,柏油,乾燥,無缺陷,無障礙物,良好,無號誌,無號誌,附標記,未繪設車道線,快慢車道分隔線,有,同向擦撞,未注意車前狀態,Y000,YZ00,1,2,2012/3/30,伯玉路一段,,金門縣金城鎮00262路燈桿前路段,118.3267756,24.4346914,自用 小貨車(含客、貨兩用)∕腳踏自行車 慢車∕,小貨車自用∕腳踏自行車∕,28∕45∕,未受傷∕受傷∕,9E****8代號238,其他∕其他∕,有適當之駕照∕非汽（機）車駕駛人∕,無法檢測∕經呼氣檢測0.26至0.40mg∕L或血液檢測0.051至0.08∕,汽車右前車頭（身）∕非汽（機）車∕,未注意車前狀態∕尚未發現肇事因素∕,未注意車前狀態∕未注意車前狀態∕,技術員及助理人員∕技術員及助理人員∕,購物∕社交活動∕,本國∕本國∕
10103,10103Y00020044,YZA1,10103YZ000051,2012,3,31,21,40,金門縣,金城鎮,,NA,珠浦北路,,,NA,33,,,,,,NA,NA,NA,NA,NA,NA,NA,NA,NA,0,1,0,晴,夜間（或隧道、地下道、涵洞）有照明,村里道路,40,直路,一般車道（未劃分快慢車道）,其他鋪裝,乾燥,無缺陷,無障礙物,良好,無號誌,無號誌,無分向設施,未繪設車道線,未繪設快慢車道分隔線,有,路上翻車、摔倒,未注意車前狀態,Y000,YZ00,1,2,2012/3/31,珠浦北路33號,,金門縣金城鎮,118.3172552,24.4337778,普通重型 機車∕ ∕,機車普通重型,55∕0∕,受傷,PZ****9代號239,其他,駕照被吊（註）銷,經呼氣檢測超過0.80mg∕L或血液檢測超過0.16,機車左側車身,未注意車前狀態∕尚未發現肇事因素∕,未注意車前狀態∕未注意車前狀態∕,技術工,其他,本國∕本國∕
10104,10104Y00020007,YYA1,10104YY000009,2012,4,6,9,15,金門縣,金湖鎮,,NA,太湖路,一,,NA,,,,,,新市圓環往太武山重劃區第一路口,NA,NA,NA,NA,NA,NA,NA,NA,NA,0,1,0,晴,日間自然光線,村里道路,50,三岔路,交岔路口內,柏油,乾燥,無缺陷,無障礙物,良好,無號誌,無號誌,無分向設施,未繪設車道線,未繪設快慢車道分隔線,有,側撞,違規超車,Y000,YY00,1,2,2012/4/6,太湖路一段,,金門縣金湖鎮新市圓環往太武山重劃區第一路口,118.4047483,24.4473343,自用 小客車∕普通輕型 機車∕,小客車自用∕機車普通輕型∕,57∕29∕,未受傷∕受傷∕,6F****5代號240∕EV****9代號241∕,其他∕其他∕,有適當之駕照∕有適當之駕照∕,經檢測無酒精反應∕經檢測無酒精反應∕,汽車右側車身∕機車左側車身∕,違規超車∕尚未發現肇事因素∕,違規超車∕違規超車∕,無業者∕家庭主婦（夫）∕,不明∕上、下班∕,本國∕本國∕
10104,10104Y00020006,YYA1,10104YY000013,2012,4,5,14,55,金門縣,金湖鎮,新市里,NA,市港路,,,NA,,,,,,武德新莊第一路口處,NA,NA,NA,NA,NA,NA,NA,NA,NA,0,1,0,雨,日間自然光線,村里道路,50,四岔路,交岔路口內,柏油,泥濘,無缺陷,無障礙物,良好,無號誌,無號誌,無分向設施,未繪設車道線,未繪設快慢車道分隔線,有,側撞,右轉彎未依規定,Y000,YY00,1,2,2012/4/5,市港路,,金門縣金湖鎮新市里武德新莊第一路口處,118.4099121,24.4348324,自用 小客車∕普通輕型 機車∕,小客車自用∕機車普通輕型∕,54∕57∕,未受傷∕受傷∕,WY****8代號242∕WZ****0代號243∕,其他∕其他∕,有適當之駕照∕有適當之駕照∕,無法檢測∕無法檢測∕,不明∕機車右側車身∕,右轉彎未依規定∕未注意車前狀態∕,右轉彎未依規定∕右轉彎未依規定∕,其他∕家庭主婦（夫）∕,其他∕其他∕,本國∕本國∕
10104,10104Y00020014,YYA1,10104YY000019,2012,4,10,16,20,金門縣,金湖鎮,新市里,NA,林森路,,,NA,,,自強路,,,,NA,NA,NA,NA,NA,NA,NA,NA,NA,0,1,0,陰,日間自然光線,村里道路,50,四岔路,交岔路口內,柏油,乾燥,無缺陷,無障礙物,建築物,無號誌,無號誌,無分向設施,未繪設車道線,未繪設快慢車道分隔線,有,側撞,未依規定讓車,Y000,YY00,1,2,2012/4/10,林森路,自強路,,118.4162443,24.44177962,自用 小客車∕普通重型 機車∕,小客車自用∕機車普通重型∕,40∕56∕,未受傷∕受傷∕,6F****2代號244∕32****Q代號245∕,其他∕其他∕,有適當之駕照∕有適當之駕照∕,經檢測無酒精反應∕經檢測無酒精反應∕,汽車前車頭∕機車右側車身∕,未依規定讓車∕未依規定減速∕,未依規定讓車∕未依規定讓車∕,家庭主婦（夫）∕專業人員∕,其他∕其他∕,本國∕本國∕
10104,10104Y00020023,YYA1,10104YY000020,2012,4,10,16,42,金門縣,金沙鎮,,NA,,,,NA,,,,,,太武社區38號前路口,NA,NA,NA,NA,NA,NA,NA,NA,NA,0,1,0,陰,日間自然光線,村里道路,40,四岔路,交岔路口內,水泥,乾燥,無缺陷,無障礙物,建築物,無號誌,無號誌,無分向設施,未繪設車道線,未繪設快慢車道分隔線,無,路口交岔撞,未依規定讓車,Y000,YY00,1,2,2012/4/10,金門縣金沙鎮太武社區38號前路口,,金門縣金沙鎮太武社區38號前路口,118.42779,24.476726,普通重型 機車∕自用 小貨車(含客、貨兩用)∕,機車普通重型∕小貨車自用∕,18∕23∕,受傷∕未受傷∕,21****D代號246∕6F****8代號247∕,其他∕其他∕,有適當之駕照∕有適當之駕照∕,經檢測無酒精反應∕經檢測無酒精反應∕,機車右側車身∕汽車左前車頭（身）∕,未依規定讓車∕未依規定減速∕,未依規定讓車∕未依規定讓車∕,其他∕其他∕,其他∕其他∕,本國∕本國∕
10104,10104Y00020015,YYA1,10104YY000021,2012,4,10,16,43,金門縣,金沙鎮,汶沙里,NA,國中路,,,NA,,,,,,金沙國中前路口,NA,NA,NA,NA,NA,NA,NA,NA,NA,0,1,0,晴,日間自然光線,村里道路,40,三岔路,交岔口附近,柏油,乾燥,無缺陷,無障礙物,良好,無號誌,無號誌,無分向設施,未繪設車道線,未繪設快慢車道分隔線,有,對向擦撞,尚未發現肇事因素,Y000,YY00,1,2,2012/4/10,國中路,,金門縣金沙鎮汶沙里金沙國中前路口,118.4143889,24.4891988,自用 小客車∕普通重型 機車∕,小客車自用∕機車普通重型∕,36∕52∕,未受傷∕受傷∕,6F****9代號248∕PZ****5代號249∕,其他∕其他∕,有適當之駕照∕有適當之駕照∕,經檢測無酒精反應∕經檢測無酒精反應∕,汽車左前車頭（身）∕機車左側車身∕,尚未發現肇事因素∕未靠右行駛∕,尚未發現肇事因素∕尚未發現肇事因素∕,其他∕其他∕,其他∕其他∕,本國∕本國∕
10104,10104Y00010001,YYA1,10104YY000027,2012,4,13,23,30,金門縣,金沙鎮,,NA,陽沙路,,,NA,,,,,,碧山路段01716號路燈桿,NA,NA,NA,NA,NA,NA,NA,NA,NA,1,0,0,晴,夜間（或隧道、地下道、涵洞）有照明,村里道路,50,直路,一般車道（未劃分快慢車道）,柏油,乾燥,無缺陷,無障礙物,良好,無號誌,無號誌,附標記,車道線（附標記）,未繪設快慢車道分隔線,有,撞路樹、電桿,酒醉（後）駕駛失控,Y000,YY00,1,1,2012/4/13,陽沙路,,金門縣金沙鎮碧山路段01716號路燈桿,118.432385,24.4814738,自用 小客車∕ ∕,小客車自用,48∕0∕,24小時內死亡,RB****6代號250,其他,有適當之駕照,經呼氣檢測超過0.80mg∕L或血液檢測超過0.16,汽車右前車頭（身）,酒醉（後）駕駛失控∕尚未發現肇事因素∕,酒醉（後）駕駛失控∕酒醉（後）駕駛失控∕,技術工,不明,本國∕本國∕