年月,總編號,處理單位,處理編號,年,月,日,時,分,縣市,區,村里,鄰,街道,段,巷,弄,號,公尺處,街道.1,段.1,側,附近,道路,公里,公尺處.1,向,車道,平交道,公里.1,公尺處.2,附近.1,死,受傷,X2.30,天候,光線,道路類別,速限,道路型態,事故位置,路面鋪裝,路面狀態,路面缺陷,障礙物,視距,號誌種類,號誌動作,分向設施,快車道或一般車道間,快慢車道間,路面邊線,事故類型及型態,主要肇因,警局,分局,案件類別,事故類別,日期,道路1,道路2,概略位置,lon,lat,車種,當事者區分.類別.,年齡,受傷程度,車輛牌照號碼,車輛用途,駕駛資格情形,飲酒情形,車輛撞擊部位最初,肇事因素個別,肇事因素主要,職.業,旅次目的,國籍
10104,,YYA1,10104YY000030,2012,4,16,13,30,金門縣,金湖鎮,,NA,中正路,,,NA,,,,,,土地銀行前停車場,NA,NA,NA,NA,NA,NA,NA,NA,NA,0,0,0,NA,NA,NA,0,NA,NA,NA,NA,NA,NA,NA,NA,NA,NA,NA,NA,NA,NA,NA,Y000,YY00,4,3,2012/4/16,中正路,,金門縣金湖鎮土地銀行前停車場,118.4156249,24.4409009,自用 小客車∕ ∕,小客車自用,23∕0∕,,10****V代號251,,,,,,,,,本國∕本國∕
10104,10104Y00030001,YYA1,10104YY000031,2012,4,17,18,40,金門縣,金湖鎮,新市里,NA,中興路,,,NA,11,,,,,,NA,NA,NA,NA,NA,NA,NA,NA,NA,0,0,0,雨,夜間（或隧道、地下道、涵洞）有照明,村里道路,40,直路,一般車道（未劃分快慢車道）,柏油,濕潤,無缺陷,無障礙物,良好,無號誌,無號誌,無分向設施,未繪設車道線,未繪設快慢車道分隔線,有,倒車撞,倒車未依規定,Y000,YY00,1,3,2012/4/17,中興路11號,,金門縣金湖鎮新市里,118.4152513,24.4407638,自用 小貨車(含客、貨兩用)∕自用 小客車∕,小貨車自用∕小客車自用∕,29∕56∕,未受傷∕未受傷∕,04****X代號252∕04****X代號253∕,其他∕其他∕,有適當之駕照∕有適當之駕照∕,經檢測無酒精反應∕經檢測無酒精反應∕,汽車左後車尾（身）∕汽車右前車頭（身）∕,倒車未依規定∕未注意車前狀態∕,倒車未依規定∕倒車未依規定∕,其他∕其他∕,其他∕其他∕,本國∕本國∕
10104,10104Y00030002,YYA1,10104YY000043,2012,4,25,11,20,金門縣,金湖鎮,,NA,自強路,,,NA,21,,,,,,NA,NA,NA,NA,NA,NA,NA,NA,NA,0,0,0,晴,日間自然光線,村里道路,50,直路,一般車道（未劃分快慢車道）,柏油,乾燥,無缺陷,無障礙物,良好,無號誌,無號誌,附標記,未繪設車道線,未繪設快慢車道分隔線,有,同向擦撞,未注意車前狀態,Y000,YY00,1,3,2012/4/25,自強路21號,,金門縣金湖鎮,118.4150513,24.4401089,自用 小客車∕自用 小客車∕,小客車自用∕小客車自用∕,20∕50∕,未受傷∕未受傷∕,18****V代號254∕WY****0代號255∕,其他∕其他∕,有適當之駕照∕有適當之駕照∕,經檢測無酒精反應∕經觀察未飲酒∕,汽車右前車頭（身）∕汽車左側車身∕,未注意車前狀態∕尚未發現肇事因素∕,未注意車前狀態∕未注意車前狀態∕,大學（研究）生∕技術員及助理人員∕,不明∕不明∕,本國∕本國∕
10104,10104Y00020047,YYA1,10104YY000046,2012,4,25,19,6,金門縣,金湖鎮,新市里,NA,太湖路,,,NA,,,自強路,,,,NA,NA,NA,NA,NA,NA,NA,NA,NA,0,1,0,雨,夜間（或隧道、地下道、涵洞）有照明,村里道路,50,四岔路,交岔路口內,柏油,濕潤,無缺陷,無障礙物,良好,閃光號誌,正常,無分向設施,未繪設車道線,未繪設快慢車道分隔線,有,穿越道路中,未注意車前狀態,Y000,YY00,1,2,2012/4/25,太湖路,自強路,,118.4150341,24.44011257,自用 小客車∕行人 人∕,小客車自用∕行人∕,63∕76∕,未受傷∕受傷∕,WY****2代號256,其他∕非駕駛人及乘客∕,無照（已達考照年齡）∕非汽（機）車駕駛人∕,經檢測無酒精反應∕不明∕,汽車前車頭∕非汽（機）車∕,未注意車前狀態∕未依規定行走行人穿越道、地下道、天橋而穿越道路∕,未注意車前狀態∕未注意車前狀態∕,其他∕家庭主婦（夫）∕,其他∕其他∕,本國∕本國∕
10104,10104Y00020046,YYA1,10104YY000047,2012,4,26,9,32,金門縣,金湖鎮,,NA,瓊義路,,,NA,,,,,,農用物資供銷站,NA,NA,NA,NA,NA,NA,NA,NA,NA,0,1,0,晴,日間自然光線,村里道路,50,三岔路,交岔路口內,柏油,乾燥,無缺陷,無障礙物,良好,無號誌,無號誌,無分向設施,未繪設車道線,未繪設快慢車道分隔線,有,側撞,迴轉未依規定,Y000,YY00,1,2,2012/4/26,瓊義路,,金門縣金湖鎮農用物資供銷站,118.3750744,24.4504136,自用 小客車∕普通重型 機車∕,小客車自用∕機車普通重型∕,20∕72∕,未受傷∕受傷∕,08****X代號257∕PZ****0代號258∕,其他∕其他∕,有適當之駕照∕有適當之駕照∕,經檢測無酒精反應∕經檢測無酒精反應∕,汽車左前車頭（身）∕機車左側車身∕,迴轉未依規定∕未注意車前狀態∕,迴轉未依規定∕迴轉未依規定∕,服務工作者∕無業者∕,購物∕購物∕,本國∕本國∕
10104,10104Y00020040,YYA1,10104YY000050,2012,4,29,20,0,金門縣,金湖鎮,,NA,瓊徑路,,,NA,,,,,,經武路口旁,NA,NA,NA,NA,NA,NA,NA,NA,NA,0,2,0,晴,夜間（或隧道、地下道、涵洞）有照明,村里道路,50,直路,一般車道（未劃分快慢車道）,無鋪裝,乾燥,突出（高低）不平,道路工事（程）中,良好,無號誌,無號誌,無分向設施,未繪設車道線,未繪設快慢車道分隔線,無,其他,路況危險無安全（警告）設施,Y000,YY00,1,2,2012/4/29,瓊徑路,,金門縣金湖鎮經武路口旁,118.3837181,24.4489328, ∕普通重型 機車∕乘客 人,∕機車普通重型∕乘客,0∕22∕23,∕受傷∕受傷,∕97****B代號259∕97****B代號259,∕其他∕其他,∕有適當之駕照∕非汽（機）車駕駛人,∕經檢測無酒精反應∕非駕駛人，未檢測,∕機車前車頭∕非汽（機）車,路況危險無安全（警告）設施∕未注意車前狀態∕尚未發現肇事因素,路況危險無安全（警告）設施∕路況危險無安全（警告）設施∕路況危險無安全（警告）設施,∕大學（研究）生∕大學（研究）生,∕其他∕其他,本國∕本國∕本國
10104,10104Y00020001,YZA1,10104YZ000001,2012,4,1,8,1,金門縣,金城鎮,,NA,民權路,,,NA,67,,,,,路段,NA,NA,NA,NA,NA,NA,NA,NA,NA,0,2,0,晴,日間自然光線,村里道路,40,直路,一般車道（未劃分快慢車道）,柏油,乾燥,無缺陷,無障礙物,良好,無號誌,無號誌,無標記,未繪設車道線,未繪設快慢車道分隔線,有,側撞,左轉彎未依規定,Y000,YZ00,1,2,2012/4/1,民權路67號,,金門縣金城鎮路段,118.3140797,24.4325726,普通重型 機車∕普通重型 機車∕,機車普通重型∕機車普通重型∕,54∕20∕,受傷∕受傷∕,OM****6代號260∕83****C代號261∕,其他∕其他∕,有適當之駕照∕有適當之駕照∕,經檢測無酒精反應∕經檢測無酒精反應∕,機車後車尾∕不明∕,左轉彎未依規定∕尚未發現肇事因素∕,左轉彎未依規定∕左轉彎未依規定∕,其他∕其他∕,其他∕其他∕,本國∕本國∕
10104,10104Y00020002,YZA1,10104YZ000002,2012,4,1,21,20,金門縣,金城鎮,,NA,民生路,,,NA,,,,,,46之1號前,NA,NA,NA,NA,NA,NA,NA,NA,NA,0,2,0,晴,夜間（或隧道、地下道、涵洞）有照明,村里道路,40,三岔路,交岔口附近,柏油,乾燥,無缺陷,路上有停車,路上停放車輛,無號誌,無號誌,無分向設施,未繪設車道線,未繪設快慢車道分隔線,有,同向通行中,未注意車前狀態,Y000,YZ00,NA,NA,2012/4/1,民生路,,金門縣金城鎮46之1號前,118.3190184,24.43575,普通重型 機車∕行人 人∕,機車普通重型∕行人∕,55∕75∕,受傷∕受傷∕,3J****2代號262,其他∕非駕駛人及乘客∕,有適當之駕照∕非汽（機）車駕駛人∕,經檢測無酒精反應∕非駕駛人，未檢測∕,機車左側車身∕非汽（機）車∕,未注意車前狀態∕尚未發現肇事因素∕,未注意車前狀態∕未注意車前狀態∕,不明∕不明∕,其他∕其他∕,本國∕本國∕
10104,10104Y00020021,YZA1,10104YZ000003,2012,4,2,14,58,金門縣,金城鎮,,NA,西海路,,,NA,,,,,,水頭村十字路口,NA,NA,NA,NA,NA,NA,NA,NA,NA,0,1,0,晴,日間自然光線,村里道路,50,四岔路,交岔路口內,柏油,乾燥,無缺陷,無障礙物,良好,閃光號誌,正常,無分向設施,未繪設車道線,未繪設快慢車道分隔線,有,路上翻車、摔倒,未依規定減速,Y000,YZ00,1,2,2012/4/2,西海路,,金門縣金城鎮水頭村十字路口,118.3124964,24.4226194,普通重型 機車∕ ∕,機車普通重型,30∕0∕,受傷,39****B代號263,其他,有適當之駕照,經檢測無酒精反應,機車右側車身,未依規定減速∕尚未發現肇事因素∕,未依規定減速∕未依規定減速∕,其他,業務聯繫,本國∕本國∕
10104,10104Y00020003,YZA1,10104YZ000004,2012,4,4,15,10,金門縣,金寧鄉,,NA,環島西路,二,,NA,,,,,,03028燈桿旁路段,NA,NA,NA,NA,NA,NA,NA,NA,NA,0,1,0,晴,日間自然光線,村里道路,50,彎曲路及附近,一般車道（未劃分快慢車道）,柏油,乾燥,無缺陷,無障礙物,良好,無號誌,無號誌,附標記,未繪設車道線,未繪設快慢車道分隔線,有,衝出路外,未依規定減速,Y000,YZ00,1,2,2012/4/4,環島西路二段,,金門縣金寧鄉03028燈桿旁路段,118.3148723,24.4566699,自用 小貨車(含客、貨兩用)∕ ∕,小貨車自用,26∕0∕,受傷,19****V代號264,其他,有適當之駕照,經檢測無酒精反應,汽車右前車頭（身）,未依規定減速∕尚未發現肇事因素∕,未依規定減速∕未依規定減速∕,服務工作者,運輸,本國∕本國∕
10104,10104Y00020034,YZA1,10104YZ000005,2012,4,4,22,15,金門縣,金寧鄉,,NA,慈湖路,一,,NA,,,,,,旁產業道路,NA,NA,NA,NA,NA,NA,NA,NA,NA,0,2,0,晴,夜間（或隧道、地下道、涵洞）無照明,其他,40,彎曲路及附近,一般車道（未劃分快慢車道）,水泥,乾燥,無缺陷,其他障礙物,良好,無號誌,無號誌,無分向設施,未繪設車道線,未繪設快慢車道分隔線,無,路上翻車、摔倒,未注意車前狀態,Y000,YZ00,1,2,2012/4/4,慈湖路一段,,金門縣金寧鄉旁產業道路,118.3117387,24.4416084,普通重型 機車∕ ∕乘客 人,機車普通重型乘客,39∕0∕43,受傷受傷,BC****7代號265BC****7代號265,其他其他,有適當之駕照非汽（機）車駕駛人,經檢測無酒精反應非駕駛人，未檢測,機車左側車身非汽（機）車,未注意車前狀態∕尚未發現肇事因素∕尚未發現肇事因素,未注意車前狀態∕未注意車前狀態∕未注意車前狀態,家庭主婦（夫）其他,其他其他,本國∕本國∕本國
10104,10104Y00020004,YZA1,10104YZ000006,2012,4,5,7,45,金門縣,金城鎮,,NA,中興路,,173,NA,16,,,,,,NA,NA,NA,NA,NA,NA,NA,NA,NA,0,1,0,晴,日間自然光線,村里道路,40,四岔路,交岔路口內,柏油,乾燥,無缺陷,無障礙物,建築物,無號誌,無號誌,無分向設施,未繪設車道線,未繪設快慢車道分隔線,有,路口交岔撞,未依規定讓車,Y000,YZ00,1,2,2012/4/5,中興路173巷16號,,金門縣金城鎮,118.3187572,24.4346867,普通重型 機車∕自用 小客車∕,機車普通重型∕小客車自用∕,39∕40∕,受傷∕未受傷∕,59****C代號266∕6F****9代號267∕,其他∕其他∕,有適當之駕照∕有適當之駕照∕,經檢測無酒精反應∕經檢測無酒精反應∕,機車前車頭∕汽車左側車身∕,未依規定讓車∕未依規定減速∕,未依規定讓車∕未依規定讓車∕,事務工作者∕事務工作者∕,上、下班∕上、下班∕,本國∕本國∕
10104,10104Y00020005,YZA1,10104YZ000007,2012,4,5,12,20,金門縣,金城鎮,,NA,民族路,,31,NA,,,,,,路口,NA,NA,NA,NA,NA,NA,NA,NA,NA,0,1,0,晴,日間自然光線,村里道路,50,四岔路,交岔路口內,柏油,乾燥,無缺陷,無障礙物,建築物,無號誌,無號誌,無標記,車道線（無標記）,未繪設快慢車道分隔線,有,側撞,未依規定讓車,Y000,YZ00,1,2,2012/4/5,民族路31巷,,金門縣金城鎮路口,118.3157499,24.4302723,自用 小客車∕普通重型 機車∕,小客車自用∕機車普通重型∕,29∕60∕,未受傷∕受傷∕,6F****9代號268∕29****C代號269∕,其他∕其他∕,有適當之駕照∕有適當之駕照∕,經檢測無酒精反應∕經檢測無酒精反應∕,汽車前車頭∕機車前車頭∕,未依規定讓車∕未依規定減速∕,未依規定讓車∕未依規定讓車∕,事務工作者∕家庭主婦（夫）∕,其他∕其他∕,本國∕本國∕
10104,,YZA1,10104YZ000008,2012,4,5,17,30,金門縣,金城鎮,,NA,民生路,,,NA,34,,,,,,NA,NA,NA,NA,NA,NA,NA,NA,NA,0,0,0,雨,NA,NA,40,NA,NA,NA,NA,NA,NA,NA,NA,NA,NA,NA,NA,NA,NA,NA,Y000,YZ00,1,4,2012/4/5,民生路34號,,金門縣金城鎮,118.3190184,24.43575,自用 小客車∕自用 小客車∕自用 小客車,小客車自用∕小客車自用∕小客車自用,34∕47∕29,,21****S代號270∕17****V代號271∕17****S代號272,,,,,,,,,本國∕本國∕本國
10104,10104Y00020008,YZA1,10104YZ000010,2012,4,6,17,19,金門縣,金城鎮,,NA,民權路,,,NA,,,,,,182號前,NA,NA,NA,NA,NA,NA,NA,NA,NA,0,2,0,晴,日間自然光線,縣道,50,三岔路,交岔路口內,柏油,乾燥,無缺陷,無障礙物,良好,無號誌,無號誌,無分向設施,未繪設車道線,未繪設快慢車道分隔線,有,側撞,左轉彎未依規定,Y000,YZ00,1,2,2012/4/6,民權路,,金門縣金城鎮182號前,118.3168946,24.4355379,腳踏自行車 慢車∕普通重型 機車∕,腳踏自行車∕機車普通重型∕,14∕30∕,受傷∕受傷∕,∕PZ****3代號273∕,其他∕其他∕,非汽（機）車駕駛人∕有適當之駕照∕,非駕駛人，未檢測∕經檢測無酒精反應∕,非汽（機）車∕機車前車頭∕,左轉彎未依規定∕未注意車前狀態∕,左轉彎未依規定∕左轉彎未依規定∕,國中生∕技術員及助理人員∕,上、下學∕上、下班∕,本國∕本國∕
10104,10104Y00020009,YZA1,10104YZ000011,2012,4,6,18,8,金門縣,金城鎮,,NA,光前路,,29,NA,,,珠浦南路,,,44巷口,NA,NA,NA,NA,NA,NA,NA,NA,NA,0,3,0,陰,日間自然光線,村里道路,40,四岔路,交岔路口內,其他鋪裝,乾燥,無缺陷,其他障礙物,建築物,無號誌,無號誌,無分向設施,未繪設車道線,未繪設快慢車道分隔線,無,路口交岔撞,未依規定讓車,Y000,YZ00,1,2,2012/4/6,光前路29巷,珠浦南路,,118.315324,24.432036,普通重型 機車∕普通重型 機車∕乘客 人,機車普通重型∕機車普通重型∕乘客,68∕23∕22,受傷∕受傷∕受傷,90****E代號274∕KC****0代號275∕KC****0代號275,其他∕其他∕其他,有適當之駕照∕有適當之駕照∕非汽（機）車駕駛人,經檢測無酒精反應∕經檢測無酒精反應∕非駕駛人，未檢測,機車右側車身∕機車前車頭∕非汽（機）車,未依規定讓車∕未依規定減速∕尚未發現肇事因素,未依規定讓車∕未依規定讓車∕未依規定讓車,無業者∕大學（研究）生∕大學（研究）生,其他∕其他∕其他,本國∕本國∕本國
10104,10104Y00020035,YZA1,10104YZ000012,2012,4,7,9,15,金門縣,金寧鄉,,NA,環島西路,二,,NA,,,,,,03037路燈桿前路段,NA,NA,NA,NA,NA,NA,NA,NA,NA,0,1,0,陰,日間自然光線,鄉道,50,彎曲路及附近,一般車道（未劃分快慢車道）,柏油,濕潤,無缺陷,無障礙物,良好,無號誌,無號誌,附標記,未繪設車道線,未繪設快慢車道分隔線,有,衝出路外,未依規定減速,Y000,YZ00,1,2,2012/4/7,環島西路二段,,金門縣金寧鄉03037路燈桿前路段,118.3148723,24.4566699,普通重型 機車∕ ∕,機車普通重型,20∕0∕,受傷,28****E代號276,其他,有適當之駕照,經檢測無酒精反應,機車前車頭,未依規定減速∕尚未發現肇事因素∕,未依規定減速∕未依規定減速∕,大學（研究）生,上、下班,本國∕本國∕
10104,10104Y00020022,YZA1,10104YZ000014,2012,4,8,18,17,金門縣,金寧鄉,,NA,伯玉路,一,,NA,,,,,,00237號燈桿前,NA,NA,NA,NA,NA,NA,NA,NA,NA,0,3,0,晴,晨或暮光,村里道路,60,三岔路,交岔路口內,柏油,乾燥,無缺陷,無障礙物,良好,無號誌,無號誌,無分向設施,未繪設車道線,未繪設快慢車道分隔線,有,側撞,未依規定減速,Y000,YZ00,1,2,2012/4/8,伯玉路一段,,金門縣金寧鄉00237號燈桿前,118.3267756,24.4346914,普通重型 機車∕普通重型 機車∕乘客 人,機車普通重型∕機車普通重型∕乘客,20∕50∕21,受傷∕受傷∕受傷,30****Y代號277∕PZ****9代號233∕30****Y代號277,其他∕其他∕其他,有適當之駕照∕有適當之駕照∕非汽（機）車駕駛人,經呼氣檢測未超過0.15mg∕L或血液檢測未超過0.03∕經檢測無酒精反應∕非駕駛人，未檢測,機車前車頭∕機車右側車身∕非汽（機）車,未依規定減速∕未依規定讓車∕尚未發現肇事因素,未依規定減速∕未依規定減速∕未依規定減速,不明∕不明∕不明,其他∕其他∕其他,本國∕本國∕本國
10104,10104Y00020011,YZA1,10104YZ000015,2012,4,9,8,15,金門縣,金城鎮,,NA,,,,NA,小古崗27,,,,,路口,NA,NA,NA,NA,NA,NA,NA,NA,NA,0,1,0,陰,日間自然光線,村里道路,40,三岔路,交岔路口內,其他鋪裝,濕潤,無缺陷,無障礙物,建築物,無號誌,無號誌,無分向設施,未繪設車道線,未繪設快慢車道分隔線,無,其他,未依規定讓車,Y000,YZ00,1,2,2012/4/9,金門縣金城鎮小古崗27號,,金門縣金城鎮路口,118.318585,24.3971444,普通重型 機車∕自用 小客車∕,機車普通重型∕小客車自用∕,23∕46∕,受傷∕未受傷∕,80****K代號278∕09****X代號279∕,其他∕其他∕,有適當之駕照∕有適當之駕照∕,經檢測無酒精反應∕經檢測無酒精反應∕,機車前車頭∕不明∕,未依規定讓車∕未依規定減速∕,未依規定讓車∕未依規定讓車∕,其他∕其他∕,其他∕其他∕,本國∕本國∕
10104,10104Y00020010,YZA1,10104YZ000016,2012,4,8,18,0,金門縣,金城鎮,,NA,環島北路,,90,8,11,,,,,路段,NA,NA,NA,NA,NA,NA,NA,NA,NA,0,1,0,陰,夜間（或隧道、地下道、涵洞）有照明,村里道路,40,直路,一般車道（未劃分快慢車道）,柏油,乾燥,無缺陷,無障礙物,良好,無號誌,無號誌,無分向設施,未繪設車道線,未繪設快慢車道分隔線,有,路上翻車、摔倒,酒醉（後）駕駛失控,Y000,YZ00,1,2,2012/4/8,環島北路90巷8弄11號,,金門縣金城鎮路段,118.322662,24.441264,普通重型 機車∕ ∕,機車普通重型,24∕0∕,受傷,PZ****9代號280,其他,有適當之駕照,經呼氣檢測0.56至0.80mg∕L或血液檢測0.111至0.16,機車右側車身,酒醉（後）駕駛失控∕尚未發現肇事因素∕,酒醉（後）駕駛失控∕酒醉（後）駕駛失控∕,其他,其他,本國∕本國∕
10104,10104Y00020012,YZA1,10104YZ000017,2012,4,9,20,43,金門縣,金城鎮,,NA,民權路,,45,8,,,,,,路口,NA,NA,NA,NA,NA,NA,NA,NA,NA,0,2,0,陰,夜間（或隧道、地下道、涵洞）有照明,村里道路,40,三岔路,交岔路口內,柏油,乾燥,無缺陷,路上有停車,路上停放車輛,無號誌,無號誌,無分向設施,未繪設車道線,未繪設快慢車道分隔線,有,側撞,未依規定讓車,Y000,YZ00,1,2,2012/4/9,民權路45巷8弄,,金門縣金城鎮路口,118.3174792,24.4361723,自用 小客車∕普通重型 機車∕乘客 人,小客車自用∕機車普通重型∕乘客,37∕41∕15,未受傷∕受傷∕受傷,WY****8代號281∕IW****0代號282∕IW****0代號282,其他∕其他∕其他,有適當之駕照∕有適當之駕照∕非汽（機）車駕駛人,經檢測無酒精反應∕經檢測無酒精反應∕非駕駛人，未檢測,汽車前車頭∕機車右側車身∕非汽（機）車,未依規定讓車∕未依規定減速∕尚未發現肇事因素,未依規定讓車∕未依規定讓車∕未依規定讓車,其他∕家庭主婦（夫）∕國中生,其他∕其他∕其他,本國∕本國∕本國
10104,10104Y00020013,YZA1,10104YZ000018,2012,4,10,12,55,金門縣,金城鎮,,NA,民族路,,,NA,214,,,,,路段,NA,NA,NA,NA,NA,NA,NA,NA,NA,0,2,0,陰,日間自然光線,村里道路,40,彎曲路及附近,其他,其他鋪裝,濕潤,無缺陷,無障礙物,良好,無號誌,無號誌,無分向設施,未繪設車道線,未繪設快慢車道分隔線,無,對向擦撞,酒醉（後）駕駛失控,Y000,YZ00,1,2,2012/4/10,民族路214號,,金門縣金城鎮路段,118.3157499,24.4302723,普通重型 機車∕普通重型 機車∕,機車普通重型∕機車普通重型∕,43∕56∕,受傷∕受傷∕,PZ****2代號283∕PZ****5代號284∕,其他∕其他∕,有適當之駕照∕有適當之駕照∕,經呼氣檢測超過0.80mg∕L或血液檢測超過0.16∕經檢測無酒精反應∕,機車左側車身∕機車前車頭∕,酒醉（後）駕駛失控∕尚未發現肇事因素∕,酒醉（後）駕駛失控∕酒醉（後）駕駛失控∕,其他∕其他∕,其他∕其他∕,本國∕本國∕
10104,10104Y00020016,YZA1,10104YZ000022,2012,4,11,13,20,金門縣,金城鎮,,NA,民生路,,,NA,,,,,,與民生路11巷口,NA,NA,NA,NA,NA,NA,NA,NA,NA,0,1,0,晴,日間自然光線,村里道路,50,三岔路,交岔路口內,柏油,乾燥,無缺陷,無障礙物,良好,無號誌,無號誌,無分向設施,未繪設車道線,未繪設快慢車道分隔線,有,側撞,未依規定讓車,Y000,YZ00,1,2,2012/4/11,民生路,,金門縣金城鎮與民生路11巷口,118.3190184,24.43575,普通重型 機車∕普通重型 機車∕,機車普通重型∕機車普通重型∕,21∕38∕,未受傷∕受傷∕,05****B代號285∕80****W代號286∕,其他∕其他∕,無照（已達考照年齡）∕有適當之駕照∕,經檢測無酒精反應∕經檢測無酒精反應∕,機車前車頭∕機車前車頭∕,未依規定讓車∕未依規定減速∕,未依規定讓車∕未依規定讓車∕,技術工∕家庭主婦（夫）∕,其他∕其他∕,本國∕本國∕
10104,10104Y00020017,YZA1,10104YZ000023,2012,4,11,15,40,金門縣,金寧鄉,,NA,大學路,,,NA,1,,,,,教學大樓前路段,NA,NA,NA,NA,NA,NA,NA,NA,NA,0,2,0,晴,日間自然光線,其他,25,直路,一般車道（未劃分快慢車道）,水泥,乾燥,無缺陷,無障礙物,良好,無號誌,無號誌,寬式（50公分以上）,未繪設車道線,未繪設快慢車道分隔線,有,側撞,起步未注意其他車（人）安全,Y000,YZ00,1,2,2012/4/11,大學路1號,,金門縣金寧鄉教學大樓前路段,118.325279,24.4466751,自用 小客車∕普通重型 機車∕乘客 人,小客車自用∕機車普通重型∕乘客,21∕20∕20,未受傷∕受傷∕受傷,9F****7代號287∕51****H代號288∕51****H代號288,其他∕其他∕其他,有適當之駕照∕有適當之駕照∕非汽（機）車駕駛人,經檢測無酒精反應∕經檢測無酒精反應∕非駕駛人，未檢測,汽車左側車身∕機車前車頭∕非汽（機）車,起步未注意其他車（人）安全∕未注意車前狀態∕尚未發現肇事因素,起步未注意其他車（人）安全∕起步未注意其他車（人）安全∕起步未注意其他車（人）安全,大學（研究）生∕大學（研究）生∕大學（研究）生,其他∕其他∕其他,本國∕本國∕本國
10104,10104Y00020018,YZA1,10104YZ000024,2012,4,11,19,45,金門縣,金城鎮,,NA,環島西路,二,,NA,,,,,,救國團前路段,NA,NA,NA,NA,NA,NA,NA,NA,NA,0,2,0,晴,夜間（或隧道、地下道、涵洞）有照明,鄉道,50,四岔路,交岔路口內,柏油,乾燥,無缺陷,無障礙物,良好,無號誌,無號誌,附標記,車道線（附標記）,未繪設快慢車道分隔線,有,其他,違規超車,Y000,YZ00,1,2,2012/4/11,環島西路二段,,金門縣金城鎮救國團前路段,118.3148723,24.4566699,普通重型 機車∕普通重型 機車∕自用 小客車,機車普通重型∕機車普通重型∕小客車自用,19∕21∕53,受傷∕受傷∕未受傷,MF****8代號289∕L7****6代號290∕01****V代號291,其他∕其他∕其他,有適當之駕照∕有適當之駕照∕有適當之駕照,經檢測無酒精反應∕經檢測無酒精反應∕經檢測無酒精反應,機車前車頭∕機車前車頭∕汽車後車尾,違規超車∕未保持行車安全距離∕尚未發現肇事因素,違規超車∕違規超車∕違規超車,大學（研究）生∕大學（研究）生∕技術員及助理人員,社交活動∕社交活動∕社交活動,本國∕本國∕本國
10104,10104Y00020019,YZA1,10104YZ000025,2012,4,12,15,30,金門縣,金城鎮,,NA,,,,NA,,,,,,鎮公所後方停車場,NA,NA,NA,NA,NA,NA,NA,NA,NA,0,1,0,晴,日間自然光線,村里道路,40,四岔路,交岔路口內,水泥,乾燥,無缺陷,無障礙物,良好,無號誌,無號誌,無分向設施,未繪設車道線,未繪設快慢車道分隔線,無,側撞,未依規定讓車,Y000,YZ00,1,2,2012/4/12,金門縣金城鎮鎮公所後方停車場,,金門縣金城鎮鎮公所後方停車場,118.3166667,24.4166667,普通重型 機車∕普通重型 機車∕乘客 人,機車普通重型∕機車普通重型∕乘客,23∕39∕21,未受傷∕未受傷∕受傷,30****V代號292∕PZ****5代號293∕30****V代號292,其他∕其他∕其他,有適當之駕照∕無照（已達考照年齡）∕非汽（機）車駕駛人,經檢測無酒精反應∕經檢測無酒精反應∕非駕駛人，未檢測,機車左側車身∕機車前車頭∕非汽（機）車,未依規定讓車∕未依規定減速∕尚未發現肇事因素,未依規定讓車∕未依規定讓車∕未依規定讓車,大學（研究）生∕技術員及助理人員∕大學（研究）生,社交活動∕社交活動∕社交活動,本國∕本國∕本國
10104,10104Y00020045,YZA1,10104YZ000026,2012,4,13,7,4,金門縣,金寧鄉,,NA,,,,NA,,,,,,榜林圓環,NA,NA,NA,NA,NA,NA,NA,NA,NA,0,1,0,晴,日間自然光線,縣道,40,圓環,一般車道（未劃分快慢車道）,柏油,乾燥,無缺陷,無障礙物,良好,無號誌,無號誌,無分向設施,車道線（無標記）,未繪設快慢車道分隔線,有,其他,未依規定讓車,Y000,YZ00,1,2,2012/4/13,金門縣金寧鄉榜林圓環,,金門縣金寧鄉榜林圓環,118.330294,24.438568,普通輕型 機車∕自用 小客車∕,機車普通輕型∕小客車自用∕,46∕44∕,受傷∕未受傷∕,WE****0代號294∕11****V代號295∕,其他∕其他∕,有適當之駕照∕有適當之駕照∕,經檢測無酒精反應∕經檢測無酒精反應∕,機車前車頭∕汽車右後車尾（身）∕,未依規定讓車∕未注意車前狀態∕,未依規定讓車∕未依規定讓車∕,服務工作者∕技術工∕,其他∕其他∕,本國∕本國∕
10104,10104Y00020020,YZA1,10104YZ000028,2012,4,14,10,7,金門縣,金城鎮,,NA,民權路,,,NA,48,,,,,,NA,NA,NA,NA,NA,NA,NA,NA,NA,0,1,0,晴,日間自然光線,村里道路,40,坡路,一般車道（未劃分快慢車道）,柏油,乾燥,無缺陷,無障礙物,良好,無號誌,無號誌,無標記,未繪設車道線,未繪設快慢車道分隔線,有,側撞,迴轉未依規定,Y000,YZ00,1,2,2012/4/14,民權路48號,,金門縣金城鎮,118.3138157,24.4321367,自用 小貨車(含客、貨兩用)∕普通重型 機車∕,小貨車自用∕機車普通重型∕,40∕21∕,未受傷∕受傷∕,WY****2代號296∕LP****3代號297∕,其他∕其他∕,有適當之駕照∕有適當之駕照∕,經檢測無酒精反應∕經檢測無酒精反應∕,汽車右前車頭（身）∕機車前車頭∕,迴轉未依規定∕超速失控∕,迴轉未依規定∕迴轉未依規定∕,服務工作者∕大學（研究）生∕,其他∕其他∕,本國∕本國∕