年月,總編號,處理單位,處理編號,年,月,日,時,分,縣市,區,村里,鄰,街道,段,巷,弄,號,公尺處,街道.1,段.1,側,附近,道路,公里,公尺處.1,向,車道,平交道,公里.1,公尺處.2,附近.1,死,受傷,X2.30,天候,光線,道路類別,速限,道路型態,事故位置,路面鋪裝,路面狀態,路面缺陷,障礙物,視距,號誌種類,號誌動作,分向設施,快車道或一般車道間,快慢車道間,路面邊線,事故類型及型態,主要肇因,警局,分局,案件類別,事故類別,日期,道路1,道路2,概略位置,lon,lat,車種,當事者區分.類別.,年齡,受傷程度,車輛牌照號碼,車輛用途,駕駛資格情形,飲酒情形,車輛撞擊部位最初,肇事因素個別,肇事因素主要,職.業,旅次目的,國籍
10104,10104Y00020036,YZA1,10104YZ000029,2012,4,16,16,0,金門縣,金城鎮,,NA,民權路,,,NA,,,,,,中正國小側門前路段,NA,NA,NA,NA,NA,NA,NA,NA,NA,0,1,0,陰,日間自然光線,村里道路,50,三岔路,交岔路口內,柏油,乾燥,無缺陷,無障礙物,良好,無號誌,無號誌,無分向設施,未繪設車道線,未繪設快慢車道分隔線,有,側撞,迴轉未依規定,Y000,YZ00,1,2,2012/4/16,民權路,,金門縣金城鎮中正國小側門前路段,118.3168946,24.4355379,自用 小客車∕自用 小客車∕,小客車自用∕小客車自用∕,70∕49∕,未受傷∕受傷∕,WY****2代號298∕6F****0代號299∕,其他∕其他∕,有適當之駕照∕有適當之駕照∕,經檢測無酒精反應∕經檢測無酒精反應∕,汽車右側車身∕汽車前車頭∕,迴轉未依規定∕未依規定減速∕,迴轉未依規定∕迴轉未依規定∕,不明∕不明∕,不明∕不明∕,本國∕本國∕
10104,10104Y00020024,YZA1,10104YZ000032,2012,4,18,19,46,金門縣,金城鎮,,NA,民生路,,,NA,2,,,,,金城鎮公所前路段,NA,NA,NA,NA,NA,NA,NA,NA,NA,0,1,0,陰,夜間（或隧道、地下道、涵洞）有照明,村里道路,50,四岔路,交岔路口內,柏油,濕潤,無缺陷,無障礙物,良好,無號誌,無號誌,無分向設施,未繪設車道線,未繪設快慢車道分隔線,有,對向擦撞,違規超車,Y000,YZ00,1,2,2012/4/18,民生路2號,,金門縣金城鎮金城鎮公所前路段,118.3209249,24.4326671,自用 小貨車(含客、貨兩用)∕普通重型 機車∕,小貨車自用∕機車普通重型∕,46∕39∕,未受傷∕受傷∕,6F****2代號300∕61****A代號301∕,其他∕其他∕,有適當之駕照∕有適當之駕照∕,經呼氣檢測0.41至0.55mg∕L或血液檢測0.081至0.11∕經檢測無酒精反應∕,汽車左後車尾（身）∕機車前車頭∕,違規超車∕尚未發現肇事因素∕,違規超車∕違規超車∕,技術工∕不明∕,其他∕其他∕,本國∕本國∕
10104,10104Y00020025,YZA1,10104YZ000033,2012,4,19,10,0,金門縣,金寧鄉,,NA,環島北路,一,,NA,,,,,,地政局前路段,NA,NA,NA,NA,NA,NA,NA,NA,NA,0,2,0,晴,日間自然光線,村里道路,60,三岔路,交岔路口內,柏油,乾燥,無缺陷,無障礙物,良好,無號誌,無號誌,無分向設施,未繪設車道線,未繪設快慢車道分隔線,有,側撞,未依規定讓車,Y000,YZ00,1,2,2012/4/19,環島北路一段,,金門縣金寧鄉地政局前路段,118.3283226,24.4462231,普通重型 機車∕普通重型 機車∕,機車普通重型∕機車普通重型∕,45∕21∕,受傷∕受傷∕,PZ****2代號302∕91****V代號303∕,其他∕其他∕,有適當之駕照∕有適當之駕照∕,經檢測無酒精反應∕經檢測無酒精反應∕,機車右側車身∕機車右側車身∕,未依規定讓車∕未依規定減速∕,未依規定讓車∕未依規定讓車∕,家庭主婦（夫）∕大學（研究）生∕,其他∕其他∕,本國∕本國∕
10104,10104Y00020026,YZA1,10104YZ000034,2012,4,19,18,50,金門縣,金城鎮,,NA,民生路,,,NA,,,民權路,,,,NA,NA,NA,NA,NA,NA,NA,NA,NA,0,1,0,陰,夜間（或隧道、地下道、涵洞）有照明,鄉道,40,四岔路,交岔路口內,柏油,乾燥,無缺陷,無障礙物,良好,行車管制號誌,正常,無分向設施,未繪設車道線,未繪設快慢車道分隔線,有,側撞,違反號誌管制或指揮,Y000,YZ00,1,2,2012/4/19,民生路,民權路,,118.318387,24.437086,自用 小客車∕普通重型 機車∕,小客車自用∕機車普通重型∕,72∕32∕,未受傷∕受傷∕,HZ****1代號304∕PZ****9代號305∕,其他∕其他∕,有適當之駕照∕有適當之駕照∕,經檢測無酒精反應∕經檢測無酒精反應∕,汽車左前車頭（身）∕機車前車頭∕,違反號誌管制或指揮∕尚未發現肇事因素∕,違反號誌管制或指揮∕違反號誌管制或指揮∕,無業者∕其他∕,其他∕其他∕,本國∕本國∕
10104,10104Y00020027,YZA1,10104YZ000035,2012,4,21,17,20,金門縣,金城鎮,,NA,民族路,,,NA,207,,,,,,NA,NA,NA,NA,NA,NA,NA,NA,NA,0,1,0,晴,日間自然光線,村里道路,40,三岔路,交岔路口內,柏油,乾燥,有坑洞,路上有停車,良好,無號誌,無號誌,無分向設施,未繪設車道線,未繪設快慢車道分隔線,有,側撞,未依規定讓車,Y000,YZ00,1,2,2012/4/21,民族路207號,,金門縣金城鎮,118.3157499,24.4302723,自用 小貨車(含客、貨兩用)∕普通重型 機車∕,小貨車自用∕機車普通重型∕,26∕68∕,未受傷∕受傷∕,6F****1代號306∕10****J代號307∕,其他∕其他∕,有適當之駕照∕有適當之駕照∕,經檢測無酒精反應∕經檢測無酒精反應∕,汽車右前車頭（身）∕機車前車頭∕,未依規定讓車∕未注意車前狀態∕,未依規定讓車∕未依規定讓車∕,汽車、火車駕駛員及船員∕無業者∕,業務聯繫∕其他∕,本國∕本國∕
10104,10104Y00020028,YZA1,10104YZ000036,2012,4,22,0,44,金門縣,金城鎮,,NA,民生路,,,NA,,,民權路,,,路口,NA,NA,NA,NA,NA,NA,NA,NA,NA,0,1,0,陰,夜間（或隧道、地下道、涵洞）有照明,村里道路,40,四岔路,交岔路口內,柏油,乾燥,無缺陷,無障礙物,良好,閃光號誌,正常,無分向設施,未繪設車道線,未繪設快慢車道分隔線,有,路口交岔撞,未依規定讓車,Y000,YZ00,1,2,2012/4/22,民生路,民權路,,118.318387,24.437086,自用 小客車∕計程車 小客車∕,小客車自用∕小客車計程車∕,21∕55∕,未受傷∕受傷∕,6F****1代號308∕59***Q代號309∕,其他∕其他∕,有適當之駕照∕有適當之駕照∕,經檢測無酒精反應∕經檢測無酒精反應∕,汽車前車頭∕汽車左前車頭（身）∕,未依規定讓車∕未依規定減速∕,未依規定讓車∕未依規定讓車∕,其他∕服務工作者∕,其他∕其他∕,本國∕本國∕
10104,10104Y00020029,YZA1,10104YZ000037,2012,4,22,15,15,金門縣,金城鎮,,NA,伯玉路,一,,NA,15,,,,,,NA,NA,NA,NA,NA,NA,NA,NA,NA,0,1,0,晴,日間自然光線,縣道,60,直路,一般車道（未劃分快慢車道）,柏油,乾燥,無缺陷,無障礙物,良好,無號誌,無號誌,無標記,未繪設車道線,快慢車道分隔線,有,側撞,右轉彎未依規定,Y000,YZ00,1,2,2012/4/22,伯玉路一段15號,,金門縣金城鎮,118.3267756,24.4346914,自用 小客車∕普通重型 機車∕,小客車自用∕機車普通重型∕,27∕21∕,未受傷∕受傷∕,08****7代號310∕22****Z代號311∕,其他∕其他∕,有適當之駕照∕有適當之駕照∕,經檢測無酒精反應∕經檢測無酒精反應∕,汽車右後車尾（身）∕機車前車頭∕,右轉彎未依規定∕未注意車前狀態∕,右轉彎未依規定∕右轉彎未依規定∕,技術工∕大學（研究）生∕,購物∕上、下學∕,本國∕本國∕
10104,10104Y00020037,YZA1,10104YZ000038,2012,4,21,21,25,金門縣,金寧鄉,,NA,伯玉路,,,NA,,,,,,后盤山路口,NA,NA,NA,NA,NA,NA,NA,NA,NA,0,1,0,晴,夜間（或隧道、地下道、涵洞）有照明,村里道路,70,直路,一般車道（未劃分快慢車道）,柏油,乾燥,無缺陷,無障礙物,良好,無號誌,無號誌,附標記,未繪設車道線,快慢車道分隔線,有,撞路樹、電桿,酒醉（後）駕駛失控,Y000,YZ00,1,2,2012/4/21,伯玉路,,金門縣金寧鄉后盤山路口,118.3267756,24.4346914,自用 小客車∕ ∕,小客車自用,23∕0∕,受傷,93****M代號312,其他,有適當之駕照,無法檢測,汽車前車頭,酒醉（後）駕駛失控∕尚未發現肇事因素∕,酒醉（後）駕駛失控∕酒醉（後）駕駛失控∕,不明,其他,本國∕本國∕
10104,10104Y00020030,YZA1,10104YZ000039,2012,4,23,15,42,金門縣,金城鎮,,NA,伯玉路,一,,NA,,,,,,與桃園路路口,NA,NA,NA,NA,NA,NA,NA,NA,NA,0,3,0,晴,日間自然光線,村里道路,60,四岔路,交岔路口內,柏油,乾燥,無缺陷,無障礙物,良好,行車管制號誌,正常,無標記,車道線（無標記）,未繪設快慢車道分隔線,有,同向擦撞,右轉彎未依規定,Y000,YZ00,1,2,2012/4/23,伯玉路一段,,金門縣金城鎮與桃園路路口,118.3267756,24.4346914,普通重型 機車∕普通重型 機車∕乘客 人,機車普通重型∕機車普通重型∕乘客,19∕21∕21,受傷∕受傷∕受傷,81****V代號313∕97****L代號314∕97****L代號314,其他∕其他∕其他,有適當之駕照∕有適當之駕照∕非汽（機）車駕駛人,經檢測無酒精反應∕經檢測無酒精反應∕非駕駛人，未檢測,機車右側車身∕機車左側車身∕非汽（機）車,右轉彎未依規定∕尚未發現肇事因素∕尚未發現肇事因素,右轉彎未依規定∕右轉彎未依規定∕右轉彎未依規定,技術工∕大學（研究）生∕大學（研究）生,其他∕其他∕其他,本國∕本國∕本國
10104,10104Y00020031,YZA1,10104YZ000040,2012,4,24,8,20,金門縣,金寧鄉,,NA,環島北路,二,,NA,,,,,,07186燈桿前路段,NA,NA,NA,NA,NA,NA,NA,NA,NA,0,1,0,陰,日間自然光線,鄉道,60,三岔路,交岔口附近,柏油,濕潤,無缺陷,無障礙物,良好,無號誌,無號誌,附標記,未繪設車道線,未繪設快慢車道分隔線,有,路上翻車、摔倒,未注意車前狀態,Y000,YZ00,1,2,2012/4/24,環島北路二段,,金門縣金寧鄉07186燈桿前路段,118.3537405,24.452631,普通重型 機車∕ ∕,機車普通重型,27∕0∕,受傷,3J****3代號315,其他,有適當之駕照,經檢測無酒精反應,機車前車頭,未注意車前狀態∕尚未發現肇事因素∕,未注意車前狀態∕未注意車前狀態∕,其他,其他,本國∕本國∕
10104,10104Y00020032,YZA1,10104YZ000041,2012,4,25,0,54,金門縣,金城鎮,南門里,NA,民權路,,,NA,27,,,,,,NA,NA,NA,NA,NA,NA,NA,NA,NA,0,1,0,晴,夜間（或隧道、地下道、涵洞）有照明,村里道路,40,直路,一般車道（未劃分快慢車道）,柏油,乾燥,無缺陷,無障礙物,良好,無號誌,無號誌,附標記,未繪設車道線,未繪設快慢車道分隔線,有,衝出路外,酒醉（後）駕駛失控,Y000,YZ00,1,2,2012/4/25,民權路27號,,金門縣金城鎮南門里,118.3137202,24.4316929,普通重型 機車∕ ∕,機車普通重型,47∕0∕,受傷,52****C代號316,其他,有適當之駕照,經呼氣檢測超過0.80mg∕L或血液檢測超過0.16,機車左側車身,酒醉（後）駕駛失控∕尚未發現肇事因素∕,酒醉（後）駕駛失控∕酒醉（後）駕駛失控∕,技術員及助理人員,社交活動,本國∕本國∕
10104,10104Y00020033,YZA1,10104YZ000042,2012,4,25,8,10,金門縣,金寧鄉,,NA,環島西路,二,,NA,,,,,,80巷8號前路口,NA,NA,NA,NA,NA,NA,NA,NA,NA,0,1,0,晴,日間自然光線,村里道路,40,四岔路,公車專用道,水泥,乾燥,無缺陷,無障礙物,良好,無號誌,無號誌,無分向設施,未繪設車道線,未繪設快慢車道分隔線,無,路口交岔撞,未依規定讓車,Y000,YZ00,1,2,2012/4/25,環島西路二段,,金門縣金寧鄉80巷8號前路口,118.3148723,24.4566699,腳踏自行車 慢車∕普通重型 機車∕,腳踏自行車∕機車普通重型∕,22∕48∕,未受傷∕受傷∕,∕29****F代號317∕,其他∕其他∕,非汽（機）車駕駛人∕有適當之駕照∕,經檢測無酒精反應∕經檢測無酒精反應∕,非汽（機）車∕機車前車頭∕,未依規定讓車∕未依規定減速∕,未依規定讓車∕未依規定讓車∕,其他∕其他∕,上、下學∕上、下班∕,本國∕本國∕
10104,10104Y00030003,YZA1,10104YZ000044,2012,4,25,16,25,金門縣,金城鎮,,NA,西海路,一,,NA,,,,,,水頭碼頭前路口,NA,NA,NA,NA,NA,NA,NA,NA,NA,0,0,0,晴,日間自然光線,村里道路,50,三岔路,交岔路口內,柏油,濕潤,無缺陷,無障礙物,坡道,無號誌,無號誌,無分向設施,未繪設車道線,未繪設快慢車道分隔線,有,側撞,未依規定讓車,Y000,YZ00,1,3,2012/4/25,西海路一段,,金門縣金城鎮水頭碼頭前路口,118.2906709,24.4124946,自用 小客車∕租賃車 小客車∕,小客車自用∕小客車租貸車∕,39∕37∕,未受傷∕未受傷∕,FT****1代號318∕WW****6代號319∕,其他∕其他∕,有適當之駕照∕有適當之駕照∕,經檢測無酒精反應∕經檢測無酒精反應∕,汽車左側車身∕汽車前車頭∕,未依規定讓車∕未依規定減速∕,未依規定讓車∕未依規定讓車∕,不明∕不明∕,其他∕其他∕,本國∕本國∕
10104,10104Y00020038,YZA1,10104YZ000045,2012,4,25,15,50,金門縣,金城鎮,西門里,NA,民生路,,45,NA,,,,,,中興路173巷路口,NA,NA,NA,NA,NA,NA,NA,NA,NA,0,1,0,陰,日間自然光線,村里道路,40,三岔路,交岔路口內,其他鋪裝,濕潤,無缺陷,無障礙物,良好,無號誌,無號誌,無分向設施,未繪設車道線,未繪設快慢車道分隔線,有,對向擦撞,未保持行車安全間隔,Y000,YZ00,1,2,2012/4/25,民生路45巷,,金門縣金城鎮西門里中興路173巷路口,118.3185631,24.4353028,普通重型 機車∕自用 小客車∕,機車普通重型∕小客車自用∕,61∕28∕,受傷∕未受傷∕,PZ****1代號320∕6F****5代號321∕,其他∕其他∕,有適當之駕照∕有適當之駕照∕,經檢測無酒精反應∕經檢測無酒精反應∕,機車前車頭∕汽車左前車頭（身）∕,未保持行車安全間隔∕未保持行車安全間隔∕,未保持行車安全間隔∕未保持行車安全間隔∕,專業人員∕技術員及助理人員∕,社交活動∕社交活動∕,本國∕本國∕
10104,10104Y00020039,YZA1,10104YZ000048,2012,4,26,17,36,金門縣,金寧鄉,盤山村,NA,環島北路,二,,NA,,,,,,環島北路二段50巷,NA,NA,NA,NA,NA,NA,NA,NA,NA,0,1,0,陰,日間自然光線,鄉道,50,三岔路,交岔口附近,柏油,濕潤,無缺陷,無障礙物,良好,無號誌,無號誌,附標記,未繪設車道線,未繪設快慢車道分隔線,有,側撞,左轉彎未依規定,Y000,YZ00,1,2,2012/4/26,環島北路二段,,金門縣金寧鄉盤山村環島北路二段50巷,118.3537405,24.452631,普通重型 機車∕自用 小客車∕,機車普通重型∕小客車自用∕,20∕29∕,受傷∕未受傷∕,90****C代號322∕5D****8代號323∕,其他∕其他∕,有適當之駕照∕有適當之駕照∕,經檢測無酒精反應∕經檢測無酒精反應∕,機車左側車身∕汽車右前車頭（身）∕,左轉彎未依規定∕未注意車前狀態∕,左轉彎未依規定∕左轉彎未依規定∕,大學（研究）生∕其他∕,上、下班∕業務聯繫∕,本國∕本國∕
10104,10104Y00020042,YZA1,10104YZ000049,2012,4,27,20,57,金門縣,金城鎮,,NA,民權路,,,NA,196,,,,,路段,NA,NA,NA,NA,NA,NA,NA,NA,NA,0,1,0,雨,夜間（或隧道、地下道、涵洞）有照明,村里道路,40,四岔路,交岔路口內,柏油,濕潤,無缺陷,無障礙物,良好,無號誌,無號誌,無分向設施,未繪設車道線,未繪設快慢車道分隔線,有,側撞,未依規定讓車,Y000,YZ00,1,2,2012/4/27,民權路196號,,金門縣金城鎮路段,118.3198221,24.4386597,自用 小客車∕普通輕型 機車∕,小客車自用∕機車普通輕型∕,20∕21∕,未受傷∕受傷∕,6F****5代號324∕UB****6代號325∕,其他∕其他∕,有適當之駕照∕有適當之駕照∕,經檢測無酒精反應∕經檢測無酒精反應∕,汽車左前車頭（身）∕機車後車尾∕,未依規定讓車∕未依規定減速∕,未依規定讓車∕未依規定讓車∕,大學（研究）生∕大學（研究）生∕,其他∕其他∕,本國∕本國∕
10104,10104Y00020043,YZA1,10104YZ000051,2012,4,30,11,4,金門縣,金城鎮,,NA,民生路,,,NA,6,,,,,路段,NA,NA,NA,NA,NA,NA,NA,NA,NA,0,1,0,晴,日間自然光線,村里道路,40,直路,一般車道（未劃分快慢車道）,柏油,乾燥,無缺陷,無障礙物,良好,無號誌,無號誌,無標記,未繪設車道線,未繪設快慢車道分隔線,有,側撞,迴轉未依規定,Y000,YZ00,1,2,2012/4/30,民生路6號,,金門縣金城鎮路段,118.3190184,24.43575,自用 小客車∕普通重型 機車∕,小客車自用∕機車普通重型∕,81∕23∕,未受傷∕受傷∕,9E****1代號326∕32****E代號327∕,其他∕其他∕,有適當之駕照∕有適當之駕照∕,經檢測無酒精反應∕經檢測無酒精反應∕,汽車左前車頭（身）∕機車前車頭∕,迴轉未依規定∕未注意車前狀態∕,迴轉未依規定∕迴轉未依規定∕,無業者∕大學（研究）生∕,其他∕其他∕,本國∕本國∕
10104,10104Y00020044,YZA1,10104YZ000052,2012,4,30,11,5,金門縣,烈嶼鄉,,NA,八青路,,,NA,,,,,,青岐4之5號前路口,NA,NA,NA,NA,NA,NA,NA,NA,NA,0,1,0,晴,日間自然光線,村里道路,50,三岔路,交岔路口內,柏油,乾燥,無缺陷,無障礙物,良好,無號誌,無號誌,無分向設施,未繪設車道線,未繪設快慢車道分隔線,無,側撞,未依規定讓車,Y000,YZ00,1,2,2012/4/30,八青路,,金門縣烈嶼鄉青岐4之5號前路口,118.2364682,24.422863,自用 小客車∕普通重型 機車∕,小客車自用∕機車普通重型∕,20∕50∕,未受傷∕受傷∕,17****V代號328∕M6****9代號329∕,其他∕其他∕,有適當之駕照∕越級駕駛∕,經檢測無酒精反應∕經檢測無酒精反應∕,汽車前車頭∕機車右側車身∕,未依規定讓車∕未依規定減速∕,未依規定讓車∕未依規定讓車∕,專科生∕其他∕,其他∕上、下班∕,本國∕本國∕
10104,10104Y00020041,YZA1,10104YZ000053,2012,4,5,16,25,金門縣,烈嶼鄉,,NA,八青路,,,NA,,,,,,南塘路段,NA,NA,NA,NA,NA,NA,NA,NA,NA,0,1,0,雨,日間自然光線,鄉道,50,直路,一般車道（未劃分快慢車道）,柏油,濕潤,突出（高低）不平,道路工事（程）中,良好,無號誌,無號誌,無分向設施,未繪設車道線,未繪設快慢車道分隔線,無,路上翻車、摔倒,未注意車前狀態,Y000,YZ00,1,2,2012/4/5,八青路,,金門縣烈嶼鄉南塘路段,118.2364682,24.422863,普通輕型 機車∕ ∕,機車普通輕型,48∕0∕,受傷,WZ****1代號330,其他,有適當之駕照,無法檢測,機車前車頭,未注意車前狀態∕尚未發現肇事因素∕,未注意車前狀態∕未注意車前狀態∕,其他,其他,本國∕本國∕
10105,10105Y00020010,YYA1,10105YY000015,2012,5,9,8,52,金門縣,金湖鎮,,NA,市港路,,,NA,,,,,,05322號燈桿,NA,NA,NA,NA,NA,NA,NA,NA,NA,0,1,0,晴,日間自然光線,村里道路,50,直路,一般車道（未劃分快慢車道）,柏油,乾燥,無缺陷,無障礙物,良好,無號誌,無號誌,附標記,未繪設車道線,快慢車道分隔線,有,追撞,未注意車前狀態,Y000,YY00,1,2,2012/5/9,市港路,,金門縣金湖鎮05322號燈桿,118.4099121,24.4348324,自用 小客車∕普通重型 機車∕,小客車自用∕機車普通重型∕,24∕42∕,未受傷∕受傷∕,6F****7代號331∕PZ****2代號332∕,其他∕其他∕,有適當之駕照∕有適當之駕照∕,經檢測無酒精反應∕經檢測無酒精反應∕,汽車前車頭∕機車左側車身∕,未注意車前狀態∕迴轉未依規定∕,未注意車前狀態∕未注意車前狀態∕,其他∕其他∕,上、下班∕購物∕,本國∕本國∕
10105,10105Y00020012,YYA1,10105YY000016,2012,5,9,13,10,金門縣,金湖鎮,,NA,太湖路,一,,NA,,,,,,塔后往劍潭路段,NA,NA,NA,NA,NA,NA,NA,NA,NA,0,1,0,晴,日間自然光線,村里道路,50,直路,一般車道（未劃分快慢車道）,柏油,乾燥,無缺陷,無障礙物,良好,無號誌,無號誌,附標記,未繪設車道線,未繪設快慢車道分隔線,有,路上翻車、摔倒,未注意車前狀態,Y000,YY00,1,2,2012/5/9,太湖路一段,,金門縣金湖鎮塔后往劍潭路段,118.4047483,24.4473343,普通重型 機車∕ ∕,機車普通重型,47∕0∕,受傷,19****W代號333,其他,越級駕駛,經檢測無酒精反應,機車右側車身,未注意車前狀態∕尚未發現肇事因素∕,未注意車前狀態∕未注意車前狀態∕,不明,不明,本國∕本國∕
10105,10105Y00020025,YYA1,10105YY000030,2012,5,23,13,25,金門縣,金沙鎮,,NA,,,,NA,,,,,,田墩101號前路口,NA,NA,NA,NA,NA,NA,NA,NA,NA,0,1,0,晴,日間自然光線,村里道路,50,三岔路,交岔路口內,水泥,乾燥,無缺陷,無障礙物,良好,無號誌,無號誌,無分向設施,未繪設車道線,未繪設快慢車道分隔線,無,側撞,起步未注意其他車（人）安全,Y000,YY00,1,2,2012/5/23,金門縣金沙鎮田墩101號前路口,,金門縣金沙鎮田墩101號前路口,118.410783,24.50414,普通重型 機車∕普通重型 機車∕,機車普通重型∕機車普通重型∕,44∕48∕,未受傷∕受傷∕,H7****8代號334∕12****G代號146∕,其他∕其他∕,有適當之駕照∕有適當之駕照∕,經檢測無酒精反應∕經檢測無酒精反應∕,不明∕不明∕,起步未注意其他車（人）安全∕未注意車前狀態∕,起步未注意其他車（人）安全∕起步未注意其他車（人）安全∕,服務工作者∕服務工作者∕,上、下班∕上、下班∕,本國∕本國∕
10105,10105Y00030003,YYA1,10105YY000031,2012,5,25,10,40,金門縣,金湖鎮,,NA,太湖路,一,,NA,,,,,,TP16路口,NA,NA,NA,NA,NA,NA,NA,NA,NA,0,0,0,晴,日間自然光線,村里道路,50,四岔路,交岔口附近,柏油,乾燥,無缺陷,無障礙物,良好,閃光號誌,正常,無標記,未繪設車道線,未繪設快慢車道分隔線,有,追撞,未保持行車安全距離,Y000,YY00,1,3,2012/5/25,太湖路一段,,金門縣金湖鎮TP16路口,118.4047483,24.4473343,救護車 特種車∕自用 小客車∕,救護車∕小客車自用∕,22∕62∕,未受傷∕未受傷∕,軍H*****6代號335∕WY****8代號336∕,其他∕其他∕,有適當之駕照∕有適當之駕照∕,經檢測無酒精反應∕經檢測無酒精反應∕,汽車前車頭∕汽車後車尾∕,未保持行車安全距離∕尚未發現肇事因素∕,未保持行車安全距離∕未保持行車安全距離∕,保安工作者（不含警察人員）∕家庭主婦（夫）∕,業務聯繫∕其他∕,本國∕本國∕
10105,10105Y00020030,YYA1,10105YY000036,2012,5,29,9,42,金門縣,金湖鎮,,NA,,,,NA,,,,,,新市圓環,NA,NA,NA,NA,NA,NA,NA,NA,NA,0,1,0,晴,日間自然光線,村里道路,50,圓環,一般車道（未劃分快慢車道）,柏油,乾燥,無缺陷,無障礙物,良好,閃光號誌,正常,無分向設施,車道線（無標記）,未繪設快慢車道分隔線,有,其他,未依規定讓車,Y000,YY00,1,2,2012/5/29,金門縣金湖鎮新市圓環,,金門縣金湖鎮新市圓環,118.413173,24.44069,公營公車 大客車∕自用 小客車∕,公營公車∕小客車自用∕,43∕33∕,未受傷∕受傷∕,VU***3代號337∕07****2代號338∕,其他∕其他∕,有適當之駕照∕有適當之駕照∕,經檢測無酒精反應∕經檢測無酒精反應∕,汽車左前車頭（身）∕汽車右後車尾（身）∕,未依規定讓車∕未依規定減速∕,未依規定讓車∕未依規定讓車∕,汽車、火車駕駛員及船員∕服務工作者∕,運輸∕上、下班∕,本國∕本國∕
10105,10105Y00020029,YYA1,10105YY000038,2012,5,28,12,25,金門縣,金湖鎮,,NA,黃海路,,,NA,Mar-90,,,,,,NA,NA,NA,NA,NA,NA,NA,NA,NA,0,1,0,晴,日間自然光線,村里道路,50,三岔路,交岔口附近,柏油,乾燥,無缺陷,無障礙物,良好,無號誌,無號誌,附標記,未繪設車道線,未繪設快慢車道分隔線,有,路上翻車、摔倒,未注意車前狀態,Y000,YY00,1,2,2012/5/28,黃海路90-3號,,金門縣金湖鎮,118.4256931,24.452032,普通輕型 機車∕ ∕,機車普通輕型,51∕0∕,受傷,WZ****2代號339,其他,有適當之駕照,經檢測無酒精反應,機車左側車身,未注意車前狀態∕尚未發現肇事因素∕,未注意車前狀態∕未注意車前狀態∕,其他,其他,本國∕本國∕
10105,10105Y00020032,YYA1,10105YY000040,2012,5,30,16,40,金門縣,金湖鎮,,NA,環島南路,四,,NA,,,,,,05069號路燈前路段,NA,NA,NA,NA,NA,NA,NA,NA,NA,0,2,0,晴,日間自然光線,村里道路,50,直路,慢車道,柏油,乾燥,無缺陷,無障礙物,良好,無號誌,無號誌,附標記,未繪設車道線,快慢車道分隔線,有,追撞,未保持行車安全距離,Y000,YY00,1,2,2012/5/30,環島南路四段,,金門縣金湖鎮05069號路燈前路段,118.40101,24.438041,普通重型 機車∕普通重型 機車∕乘客 人,機車普通重型∕機車普通重型∕乘客,18∕63∕19,受傷∕未受傷∕受傷,82****V代號340∕70****E代號341∕82****V代號340,其他∕其他∕其他,有適當之駕照∕有適當之駕照∕非汽（機）車駕駛人,經檢測無酒精反應∕經呼氣檢測0.56至0.80mg∕L或血液檢測0.111至0.16∕非駕駛人，未檢測,機車右側車身∕機車後車尾∕非汽（機）車,未保持行車安全距離∕酒醉（後）駕駛失控∕尚未發現肇事因素,未保持行車安全距離∕未保持行車安全距離∕未保持行車安全距離,高中生∕服務工作者∕高中生,上、下學∕其他∕上、下學,本國∕本國∕本國
10105,10105Y00020033,YYA1,10105YY000041,2012,5,30,20,52,金門縣,金沙鎮,,NA,環島北路,,,NA,,,,,,與沙青路口,NA,NA,NA,NA,NA,NA,NA,NA,NA,0,1,0,晴,夜間（或隧道、地下道、涵洞）有照明,村里道路,50,三岔路,交岔路口內,柏油,乾燥,無缺陷,無障礙物,良好,閃光號誌,正常,無分向設施,未繪設車道線,未繪設快慢車道分隔線,有,側撞,未依規定讓車,Y000,YY00,1,2,2012/5/30,環島北路,,金門縣金沙鎮與沙青路口,118.322662,24.441264,自用 小客車∕普通重型 機車∕,小客車自用∕機車普通重型∕,38∕21∕,未受傷∕受傷∕,WY****0代號342∕83****R代號343∕,其他∕其他∕,有適當之駕照∕有適當之駕照∕,經檢測無酒精反應∕經檢測無酒精反應∕,汽車右側車身∕機車前車頭∕,未依規定讓車∕未注意車前狀態∕,未依規定讓車∕未依規定讓車∕,其他∕大學（研究）生∕,其他∕社交活動∕,本國∕本國∕
10105,10105Y00020035,YYA1,10105YY000043,2012,5,31,16,50,金門縣,金湖鎮,,NA,環島南路,五,,NA,,,,,,信義新村路口,NA,NA,NA,NA,NA,NA,NA,NA,NA,0,1,0,晴,日間自然光線,村里道路,50,三岔路,交岔路口內,柏油,乾燥,無缺陷,無障礙物,良好,無號誌,無號誌,無分向設施,未繪設車道線,未繪設快慢車道分隔線,有,側撞,未依規定讓車,Y000,YY00,1,2,2012/5/31,環島南路五段,,金門縣金湖鎮信義新村路口,118.4239844,24.4324232,自用 小客車∕自用 小客車∕,小客車自用∕小客車自用∕,69∕62∕,未受傷∕受傷∕,U5****3代號344∕16****V代號345∕,其他∕其他∕,有適當之駕照∕有適當之駕照∕,經呼氣檢測未超過0.15mg∕L或血液檢測未超過0.03∕經檢測無酒精反應∕,汽車右側車身∕汽車右前車頭（身）∕,未依規定讓車∕未依規定減速∕,未依規定讓車∕未依規定讓車∕,服務工作者∕家庭主婦（夫）∕,其他∕其他∕,本國∕本國∕