年月,總編號,處理單位,處理編號,年,月,日,時,分,縣市,區,村里,鄰,街道,段,巷,弄,號,公尺處,街道.1,段.1,側,附近,道路,公里,公尺處.1,向,車道,平交道,公里.1,公尺處.2,附近.1,死,受傷,X2.30,天候,光線,道路類別,速限,道路型態,事故位置,路面鋪裝,路面狀態,路面缺陷,障礙物,視距,號誌種類,號誌動作,分向設施,快車道或一般車道間,快慢車道間,路面邊線,事故類型及型態,主要肇因,警局,分局,案件類別,事故類別,日期,道路1,道路2,概略位置,lon,lat,車種,當事者區分.類別.,年齡,受傷程度,車輛牌照號碼,車輛用途,駕駛資格情形,飲酒情形,車輛撞擊部位最初,肇事因素個別,肇事因素主要,職.業,旅次目的,國籍
10105,10105Y00020001,YZA1,10105YZ000001,2012,5,1,11,45,金門縣,金城鎮,,NA,,,,NA,,,,,,東門圓環,NA,NA,NA,NA,NA,NA,NA,NA,NA,0,1,0,晴,日間自然光線,村里道路,40,圓環,其他,柏油,乾燥,無缺陷,無障礙物,良好,無號誌,無號誌,無分向設施,車道線（無標記）,未繪設快慢車道分隔線,有,其他,未注意車前狀態,Y000,YZ00,NA,NA,2012/5/1,金門縣金城鎮東門圓環,,金門縣金城鎮東門圓環,118.321386,24.431515,自用 小貨車(含客、貨兩用)∕普通重型 機車∕,小貨車自用∕機車普通重型∕,46∕58∕,未受傷∕受傷∕,6F****3代號346∕92****F代號347∕,其他∕其他∕,有適當之駕照∕有適當之駕照∕,經檢測無酒精反應∕經檢測無酒精反應∕,汽車右前車頭（身）∕機車左側車身∕,未注意車前狀態∕尚未發現肇事因素∕,未注意車前狀態∕未注意車前狀態∕,其他∕其他∕,社交活動∕其他∕,本國∕本國∕
10105,10105Y00020002,YZA1,10105YZ000002,2012,5,1,15,38,金門縣,金城鎮,南門里,NA,西海路,三,,NA,,,,,,石雕公園前路段,NA,NA,NA,NA,NA,NA,NA,NA,NA,0,2,0,晴,日間自然光線,縣道,50,三岔路,交岔路口內,柏油,乾燥,無缺陷,無障礙物,良好,閃光號誌,正常,無分向設施,未繪設車道線,未繪設快慢車道分隔線,有,側撞,未依規定讓車,Y000,YZ00,1,2,2012/5/1,西海路三段,,金門縣金城鎮南門里石雕公園前路段,118.3124964,24.4226194,普通重型 機車∕普通重型 機車∕,機車普通重型∕機車普通重型∕,17∕60∕,受傷∕受傷∕,PZ****5代號348∕02****A代號349∕,其他∕其他∕,無照（未達考照年齡）∕越級駕駛∕,經檢測無酒精反應∕經檢測無酒精反應∕,機車左側車身∕機車前車頭∕,未依規定讓車∕未依規定減速∕,未依規定讓車∕未依規定讓車∕,無業者∕技術員及助理人員∕,社交活動∕社交活動∕,本國∕本國∕
10105,10105Y00020003,YZA1,10105YZ000003,2012,5,1,17,50,金門縣,金寧鄉,盤山村,NA,伯玉路,二,,NA,,,盤果路,,,,NA,NA,NA,NA,NA,NA,NA,NA,NA,0,2,0,晴,日間自然光線,縣道,60,四岔路,交岔路口內,柏油,乾燥,無缺陷,無障礙物,良好,行車管制號誌,正常,無分向設施,未繪設車道線,未繪設快慢車道分隔線,有,側撞,右轉彎未依規定,Y000,YZ00,1,2,2012/5/1,伯玉路二段,盤果路,,118.3402912,24.44112005,自用 小貨車(含客、貨兩用)∕普通重型 機車∕乘客 人,小貨車自用∕機車普通重型∕乘客,47∕19∕19,未受傷∕受傷∕受傷,WY****7代號350∕MP****2代號351∕MP****2代號351,其他∕其他∕其他,有適當之駕照∕有適當之駕照∕非汽（機）車駕駛人,經檢測無酒精反應∕經檢測無酒精反應∕非駕駛人，未檢測,汽車右前車頭（身）∕機車左側車身∕非汽（機）車,右轉彎未依規定∕尚未發現肇事因素∕尚未發現肇事因素,右轉彎未依規定∕右轉彎未依規定∕右轉彎未依規定,技術員及助理人員∕大學（研究）生∕大學（研究）生,上、下班∕社交活動∕社交活動,本國∕本國∕本國
10105,10105Y00020004,YZA1,10105YZ000004,2012,5,1,21,35,金門縣,金城鎮,,NA,民生路,,,NA,,,民權路,,,,NA,NA,NA,NA,NA,NA,NA,NA,NA,0,1,0,晴,夜間（或隧道、地下道、涵洞）有照明,村里道路,40,四岔路,交岔路口內,柏油,乾燥,無缺陷,無障礙物,良好,無號誌,無號誌,無分向設施,未繪設車道線,未繪設快慢車道分隔線,有,側撞,未依規定讓車,Y000,YZ00,1,2,2012/5/1,民生路,民權路,,118.318387,24.437086,自用 小客車∕普通輕型 機車∕,小客車自用∕機車普通輕型∕,25∕56∕,未受傷∕受傷∕,6F****8代號352∕WZ****2代號353∕,其他∕其他∕,有適當之駕照∕有適當之駕照∕,經檢測無酒精反應∕經檢測無酒精反應∕,汽車前車頭∕機車前車頭∕,未依規定讓車∕未注意車前狀態∕,未依規定讓車∕未依規定讓車∕,不明∕不明∕,不明∕不明∕,本國∕本國∕
10105,10105Y00020005,YZA1,10105YZ000005,2012,5,2,11,20,金門縣,金城鎮,東門里,NA,,,,NA,,,,,,東門圓環,NA,NA,NA,NA,NA,NA,NA,NA,NA,0,1,0,晴,日間自然光線,縣道,60,圓環,環道匝道,柏油,乾燥,無缺陷,無障礙物,良好,無號誌,無號誌,無分向設施,車道線（附標記）,未繪設快慢車道分隔線,有,追撞,未保持行車安全距離,Y000,YZ00,1,2,2012/5/2,金門縣金城鎮東門里東門圓環,,金門縣金城鎮東門里東門圓環,118.321386,24.431515,自用 小客車∕普通重型 機車∕,小客車自用∕機車普通重型∕,26∕62∕,未受傷∕受傷∕,6F****6代號354∕87****D代號355∕,其他∕其他∕,有適當之駕照∕有適當之駕照∕,經檢測無酒精反應∕經檢測無酒精反應∕,汽車左前車頭（身）∕機車後車尾∕,未保持行車安全距離∕尚未發現肇事因素∕,未保持行車安全距離∕未保持行車安全距離∕,技術員及助理人員∕無業者∕,業務聯繫∕社交活動∕,本國∕本國∕
10105,,YZA1,10105YZ000006,2012,5,2,12,32,金門縣,金城鎮,西門里,NA,珠浦西路,,,NA,22,,,,,,NA,NA,NA,NA,NA,NA,NA,NA,NA,0,0,0,NA,NA,NA,0,NA,NA,NA,NA,NA,NA,NA,NA,NA,NA,NA,NA,NA,NA,NA,Y000,YZ00,1,4,2012/5/2,珠浦西路22號,,金門縣金城鎮西門里,118.3147803,24.4384226,自用 全聯結車∕自用 小客車∕,全聯結車自用∕小客車自用∕,60∕33∕,,05***L代號356∕WY****9代號357∕,,,,,,,,,本國∕本國∕
10105,10105Y00020006,YZA1,10105YZ000007,2012,5,2,14,45,金門縣,金城鎮,東門里,NA,伯玉路,一,80,NA,1,,,,,路口,NA,NA,NA,NA,NA,NA,NA,NA,NA,0,1,0,晴,日間自然光線,縣道,60,四岔路,交岔路口內,柏油,乾燥,無缺陷,無障礙物,良好,行車管制號誌,正常,無分向設施,未繪設車道線,快慢車道分隔線,有,側撞,右轉彎未依規定,Y000,YZ00,1,2,2012/5/2,伯玉路一段80巷1號,,金門縣金城鎮東門里路口,118.3267756,24.4346914,自用 小客車∕普通重型 機車∕,小客車自用∕機車普通重型∕,44∕28∕,未受傷∕受傷∕,6F****2代號358∕J8****0代號359∕,其他∕其他∕,有適當之駕照∕無照（已達考照年齡）∕,經檢測無酒精反應∕經檢測無酒精反應∕,汽車右前車頭（身）∕機車左側車身∕,右轉彎未依規定∕尚未發現肇事因素∕,右轉彎未依規定∕右轉彎未依規定∕,技術員及助理人員∕保安工作者（不含警察人員）∕,社交活動∕社交活動∕,本國∕本國∕
10105,10105Y00010001,YZA1,10105YZ000008,2012,5,4,15,24,金門縣,金寧鄉,,NA,桃園路,,,NA,,,,,,05884號燈桿前路段,NA,NA,NA,NA,NA,NA,NA,NA,NA,1,0,0,陰,日間自然光線,縣道,60,坡路,一般車道（未劃分快慢車道）,柏油,乾燥,無缺陷,無障礙物,良好,無號誌,無號誌,附標記,車道線（無標記）,未繪設快慢車道分隔線,有,同向擦撞,未保持行車安全間隔,Y000,YZ00,1,1,2012/5/4,桃園路,,金門縣金寧鄉05884號燈桿前路段,118.3446627,24.4317794,自用 小貨車(含客、貨兩用)∕自用 小客車∕腳踏自行車 慢車,小貨車自用∕小客車自用∕腳踏自行車,28∕21∕75,未受傷∕未受傷∕24小時內死亡,08****X代號360∕40****7代號361∕,其他∕其他∕其他,有適當之駕照∕有適當之駕照∕非汽（機）車駕駛人,經檢測無酒精反應∕經檢測無酒精反應∕非駕駛人，未檢測,汽車右前車頭（身）∕汽車右前車頭（身）∕非汽（機）車,未保持行車安全間隔∕違反特定標誌（線）禁制∕尚未發現肇事因素,未保持行車安全間隔∕未保持行車安全間隔∕未保持行車安全間隔,服務工作者∕其他∕無業者,其他∕其他∕其他,本國∕本國∕非本國
10105,10105Y00020007,YZA1,10105YZ000009,2012,5,5,22,25,金門縣,金寧鄉,,NA,環島北路,二,,NA,,,林堡路,,,頂堡路口,NA,NA,NA,NA,NA,NA,NA,NA,NA,0,1,0,晴,夜間（或隧道、地下道、涵洞）有照明,村里道路,60,三岔路,交岔路口內,柏油,乾燥,無缺陷,無障礙物,良好,無號誌,無號誌,無分向設施,未繪設車道線,未繪設快慢車道分隔線,有,側撞,未依規定讓車,Y000,YZ00,1,2,2012/5/5,環島北路二段,林堡路,,118.3444116,24.4493316,自用 小客車∕普通重型 機車∕,小客車自用∕機車普通重型∕,22∕20∕,未受傷∕受傷∕,6F****9代號362∕18****F代號363∕,其他∕其他∕,有適當之駕照∕有適當之駕照∕,經檢測無酒精反應∕經檢測無酒精反應∕,汽車左前車頭（身）∕機車前車頭∕,未依規定讓車∕未依規定減速∕,未依規定讓車∕未依規定讓車∕,其他∕其他∕,其他∕其他∕,本國∕本國∕
10105,10105Y00020019,YZA1,10105YZ000010,2012,5,6,1,56,金門縣,金寧鄉,,NA,林堡路,,,NA,,,,,,00486號路燈桿附近,NA,NA,NA,NA,NA,NA,NA,NA,NA,0,1,0,晴,夜間（或隧道、地下道、涵洞）有照明,村里道路,60,直路,一般車道（未劃分快慢車道）,柏油,乾燥,無缺陷,無障礙物,良好,無號誌,無號誌,附標記,未繪設車道線,未繪設快慢車道分隔線,無,路上翻車、摔倒,酒醉（後）駕駛失控,Y000,YZ00,1,2,2012/5/6,林堡路,,金門縣金寧鄉00486號路燈桿附近,118.3345146,24.4434579,普通重型 機車∕ ∕,機車普通重型,26∕0∕,受傷,31****D代號364,其他,無照（已達考照年齡）,無法檢測,機車左側車身,酒醉（後）駕駛失控∕尚未發現肇事因素∕,酒醉（後）駕駛失控∕酒醉（後）駕駛失控∕,其他,購物,本國∕本國∕
10105,10105Y00020008,YZA1,10105YZ000011,2012,5,6,10,55,金門縣,金寧鄉,,NA,慈湖路,一,,NA,,,,,,路燈桿03398號前路段,NA,NA,NA,NA,NA,NA,NA,NA,NA,0,2,0,晴,日間自然光線,村里道路,60,直路,一般車道（未劃分快慢車道）,柏油,乾燥,無缺陷,無障礙物,良好,無號誌,無號誌,無標記,未繪設車道線,未繪設快慢車道分隔線,有,同向擦撞,起步未注意其他車（人）安全,Y000,YZ00,1,2,2012/5/6,慈湖路一段,,金門縣金寧鄉路燈桿03398號前路段,118.3117387,24.4416084,自用 小客車∕普通重型 機車∕,小客車自用∕機車普通重型∕,21∕32∕,受傷∕受傷∕,WY****1代號365∕93****E代號366∕,其他∕其他∕,有適當之駕照∕有適當之駕照∕,經檢測無酒精反應∕經檢測無酒精反應∕,汽車左側車身∕機車前車頭∕,起步未注意其他車（人）安全∕尚未發現肇事因素∕,起步未注意其他車（人）安全∕起步未注意其他車（人）安全∕,不明∕不明∕,不明∕不明∕,本國∕本國∕
10105,10105Y00020009,YZA1,10105YZ000012,2012,5,7,18,10,金門縣,金城鎮,,NA,民生路,,,NA,38,,,,,路段,NA,NA,NA,NA,NA,NA,NA,NA,NA,0,1,0,陰,晨或暮光,村里道路,40,三岔路,交岔路口內,柏油,乾燥,無缺陷,無障礙物,良好,無號誌,無號誌,無分向設施,未繪設車道線,未繪設快慢車道分隔線,有,追撞,未保持行車安全距離,Y000,YZ00,1,2,2012/5/7,民生路38號,,金門縣金城鎮路段,118.3190184,24.43575,普通重型 機車∕自用 小客車∕,機車普通重型∕小客車自用∕,33∕42∕,受傷∕未受傷∕,55****E代號367∕R9****8代號368∕,其他∕其他∕,有適當之駕照∕有適當之駕照∕,經檢測無酒精反應∕經檢測無酒精反應∕,機車前車頭∕汽車後車尾∕,未保持行車安全距離∕其他引起事故之違規或不當行為∕,未保持行車安全距離∕未保持行車安全距離∕,其他∕其他∕,其他∕其他∕,本國∕本國∕
10105,,YZA1,10105YZ000013,2012,5,8,12,0,金門縣,金寧鄉,,NA,伯玉路,二,,NA,223之2,,,,,,NA,NA,NA,NA,NA,NA,NA,NA,NA,0,0,0,晴,NA,NA,40,NA,NA,NA,NA,NA,NA,NA,NA,NA,NA,NA,NA,NA,NA,NA,Y000,YZ00,1,4,2012/5/8,伯玉路二段223-2號,,金門縣金寧鄉,118.3416148,24.4414563,遊覽車 大客車∕自用 小客車∕,遊覽車∕小客車自用∕,63∕26∕,,11***L代號369∕14****S代號370∕,,,,,,,,,本國∕本國∕
10105,10105Y00020020,YZA1,10105YZ000014,2012,5,8,12,40,金門縣,金城鎮,,NA,環島西路,一,,NA,,,北堤路,,,,NA,NA,NA,NA,NA,NA,NA,NA,NA,0,1,0,晴,日間自然光線,村里道路,50,四岔路,交岔路口內,柏油,乾燥,無缺陷,無障礙物,良好,行車管制號誌,正常,無分向設施,未繪設車道線,未繪設快慢車道分隔線,有,同向擦撞,未保持行車安全間隔,Y000,YZ00,1,2,2012/5/8,環島西路一段,北堤路,,118.3213944,24.42983234,自用 小客車∕普通重型 機車∕,小客車自用∕機車普通重型∕,73∕55∕,未受傷∕受傷∕,6F****8代號371∕PZ****0代號372∕,其他∕其他∕,有適當之駕照∕有適當之駕照∕,經檢測無酒精反應∕經檢測無酒精反應∕,汽車右側車身∕機車左側車身∕,未保持行車安全間隔∕尚未發現肇事因素∕,未保持行車安全間隔∕未保持行車安全間隔∕,不明∕家庭主婦（夫）∕,其他∕其他∕,本國∕本國∕
10105,10105Y00020011,YZA1,10105YZ000017,2012,5,9,10,25,金門縣,金寧鄉,,NA,桃園路,,,NA,,,,,,金酒公司前路段,NA,NA,NA,NA,NA,NA,NA,NA,NA,0,1,0,晴,日間自然光線,村里道路,60,三岔路,交岔口附近,柏油,乾燥,無缺陷,無障礙物,良好,無號誌,無號誌,附標記,車道線（無標記）,未繪設快慢車道分隔線,有,追撞,超速失控,Y000,YZ00,1,2,2012/5/9,桃園路,,金門縣金寧鄉金酒公司前路段,118.3446627,24.4317794,租賃車 小客車∕自用 大貨車∕,小客車租貸車∕大貨車自用∕,22∕43∕,受傷∕未受傷∕,39****6代號373∕08***J代號374∕,其他∕其他∕,有適當之駕照∕有適當之駕照∕,經檢測無酒精反應∕經檢測無酒精反應∕,汽車前車頭∕汽車後車尾∕,超速失控∕尚未發現肇事因素∕,超速失控∕超速失控∕,其他∕其他∕,業務聯繫∕業務聯繫∕,本國∕本國∕
10105,10105Y00020021,YZA1,10105YZ000018,2012,5,9,14,55,金門縣,金寧鄉,,NA,伯玉路,二,,NA,226之1,,,,,,NA,NA,NA,NA,NA,NA,NA,NA,NA,0,2,0,晴,日間自然光線,村里道路,70,直路,一般車道（未劃分快慢車道）,柏油,乾燥,無缺陷,無障礙物,良好,無號誌,無號誌,無標記,未繪設車道線,快慢車道分隔線,有,側撞,右轉彎未依規定,Y000,YZ00,1,2,2012/5/9,伯玉路二段226-1號,,金門縣金寧鄉,118.3416148,24.4414563,自用 小貨車(含客、貨兩用)∕普通重型 機車∕乘客 人,小貨車自用∕機車普通重型∕乘客,31∕19∕19,未受傷∕受傷∕受傷,2C****0代號375∕H9****0代號376∕H9****0代號376,其他∕其他∕其他,有適當之駕照∕有適當之駕照∕非汽（機）車駕駛人,經檢測無酒精反應∕經檢測無酒精反應∕非駕駛人，未檢測,汽車右側車身∕機車前車頭∕非汽（機）車,右轉彎未依規定∕未注意車前狀態∕尚未發現肇事因素,右轉彎未依規定∕右轉彎未依規定∕右轉彎未依規定,不明∕大學（研究）生∕大學（研究）生,其他∕不明∕不明,本國∕本國∕本國
10105,10105Y00020013,YZA1,10105YZ000019,2012,5,9,21,48,金門縣,金城鎮,,NA,珠浦西路,,94,NA,11月1日,,,,,,NA,NA,NA,NA,NA,NA,NA,NA,NA,0,1,0,晴,夜間（或隧道、地下道、涵洞）有照明,村里道路,30,四岔路,交岔路口內,其他鋪裝,乾燥,無缺陷,無障礙物,良好,無號誌,無號誌,無分向設施,未繪設車道線,未繪設快慢車道分隔線,有,路口交岔撞,未依規定讓車,Y000,YZ00,1,2,2012/5/9,珠浦西路94巷11-1號,,金門縣金城鎮,118.3147803,24.4384226,普通重型 機車∕普通重型 機車∕,機車普通重型∕機車普通重型∕,24∕58∕,未受傷∕受傷∕,58****U代號377∕93****D代號378∕,其他∕其他∕,有適當之駕照∕有適當之駕照∕,經檢測無酒精反應∕經檢測無酒精反應∕,機車右側車身∕機車前車頭∕,未依規定讓車∕未依規定減速∕,未依規定讓車∕未依規定讓車∕,其他∕家庭主婦（夫）∕,其他∕其他∕,本國∕本國∕
10105,10105Y00030001,YZA1,10105YZ000020,2012,5,10,15,17,金門縣,金寧鄉,,NA,環島北路,二,,NA,,,,,,07143號燈桿前,NA,NA,NA,NA,NA,NA,NA,NA,NA,0,0,0,雨,日間自然光線,村里道路,60,三岔路,交岔口附近,柏油,濕潤,無缺陷,無障礙物,良好,無號誌,無號誌,附標記,未繪設車道線,未繪設快慢車道分隔線,有,側撞,未依規定讓車,Y000,YZ00,1,3,2012/5/10,環島北路二段,,金門縣金寧鄉07143號燈桿前,118.3537405,24.452631,自用 小客車∕自用 小貨車(含客、貨兩用)∕,小客車自用∕小貨車自用∕,63∕31∕,未受傷∕未受傷∕,C3****6代號379∕09****V代號380∕,其他∕其他∕,有適當之駕照∕有適當之駕照∕,經檢測無酒精反應∕經檢測無酒精反應∕,汽車右前車頭（身）∕汽車左側車身∕,未依規定讓車∕尚未發現肇事因素∕,未依規定讓車∕未依規定讓車∕,不明∕不明∕,不明∕不明∕,本國∕本國∕
10105,10105Y00020014,YZA1,10105YZ000021,2012,5,10,22,11,金門縣,金城鎮,,NA,民生路,,,NA,4月15日,,,,,,NA,NA,NA,NA,NA,NA,NA,NA,NA,0,1,0,雨,夜間（或隧道、地下道、涵洞）有照明,鄉道,40,直路,一般車道（未劃分快慢車道）,柏油,濕潤,無缺陷,無障礙物,良好,無號誌,無號誌,無標記,未繪設車道線,未繪設快慢車道分隔線,有,對向通行中,未注意車前狀態,Y000,YZ00,1,2,2012/5/10,民生路15-4號,,金門縣金城鎮,118.3190184,24.43575,普通重型 機車∕行人 人∕,機車普通重型∕行人∕,22∕39∕,未受傷∕受傷∕,28****F代號381,其他∕非駕駛人及乘客∕,有適當之駕照∕非汽（機）車駕駛人∕,經檢測無酒精反應∕經檢測無酒精反應∕,機車前車頭∕非汽（機）車∕,未注意車前狀態∕尚未發現肇事因素∕,未注意車前狀態∕未注意車前狀態∕,大學（研究）生∕其他∕,上、下班∕其他∕,本國∕本國∕
10105,,YZA1,10105YZ000022,2012,5,11,0,45,金門縣,金城鎮,,NA,伯玉路,一,,NA,,,,,,東門圓環,NA,NA,NA,NA,NA,NA,NA,NA,NA,0,0,0,晴,NA,NA,40,NA,NA,NA,NA,NA,NA,NA,NA,NA,NA,NA,NA,NA,NA,NA,Y000,YZ00,1,4,2012/5/11,伯玉路一段,,金門縣金城鎮東門圓環,118.3267756,24.4346914,自用 小客車∕自用 小客車∕,小客車自用∕小客車自用∕,32∕29∕,,6F****2代號382∕6F****8代號383∕,,,,,,,,,本國∕本國∕
10105,10105Y00020015,YZA1,10105YZ000023,2012,5,12,15,0,金門縣,金城鎮,,NA,環島西路,二,,NA,,,,,,青年活動中心前,NA,NA,NA,NA,NA,NA,NA,NA,NA,0,1,0,晴,日間自然光線,村里道路,50,三岔路,交岔路口內,柏油,乾燥,無缺陷,無障礙物,良好,無號誌,無號誌,無分向設施,未繪設車道線,未繪設快慢車道分隔線,有,側撞,違規超車,Y000,YZ00,1,2,2012/5/12,環島西路二段,,金門縣金城鎮青年活動中心前,118.3148723,24.4566699,普通重型 機車∕計程車 小客車∕,機車普通重型∕小客車計程車∕,19∕54∕,受傷∕未受傷∕,31****K代號384∕07***5代號385∕,其他∕其他∕,有適當之駕照∕有適當之駕照∕,經檢測無酒精反應∕經檢測無酒精反應∕,機車前車頭∕汽車右側車身∕,違規超車∕尚未發現肇事因素∕,違規超車∕違規超車∕,大學（研究）生∕其他∕,其他∕其他∕,本國∕本國∕
10105,10105Y00020016,YZA1,10105YZ000024,2012,5,14,8,8,金門縣,金寧鄉,,NA,伯玉路,二,,NA,,,,,,金民加油站前,NA,NA,NA,NA,NA,NA,NA,NA,NA,0,2,0,晴,日間自然光線,村里道路,70,直路,慢車道,柏油,乾燥,無缺陷,無障礙物,良好,無號誌,無號誌,無標記,未繪設車道線,快慢車道分隔線,有,追撞,未保持行車安全距離,Y000,YZ00,1,2,2012/5/14,伯玉路二段,,金門縣金寧鄉金民加油站前,118.3416148,24.4414563,普通重型 機車∕普通重型 機車∕,機車普通重型∕機車普通重型∕,27∕19∕,受傷∕受傷∕,01****Z代號386∕98****C代號387∕,其他∕其他∕,有適當之駕照∕有適當之駕照∕,經檢測無酒精反應∕經檢測無酒精反應∕,機車前車頭∕機車後車尾∕,未保持行車安全距離∕尚未發現肇事因素∕,未保持行車安全距離∕未保持行車安全距離∕,無業者∕高中生∕,上、下班∕上、下學∕,本國∕本國∕
10105,10105Y00020017,YZA1,10105YZ000025,2012,5,19,0,52,金門縣,金城鎮,,NA,金山路,,,NA,,,,,,金門縣議會前路段,NA,NA,NA,NA,NA,NA,NA,NA,NA,0,1,0,雨,夜間（或隧道、地下道、涵洞）有照明,村里道路,50,彎曲路及附近,一般車道（未劃分快慢車道）,柏油,濕潤,無缺陷,無障礙物,良好,無號誌,無號誌,無標記,未繪設車道線,未繪設快慢車道分隔線,有,路上翻車、摔倒,未依規定減速,Y000,YZ00,1,2,2012/5/19,金山路,,金門縣金城鎮金門縣議會前路段,118.3277754,24.4167689,普通輕型 機車∕ ∕,機車普通輕型,22∕0∕,受傷,WZ****9代號388,其他,有適當之駕照,經檢測無酒精反應,機車右側車身,未依規定減速∕動物竄出∕,未依規定減速∕未依規定減速∕,大學（研究）生,其他,本國∕本國∕
10105,10105Y00020018,YZA1,10105YZ000026,2012,5,19,16,12,金門縣,金城鎮,,NA,民權路,,70,8,,,,,,前路口,NA,NA,NA,NA,NA,NA,NA,NA,NA,0,1,0,雨,日間自然光線,村里道路,40,三岔路,交岔路口內,柏油,濕潤,無缺陷,無障礙物,彎道,無號誌,無號誌,無分向設施,未繪設車道線,未繪設快慢車道分隔線,無,同向擦撞,未注意車前狀態,Y000,YZ00,1,2,2012/5/19,民權路70巷8弄,,金門縣金城鎮前路口,118.3123941,24.4339416,自用 小客車∕普通重型 機車∕ ,小客車自用∕機車普通重型∕,37∕19∕0,未受傷∕受傷∕,6F****2代號389∕30****V代號390∕,其他∕其他∕,有適當之駕照∕有適當之駕照∕,經檢測無酒精反應∕經檢測無酒精反應∕,汽車右前車頭（身）∕機車右側車身∕,未注意車前狀態∕未注意車前狀態∕尚未發現肇事因素,未注意車前狀態∕未注意車前狀態∕未注意車前狀態,其他∕服務工作者∕,其他∕其他∕,本國∕本國∕本國
10105,10105Y00030002,YZA1,10105YZ000027,2012,5,21,16,58,金門縣,金城鎮,,NA,民權路,,,NA,182,,,,,中華電信前停車格,NA,NA,NA,NA,NA,NA,NA,NA,NA,0,0,0,晴,日間自然光線,縣道,40,其他,其他,其他鋪裝,乾燥,無缺陷,無障礙物,良好,無號誌,無號誌,無分向設施,未繪設車道線,未繪設快慢車道分隔線,無,倒車撞,倒車未依規定,Y000,YZ00,1,3,2012/5/21,民權路182號,,金門縣金城鎮中華電信前停車格,118.3192898,24.4381016,自用 小客車∕自用 小客車∕,小客車自用∕小客車自用∕,53∕32∕,未受傷∕未受傷∕,WY****6代號391∕08****2代號392∕,其他∕其他∕,有適當之駕照∕有適當之駕照∕,經檢測無酒精反應∕經檢測無酒精反應∕,汽車左後車尾（身）∕汽車右後車尾（身）∕,倒車未依規定∕未注意車前狀態∕,倒車未依規定∕倒車未依規定∕,不明∕不明∕,不明∕不明∕,本國∕本國∕
10105,10105Y00020023,YZA1,10105YZ000028,2012,5,21,19,15,金門縣,金城鎮,北門里,NA,,,,NA,,,,,,中環路13035號路燈桿,NA,NA,NA,NA,NA,NA,NA,NA,NA,0,1,0,晴,夜間（或隧道、地下道、涵洞）有照明,村里道路,40,彎曲路及附近,一般車道（未劃分快慢車道）,柏油,乾燥,無缺陷,無障礙物,彎道,無號誌,無號誌,無分向設施,未繪設車道線,未繪設快慢車道分隔線,無,對向擦撞,未保持行車安全間隔,Y000,YZ00,1,2,2012/5/21,金門縣金城鎮北門里中環路13035號路燈桿,,金門縣金城鎮北門里中環路13035號路燈桿,118.324816,24.440719,自用 小貨車(含客、貨兩用)∕普通重型 機車∕乘客 人,小貨車自用∕機車普通重型∕乘客,69∕66∕69,未受傷∕未受傷∕受傷,6F****2代號393∕58****E代號394∕58****E代號394,其他∕其他∕其他,有適當之駕照∕越級駕駛∕非汽（機）車駕駛人,經檢測無酒精反應∕經檢測無酒精反應∕非駕駛人，未檢測,汽車左前車頭（身）∕機車左側車身∕非汽（機）車,未保持行車安全間隔∕未保持行車安全間隔∕尚未發現肇事因素,未保持行車安全間隔∕未保持行車安全間隔∕未保持行車安全間隔,無業者∕無業者∕無業者,社交活動∕社交活動∕社交活動,本國∕本國∕本國
10105,10105Y00020024,YZA1,10105YZ000029,2012,5,22,20,55,金門縣,金城鎮,東門里,NA,環島西路,一,,NA,,,,,,03795號路燈桿,NA,NA,NA,NA,NA,NA,NA,NA,NA,0,1,0,晴,夜間（或隧道、地下道、涵洞）有照明,村里道路,40,直路,一般車道（未劃分快慢車道）,柏油,乾燥,無缺陷,無障礙物,良好,無號誌,無號誌,附標記,未繪設車道線,未繪設快慢車道分隔線,有,追撞,未注意車前狀態,Y000,YZ00,1,2,2012/5/22,環島西路一段,,金門縣金城鎮東門里03795號路燈桿,118.3184801,24.4172073,普通重型 機車∕自用 小貨車(含客、貨兩用)∕,機車普通重型∕小貨車自用∕,19∕32∕,受傷∕未受傷∕,IC****3代號395∕WY****0代號396∕,其他∕其他∕,有適當之駕照∕有適當之駕照∕,經檢測無酒精反應∕經檢測無酒精反應∕,機車前車頭∕汽車後車尾∕,未注意車前狀態∕違規停車或暫停不當而肇事∕,未注意車前狀態∕未注意車前狀態∕,大學（研究）生∕技術員及助理人員∕,社交活動∕社交活動∕,本國∕本國∕
10105,10105Y00020026,YZA1,10105YZ000032,2012,5,26,20,50,金門縣,金城鎮,,NA,西海路,三,,NA,,,,,,石雕公園旁路口,NA,NA,NA,NA,NA,NA,NA,NA,NA,0,2,0,陰,夜間（或隧道、地下道、涵洞）有照明,村里道路,50,三岔路,交岔路口內,柏油,乾燥,無缺陷,無障礙物,良好,閃光號誌,正常,無分向設施,未繪設車道線,未繪設快慢車道分隔線,有,側撞,未依規定讓車,Y000,YZ00,1,2,2012/5/26,西海路三段,,金門縣金城鎮石雕公園旁路口,118.3124964,24.4226194,自用 小貨車(含客、貨兩用)∕普通重型 機車∕腳踏自行車 慢車,小貨車自用∕機車普通重型∕腳踏自行車,26∕18∕36,未受傷∕受傷∕受傷,6F****0代號397∕17****E代號398∕,其他∕其他∕其他,有適當之駕照∕有適當之駕照∕非汽（機）車駕駛人,經檢測無酒精反應∕經檢測無酒精反應∕非駕駛人，未檢測,汽車左前車頭（身）∕機車左側車身∕非汽（機）車,未依規定讓車∕未依規定減速∕尚未發現肇事因素,未依規定讓車∕未依規定讓車∕未依規定讓車,其他∕高中生∕其他,其他∕其他∕其他,本國∕本國∕本國