年月,總編號,處理單位,處理編號,年,月,日,時,分,縣市,區,村里,鄰,街道,段,巷,弄,號,公尺處,街道.1,段.1,側,附近,道路,公里,公尺處.1,向,車道,平交道,公里.1,公尺處.2,附近.1,死,受傷,X2.30,天候,光線,道路類別,速限,道路型態,事故位置,路面鋪裝,路面狀態,路面缺陷,障礙物,視距,號誌種類,號誌動作,分向設施,快車道或一般車道間,快慢車道間,路面邊線,事故類型及型態,主要肇因,警局,分局,案件類別,事故類別,日期,道路1,道路2,概略位置,lon,lat,車種,當事者區分.類別.,年齡,受傷程度,車輛牌照號碼,車輛用途,駕駛資格情形,飲酒情形,車輛撞擊部位最初,肇事因素個別,肇事因素主要,職.業,旅次目的,國籍
10105,10105Y00020027,YZA1,10105YZ000033,2012,5,27,19,48,金門縣,金城鎮,,NA,民生路,,,NA,,,,,,民權路口,NA,NA,NA,NA,NA,NA,NA,NA,NA,0,2,0,雨,夜間（或隧道、地下道、涵洞）有照明,村里道路,40,四岔路,交岔路口內,柏油,濕潤,無缺陷,無障礙物,良好,行車管制號誌（附設行人專用號誌）,正常,無分向設施,未繪設車道線,未繪設快慢車道分隔線,有,穿越道路中,搶越行人穿越道,Y000,YZ00,1,2,2012/5/27,民生路,,金門縣金城鎮民權路口,118.3190184,24.43575,自用 小客車∕行人 人∕行人 人,小客車自用∕行人∕行人,28∕22∕23,未受傷∕受傷∕受傷,15****V代號399,其他∕非駕駛人及乘客∕非駕駛人及乘客,有適當之駕照∕非汽（機）車駕駛人∕非汽（機）車駕駛人,經檢測無酒精反應∕非駕駛人，未檢測∕非駕駛人，未檢測,汽車左前車頭（身）∕非汽（機）車∕非汽（機）車,搶越行人穿越道∕尚未發現肇事因素∕尚未發現肇事因素,搶越行人穿越道∕搶越行人穿越道∕搶越行人穿越道,其他∕大學（研究）生∕大學（研究）生,其他∕其他∕其他,本國∕本國∕本國
10105,10105Y00020028,YZA1,10105YZ000034,2012,5,28,11,20,金門縣,金寧鄉,,NA,桃園路,,,NA,,,,,,東洲路口,NA,NA,NA,NA,NA,NA,NA,NA,NA,0,1,0,晴,日間自然光線,村里道路,50,四岔路,交岔口附近,柏油,乾燥,突出（高低）不平,道路工事（程）中,良好,行車管制號誌,正常,無標記,未繪設車道線,未繪設快慢車道分隔線,有,同向擦撞,未保持行車安全間隔,Y000,YZ00,1,2,2012/5/28,桃園路,,金門縣金寧鄉東洲路口,118.3446627,24.4317794,自用 小貨車(含客、貨兩用)∕普通重型 機車∕,小貨車自用∕機車普通重型∕,28∕49∕,未受傷∕受傷∕,6F****2代號400∕57****B代號401∕,其他∕其他∕,有適當之駕照∕越級駕駛∕,經檢測無酒精反應∕經檢測無酒精反應∕,汽車右後車尾（身）∕機車前車頭∕,未保持行車安全間隔∕尚未發現肇事因素∕,未保持行車安全間隔∕未保持行車安全間隔∕,其他∕其他∕,業務聯繫∕上、下班∕,本國∕本國∕
10105,10105Y00020022,YZA1,10105YZ000035,2012,5,12,14,45,金門縣,金城鎮,,NA,環島西路,三,,NA,,,,,,統一超商前路段,NA,NA,NA,NA,NA,NA,NA,NA,NA,0,1,0,晴,日間自然光線,村里道路,50,直路,一般車道（未劃分快慢車道）,柏油,乾燥,無缺陷,無障礙物,良好,無號誌,無號誌,附標記,未繪設車道線,未繪設快慢車道分隔線,有,倒車撞,倒車未依規定,Y000,YZ00,1,2,2012/5/12,環島西路三段,,金門縣金城鎮統一超商前路段,118.3148723,24.4566699,自用 小客車∕普通重型 機車∕,小客車自用∕機車普通重型∕,51∕57∕,未受傷∕受傷∕,39****6代號402∕97****E代號403∕,其他∕其他∕,有適當之駕照∕有適當之駕照∕,經檢測無酒精反應∕經檢測無酒精反應∕,汽車後車尾∕機車右側車身∕,倒車未依規定∕尚未發現肇事因素∕,倒車未依規定∕倒車未依規定∕,不明∕不明∕,其他∕其他∕,本國∕本國∕
10105,10105Y00020031,YZA1,10105YZ000037,2012,5,29,11,30,金門縣,金城鎮,,NA,環島西路,一,,NA,,,北堤路,,,,NA,NA,NA,NA,NA,NA,NA,NA,NA,0,1,0,晴,日間自然光線,村里道路,40,四岔路,交岔路口內,柏油,乾燥,無缺陷,無障礙物,良好,行車管制號誌,正常,無標記,未繪設車道線,未繪設快慢車道分隔線,有,其他,未注意車前狀態,Y000,YZ00,1,2,2012/5/29,環島西路一段,北堤路,,118.3213944,24.42983234,自用 小客車∕普通重型 機車∕,小客車自用∕機車普通重型∕,34∕38∕,未受傷∕受傷∕,H8****0代號404∕73****K代號405∕,其他∕其他∕,有適當之駕照∕有適當之駕照∕,經檢測無酒精反應∕經檢測無酒精反應∕,汽車右側車身∕機車左側車身∕,未注意車前狀態∕尚未發現肇事因素∕,未注意車前狀態∕未注意車前狀態∕,其他∕不明∕,其他∕不明∕,本國∕本國∕
10105,,YZA1,10105YZ000039,2012,5,13,11,15,金門縣,金寧鄉,,NA,環島北路,二,,NA,,,,,,后沙路段,NA,NA,NA,NA,NA,NA,NA,NA,NA,0,0,0,NA,NA,NA,0,NA,NA,NA,NA,NA,NA,NA,NA,NA,NA,NA,NA,NA,NA,NA,Y000,YZ00,1,4,2012/5/13,環島北路二段,,金門縣金寧鄉后沙路段,118.3537405,24.452631,自用 小客車∕自用 小客車∕,小客車自用∕小客車自用∕,32∕54∕,,A9****7代號406∕C6****9代號407∕,,,,,,,,,本國∕本國∕
10105,10105Y00020034,YZA1,10105YZ000042,2012,5,31,6,50,金門縣,金城鎮,,NA,西海路,三,,NA,74,,,,,路口,NA,NA,NA,NA,NA,NA,NA,NA,NA,0,1,0,陰,日間自然光線,村里道路,50,三岔路,交岔路口內,柏油,乾燥,無缺陷,無障礙物,良好,無號誌,無號誌,無分向設施,未繪設車道線,未繪設快慢車道分隔線,有,側撞,未依規定讓車,Y000,YZ00,1,2,2012/5/31,西海路三段74號,,金門縣金城鎮路口,118.3124964,24.4226194,自用 小客車∕普通重型 機車∕,小客車自用∕機車普通重型∕,74∕50∕,未受傷∕受傷∕,WY****6代號408∕79****E代號409∕,其他∕其他∕,有適當之駕照∕有適當之駕照∕,經檢測無酒精反應∕經檢測無酒精反應∕,不明∕不明∕,未依規定讓車∕未依規定減速∕,未依規定讓車∕未依規定讓車∕,無業者∕其他∕,其他∕其他∕,本國∕本國∕
10105,,YZA1,10105YZ000047,2012,5,28,20,37,金門縣,金城鎮,,NA,中興路,,139,NA,11,,,,,,NA,NA,NA,NA,NA,NA,NA,NA,NA,0,0,0,陰,夜間（或隧道、地下道、涵洞）有照明,村里道路,40,巷弄,其他,其他鋪裝,乾燥,無缺陷,無障礙物,良好,無號誌,無號誌,無分向設施,未繪設車道線,未繪設快慢車道分隔線,有,撞橋樑、建築物,倒車未依規定,Y000,YZ00,3,3,2012/5/28,中興路139巷11號,,金門縣金城鎮,118.3164312,24.4323161,自用 小客車∕ ∕,小客車自用,59∕0∕,未受傷,01****2代號410,其他,無照（已達考照年齡）,不明,汽車後車尾,倒車未依規定∕尚未發現肇事因素∕,倒車未依規定∕倒車未依規定∕,服務工作者,其他,本國∕本國∕
10106,10106Y00020001,YYA1,10106YY000001,2012,6,1,7,15,金門縣,金湖鎮,,NA,環島北路,三,,NA,,,瓊義路,,南,,NA,NA,NA,NA,NA,NA,NA,NA,NA,0,1,0,晴,日間自然光線,村里道路,60,圓環,一般車道（未劃分快慢車道）,柏油,乾燥,無缺陷,無障礙物,良好,閃光號誌,正常,無分向設施,車道線（無標記）,未繪設快慢車道分隔線,有,其他,未依規定讓車,Y000,YY00,1,2,2012/6/1,環島北路三段,瓊義路,,118.3705119,24.45582976,自用 小客車∕普通重型 機車∕,小客車自用∕機車普通重型∕,30∕24∕,未受傷∕受傷∕,6F****2代號411∕PZ****0代號412∕,其他∕其他∕,有適當之駕照∕有適當之駕照∕,經檢測無酒精反應∕經檢測無酒精反應∕,汽車左側車身∕機車前車頭∕,未依規定讓車∕未依規定減速∕,未依規定讓車∕未依規定讓車∕,專業人員∕專業人員∕,上、下班∕上、下班∕,本國∕本國∕
10106,10106Y00020002,YYA1,10106YY000002,2012,6,1,8,13,金門縣,金湖鎮,,NA,環島東路,三,,NA,,,,,,林務所前,NA,NA,NA,NA,NA,NA,NA,NA,NA,0,1,0,晴,日間自然光線,村里道路,60,三岔路,交岔路口內,柏油,乾燥,無缺陷,無障礙物,良好,無號誌,無號誌,無分向設施,未繪設車道線,未繪設快慢車道分隔線,有,側撞,未依規定讓車,Y000,YY00,1,2,2012/6/1,環島東路三段,,金門縣金湖鎮林務所前,118.4412269,24.4597558,普通重型 機車∕小型車 軍車∕,機車普通重型∕軍車小型車∕,59∕24∕,受傷∕未受傷∕,31****G代號413∕軍C*****9代號414∕,殘障特製車∕其他∕,有適當之駕照∕有適當之駕照∕,經檢測無酒精反應∕經檢測無酒精反應∕,機車前車頭∕汽車左後車尾（身）∕,未依規定讓車∕尚未發現肇事因素∕,未依規定讓車∕未依規定讓車∕,無業者∕保安工作者（不含警察人員）∕,社交活動∕業務聯繫∕,本國∕本國∕
10106,10106Y00020003,YYA1,10106YY000003,2012,6,1,11,20,金門縣,金沙鎮,西園里,NA,沙青路,,,NA,,,,,,浯坑路口,NA,NA,NA,NA,NA,NA,NA,NA,NA,0,1,0,晴,日間自然光線,村里道路,60,三岔路,交岔口附近,柏油,乾燥,無缺陷,無障礙物,良好,無號誌,無號誌,無標記,未繪設車道線,未繪設快慢車道分隔線,有,追撞,未保持行車安全距離,Y000,YY00,1,2,2012/6/1,沙青路,,金門縣金沙鎮西園里浯坑路口,118.4130838,24.5066188,普通重型 機車∕普通重型 機車∕,機車普通重型∕機車普通重型∕,30∕68∕,未受傷∕受傷∕,91****T代號415∕PZ****2代號416∕,其他∕其他∕,無照（已達考照年齡）∕有適當之駕照∕,無法檢測∕經檢測無酒精反應∕,機車右側車身∕機車左側車身∕,未保持行車安全距離∕尚未發現肇事因素∕,未保持行車安全距離∕未保持行車安全距離∕,家庭主婦（夫）∕無業者∕,其他∕其他∕,本國∕本國∕
10106,10106Y00030001,YYA1,10106YY000005,2012,6,2,8,10,金門縣,金湖鎮,山外里,NA,新生街,,,NA,,,,,,34號前,NA,NA,NA,NA,NA,NA,NA,NA,NA,0,0,0,晴,日間自然光線,村里道路,40,巷弄,一般車道（未劃分快慢車道）,柏油,乾燥,無缺陷,無障礙物,彎道,無號誌,無號誌,無分向設施,未繪設車道線,未繪設快慢車道分隔線,無,同向擦撞,未注意車前狀態,Y000,YY00,1,3,2012/6/2,新生街,,金門縣金湖鎮山外里34號前,118.4258311,24.4517164,自用 小貨車(含客、貨兩用)∕自用 小貨車(含客、貨兩用)∕,小貨車自用∕小貨車自用∕,42∕23∕,未受傷∕未受傷∕,WY****0代號417∕01****7代號418∕,其他∕其他∕,有適當之駕照∕有適當之駕照∕,經檢測無酒精反應∕經觀察未飲酒∕,汽車右後車尾（身）∕汽車左前車頭（身）∕,未注意車前狀態∕尚未發現肇事因素∕,未注意車前狀態∕未注意車前狀態∕,技術工∕服務工作者∕,業務聯繫∕其他∕,本國∕本國∕
10106,10106Y00030003,YYA1,10106YY000006,2012,6,2,14,11,金門縣,金湖鎮,,NA,太湖路,一,,NA,,,,,,南隘營區往TP15五十公尺處,NA,NA,NA,NA,NA,NA,NA,NA,NA,0,0,0,晴,日間自然光線,村里道路,50,直路,一般車道（未劃分快慢車道）,柏油,乾燥,無缺陷,道路工事（程）中,良好,無號誌,無號誌,無標記,未繪設車道線,未繪設快慢車道分隔線,有,追撞,酒醉（後）駕駛失控,Y000,YY00,1,3,2012/6/2,太湖路一段,,金門縣金湖鎮南隘營區往TP15五十公尺處,118.4047483,24.4473343,自用 小客車∕小型車 軍車∕,小客車自用∕軍車小型車∕,46∕23∕,未受傷∕未受傷∕,P8****8代號419∕軍B*****1代號420∕,其他∕其他∕,有適當之駕照∕有適當之駕照∕,經呼氣檢測0.56至0.80mg∕L或血液檢測0.111至0.16∕經檢測無酒精反應∕,汽車前車頭∕汽車後車尾∕,酒醉（後）駕駛失控∕尚未發現肇事因素∕,酒醉（後）駕駛失控∕酒醉（後）駕駛失控∕,非技術工及體力工∕保安工作者（不含警察人員）∕,其他∕業務聯繫∕,本國∕本國∕
10106,10106Y00020007,YYA1,10106YY000009,2012,6,3,17,47,金門縣,金湖鎮,,NA,環島南路,四,,NA,,,,,,成功路口,NA,NA,NA,NA,NA,NA,NA,NA,NA,0,2,0,晴,日間自然光線,村里道路,50,三岔路,交岔路口內,柏油,乾燥,無缺陷,無障礙物,良好,行車管制號誌,正常,無分向設施,未繪設車道線,未繪設快慢車道分隔線,有,側撞,未依規定讓車,Y000,YY00,1,2,2012/6/3,環島南路四段,,金門縣金湖鎮成功路口,118.40101,24.438041,自用 小客車∕普通重型 機車∕乘客 人,小客車自用∕機車普通重型∕乘客,27∕19∕19,未受傷∕受傷∕受傷,ZS****7代號421∕68****V代號422∕68****V代號422,其他∕其他∕其他,有適當之駕照∕有適當之駕照∕非汽（機）車駕駛人,經檢測無酒精反應∕經檢測無酒精反應∕非駕駛人，未檢測,汽車前車頭∕機車前車頭∕非汽（機）車,未依規定讓車∕未注意車前狀態∕尚未發現肇事因素,未依規定讓車∕未依規定讓車∕未依規定讓車,技術工∕大學（研究）生∕大學（研究）生,購物∕社交活動∕社交活動,本國∕本國∕本國
10106,10106Y00030004,YYA1,10106YY000016,2012,6,6,17,55,金門縣,金沙鎮,,NA,陽沙路,,,NA,,,,,,01722路燈路段舊碧山靶場旁,NA,NA,NA,NA,NA,NA,NA,NA,NA,0,0,0,晴,日間自然光線,村里道路,50,直路,一般車道（未劃分快慢車道）,柏油,乾燥,無缺陷,無障礙物,良好,無號誌,無號誌,無標記,未繪設車道線,未繪設快慢車道分隔線,有,撞動物,動物竄出,Y000,YY00,1,3,2012/6/6,陽沙路,,金門縣金沙鎮01722路燈路段舊碧山靶場旁,118.432385,24.4814738, ∕自用 小客車∕,∕小客車自用∕,63∕49∕,∕未受傷∕,∕WY****7代號423∕,∕其他∕,∕有適當之駕照∕,∕經檢測無酒精反應∕,∕汽車右前車頭（身）∕,動物竄出∕尚未發現肇事因素∕,動物竄出∕動物竄出∕,∕非技術工及體力工∕,∕上、下班∕,本國∕本國∕
10106,10106Y00020014,YYA1,10106YY000017,2012,6,7,6,51,金門縣,金湖鎮,瓊林里,NA,,,,NA,,,,,,伯玉路中山路路口,NA,NA,NA,NA,NA,NA,NA,NA,NA,0,1,0,晴,日間自然光線,村里道路,70,四岔路,交岔路口內,柏油,乾燥,無缺陷,無障礙物,良好,閃光號誌,正常,無分向設施,未繪設車道線,未繪設快慢車道分隔線,有,路口交岔撞,未依規定讓車,Y000,YY00,1,2,2012/6/7,金門縣金湖鎮瓊林里伯玉路中山路路口,,金門縣金湖鎮瓊林里伯玉路中山路路口,118.364975,24.4413821,自用 小貨車(含客、貨兩用)∕普通重型 機車∕,小貨車自用∕機車普通重型∕,68∕49∕,未受傷∕受傷∕,05****V代號424∕PZ****8代號425∕,其他∕其他∕,有適當之駕照∕有適當之駕照∕,經檢測無酒精反應∕經檢測無酒精反應∕,汽車右前車頭（身）∕機車前車頭∕,未依規定讓車∕未依規定減速∕,未依規定讓車∕未依規定讓車∕,其他∕其他∕,其他∕其他∕,本國∕本國∕
10106,10106Y00020018,YYA1,10106YY000025,2012,6,11,18,20,金門縣,金沙鎮,,NA,環島北路,三,,NA,688,,,,,,NA,NA,NA,NA,NA,NA,NA,NA,NA,0,1,0,雨,日間自然光線,村里道路,60,四岔路,交岔口附近,柏油,濕潤,無缺陷,無障礙物,良好,無號誌,無號誌,附標記,未繪設車道線,未繪設快慢車道分隔線,有,撞路樹、電桿,未注意車前狀態,Y000,YY00,1,2,2012/6/11,環島北路三段688號,,金門縣金沙鎮,118.388325,24.466263,自用 小客車∕ ∕,小客車自用,22∕0∕,受傷,91****G代號426,其他,有適當之駕照,經檢測無酒精反應,汽車右前車頭（身）,未注意車前狀態∕尚未發現肇事因素∕,未注意車前狀態∕未注意車前狀態∕,大學（研究）生,上、下學,本國∕本國∕
10106,10106Y00020019,YYA1,10106YY000026,2012,6,11,18,55,金門縣,金沙鎮,,NA,環島北路,三,,NA,,,,,,與高陽路口,NA,NA,NA,NA,NA,NA,NA,NA,NA,0,1,0,陰,夜間（或隧道、地下道、涵洞）有照明,村里道路,60,三岔路,交岔路口內,柏油,濕潤,無缺陷,無障礙物,良好,無號誌,無號誌,無分向設施,未繪設車道線,未繪設快慢車道分隔線,無,同向擦撞,右轉彎未依規定,Y000,YY00,1,2,2012/6/11,環島北路三段,,金門縣金沙鎮與高陽路口,118.388325,24.466263,自用 小客車∕普通重型 機車∕,小客車自用∕機車普通重型∕,39∕26∕,未受傷∕受傷∕,20****2代號427∕85****F代號428∕,其他∕其他∕,有適當之駕照∕有適當之駕照∕,經檢測無酒精反應∕經檢測無酒精反應∕,汽車右側車身∕機車前車頭∕,右轉彎未依規定∕尚未發現肇事因素∕,右轉彎未依規定∕右轉彎未依規定∕,其他∕其他∕,其他∕其他∕,本國∕本國∕
10106,10106Y00020020,YYA1,10106YY000028,2012,6,12,17,35,金門縣,金湖鎮,,NA,太湖路,三,,NA,,,三多路,,,,NA,NA,NA,NA,NA,NA,NA,NA,NA,0,1,0,陰,日間自然光線,村里道路,50,四岔路,交岔路口內,柏油,濕潤,無缺陷,無障礙物,良好,閃光號誌,正常,無分向設施,未繪設車道線,未繪設快慢車道分隔線,有,側撞,未依規定讓車,Y000,YY00,1,2,2012/6/12,太湖路三段,三多路,,118.432002,24.43468829,自用 小客車∕普通重型 機車∕,小客車自用∕機車普通重型∕,49∕61∕,未受傷∕受傷∕,WY****6代號429∕PZ****2代號430∕,其他∕其他∕,有適當之駕照∕有適當之駕照∕,經檢測無酒精反應∕經檢測無酒精反應∕,汽車前車頭∕機車前車頭∕,未依規定讓車∕未依規定減速∕,未依規定讓車∕未依規定讓車∕,技術工∕服務工作者∕,上、下班∕上、下班∕,本國∕本國∕
10106,10106Y00020021,YYA1,10106YY000029,2012,6,15,8,29,金門縣,金湖鎮,新湖里,NA,太湖路,一,,NA,,,,,,208號之48旁路口,NA,NA,NA,NA,NA,NA,NA,NA,NA,0,1,0,晴,日間自然光線,村里道路,50,三岔路,交岔路口內,柏油,乾燥,無缺陷,無障礙物,良好,無號誌,無號誌,無分向設施,未繪設車道線,未繪設快慢車道分隔線,無,側撞,左轉彎未依規定,Y000,YY00,1,2,2012/6/15,太湖路一段,,金門縣金湖鎮新湖里208號之48旁路口,118.4047483,24.4473343,普通重型 機車∕計程車 小客車∕,機車普通重型∕小客車計程車∕,73∕65∕,受傷∕未受傷∕,PZ****3代號431∕VX***9代號432∕,其他∕其他∕,有適當之駕照∕有適當之駕照∕,經檢測無酒精反應∕經檢測無酒精反應∕,機車左側車身∕汽車右後車尾（身）∕,左轉彎未依規定∕違規超車∕,左轉彎未依規定∕左轉彎未依規定∕,無業者∕汽車、火車駕駛員及船員∕,其他∕其他∕,本國∕本國∕
10106,10106Y00020022,YYA1,10106YY000031,2012,6,16,21,23,金門縣,金沙鎮,汶沙里,NA,環島東路,一,,NA,,,,,,國中路路口,NA,NA,NA,NA,NA,NA,NA,NA,NA,0,1,0,雨,夜間（或隧道、地下道、涵洞）有照明,村里道路,50,四岔路,交岔路口內,柏油,濕潤,無缺陷,無障礙物,良好,無號誌,無號誌,無分向設施,未繪設車道線,未繪設快慢車道分隔線,有,側撞,未依規定讓車,Y000,YY00,1,2,2012/6/16,環島東路一段,,金門縣金沙鎮汶沙里國中路路口,118.4213083,24.4841071,普通重型 機車∕自用 小客車∕,機車普通重型∕小客車自用∕,39∕57∕,受傷∕未受傷∕,HX****3代號433∕2B****8代號434∕,其他∕其他∕,無照（已達考照年齡）∕有適當之駕照∕,無法檢測∕經檢測無酒精反應∕,機車左側車身∕汽車前車頭∕,未依規定讓車∕未依規定減速∕,未依規定讓車∕未依規定讓車∕,技術工∕其他∕,其他∕其他∕,本國∕本國∕
10106,10106Y00020026,YYA1,10106YY000035,2012,6,18,16,20,金門縣,金湖鎮,,NA,伯玉路,四,,NA,,,瓊義路,,東,,NA,NA,NA,NA,NA,NA,NA,NA,NA,0,1,0,晴,日間自然光線,村里道路,60,四岔路,穿越道附近,柏油,乾燥,無缺陷,無障礙物,良好,行車管制號誌,正常,無分向設施,未繪設車道線,未繪設快慢車道分隔線,有,穿越道路中,搶越行人穿越道,Y000,YY00,1,2,2012/6/18,伯玉路四段,瓊義路,,118.3764902,24.44678396,自用 小客車∕行人 人∕,小客車自用∕行人∕,70∕10∕,未受傷∕受傷∕,WY****2代號435,其他∕非駕駛人及乘客∕,有適當之駕照∕非汽（機）車駕駛人∕,經檢測無酒精反應∕非駕駛人，未檢測∕,汽車右前車頭（身）∕非汽（機）車∕,搶越行人穿越道∕穿越道路未注意左右來車∕,搶越行人穿越道∕搶越行人穿越道∕,無業者∕小學生∕,其他∕上、下學∕,本國∕本國∕
10106,10106Y00020035,YYA1,10106YY000047,2012,6,28,17,22,金門縣,金湖鎮,新市里,NA,,,,NA,,,,,,圓環內,NA,NA,NA,NA,NA,NA,NA,NA,NA,0,1,0,晴,日間自然光線,村里道路,50,圓環,其他,柏油,乾燥,無缺陷,無障礙物,良好,閃光號誌,正常,無分向設施,車道線（無標記）,未繪設快慢車道分隔線,有,側撞,未注意車前狀態,Y000,YY00,1,2,2012/6/28,金門縣金湖鎮新市里圓環內,,金門縣金湖鎮新市里圓環內,118.417204,24.43962,普通重型 機車∕普通輕型 機車∕,機車普通重型∕機車普通輕型∕,23∕54∕,未受傷∕受傷∕,28****D代號436∕WZ****6代號437∕,其他∕其他∕,有適當之駕照∕有適當之駕照∕,經檢測無酒精反應∕經檢測無酒精反應∕,機車後車尾∕機車前車頭∕,未注意車前狀態∕未依規定讓車∕,未注意車前狀態∕未注意車前狀態∕,家庭主婦（夫）∕服務工作者∕,其他∕上、下班∕,本國∕本國∕
10106,10106Y00020037,YYA1,10106YY000049,2012,6,28,22,8,金門縣,金沙鎮,何斗里,NA,環島北路,三,,NA,,,,,,斗門路口內,NA,NA,NA,NA,NA,NA,NA,NA,NA,0,1,0,晴,夜間（或隧道、地下道、涵洞）有照明,村里道路,60,四岔路,交岔路口內,柏油,乾燥,無缺陷,無障礙物,良好,閃光號誌,正常,無分向設施,未繪設車道線,未繪設快慢車道分隔線,有,路口交岔撞,未依規定讓車,Y000,YY00,1,2,2012/6/28,環島北路三段,,金門縣金沙鎮何斗里斗門路口內,118.388325,24.466263,普通重型 機車∕自用 小客車∕,機車普通重型∕小客車自用∕,18∕19∕,受傷∕未受傷∕,86****J代號438∕02****7代號439∕,其他∕其他∕,有適當之駕照∕有適當之駕照∕,經檢測無酒精反應∕經檢測無酒精反應∕,機車前車頭∕汽車右前車頭（身）∕,未依規定讓車∕未依規定減速∕,未依規定讓車∕未依規定讓車∕,其他∕其他∕,其他∕其他∕,本國∕本國∕
10106,10106Y00020039,YYA1,10106YY000050,2012,6,29,12,0,金門縣,金沙鎮,,NA,環島北路,三,,NA,,,,,,屠宰場路段07101號燈桿,NA,NA,NA,NA,NA,NA,NA,NA,NA,0,1,0,晴,日間自然光線,村里道路,60,四岔路,交岔路口內,柏油,乾燥,無缺陷,無障礙物,良好,無號誌,無號誌,附標記,未繪設車道線,未繪設快慢車道分隔線,有,側撞,未依規定讓車,Y000,YY00,1,2,2012/6/29,環島北路三段,,金門縣金沙鎮屠宰場路段07101號燈桿,118.388325,24.466263,自用 小貨車(含客、貨兩用)∕普通重型 機車∕,小貨車自用∕機車普通重型∕,47∕36∕,未受傷∕受傷∕,G8****6代號440∕08****B代號441∕,其他∕其他∕,有適當之駕照∕有適當之駕照∕,經檢測無酒精反應∕經檢測無酒精反應∕,汽車右前車頭（身）∕機車前車頭∕,未依規定讓車∕未依規定減速∕,未依規定讓車∕未依規定讓車∕,不明∕不明∕,不明∕不明∕,本國∕本國∕
10106,10106Y00030006,YYA1,10106YY000053,2012,6,29,23,39,金門縣,金沙鎮,,NA,環島東路,二,,NA,,,,,,1154號路燈桿前,NA,NA,NA,NA,NA,NA,NA,NA,NA,0,0,0,雨,夜間（或隧道、地下道、涵洞）無照明,村里道路,50,直路,一般車道（未劃分快慢車道）,柏油,濕潤,無缺陷,無障礙物,良好,無號誌,無號誌,無標記,未繪設車道線,未繪設快慢車道分隔線,有,撞路樹、電桿,未注意車前狀態,Y000,YY00,1,3,2012/6/29,環島東路二段,,金門縣金沙鎮1154號路燈桿前,118.4328094,24.4713308,自用 小客車∕ ∕,小客車自用,28∕0∕,未受傷,6F****8代號442,其他,有適當之駕照,經檢測無酒精反應,汽車前車頭,未注意車前狀態∕尚未發現肇事因素∕,未注意車前狀態∕未注意車前狀態∕,服務工作者,社交活動,本國∕本國∕
10106,10106Y00030007,YYA1,10106YY000054,2012,6,30,6,51,金門縣,金沙鎮,,NA,成功路,,,NA,,,,,,金沙國小大門前路段,NA,NA,NA,NA,NA,NA,NA,NA,NA,0,0,0,晴,日間自然光線,村里道路,50,直路,一般車道（未劃分快慢車道）,柏油,乾燥,無缺陷,無障礙物,良好,無號誌,無號誌,附標記,未繪設車道線,未繪設快慢車道分隔線,有,追撞,未保持行車安全距離,Y000,YY00,1,3,2012/6/30,成功路,,金門縣金沙鎮金沙國小大門前路段,118.4114288,24.4898024,計程車 小客車∕自用 小客車∕,小客車計程車∕小客車自用∕,62∕48∕,未受傷∕未受傷∕,03***X代號443∕07****7代號444∕,其他∕其他∕,有適當之駕照∕有適當之駕照∕,經檢測無酒精反應∕經檢測無酒精反應∕,汽車前車頭∕汽車後車尾∕,未保持行車安全距離∕尚未發現肇事因素∕,未保持行車安全距離∕未保持行車安全距離∕,汽車、火車駕駛員及船員∕其他∕,其他∕其他∕,本國∕本國∕
10106,10106Y00020004,YZA1,10106YZ000004,2012,6,1,22,15,金門縣,金寧鄉,,NA,,,,NA,,,,,,榜林圓環,NA,NA,NA,NA,NA,NA,NA,NA,NA,0,1,0,晴,夜間（或隧道、地下道、涵洞）有照明,村里道路,60,圓環,一般車道（未劃分快慢車道）,柏油,乾燥,無缺陷,無障礙物,良好,無號誌,無號誌,無分向設施,車道線（無標記）,未繪設快慢車道分隔線,有,追撞,未保持行車安全距離,Y000,YZ00,1,2,2012/6/1,金門縣金寧鄉榜林圓環,,金門縣金寧鄉榜林圓環,118.330294,24.438568,普通重型 機車∕普通重型 機車∕,機車普通重型∕機車普通重型∕,20∕20∕,受傷∕未受傷∕,11****M代號445∕KZ****7代號446∕,其他∕其他∕,有適當之駕照∕有適當之駕照∕,經檢測無酒精反應∕經檢測無酒精反應∕,機車前車頭∕機車後車尾∕,未保持行車安全距離∕尚未發現肇事因素∕,未保持行車安全距離∕未保持行車安全距離∕,大學（研究）生∕大學（研究）生∕,社交活動∕社交活動∕,本國∕本國∕
10106,10106Y00020005,YZA1,10106YZ000007,2012,6,2,12,4,金門縣,金寧鄉,,NA,環島西路,二,,NA,,,,,南,救國團後方13169路燈,NA,NA,NA,NA,NA,NA,NA,NA,NA,0,1,0,晴,日間自然光線,縣道,30,三岔路,交岔口附近,柏油,乾燥,無缺陷,無障礙物,良好,無號誌,無號誌,附標記,車道線（附標記）,未繪設快慢車道分隔線,有,同向擦撞,右轉彎未依規定,Y000,YZ00,1,2,2012/6/2,環島西路二段,,金門縣金寧鄉救國團後方13169路燈,118.3148723,24.4566699,自用 小客車∕普通重型 機車∕,小客車自用∕機車普通重型∕,22∕22∕,未受傷∕受傷∕,XY****5代號447∕29****J代號448∕,其他∕其他∕,有適當之駕照∕有適當之駕照∕,經檢測無酒精反應∕經檢測無酒精反應∕,汽車右前車頭（身）∕機車左側車身∕,右轉彎未依規定∕未注意車前狀態∕,右轉彎未依規定∕右轉彎未依規定∕,大學（研究）生∕不明∕,上、下學∕其他∕,本國∕本國∕