年月,總編號,處理單位,處理編號,年,月,日,時,分,縣市,區,村里,鄰,街道,段,巷,弄,號,公尺處,街道.1,段.1,側,附近,道路,公里,公尺處.1,向,車道,平交道,公里.1,公尺處.2,附近.1,死,受傷,X2.30,天候,光線,道路類別,速限,道路型態,事故位置,路面鋪裝,路面狀態,路面缺陷,障礙物,視距,號誌種類,號誌動作,分向設施,快車道或一般車道間,快慢車道間,路面邊線,事故類型及型態,主要肇因,警局,分局,案件類別,事故類別,日期,道路1,道路2,概略位置,lon,lat,車種,當事者區分.類別.,年齡,受傷程度,車輛牌照號碼,車輛用途,駕駛資格情形,飲酒情形,車輛撞擊部位最初,肇事因素個別,肇事因素主要,職.業,旅次目的,國籍
10106,10106Y00030002,YZA1,10106YZ000008,2012,6,2,13,10,金門縣,金城鎮,,NA,民權路,,,NA,,,,,,金城新莊7巷20號旁,NA,NA,NA,NA,NA,NA,NA,NA,NA,0,0,0,晴,日間自然光線,村里道路,50,四岔路,交岔路口內,柏油,乾燥,無缺陷,無障礙物,良好,無號誌,無號誌,無分向設施,未繪設車道線,未繪設快慢車道分隔線,有,路口交岔撞,未依規定讓車,Y000,YZ00,1,3,2012/6/2,民權路,,金門縣金城鎮金城新莊7巷20號旁,118.3168946,24.4355379,自用 小客車∕自用 小客車∕,小客車自用∕小客車自用∕,26∕51∕,未受傷∕未受傷∕,09****7代號449∕6F****0代號450∕,其他∕其他∕,有適當之駕照∕有適當之駕照∕,經檢測無酒精反應∕經檢測無酒精反應∕,汽車前車頭∕汽車左側車身∕,未依規定讓車∕未依規定減速∕,未依規定讓車∕未依規定讓車∕,服務工作者∕農林漁牧工作者∕,上、下班∕上、下班∕,本國∕本國∕
10106,10106Y00020006,YZA1,10106YZ000010,2012,6,3,12,48,金門縣,金城鎮,,NA,西海路,三,,NA,37,,,,,03684路燈桿前,NA,NA,NA,NA,NA,NA,NA,NA,NA,0,2,0,晴,日間自然光線,縣道,50,三岔路,交岔口附近,柏油,乾燥,無缺陷,其他障礙物,良好,無號誌,無號誌,無標記,未繪設車道線,未繪設快慢車道分隔線,有,側撞,貨物超長、寬、高而肇事,Y000,YZ00,1,2,2012/6/3,西海路三段37號,,金門縣金城鎮03684路燈桿前,118.3124964,24.4226194,腳踏自行車 慢車∕普通重型 機車∕,腳踏自行車∕機車普通重型∕,66∕25∕,受傷∕受傷∕,∕81****U代號451∕,其他∕其他∕,非汽（機）車駕駛人∕有適當之駕照∕,經檢測無酒精反應∕經檢測無酒精反應∕,非汽（機）車∕機車前車頭∕,貨物超長、寬、高而肇事∕違規超車∕,貨物超長、寬、高而肇事∕貨物超長、寬、高而肇事∕,其他∕技術工∕,運輸∕上、下班∕,本國∕本國∕
10106,10106Y00020008,YZA1,10106YZ000011,2012,6,3,19,18,金門縣,金寧鄉,安美村,NA,環島西路,二,,NA,,,瓊安路,,,,NA,NA,NA,NA,NA,NA,NA,NA,NA,0,1,0,晴,夜間（或隧道、地下道、涵洞）有照明,鄉道,50,三岔路,交岔路口內,柏油,乾燥,無缺陷,無障礙物,彎道,閃光號誌,正常,無分向設施,未繪設車道線,未繪設快慢車道分隔線,有,側撞,未依規定讓車,Y000,YZ00,1,2,2012/6/3,環島西路二段,瓊安路,,118.3159615,24.45372536,普通輕型 機車∕自用 小客車∕,機車普通輕型∕小客車自用∕,24∕24∕,受傷∕未受傷∕,57****X代號452∕03****X代號453∕,其他∕其他∕,有適當之駕照∕有適當之駕照∕,經檢測無酒精反應∕經檢測無酒精反應∕,機車前車頭∕汽車右前車頭（身）∕,未依規定讓車∕未依規定減速∕,未依規定讓車∕未依規定讓車∕,技術員及助理人員∕技術員及助理人員∕,社交活動∕社交活動∕,本國∕本國∕
10106,10106Y00020010,YZA1,10106YZ000012,2012,6,4,10,53,金門縣,金寧鄉,,NA,伯玉路,,,NA,,,,,,00523號燈前,NA,NA,NA,NA,NA,NA,NA,NA,NA,0,1,0,晴,日間自然光線,村里道路,40,巷弄,一般車道（未劃分快慢車道）,水泥,乾燥,無缺陷,無障礙物,良好,無號誌,無號誌,無分向設施,未繪設車道線,未繪設快慢車道分隔線,無,側撞,未依規定讓車,Y000,YZ00,1,2,2012/6/4,伯玉路,,金門縣金寧鄉00523號燈前,118.3267756,24.4346914,自用 小客車∕普通重型 機車∕,小客車自用∕機車普通重型∕,29∕34∕,未受傷∕受傷∕,6F****7代號454∕3J****5代號455∕,其他∕其他∕,有適當之駕照∕有適當之駕照∕,經檢測無酒精反應∕經檢測無酒精反應∕,汽車前車頭∕機車前車頭∕,未依規定讓車∕未注意車前狀態∕,未依規定讓車∕未依規定讓車∕,不明∕不明∕,不明∕不明∕,非本國∕本國∕
10106,10106Y00020009,YZA1,10106YZ000013,2012,6,4,8,25,金門縣,金城鎮,,NA,民權路,,,NA,,,,,,民族路口,NA,NA,NA,NA,NA,NA,NA,NA,NA,0,1,0,晴,日間自然光線,村里道路,50,三岔路,交岔路口內,柏油,乾燥,無缺陷,無障礙物,良好,無號誌,無號誌,無分向設施,未繪設車道線,未繪設快慢車道分隔線,有,路上翻車、摔倒,未依規定減速,Y000,YZ00,1,2,2012/6/4,民權路,,金門縣金城鎮民族路口,118.3168946,24.4355379,普通重型 機車∕ ∕,機車普通重型,36∕0∕,受傷,43****D代號456,其他,有適當之駕照,經檢測無酒精反應,機車左側車身,未依規定減速∕尚未發現肇事因素∕,未依規定減速∕未依規定減速∕,不明,其他,本國∕本國∕
10106,10106Y00020012,YZA1,10106YZ000014,2012,6,5,18,40,金門縣,金寧鄉,,NA,伯玉路,二,,NA,,,,,,00217燈桿旁路段,NA,NA,NA,NA,NA,NA,NA,NA,NA,0,1,0,陰,夜間（或隧道、地下道、涵洞）有照明,鄉道,70,直路,一般車道（未劃分快慢車道）,柏油,乾燥,無缺陷,無障礙物,良好,無號誌,無號誌,附標記,未繪設車道線,快慢車道分隔線,有,撞橋樑、建築物,未注意車前狀態,Y000,YZ00,1,2,2012/6/5,伯玉路二段,,金門縣金寧鄉00217燈桿旁路段,118.3416148,24.4414563,自用 小客車∕ ∕,小客車自用,30∕0∕,受傷,DX****0代號457,其他,有適當之駕照,經檢測無酒精反應,汽車前車頭,未注意車前狀態∕尚未發現肇事因素∕,未注意車前狀態∕未注意車前狀態∕,其他,其他,本國∕本國∕
10106,10106Y00020013,YZA1,10106YZ000015,2012,6,6,12,16,金門縣,金寧鄉,,NA,大學路,,,NA,,,,,,環島西路2段往校內第2支燈桿旁路段,NA,NA,NA,NA,NA,NA,NA,NA,NA,0,5,0,晴,日間自然光線,其他,40,三岔路,交岔口附近,柏油,乾燥,無缺陷,無障礙物,良好,無號誌,無號誌,寬式（50公分以上）,未繪設車道線,未繪設快慢車道分隔線,有,追撞,違規超車,Y000,YZ00,1,2,2012/6/6,大學路,,金門縣金寧鄉環島西路2段往校內第2支燈桿旁路段,118.325279,24.4466751,普通重型 機車∕普通重型 機車∕腳踏自行車 慢車∕自用 小客車∕普通重型 機車∕乘客 人∕乘客 人,機車普通重型∕機車普通重型∕腳踏自行車∕小客車自用∕機車普通重型∕乘客∕乘客,19∕47∕21∕53∕19∕19∕21,受傷∕受傷∕未受傷∕未受傷∕受傷∕受傷∕受傷,MO****3代號458∕PZ****2代號45992****N代號460∕98****X代號461∕MO****3代號458∕98****X代號461,其他∕其他∕其他∕其他∕其他∕其他∕其他,有適當之駕照∕有適當之駕照∕非汽（機）車駕駛人∕有適當之駕照∕有適當之駕照∕非汽（機）車駕駛人∕非汽（機）車駕駛人,經檢測無酒精反應∕經檢測無酒精反應∕非駕駛人，未檢測∕經檢測無酒精反應∕經檢測無酒精反應∕非駕駛人，未檢測∕非駕駛人，未檢測,機車右側車身∕機車後車尾∕非汽（機）車∕汽車右前車頭（身）∕機車右側車身∕非汽（機）車∕非汽（機）車,違規超車∕尚未發現肇事因素∕尚未發現肇事因素∕尚未發現肇事因素∕未注意車前狀態∕尚未發現肇事因素∕尚未發現肇事因素,違規超車∕違規超車∕違規超車∕違規超車∕違規超車∕違規超車∕違規超車,大學（研究）生∕專業人員∕大學（研究）生∕專業人員∕大學（研究）生∕大學（研究）生∕大學（研究）生,其他∕其他∕其他∕其他∕其他∕其他∕其他,本國∕本國∕本國∕本國∕本國∕本國∕本國
10106,10106Y00020011,YZA1,10106YZ000018,2012,6,5,6,40,金門縣,金城鎮,,NA,環島西路,一,,NA,,,,,,03587燈桿前,NA,NA,NA,NA,NA,NA,NA,NA,NA,0,1,0,晴,日間自然光線,縣道,50,彎曲路及附近,一般車道（未劃分快慢車道）,柏油,乾燥,無缺陷,無障礙物,良好,無號誌,無號誌,無標記,未繪設車道線,未繪設快慢車道分隔線,有,衝出路外,未依規定減速,Y000,YZ00,1,2,2012/6/5,環島西路一段,,金門縣金城鎮03587燈桿前,118.3184801,24.4172073,普通重型 機車∕ ∕,機車普通重型,17∕0∕,受傷,23****W代號462,其他,無照（未達考照年齡）,經檢測無酒精反應,機車前車頭,未依規定減速∕尚未發現肇事因素∕,未依規定減速∕未依規定減速∕,高中生,上、下學,本國∕本國∕
10106,,YZA1,10106YZ000019,2012,6,7,16,45,金門縣,金寧鄉,榜林村,NA,環島南路,一,,NA,,,東湖路,,,,NA,NA,NA,NA,NA,NA,NA,NA,NA,0,0,0,NA,NA,NA,0,NA,NA,NA,NA,NA,NA,NA,NA,NA,NA,NA,NA,NA,NA,NA,Y000,YZ00,1,4,2012/6/7,環島南路一段,東湖路,,118.3388096,24.4228996,自用 小客車∕計程車 小客車∕,小客車自用∕小客車計程車∕,69∕60∕,,WY****8代號463∕51***Q代號464∕,,,,,,,,,本國∕本國∕
10106,10106Y00020015,YZA1,10106YZ000020,2012,6,8,12,14,金門縣,金城鎮,,NA,珠浦西路,,50,8,,,,,,巷口前路段,NA,NA,NA,NA,NA,NA,NA,NA,NA,0,1,0,晴,日間自然光線,村里道路,40,直路,一般車道（未劃分快慢車道）,水泥,乾燥,無缺陷,無障礙物,良好,無號誌,無號誌,無標記,未繪設車道線,未繪設快慢車道分隔線,有,路上翻車、摔倒,未注意車前狀態,Y000,YZ00,1,2,2012/6/8,珠浦西路50巷8弄,,金門縣金城鎮巷口前路段,118.3147803,24.4384226,普通輕型 機車∕ ∕,機車普通輕型,52∕0∕,受傷,WZ****5代號465,其他,有適當之駕照,經檢測無酒精反應,機車左側車身,未注意車前狀態∕尚未發現肇事因素∕,未注意車前狀態∕未注意車前狀態∕,其他,其他,本國∕本國∕
10106,10106Y00020042,YZA1,10106YZ000021,2012,6,8,10,12,金門縣,烈嶼鄉,,NA,八青路,,,NA,,,,,,09011燈桿旁路口,NA,NA,NA,NA,NA,NA,NA,NA,NA,0,1,0,晴,日間自然光線,村里道路,60,三岔路,交岔路口內,柏油,乾燥,無缺陷,無障礙物,良好,無號誌,無號誌,無分向設施,未繪設車道線,未繪設快慢車道分隔線,有,同向擦撞,未注意車前狀態,Y000,YZ00,1,2,2012/6/8,八青路,,金門縣烈嶼鄉09011燈桿旁路口,118.2364682,24.422863,自用 小客車∕普通輕型 機車∕,小客車自用∕機車普通輕型∕,51∕79∕,未受傷∕受傷∕,18****V代號466∕WZ****9代號467∕,其他∕其他∕,有適當之駕照∕有適當之駕照∕,經檢測無酒精反應∕經檢測無酒精反應∕,汽車右側車身∕機車左側車身∕,未注意車前狀態∕左轉彎未依規定∕,未注意車前狀態∕未注意車前狀態∕,專業人員∕其他∕,其他∕其他∕,本國∕本國∕
10106,10106Y00020016,YZA1,10106YZ000022,2012,6,8,16,3,金門縣,烈嶼鄉,林湖村,NA,,,,NA,,,,,,西路151號前路段,NA,NA,NA,NA,NA,NA,NA,NA,NA,0,2,0,晴,日間自然光線,村里道路,60,四岔路,交岔口附近,柏油,乾燥,無缺陷,無障礙物,良好,無號誌,無號誌,無標記,未繪設車道線,未繪設快慢車道分隔線,有,側撞,未注意車前狀態,Y000,YZ00,1,2,2012/6/8,金門縣烈嶼鄉林湖村西路151號前路段,,金門縣烈嶼鄉林湖村西路151號前路段,118.244572,24.431787,普通重型 機車∕腳踏自行車 慢車∕,機車普通重型∕腳踏自行車∕,26∕15∕,受傷∕受傷∕,01****V代號468,其他∕其他∕,有適當之駕照∕非汽（機）車駕駛人∕,經檢測無酒精反應∕經檢測無酒精反應∕,機車後車尾∕非汽（機）車∕,未注意車前狀態∕左轉彎未依規定∕,未注意車前狀態∕未注意車前狀態∕,其他∕國中生∕,其他∕其他∕,本國∕本國∕
10106,10106Y00020017,YZA1,10106YZ000023,2012,6,9,13,50,金門縣,金寧鄉,,NA,伯玉路,一,,NA,238,,,,,譽都汽車路段,NA,NA,NA,NA,NA,NA,NA,NA,NA,0,1,0,晴,日間自然光線,村里道路,60,彎曲路及附近,一般車道（未劃分快慢車道）,柏油,乾燥,無缺陷,無障礙物,良好,無號誌,無號誌,附標記,未繪設車道線,未繪設快慢車道分隔線,有,路上翻車、摔倒,酒醉（後）駕駛失控,Y000,YZ00,1,2,2012/6/9,伯玉路一段238號,,金門縣金寧鄉譽都汽車路段,118.3267756,24.4346914,普通重型 機車∕ ∕,機車普通重型,63∕0∕,受傷,PZ****7代號469,其他,無照（已達考照年齡）,經呼氣檢測超過0.80mg∕L或血液檢測超過0.16,機車右側車身,酒醉（後）駕駛失控∕尚未發現肇事因素∕,酒醉（後）駕駛失控∕酒醉（後）駕駛失控∕,其他,其他,本國∕本國∕
10106,10106Y00030005,YZA1,10106YZ000024,2012,6,10,23,0,金門縣,金寧鄉,,NA,環島北路,二,,NA,,,,,,07158號燈桿前,NA,NA,NA,NA,NA,NA,NA,NA,NA,0,0,0,晴,夜間（或隧道、地下道、涵洞）有照明,村里道路,60,直路,一般車道（未劃分快慢車道）,柏油,乾燥,無缺陷,無障礙物,良好,無號誌,無號誌,附標記,未繪設車道線,未繪設快慢車道分隔線,有,撞護欄（樁）,酒醉（後）駕駛失控,Y000,YZ00,1,3,2012/6/10,環島北路二段,,金門縣金寧鄉07158號燈桿前,118.3537405,24.452631,自用 小客車∕ ∕,小客車自用,57∕0∕,未受傷,03****V代號470,其他,有適當之駕照,經呼氣檢測0.56至0.80mg∕L或血液檢測0.111至0.16,汽車前車頭,酒醉（後）駕駛失控∕尚未發現肇事因素∕,酒醉（後）駕駛失控∕酒醉（後）駕駛失控∕,不明,不明,本國∕本國∕
10106,,YZA1,10106YZ000027,2012,6,12,11,45,金門縣,金寧鄉,,NA,頂林路,,,NA,,,,,,安岐94號前路段,NA,NA,NA,NA,NA,NA,NA,NA,NA,0,0,0,晴,日間自然光線,村里道路,60,直路,一般車道（未劃分快慢車道）,柏油,乾燥,無缺陷,無障礙物,良好,無號誌,無號誌,無標記,未繪設車道線,未繪設快慢車道分隔線,有,對向擦撞,未保持行車安全間隔,Y000,YZ00,1,4,2012/6/12,頂林路,,金門縣金寧鄉安岐94號前路段,118.3246113,24.4625018,營業用 大貨車∕營業用 小貨車(含客、貨兩用)∕,大貨車營業用∕小貨車營業用∕,51∕29∕,未受傷∕未受傷∕,04***J代號471∕66***W代號472∕,其他∕其他∕,有適當之駕照∕有適當之駕照∕,經檢測無酒精反應∕經檢測無酒精反應∕,汽車後車尾∕汽車左前車頭（身）∕,未保持行車安全間隔∕未保持行車安全間隔∕,未保持行車安全間隔∕未保持行車安全間隔∕,其他∕其他∕,其他∕其他∕,本國∕本國∕
10106,10106Y00020043,YZA1,10106YZ000030,2012,6,16,1,18,金門縣,金寧鄉,,NA,伯玉路,一,220,NA,6,,,,,後方產業道路,NA,NA,NA,NA,NA,NA,NA,NA,NA,0,1,0,陰,夜間（或隧道、地下道、涵洞）無照明,其他,40,直路,一般車道（未劃分快慢車道）,水泥,乾燥,無缺陷,無障礙物,良好,無號誌,無號誌,無分向設施,未繪設車道線,未繪設快慢車道分隔線,無,路上翻車、摔倒,未注意車前狀態,Y000,YZ00,1,2,2012/6/16,伯玉路一段220巷6號,,金門縣金寧鄉後方產業道路,118.3267756,24.4346914,普通重型 機車∕ ∕,機車普通重型,23∕0∕,受傷,90****V代號473,其他,有適當之駕照,經呼氣檢測超過0.80mg∕L或血液檢測超過0.16,機車左側車身,未注意車前狀態∕尚未發現肇事因素∕,未注意車前狀態∕未注意車前狀態∕,大學（研究）生,不明,本國∕本國∕
10106,10106Y00020023,YZA1,10106YZ000032,2012,6,17,17,0,金門縣,金城鎮,,NA,環島南路,一,,NA,120,,,,,,NA,NA,NA,NA,NA,NA,NA,NA,NA,0,0,1,晴,日間自然光線,村里道路,60,四岔路,交岔路口內,柏油,乾燥,無缺陷,無障礙物,良好,無號誌,無號誌,無分向設施,未繪設車道線,未繪設快慢車道分隔線,有,路口交岔撞,未依規定讓車,Y000,YZ00,1,2,2012/6/17,環島南路一段120號,,金門縣金城鎮,118.3345375,24.4189091,普通重型 機車∕計程車 小客車∕,機車普通重型∕小客車計程車∕,64∕58∕,2-30日內死亡∕未受傷∕,18****K代號474∕13***X代號475∕,其他∕其他∕,有適當之駕照∕有適當之駕照∕,不明∕經檢測無酒精反應∕,機車左側車身∕汽車前車頭∕,未依規定讓車∕未依規定減速∕,未依規定讓車∕未依規定讓車∕,技術工∕汽車、火車駕駛員及船員∕,上、下班∕業務聯繫∕,本國∕本國∕
10106,10106Y00020024,YZA1,10106YZ000033,2012,6,18,7,20,金門縣,金城鎮,,NA,珠浦西路,,,NA,60,,,,,,NA,NA,NA,NA,NA,NA,NA,NA,NA,0,1,0,晴,日間自然光線,村里道路,40,直路,一般車道（未劃分快慢車道）,柏油,乾燥,無缺陷,無障礙物,良好,無號誌,無號誌,無標記,未繪設車道線,未繪設快慢車道分隔線,有,倒車撞,倒車未依規定,Y000,YZ00,1,2,2012/6/18,珠浦西路60號,,金門縣金城鎮,118.3147803,24.4384226,自用 小客車∕普通重型 機車∕,小客車自用∕機車普通重型∕,48∕65∕,未受傷∕受傷∕,6F****5代號476∕19****U代號477∕,其他∕其他∕,有適當之駕照∕有適當之駕照∕,經檢測無酒精反應∕經檢測無酒精反應∕,汽車後車尾∕機車前車頭∕,倒車未依規定∕未注意車前狀態∕,倒車未依規定∕倒車未依規定∕,專業人員∕其他∕,上、下班∕其他∕,本國∕本國∕
10106,10106Y00020025,YZA1,10106YZ000034,2012,6,18,11,28,金門縣,金城鎮,,NA,民權路,,,NA,196,,,,,,NA,NA,NA,NA,NA,NA,NA,NA,NA,0,2,0,晴,日間自然光線,縣道,40,四岔路,交岔口附近,柏油,乾燥,無缺陷,無障礙物,良好,無號誌,無號誌,無分向設施,未繪設車道線,未繪設快慢車道分隔線,有,穿越道路中,搶越行人穿越道,Y000,YZ00,1,2,2012/6/18,民權路196號,,金門縣金城鎮,118.3198221,24.4386597,普通重型 機車∕行人 人∕,機車普通重型∕行人∕,19∕58∕,受傷∕受傷∕,25****E代號478,其他∕非駕駛人及乘客∕,有適當之駕照∕非汽（機）車駕駛人∕,經檢測無酒精反應∕非駕駛人，未檢測∕,機車前車頭∕非汽（機）車∕,搶越行人穿越道∕尚未發現肇事因素∕,搶越行人穿越道∕搶越行人穿越道∕,大學（研究）生∕其他∕,上、下學∕其他∕,本國∕本國∕
10106,10106Y00020027,YZA1,10106YZ000036,2012,6,18,17,22,金門縣,金城鎮,,NA,環島北路,一,38,2,11,,,,,十字路口,NA,NA,NA,NA,NA,NA,NA,NA,NA,0,1,0,晴,日間自然光線,村里道路,40,四岔路,交岔路口內,水泥,乾燥,無缺陷,無障礙物,良好,無號誌,無號誌,無分向設施,未繪設車道線,未繪設快慢車道分隔線,有,路口交岔撞,未依規定讓車,Y000,YZ00,1,2,2012/6/18,環島北路一段38巷2弄11號,,金門縣金城鎮十字路口,118.3283226,24.4462231,普通重型 機車∕自用 小客車∕,機車普通重型∕小客車自用∕,21∕31∕,受傷∕未受傷∕,10****U代號479∕6F****1代號308∕,其他∕其他∕,無照（已達考照年齡）∕有適當之駕照∕,經檢測無酒精反應∕經檢測無酒精反應∕,機車右側車身∕汽車右前車頭（身）∕,未依規定讓車∕未依規定減速∕,未依規定讓車∕未依規定讓車∕,大學（研究）生∕其他∕,其他∕其他∕,本國∕本國∕
10106,10106Y00020028,YZA1,10106YZ000037,2012,6,19,12,0,金門縣,金城鎮,,NA,民生路,,,NA,21,,,,,,NA,NA,NA,NA,NA,NA,NA,NA,NA,0,2,0,陰,日間自然光線,鄉道,40,四岔路,交岔路口內,柏油,乾燥,無缺陷,無障礙物,良好,無號誌,無號誌,無分向設施,未繪設車道線,未繪設快慢車道分隔線,有,側撞,右轉彎未依規定,Y000,YZ00,1,2,2012/6/19,民生路21號,,金門縣金城鎮,118.3190184,24.43575,普通重型 機車∕普通重型 機車∕乘客 人,機車普通重型∕機車普通重型∕乘客,38∕21∕21,未受傷∕受傷∕受傷,PZ****6代號480∕MM****2代號481∕MM****2代號481,其他∕其他∕其他,有適當之駕照∕有適當之駕照∕非汽（機）車駕駛人,經檢測無酒精反應∕經檢測無酒精反應∕非駕駛人，未檢測,機車右側車身∕機車左側車身∕非汽（機）車,右轉彎未依規定∕未保持行車安全距離∕尚未發現肇事因素,右轉彎未依規定∕右轉彎未依規定∕右轉彎未依規定,機械設備操作工及組裝工∕大學（研究）生∕大學（研究）生,其他∕其他∕其他,本國∕本國∕本國
10106,,YZA1,10106YZ000038,2012,6,19,16,15,金門縣,金城鎮,,NA,民權路,,,NA,172,,,,,路段,NA,NA,NA,NA,NA,NA,NA,NA,NA,0,0,0,晴,日間自然光線,村里道路,40,四岔路,交岔口附近,柏油,乾燥,無缺陷,無障礙物,良好,行車管制號誌,正常,附標記,未繪設車道線,未繪設快慢車道分隔線,有,側撞,左轉彎未依規定,Y000,YZ00,1,4,2012/6/19,民權路172號,,金門縣金城鎮路段,118.3182819,24.4370451,自用 小客車∕自用 小客車∕,小客車自用∕小客車自用∕,79∕49∕,未受傷∕未受傷∕,WY****2代號482∕6F****6代號483∕,其他∕其他∕,有適當之駕照∕有適當之駕照∕,經檢測無酒精反應∕經檢測無酒精反應∕,汽車右前車頭（身）∕汽車左側車身∕,左轉彎未依規定∕尚未發現肇事因素∕,左轉彎未依規定∕左轉彎未依規定∕,其他∕專業人員∕,其他∕其他∕,本國∕本國∕
10106,10106Y00020029,YZA1,10106YZ000039,2012,6,19,13,30,金門縣,金寧鄉,,NA,,,,NA,,,,,,下埔下91號前路口,NA,NA,NA,NA,NA,NA,NA,NA,NA,0,1,0,陰,日間自然光線,村里道路,40,四岔路,交岔口附近,柏油,乾燥,無缺陷,無障礙物,良好,無號誌,無號誌,無分向設施,未繪設車道線,未繪設快慢車道分隔線,無,路上翻車、摔倒,未注意車前狀態,Y000,YZ00,1,2,2012/6/19,金門縣金寧鄉下埔下91號前路口,,金門縣金寧鄉下埔下91號前路口,118.3126857,24.4442026,普通重型 機車∕ ∕,機車普通重型,24∕0∕,受傷,YI****0代號484,其他,有適當之駕照,經檢測無酒精反應,機車左側車身,未注意車前狀態∕尚未發現肇事因素∕,未注意車前狀態∕未注意車前狀態∕,大學（研究）生,上、下學,本國∕本國∕
10106,10106Y00020030,YZA1,10106YZ000040,2012,6,21,18,10,金門縣,金寧鄉,,NA,環島西路,二,,NA,,,,,,路燈桿03077號前路口,NA,NA,NA,NA,NA,NA,NA,NA,NA,0,1,0,晴,日間自然光線,鄉道,50,三岔路,交岔路口內,柏油,乾燥,無缺陷,無障礙物,良好,無號誌,無號誌,附標記,未繪設車道線,未繪設快慢車道分隔線,有,側撞,右轉彎未依規定,Y000,YZ00,1,2,2012/6/21,環島西路二段,,金門縣金寧鄉路燈桿03077號前路口,118.3148723,24.4566699,計程車 小客車∕普通重型 機車∕,小客車計程車∕機車普通重型∕,37∕33∕,未受傷∕受傷∕,VX***2代號485∕26****V代號486∕,其他∕其他∕,有適當之駕照∕有適當之駕照∕,經檢測無酒精反應∕經檢測無酒精反應∕,汽車右前車頭（身）∕機車前車頭∕,右轉彎未依規定∕未保持行車安全距離∕,右轉彎未依規定∕右轉彎未依規定∕,汽車、火車駕駛員及船員∕技術員及助理人員∕,業務聯繫∕上、下班∕,本國∕非本國∕
10106,10106Y00020044,YZA1,10106YZ000041,2012,6,21,19,35,金門縣,金寧鄉,,NA,大學路,,,NA,,,,,,往環島北路350巷產業道路路燈桿53174號前路段,NA,NA,NA,NA,NA,NA,NA,NA,NA,0,1,0,晴,夜間（或隧道、地下道、涵洞）無照明,其他,40,直路,一般車道（未劃分快慢車道）,水泥,乾燥,無缺陷,無障礙物,良好,無號誌,無號誌,無分向設施,未繪設車道線,未繪設快慢車道分隔線,無,其他,未注意車前狀態,Y000,YZ00,1,2,2012/6/21,大學路,,金門縣金寧鄉往環島北路350巷產業道路路燈桿53174號前路段,118.325279,24.4466751,普通重型 機車∕普通重型 機車∕行人 人,機車普通重型∕機車普通重型∕行人,20∕22∕25,受傷∕未受傷∕未受傷,M5****3代號487∕28****W代號488∕,其他∕其他∕非駕駛人及乘客,有適當之駕照∕有適當之駕照∕非汽（機）車駕駛人,經檢測無酒精反應∕經檢測無酒精反應∕非駕駛人，未檢測,機車右側車身∕機車前車頭∕非汽（機）車,未注意車前狀態∕未依規定使用燈光∕尚未發現肇事因素,未注意車前狀態∕未注意車前狀態∕未注意車前狀態,大學（研究）生∕大學（研究）生∕大學（研究）生,其他∕其他∕其他,本國∕本國∕本國
10106,10106Y00020031,YZA1,10106YZ000042,2012,6,23,19,37,金門縣,金城鎮,,NA,民生路,,,NA,,,,,,36號幼稚園前,NA,NA,NA,NA,NA,NA,NA,NA,NA,0,3,0,晴,夜間（或隧道、地下道、涵洞）有照明,村里道路,40,直路,一般車道（未劃分快慢車道）,柏油,乾燥,無缺陷,無障礙物,良好,無號誌,無號誌,附標記,未繪設車道線,未繪設快慢車道分隔線,有,追撞,未保持行車安全距離,Y000,YZ00,1,2,2012/6/23,民生路,,金門縣金城鎮36號幼稚園前,118.3190184,24.43575,普通重型 機車∕普通輕型 機車∕乘客 人∕自用 小客車∕,機車普通重型∕機車普通輕型∕乘客∕小客車自用∕,18∕54∕18∕34∕,受傷∕受傷∕受傷∕未受傷∕,40****F代號489∕SX****3代號490∕40****F代號489∕6F****0代號491∕,其他∕其他∕其他∕其他∕,有適當之駕照∕有適當之駕照∕非汽（機）車駕駛人∕有適當之駕照∕,經檢測無酒精反應∕經檢測無酒精反應∕非駕駛人，未檢測∕不明∕,機車前車頭∕機車右側車身∕非汽（機）車∕不明∕,未保持行車安全距離∕尚未發現肇事因素∕尚未發現肇事因素∕違規停車或暫停不當而肇事∕,未保持行車安全距離∕未保持行車安全距離∕未保持行車安全距離∕未保持行車安全距離∕,不明∕不明∕不明∕不明∕,不明∕不明∕不明∕不明∕,本國∕本國∕本國∕本國∕
10106,10106Y00020032,YZA1,10106YZ000043,2012,6,25,12,30,金門縣,金城鎮,,NA,西海路,三,,NA,,,,,,夏墅路口,NA,NA,NA,NA,NA,NA,NA,NA,NA,0,1,0,陰,日間自然光線,村里道路,50,三岔路,交岔路口內,柏油,乾燥,無缺陷,無障礙物,良好,閃光號誌,正常,無分向設施,未繪設車道線,未繪設快慢車道分隔線,有,側撞,未依規定讓車,Y000,YZ00,1,2,2012/6/25,西海路三段,,金門縣金城鎮夏墅路口,118.3124964,24.4226194,普通輕型 機車∕普通重型 機車∕,機車普通輕型∕機車普通重型∕,47∕56∕,未受傷∕受傷∕,WZ****1代號492∕97****J代號493∕,其他∕其他∕,有適當之駕照∕有適當之駕照∕,經檢測無酒精反應∕經檢測無酒精反應∕,機車前車頭∕機車右側車身∕,未依規定讓車∕未依規定減速∕,未依規定讓車∕未依規定讓車∕,其他∕其他∕,其他∕其他∕,本國∕本國∕