年月,總編號,處理單位,處理編號,年,月,日,時,分,縣市,區,村里,鄰,街道,段,巷,弄,號,公尺處,街道.1,段.1,側,附近,道路,公里,公尺處.1,向,車道,平交道,公里.1,公尺處.2,附近.1,死,受傷,X2.30,天候,光線,道路類別,速限,道路型態,事故位置,路面鋪裝,路面狀態,路面缺陷,障礙物,視距,號誌種類,號誌動作,分向設施,快車道或一般車道間,快慢車道間,路面邊線,事故類型及型態,主要肇因,警局,分局,案件類別,事故類別,日期,道路1,道路2,概略位置,lon,lat,車種,當事者區分.類別.,年齡,受傷程度,車輛牌照號碼,車輛用途,駕駛資格情形,飲酒情形,車輛撞擊部位最初,肇事因素個別,肇事因素主要,職.業,旅次目的,國籍
10106,10106Y00020045,YZA1,10106YZ000044,2012,6,24,23,8,金門縣,金寧鄉,,NA,頂林路,,,NA,,,,,,07573號燈桿前路段,NA,NA,NA,NA,NA,NA,NA,NA,NA,0,1,0,晴,夜間（或隧道、地下道、涵洞）有照明,縣道,50,直路,一般車道（未劃分快慢車道）,柏油,乾燥,無缺陷,無障礙物,良好,無號誌,無號誌,無標記,未繪設車道線,未繪設快慢車道分隔線,有,路上翻車、摔倒,酒醉（後）駕駛失控,Y000,YZ00,1,2,2012/6/24,頂林路,,金門縣金寧鄉07573號燈桿前路段,118.3246113,24.4625018,普通重型 機車∕ ∕,機車普通重型,24∕0∕,受傷,XO****5代號494,其他,有適當之駕照,經呼氣檢測0.26至0.40mg∕L或血液檢測0.051至0.08,機車左側車身,酒醉（後）駕駛失控∕尚未發現肇事因素∕,酒醉（後）駕駛失控∕酒醉（後）駕駛失控∕,技術工,購物,本國∕本國∕
10106,10106Y00020033,YZA1,10106YZ000045,2012,6,27,14,30,金門縣,金城鎮,,NA,民生路,,,NA,,,,,,縣政府前路口,NA,NA,NA,NA,NA,NA,NA,NA,NA,0,1,0,晴,日間自然光線,村里道路,40,三岔路,交岔路口內,柏油,乾燥,無缺陷,無障礙物,良好,無號誌,無號誌,無分向設施,未繪設車道線,未繪設快慢車道分隔線,無,側撞,未依規定讓車,Y000,YZ00,1,2,2012/6/27,民生路,,金門縣金城鎮縣政府前路口,118.3190184,24.43575,自用 小客車∕普通重型 機車∕,小客車自用∕機車普通重型∕,74∕27∕,未受傷∕受傷∕,WY****2代號495∕PU****2代號496∕,其他∕其他∕,有適當之駕照∕有適當之駕照∕,經檢測無酒精反應∕經檢測無酒精反應∕,汽車前車頭∕機車左側車身∕,未依規定讓車∕未依規定減速∕,未依規定讓車∕未依規定讓車∕,其他∕其他∕,其他∕其他∕,本國∕本國∕
10106,10106Y00020034,YZA1,10106YZ000046,2012,6,28,12,55,金門縣,金城鎮,,NA,珠浦西路,,94,NA,11月1日,,,,,路口,NA,NA,NA,NA,NA,NA,NA,NA,NA,0,1,0,晴,日間自然光線,村里道路,40,四岔路,交岔路口內,其他鋪裝,乾燥,無缺陷,無障礙物,建築物,無號誌,無號誌,無分向設施,未繪設車道線,未繪設快慢車道分隔線,無,路口交岔撞,未依規定讓車,Y000,YZ00,1,2,2012/6/28,珠浦西路94巷11-1號,,金門縣金城鎮路口,118.3147803,24.4384226,普通重型 機車∕自用 小客車∕,機車普通重型∕小客車自用∕,49∕66∕,受傷∕未受傷∕,ED****8代號497∕63****Z代號498∕,其他∕其他∕,無照（已達考照年齡）∕有適當之駕照∕,經檢測無酒精反應∕經檢測無酒精反應∕,機車前車頭∕汽車左前車頭（身）∕,未依規定讓車∕未依規定減速∕,未依規定讓車∕未依規定讓車∕,其他∕其他∕,其他∕其他∕,本國∕本國∕
10106,10106Y00020036,YZA1,10106YZ000048,2012,6,28,20,25,金門縣,金城鎮,,NA,珠浦西路,,84,NA,10,,,,,,NA,NA,NA,NA,NA,NA,NA,NA,NA,0,1,0,晴,夜間（或隧道、地下道、涵洞）有照明,村里道路,40,四岔路,交岔路口內,其他鋪裝,乾燥,無缺陷,無障礙物,良好,無號誌,無號誌,無分向設施,未繪設車道線,未繪設快慢車道分隔線,有,路口交岔撞,未依規定讓車,Y000,YZ00,1,2,2012/6/28,珠浦西路84巷10號,,金門縣金城鎮,118.3147803,24.4384226,計程車 小客車∕普通重型 機車∕,小客車計程車∕機車普通重型∕,52∕56∕,未受傷∕受傷∕,56***Q代號499∕3J****1代號500∕,其他∕其他∕,有適當之駕照∕有適當之駕照∕,經檢測無酒精反應∕經檢測無酒精反應∕,汽車右後車尾（身）∕機車前車頭∕,未依規定讓車∕未依規定減速∕,未依規定讓車∕未依規定讓車∕,汽車、火車駕駛員及船員∕服務工作者∕,其他∕社交活動∕,本國∕本國∕
10106,10106Y00020038,YZA1,10106YZ000051,2012,6,29,7,30,金門縣,烈嶼鄉,青岐村,NA,八青路,,,NA,,,,,,青岐4號前路段,NA,NA,NA,NA,NA,NA,NA,NA,NA,0,1,0,晴,日間自然光線,鄉道,50,四岔路,交岔路口內,柏油,乾燥,無缺陷,無障礙物,良好,無號誌,無號誌,無分向設施,未繪設車道線,未繪設快慢車道分隔線,有,側撞,未依規定讓車,Y000,YZ00,1,2,2012/6/29,八青路,,金門縣烈嶼鄉青岐村青岐4號前路段,118.2364682,24.422863,普通重型 機車∕自用 小貨車(含客、貨兩用)∕,機車普通重型∕小貨車自用∕,83∕25∕,受傷∕未受傷∕,25****E代號501∕6F****1代號50∕,其他∕其他∕,無照（已達考照年齡）∕有適當之駕照∕,無法檢測∕經檢測無酒精反應∕,機車前車頭∕汽車右前車頭（身）∕,未依規定讓車∕未依規定減速∕,未依規定讓車∕未依規定讓車∕,無業者∕其他∕,其他∕業務聯繫∕,本國∕本國∕
10106,10106Y00020040,YZA1,10106YZ000052,2012,6,29,12,15,金門縣,金寧鄉,榜林村,NA,伯玉路,一,,NA,232,,,,,,NA,NA,NA,NA,NA,NA,NA,NA,NA,0,1,0,晴,日間自然光線,縣道,60,直路,一般車道（未劃分快慢車道）,柏油,乾燥,無缺陷,無障礙物,良好,無號誌,無號誌,附標記,未繪設車道線,快慢車道分隔線,有,側撞,未依規定讓車,Y000,YZ00,1,2,2012/6/29,伯玉路一段232號,,金門縣金寧鄉榜林村,118.3267756,24.4346914,自用 小貨車(含客、貨兩用)∕普通重型 機車∕,小貨車自用∕機車普通重型∕,55∕25∕,未受傷∕受傷∕,6F****2代號502∕28****T代號503∕,其他∕其他∕,有適當之駕照∕有適當之駕照∕,經檢測無酒精反應∕經檢測無酒精反應∕,汽車左前車頭（身）∕機車前車頭∕,未依規定讓車∕未注意車前狀態∕,未依規定讓車∕未依規定讓車∕,家庭主婦（夫）∕技術員及助理人員∕,購物∕社交活動∕,本國∕本國∕
10106,10106Y00020046,YZA1,10106YZ000055,2012,6,30,10,24,金門縣,金寧鄉,,NA,環島北路,,,NA,,,,,西,西山出口,NA,NA,NA,NA,NA,NA,NA,NA,NA,0,1,0,晴,日間自然光線,縣道,60,三岔路,交岔口附近,柏油,乾燥,無缺陷,無障礙物,良好,無號誌,無號誌,附標記,未繪設車道線,未繪設快慢車道分隔線,有,追撞,違規超車,Y000,YZ00,1,2,2012/6/30,環島北路,,金門縣金寧鄉西山出口,118.322662,24.441264,普通輕型 機車∕普通重型 機車∕,機車普通輕型∕機車普通重型∕,43∕64∕,受傷∕未受傷∕,TW****8代號504∕23****U代號505∕,其他∕其他∕,有適當之駕照∕有適當之駕照∕,經檢測無酒精反應∕經檢測無酒精反應∕,機車左側車身∕機車前車頭∕,違規超車∕尚未發現肇事因素∕,違規超車∕違規超車∕,不明∕其他∕,不明∕其他∕,本國∕本國∕
10106,10106Y00020041,YZA1,10106YZ000056,2012,6,30,11,5,金門縣,金城鎮,古城里,NA,,,,NA,,,,,,翟山坑道出口口停車場路段,NA,NA,NA,NA,NA,NA,NA,NA,NA,0,1,0,晴,日間自然光線,其他,40,廣場,其他,水泥,乾燥,無缺陷,無障礙物,良好,無號誌,無號誌,無分向設施,未繪設車道線,未繪設快慢車道分隔線,無,佇立路邊（外）,倒車未依規定,Y000,YZ00,1,2,2012/6/30,金門縣金城鎮古城里翟山坑道出口口停車場路段,,金門縣金城鎮古城里翟山坑道出口口停車場路段,118.3166667,24.4166667,遊覽車 大客車∕其他人 人∕,遊覽車∕其他人∕,65∕42∕,未受傷∕受傷∕,15***L代號183,其他∕非駕駛人及乘客∕,有適當之駕照∕非汽（機）車駕駛人∕,經檢測無酒精反應∕經檢測無酒精反應∕,汽車左前車頭（身）∕非汽（機）車∕,倒車未依規定∕尚未發現肇事因素∕,倒車未依規定∕倒車未依規定∕,汽車、火車駕駛員及船員∕其他∕,業務聯繫∕觀光旅遊∕,本國∕本國∕
10107,10107Y00020003,YYA1,10107YY000002,2012,7,2,7,55,金門縣,金沙鎮,,NA,環島北路,四,,NA,,,,,,斗門路口,NA,NA,NA,NA,NA,NA,NA,NA,NA,0,4,0,晴,日間自然光線,村里道路,60,四岔路,交岔路口內,柏油,乾燥,無缺陷,無障礙物,良好,閃光號誌,正常,附標記,車道線（附標記）,未繪設快慢車道分隔線,有,同向擦撞,違規超車,Y000,YY00,1,2,2012/7/2,環島北路四段,,金門縣金沙鎮斗門路口,118.4045085,24.4840105,普通重型 機車∕普通重型 機車∕乘客 人∕乘客 人∕,機車普通重型∕機車普通重型∕乘客∕乘客∕,21∕34∕8∕5∕,受傷∕受傷∕受傷∕受傷∕,92****T代號506∕27****F代號507∕27****F代號507∕27****F代號507∕,其他∕其他∕其他∕其他∕,有適當之駕照∕有適當之駕照∕非汽（機）車駕駛人∕非汽（機）車駕駛人∕,經檢測無酒精反應∕經檢測無酒精反應∕非駕駛人，未檢測∕非駕駛人，未檢測∕,機車前車頭∕機車左側車身∕非汽（機）車∕非汽（機）車∕,違規超車∕尚未發現肇事因素∕尚未發現肇事因素∕尚未發現肇事因素∕,違規超車∕違規超車∕違規超車∕違規超車∕,其他∕家庭主婦（夫）∕小學生∕小學生∕,其他∕其他∕其他∕其他∕,本國∕本國∕本國∕本國∕
10107,10107Y00020004,YYA1,10107YY000003,2012,7,2,14,51,金門縣,金湖鎮,,NA,太湖路,一,,NA,,,經武路,,,,NA,NA,NA,NA,NA,NA,NA,NA,NA,0,2,0,晴,日間自然光線,村里道路,50,三岔路,交岔路口內,柏油,乾燥,無缺陷,無障礙物,良好,無號誌,無號誌,無分向設施,未繪設車道線,未繪設快慢車道分隔線,有,側撞,未依規定讓車,Y000,YY00,NA,NA,2012/7/2,太湖路一段,經武路,,118.3991433,24.45132484,普通重型 機車∕自用 大貨車∕乘客 人,機車普通重型∕大貨車自用∕乘客,18∕55∕18,受傷∕未受傷∕受傷,16****D代號508∕VZ***0代號80∕16****D代號508,其他∕其他∕其他,無照（未達考照年齡）∕有適當之駕照∕非汽（機）車駕駛人,經檢測無酒精反應∕經檢測無酒精反應∕經檢測無酒精反應,機車前車頭∕汽車左前車頭（身）∕非汽（機）車,未依規定讓車∕未依規定減速∕尚未發現肇事因素,未依規定讓車∕未依規定讓車∕未依規定讓車,高中生∕汽車、火車駕駛員及船員∕高中生,其他∕運輸∕其他,本國∕本國∕本國
10107,10107Y00020005,YYA1,10107YY000006,2012,7,3,8,0,金門縣,金沙鎮,,NA,環島北路,五,,NA,,,,,,榮湖淨水廠前路段,NA,NA,NA,NA,NA,NA,NA,NA,NA,0,1,0,晴,日間自然光線,村里道路,50,三岔路,交岔路口內,柏油,乾燥,無缺陷,無障礙物,良好,無號誌,無號誌,無分向設施,未繪設車道線,未繪設快慢車道分隔線,有,側撞,未注意車前狀態,Y000,YY00,1,2,2012/7/3,環島北路五段,,金門縣金沙鎮榮湖淨水廠前路段,118.322662,24.441264,自用 小客車∕普通輕型 機車∕,小客車自用∕機車普通輕型∕,40∕75∕,未受傷∕受傷∕,3H****3代號509∕WZ****1代號510∕,其他∕其他∕,有適當之駕照∕無照（已達考照年齡）∕,經檢測無酒精反應∕經檢測無酒精反應∕,汽車右前車頭（身）∕機車左側車身∕,未注意車前狀態∕左轉彎未依規定∕,未注意車前狀態∕未注意車前狀態∕,服務工作者∕無業者∕,上、下班∕購物∕,本國∕本國∕
10107,10107Y00030002,YYA1,10107YY000009,2012,7,4,17,44,金門縣,金沙鎮,,NA,環島北路,,,NA,,,,,,洋山路口前,NA,NA,NA,NA,NA,NA,NA,NA,NA,0,0,0,晴,日間自然光線,村里道路,60,三岔路,交岔口附近,柏油,乾燥,無缺陷,無障礙物,良好,無號誌,無號誌,附標記,未繪設車道線,未繪設快慢車道分隔線,有,追撞,未保持行車安全距離,Y000,YY00,1,3,2012/7/4,環島北路,,金門縣金沙鎮洋山路口前,118.322662,24.441264,自用 小客車∕自用 小客車∕,小客車自用∕小客車自用∕,31∕35∕,未受傷∕未受傷∕,9D****9代號511∕6F****8代號512∕,其他∕其他∕,有適當之駕照∕有適當之駕照∕,經檢測無酒精反應∕經檢測無酒精反應∕,汽車前車頭∕汽車後車尾∕,未保持行車安全距離∕尚未發現肇事因素∕,未保持行車安全距離∕未保持行車安全距離∕,其他∕其他∕,其他∕其他∕,本國∕本國∕
10107,10107Y00020007,YYA1,10107YY000012,2012,7,4,21,22,金門縣,金湖鎮,瓊林里,NA,環島北路,三,,NA,,,,,,瓊林圓環內,NA,NA,NA,NA,NA,NA,NA,NA,NA,0,1,0,晴,夜間（或隧道、地下道、涵洞）有照明,村里道路,60,圓環,一般車道（未劃分快慢車道）,柏油,乾燥,無缺陷,無障礙物,良好,閃光號誌,正常,無分向設施,未繪設車道線,未繪設快慢車道分隔線,有,追撞,未注意車前狀態,Y000,YY00,1,2,2012/7/4,環島北路三段,,金門縣金湖鎮瓊林里瓊林圓環內,118.388325,24.466263,自用 小客車∕普通重型 機車∕,小客車自用∕機車普通重型∕,58∕37∕,未受傷∕受傷∕,6F****1代號513∕63****E代號514∕,其他∕其他∕,有適當之駕照∕有適當之駕照∕,經檢測無酒精反應∕經檢測無酒精反應∕,汽車前車頭∕機車後車尾∕,未注意車前狀態∕尚未發現肇事因素∕,未注意車前狀態∕未注意車前狀態∕,其他∕其他∕,其他∕其他∕,本國∕本國∕
10107,10107Y00030003,YYA1,10107YY000013,2012,7,5,9,23,金門縣,金湖鎮,,NA,玉章路,,,NA,,,,,,植物園路口,NA,NA,NA,NA,NA,NA,NA,NA,NA,0,0,0,晴,日間自然光線,村里道路,50,三岔路,交岔路口內,柏油,乾燥,無缺陷,無障礙物,良好,無號誌,無號誌,無分向設施,未繪設車道線,未繪設快慢車道分隔線,有,側撞,未依規定讓車,Y000,YY00,1,3,2012/7/5,玉章路,,金門縣金湖鎮植物園路口,118.412711,24.4615568,自用 小貨車(含客、貨兩用)∕計程車 小客車∕,小貨車自用∕小客車計程車∕,40∕50∕,未受傷∕未受傷∕,6F****8代號515∕09***5代號516∕,其他∕其他∕,有適當之駕照∕有適當之駕照∕,經檢測無酒精反應∕經檢測無酒精反應∕,汽車左側車身∕汽車右前車頭（身）∕,未依規定讓車∕未依規定減速∕,未依規定讓車∕未依規定讓車∕,其他∕汽車、火車駕駛員及船員∕,其他∕運輸∕,本國∕本國∕
10107,10107Y00030007,YYA1,10107YY000016,2012,7,5,18,50,金門縣,金湖鎮,新市里,NA,復興路,,,NA,,,,,,與中正路路口,NA,NA,NA,NA,NA,NA,NA,NA,NA,0,0,0,晴,日間自然光線,村里道路,40,四岔路,交岔口附近,柏油,乾燥,無缺陷,無障礙物,良好,無號誌,無號誌,附標記,未繪設車道線,未繪設快慢車道分隔線,有,對向擦撞,酒醉（後）駕駛失控,Y000,YY00,1,3,2012/7/5,復興路,,金門縣金湖鎮新市里與中正路路口,118.4161413,24.4412321,普通重型 機車∕自用 小客車∕,機車普通重型∕小客車自用∕,36∕29∕,未受傷∕未受傷∕,GL****0代號517∕02****V代號518∕,其他∕其他∕,無照（已達考照年齡）∕有適當之駕照∕,經呼氣檢測0.41至0.55mg∕L或血液檢測0.081至0.11∕不明∕,機車前車頭∕汽車左前車頭（身）∕,酒醉（後）駕駛失控∕尚未發現肇事因素∕,酒醉（後）駕駛失控∕酒醉（後）駕駛失控∕,其他∕其他∕,其他∕其他∕,本國∕本國∕
10107,10107Y00030005,YYA1,10107YY000019,2012,7,7,17,50,金門縣,金沙鎮,,NA,,,,NA,,,,,,榮湖后水頭路段,NA,NA,NA,NA,NA,NA,NA,NA,NA,0,0,0,晴,日間自然光線,村里道路,40,直路,路肩、路緣,柏油,乾燥,無缺陷,無障礙物,良好,無號誌,無號誌,附標記,未繪設車道線,未繪設快慢車道分隔線,有,撞號誌、標誌桿,未注意車前狀態,Y000,YY00,1,3,2012/7/7,金門縣金沙鎮榮湖后水頭路段,,金門縣金沙鎮榮湖后水頭路段,118.4137179,24.4821177,自用 小客車∕ ∕,小客車自用,33∕0∕,未受傷,ZG****1代號519,其他,有適當之駕照,無法檢測,汽車前車頭,未注意車前狀態∕尚未發現肇事因素∕,未注意車前狀態∕未注意車前狀態∕,其他,其他,本國∕本國∕
10107,10107Y00020012,YYA1,10107YY000023,2012,7,11,7,35,金門縣,金湖鎮,,NA,,,,NA,,,,,,復興路往護國寺路段,NA,NA,NA,NA,NA,NA,NA,NA,NA,0,1,0,晴,日間自然光線,村里道路,50,直路,一般車道（未劃分快慢車道）,柏油,乾燥,無缺陷,無障礙物,良好,無號誌,無號誌,無標記,未繪設車道線,未繪設快慢車道分隔線,有,側撞,起步未注意其他車（人）安全,Y000,YY00,1,2,2012/7/11,金門縣金湖鎮復興路往護國寺路段,,金門縣金湖鎮復興路往護國寺路段,118.4161413,24.4412321,自用 小客車∕普通重型 機車∕,小客車自用∕機車普通重型∕,34∕23∕,未受傷∕受傷∕,LR****8代號520∕67****K代號521∕,其他∕其他∕,有適當之駕照∕有適當之駕照∕,經檢測無酒精反應∕經檢測無酒精反應∕,汽車左前車頭（身）∕機車右側車身∕,起步未注意其他車（人）安全∕尚未發現肇事因素∕,起步未注意其他車（人）安全∕起步未注意其他車（人）安全∕,無業者∕技術工∕,其他∕購物∕,本國∕本國∕
10107,10107Y00020013,YYA1,10107YY000026,2012,7,11,8,49,金門縣,金湖鎮,瓊林里,NA,伯玉路,三,,NA,,,,,,測速照相機前路段,NA,NA,NA,NA,NA,NA,NA,NA,NA,0,2,0,晴,日間自然光線,村里道路,70,直路,一般車道（未劃分快慢車道）,柏油,乾燥,無缺陷,無障礙物,良好,無號誌,無號誌,無標記,未繪設車道線,快慢車道分隔線,有,路上翻車、摔倒,未注意車前狀態,Y000,YY00,1,2,2012/7/11,伯玉路三段,,金門縣金湖鎮瓊林里測速照相機前路段,118.3646755,24.4460136,普通重型 機車∕ ∕乘客 人,機車普通重型乘客,19∕0∕22,受傷受傷,OO****6代號522OO****6代號522,其他其他,有適當之駕照非汽（機）車駕駛人,經檢測無酒精反應非駕駛人，未檢測,機車前車頭不明,未注意車前狀態∕尚未發現肇事因素∕尚未發現肇事因素,未注意車前狀態∕未注意車前狀態∕未注意車前狀態,大學（研究）生大學（研究）生,其他其他,本國∕本國∕非本國
10107,10107Y00020014,YYA1,10107YY000027,2012,7,11,9,48,金門縣,金湖鎮,新湖里,NA,環島南路,三,,NA,,,,,,后園41號前路口處,NA,NA,NA,NA,NA,NA,NA,NA,NA,0,2,0,晴,日間自然光線,村里道路,50,四岔路,交岔路口內,柏油,乾燥,無缺陷,無障礙物,良好,無號誌,無號誌,無分向設施,未繪設車道線,未繪設快慢車道分隔線,有,側撞,未依規定讓車,Y000,YY00,1,2,2012/7/11,環島南路三段,,金門縣金湖鎮新湖里后園41號前路口處,118.3757827,24.4398961,普通重型 機車∕普通重型 機車∕乘客 人∕乘客 人∕,機車普通重型∕機車普通重型∕乘客∕乘客∕,38∕29∕8∕12∕,未受傷∕受傷∕受傷∕未受傷∕,F2****9代號523∕97****T代號524∕F2****9代號523∕F2****9代號523∕,其他∕其他∕其他∕其他∕,無照（已達考照年齡）∕有適當之駕照∕非汽（機）車駕駛人∕非汽（機）車駕駛人∕,經檢測無酒精反應∕經檢測無酒精反應∕非駕駛人，未檢測∕非駕駛人，未檢測∕,機車前車頭∕機車右側車身∕非汽（機）車∕非汽（機）車∕,未依規定讓車∕未依規定減速∕尚未發現肇事因素∕尚未發現肇事因素∕,未依規定讓車∕未依規定讓車∕未依規定讓車∕未依規定讓車∕,家庭主婦（夫）∕其他∕未就學兒童∕小學生∕,其他∕其他∕其他∕其他∕,本國∕本國∕本國∕本國∕
10107,10107Y00020016,YYA1,10107YY000028,2012,7,12,7,50,金門縣,金湖鎮,,NA,伯玉路,四,,NA,,,瓊徑路,,,,NA,NA,NA,NA,NA,NA,NA,NA,NA,0,1,0,晴,日間自然光線,村里道路,50,圓環,一般車道（未劃分快慢車道）,柏油,乾燥,無缺陷,無障礙物,良好,無號誌,無號誌,無分向設施,車道線（無標記）,未繪設快慢車道分隔線,有,其他,未依規定讓車,Y000,YY00,1,2,2012/7/12,伯玉路四段,瓊徑路,,118.3851529,24.44734108,普通重型 機車∕自用 小客車∕,機車普通重型∕小客車自用∕,24∕57∕,受傷∕未受傷∕,PZ****2代號525∕6F****0代號526∕,其他∕其他∕,有適當之駕照∕有適當之駕照∕,經檢測無酒精反應∕經檢測無酒精反應∕,機車前車頭∕汽車右前車頭（身）∕,未依規定讓車∕尚未發現肇事因素∕,未依規定讓車∕未依規定讓車∕,服務工作者∕不明∕,上、下班∕上、下班∕,本國∕本國∕
10107,10107Y00030006,YYA1,10107YY000031,2012,7,13,10,40,金門縣,金湖鎮,,NA,復興路,,,NA,,,,,,台銀前路口,NA,NA,NA,NA,NA,NA,NA,NA,NA,0,0,0,晴,日間自然光線,村里道路,40,三岔路,交岔口附近,柏油,乾燥,無缺陷,無障礙物,良好,無號誌,無號誌,附標記,未繪設車道線,未繪設快慢車道分隔線,有,對向擦撞,未保持行車安全間隔,Y000,YY00,1,3,2012/7/13,復興路,,金門縣金湖鎮台銀前路口,118.4161413,24.4412321,自用 小客車∕自用 小客車∕,小客車自用∕小客車自用∕,63∕29∕,未受傷∕未受傷∕,25****S代號527∕08****2代號528∕,其他∕其他∕,有適當之駕照∕有適當之駕照∕,經檢測無酒精反應∕經檢測無酒精反應∕,汽車左後車尾（身）∕汽車左側車身∕,未保持行車安全間隔∕未保持行車安全間隔∕,未保持行車安全間隔∕未保持行車安全間隔∕,其他∕其他∕,其他∕其他∕,本國∕本國∕
10107,10107Y00020019,YYA1,10107YY000032,2012,7,14,15,58,金門縣,金湖鎮,,NA,經武路,,,NA,,,,,,00718號路燈桿,NA,NA,NA,NA,NA,NA,NA,NA,NA,0,2,0,晴,日間自然光線,村里道路,60,直路,一般車道（未劃分快慢車道）,柏油,乾燥,無缺陷,無障礙物,良好,無號誌,無號誌,附標記,未繪設車道線,未繪設快慢車道分隔線,有,路上翻車、摔倒,未注意車前狀態,Y000,YY00,1,2,2012/7/14,經武路,,金門縣金湖鎮00718號路燈桿,118.3875082,24.4434136,普通重型 機車∕ ∕乘客 人,機車普通重型乘客,30∕0∕22,受傷受傷,IX****0代號529IX****0代號529,其他其他,有適當之駕照非汽（機）車駕駛人,經檢測無酒精反應非駕駛人，未檢測,機車右側車身不明,未注意車前狀態∕尚未發現肇事因素∕尚未發現肇事因素,未注意車前狀態∕未注意車前狀態∕未注意車前狀態,不明不明,觀光旅遊觀光旅遊,本國∕本國∕非本國
10107,,YYA1,10107YY000033,2012,7,13,8,13,金門縣,金湖鎮,,NA,雙瓊路,,,NA,,,,,,00359號燈桿,NA,NA,NA,NA,NA,NA,NA,NA,NA,0,0,0,NA,NA,NA,0,NA,NA,NA,NA,NA,NA,NA,NA,NA,NA,NA,NA,NA,NA,NA,Y000,YY00,1,4,2012/7/13,雙瓊路,,金門縣金湖鎮00359號燈桿,118.3660576,24.4501741,計程車 小客車∕自用 小客車∕,小客車計程車∕小客車自用∕,32∕42∕,,VX***7代號530∕Q2****8代號531∕,,,,,,,,,本國∕本國∕
10107,10107Y00020038,YYA1,10107YY000034,2012,7,15,8,51,金門縣,金沙鎮,汶沙里,NA,環島東路,一,,NA,,,,,,金沙鎮公所前,NA,NA,NA,NA,NA,NA,NA,NA,NA,0,2,0,晴,日間自然光線,村里道路,50,四岔路,交岔路口內,柏油,乾燥,無缺陷,無障礙物,良好,無號誌,無號誌,無分向設施,未繪設車道線,未繪設快慢車道分隔線,有,穿越道路中,未注意車前狀態,Y000,YY00,1,2,2012/7/15,環島東路一段,,金門縣金沙鎮汶沙里金沙鎮公所前,118.4213083,24.4841071,普通重型 機車∕行人 人∕,機車普通重型∕行人∕,22∕58∕,受傷∕受傷∕,78****K代號532,其他∕非駕駛人及乘客∕,有適當之駕照∕非汽（機）車駕駛人∕,經檢測無酒精反應∕非駕駛人，未檢測∕,機車前車頭∕非汽（機）車∕,未注意車前狀態∕尚未發現肇事因素∕,未注意車前狀態∕未注意車前狀態∕,其他∕其他∕,其他∕其他∕,本國∕本國∕
10107,10107Y00020020,YYA1,10107YY000035,2012,7,15,19,38,金門縣,金湖鎮,,NA,黃海路,,,NA,,,,,,山外橋頭,NA,NA,NA,NA,NA,NA,NA,NA,NA,0,1,0,陰,夜間（或隧道、地下道、涵洞）有照明,村里道路,50,三岔路,交岔口附近,柏油,乾燥,無缺陷,無障礙物,良好,無號誌,無號誌,無標記,未繪設車道線,未繪設快慢車道分隔線,有,同向通行中,未注意車前狀態,Y000,YY00,1,2,2012/7/15,黃海路,,金門縣金湖鎮山外橋頭,118.4256931,24.452032,普通重型 機車∕行人 人∕,機車普通重型∕行人∕,59∕70∕,未受傷∕受傷∕,PZ****6代號533,其他∕非駕駛人及乘客∕,越級駕駛∕非汽（機）車駕駛人∕,經檢測無酒精反應∕非駕駛人，未檢測∕,機車前車頭∕非汽（機）車∕,未注意車前狀態∕其他引起事故之疏失或行為∕,未注意車前狀態∕未注意車前狀態∕,技術員及助理人員∕無業者∕,購物∕其他∕,本國∕本國∕
10107,10107Y00020026,YYA1,10107YY000041,2012,7,20,11,30,金門縣,金湖鎮,,NA,環島東路,四,,NA,,,士校路,,,,NA,NA,NA,NA,NA,NA,NA,NA,NA,0,1,0,晴,日間自然光線,村里道路,50,四岔路,交岔路口內,柏油,乾燥,無缺陷,無障礙物,良好,閃光號誌,正常,無分向設施,未繪設車道線,未繪設快慢車道分隔線,有,路口交岔撞,未依規定讓車,Y000,YY00,NA,NA,2012/7/20,環島東路四段,士校路,,118.4462076,24.45419698,計程車 小客車∕普通重型 機車∕,小客車計程車∕機車普通重型∕,55∕63∕,未受傷∕受傷∕,02***5代號534∕88****D代號535∕,其他∕其他∕,有適當之駕照∕有適當之駕照∕,經檢測無酒精反應∕經檢測無酒精反應∕,汽車左前車頭（身）∕機車前車頭∕,未依規定讓車∕未依規定減速∕,未依規定讓車∕未依規定讓車∕,汽車、火車駕駛員及船員∕服務工作者∕,不明∕上、下班∕,本國∕本國∕
10107,10107Y00020027,YYA1,10107YY000042,2012,7,21,3,50,金門縣,金湖鎮,,NA,士校路,,,NA,,,,,,士校往下莊路段28204號路燈桿,NA,NA,NA,NA,NA,NA,NA,NA,NA,0,1,0,晴,夜間（或隧道、地下道、涵洞）有照明,村里道路,50,彎曲路及附近,一般車道（未劃分快慢車道）,柏油,乾燥,無缺陷,無障礙物,良好,無號誌,無號誌,附標記,未繪設車道線,未繪設快慢車道分隔線,有,撞護欄（樁）,未依規定減速,Y000,YY00,1,2,2012/7/21,士校路,,金門縣金湖鎮士校往下莊路段28204號路燈桿,118.4271704,24.4453138,自用 小客車∕ ∕,小客車自用,20∕0∕,受傷,LI****8代號536,其他,有適當之駕照,不明,汽車右前車頭（身）,未依規定減速∕尚未發現肇事因素∕,未依規定減速∕未依規定減速∕,不明,不明,本國∕本國∕