年月,總編號,處理單位,處理編號,年,月,日,時,分,縣市,區,村里,鄰,街道,段,巷,弄,號,公尺處,街道.1,段.1,側,附近,道路,公里,公尺處.1,向,車道,平交道,公里.1,公尺處.2,附近.1,死,受傷,X2.30,天候,光線,道路類別,速限,道路型態,事故位置,路面鋪裝,路面狀態,路面缺陷,障礙物,視距,號誌種類,號誌動作,分向設施,快車道或一般車道間,快慢車道間,路面邊線,事故類型及型態,主要肇因,警局,分局,案件類別,事故類別,日期,道路1,道路2,概略位置,lon,lat,車種,當事者區分.類別.,年齡,受傷程度,車輛牌照號碼,車輛用途,駕駛資格情形,飲酒情形,車輛撞擊部位最初,肇事因素個別,肇事因素主要,職.業,旅次目的,國籍
10107,10107Y00020029,YZA1,10107YZ000046,2012,7,23,20,45,金門縣,金寧鄉,,NA,慈湖路,一,,NA,,,,,,12號前路段,NA,NA,NA,NA,NA,NA,NA,NA,NA,0,1,0,晴,夜間（或隧道、地下道、涵洞）有照明,村里道路,50,直路,一般車道（未劃分快慢車道）,柏油,乾燥,無缺陷,無障礙物,良好,無號誌,無號誌,無標記,未繪設車道線,未繪設快慢車道分隔線,有,同向通行中,未注意車前狀態,Y000,YZ00,1,2,2012/7/23,慈湖路一段,,金門縣金寧鄉12號前路段,118.3117387,24.4416084,自用 小客車∕行人 人∕,小客車自用∕行人∕,53∕54∕,未受傷∕受傷∕,WY****7代號586,其他∕非駕駛人及乘客∕,有適當之駕照∕非汽（機）車駕駛人∕,經檢測無酒精反應∕非駕駛人，未檢測∕,汽車右前車頭（身）∕非汽（機）車∕,未注意車前狀態∕尚未發現肇事因素∕,未注意車前狀態∕未注意車前狀態∕,其他∕其他∕,購物∕觀光旅遊∕,本國∕非本國∕
10107,10107Y00020030,YZA1,10107YZ000047,2012,7,27,7,48,金門縣,金城鎮,東門里,NA,伯玉路,一,,NA,,,,,,00269號路燈桿前路段,NA,NA,NA,NA,NA,NA,NA,NA,NA,0,1,0,晴,日間自然光線,縣道,60,直路,一般車道（未劃分快慢車道）,柏油,乾燥,無缺陷,無障礙物,良好,無號誌,無號誌,附標記,未繪設車道線,快慢車道分隔線,有,其他,未注意車前狀態,Y000,YZ00,1,2,2012/7/27,伯玉路一段,,金門縣金城鎮東門里00269號路燈桿前路段,118.3267756,24.4346914,普通重型 機車∕腳踏自行車 慢車∕,機車普通重型∕腳踏自行車∕,34∕17∕,受傷∕未受傷∕,59****F代號587,其他∕其他∕,有適當之駕照∕非汽（機）車駕駛人∕,經檢測無酒精反應∕經檢測無酒精反應∕,機車左側車身∕不明∕,未注意車前狀態∕尚未發現肇事因素∕,未注意車前狀態∕未注意車前狀態∕,技術員及助理人員∕機械設備操作工及組裝工∕,上、下班∕上、下班∕,本國∕本國∕
10107,10107Y00020031,YZA1,10107YZ000048,2012,7,28,10,41,金門縣,金城鎮,,NA,金山路,,,NA,,,,,,05641號燈桿前路段,NA,NA,NA,NA,NA,NA,NA,NA,NA,0,1,0,晴,日間自然光線,縣道,50,直路,一般車道（未劃分快慢車道）,柏油,乾燥,無缺陷,無障礙物,良好,無號誌,無號誌,無標記,未繪設車道線,未繪設快慢車道分隔線,有,路上翻車、摔倒,未注意車前狀態,Y000,YZ00,1,2,2012/7/28,金山路,,金門縣金城鎮05641號燈桿前路段,118.3277754,24.4167689,普通重型 機車∕ ∕,機車普通重型,19∕0∕,受傷,AA****1代號588,其他,越級駕駛,經檢測無酒精反應,機車左側車身,未注意車前狀態∕尚未發現肇事因素∕,未注意車前狀態∕未注意車前狀態∕,大學（研究）生,其他,本國∕本國∕
10107,10107Y00020032,YZA1,10107YZ000049,2012,7,28,13,3,金門縣,金寧鄉,,NA,伯玉路,一,,NA,,,,,,281之1號前,NA,NA,NA,NA,NA,NA,NA,NA,NA,0,1,0,晴,日間自然光線,村里道路,60,三岔路,交岔口附近,柏油,乾燥,無缺陷,無障礙物,良好,無號誌,無號誌,附標記,未繪設車道線,快慢車道分隔線,有,追撞,未保持行車安全距離,Y000,YZ00,1,2,2012/7/28,伯玉路一段,,金門縣金寧鄉281之1號前,118.3267756,24.4346914,普通重型 機車∕自用 小客車∕,機車普通重型∕小客車自用∕,29∕67∕,受傷∕未受傷∕,31****G代號589∕D8****8代號590∕,其他∕其他∕,有適當之駕照∕有適當之駕照∕,經檢測無酒精反應∕經檢測無酒精反應∕,機車前車頭∕汽車右後車尾（身）∕,未保持行車安全距離∕右轉彎未依規定∕,未保持行車安全距離∕未保持行車安全距離∕,不明∕不明∕,其他∕其他∕,本國∕本國∕
10107,,YZA1,10107YZ000050,2012,7,27,13,20,金門縣,金城鎮,,NA,環島西路,一,,NA,,,,,,與莒光樓旁左側道路路口,NA,NA,NA,NA,NA,NA,NA,NA,NA,0,1,0,晴,日間自然光線,村里道路,40,三岔路,交岔路口內,柏油,乾燥,無缺陷,無障礙物,良好,無號誌,無號誌,附標記,禁止雙換車道線（附標記）,未繪設快慢車道分隔線,有,其他,不明原因肇事,Y000,YZ00,3,2,2012/7/27,環島西路一段,,金門縣金城鎮與莒光樓旁左側道路路口,118.3184801,24.4172073,普通重型 機車∕ ∕,機車普通重型,62∕0∕,受傷,AZ****2代號591,其他,有適當之駕照,不明,機車右側車身,不明原因肇事∕尚未發現肇事因素∕,不明原因肇事∕不明原因肇事∕,其他,其他,本國∕本國∕
10107,10107Y00020040,YZA1,10107YZ000052,2012,7,31,13,20,金門縣,金寧鄉,,NA,伯玉路,一,,NA,,,,,,307號前,NA,NA,NA,NA,NA,NA,NA,NA,NA,0,1,0,晴,日間自然光線,村里道路,40,三岔路,交岔路口內,水泥,乾燥,無缺陷,無障礙物,良好,無號誌,無號誌,無分向設施,未繪設車道線,未繪設快慢車道分隔線,有,側撞,未依規定讓車,Y000,YZ00,1,2,2012/7/31,伯玉路一段,,金門縣金寧鄉307號前,118.3267756,24.4346914,普通重型 機車∕自用 小客車∕,機車普通重型∕小客車自用∕,26∕48∕,受傷∕未受傷∕,00****T代號592∕WY****0代號593∕,其他∕其他∕,有適當之駕照∕有適當之駕照∕,經檢測無酒精反應∕經檢測無酒精反應∕,機車前車頭∕汽車左前車頭（身）∕,未依規定讓車∕未依規定減速∕,未依規定讓車∕未依規定讓車∕,不明∕不明∕,其他∕其他∕,本國∕本國∕
10107,10107Y00020036,YZA1,10107YZ000053,2012,7,31,18,25,金門縣,金寧鄉,,NA,頂林路,,,NA,,,,,,消防局後方產業道路07632號路燈桿前路口,NA,NA,NA,NA,NA,NA,NA,NA,NA,0,1,0,晴,日間自然光線,村里道路,40,四岔路,交岔路口內,水泥,乾燥,無缺陷,無障礙物,良好,無號誌,無號誌,無分向設施,未繪設車道線,未繪設快慢車道分隔線,無,路口交岔撞,未依規定讓車,Y000,YZ00,1,2,2012/7/31,頂林路,,金門縣金寧鄉消防局後方產業道路07632號路燈桿前路口,118.3246113,24.4625018,自用 小貨車(含客、貨兩用)∕普通重型 機車∕,小貨車自用∕機車普通重型∕,35∕54∕,未受傷∕受傷∕,6F****6代號594∕PZ****2代號595∕,其他∕其他∕,有適當之駕照∕有適當之駕照∕,經檢測無酒精反應∕經檢測無酒精反應∕,汽車左前車頭（身）∕機車左側車身∕,未依規定讓車∕未依規定減速∕,未依規定讓車∕未依規定讓車∕,專業人員∕家庭主婦（夫）∕,業務聯繫∕社交活動∕,本國∕本國∕
10108,10108Y00030001,YYA1,10108YY000003,2012,8,3,10,18,金門縣,金湖鎮,新湖里,NA,,,,NA,,,,,,塔后2081號前路口,NA,NA,NA,NA,NA,NA,NA,NA,NA,0,0,0,陰,日間自然光線,村里道路,40,四岔路,交岔路口內,柏油,乾燥,無缺陷,無障礙物,良好,無號誌,無號誌,無分向設施,未繪設車道線,未繪設快慢車道分隔線,有,路口交岔撞,未依規定讓車,Y000,YY00,1,3,2012/8/3,金門縣金湖鎮新湖里塔后2081號前路口,,金門縣金湖鎮新湖里塔后2081號前路口,118.417239,24.439798,自用 小客車∕自用 小客車∕,小客車自用∕小客車自用∕,25∕43∕,未受傷∕未受傷∕,04****2代號596∕6F****0代號597∕,其他∕其他∕,有適當之駕照∕有適當之駕照∕,經檢測無酒精反應∕經檢測無酒精反應∕,汽車前車頭∕汽車左前車頭（身）∕,未依規定讓車∕未依規定減速∕,未依規定讓車∕未依規定讓車∕,技術工∕其他∕,其他∕其他∕,本國∕本國∕
10108,10108Y00020004,YYA1,10108YY000005,2012,8,3,12,5,金門縣,金湖鎮,,NA,伯玉路,五,,NA,,,,,,魯王墓路段,NA,NA,NA,NA,NA,NA,NA,NA,NA,0,2,0,雨,日間自然光線,村里道路,40,彎曲路及附近,一般車道（未劃分快慢車道）,柏油,濕潤,無缺陷,無障礙物,良好,無號誌,無號誌,窄式無柵欄,未繪設車道線,未繪設快慢車道分隔線,有,撞交通島,未依規定減速,Y000,YY00,1,2,2012/8/3,伯玉路五段,,金門縣金湖鎮魯王墓路段,118.3897645,24.4505133,普通重型 機車∕ ∕乘客 人,機車普通重型乘客,18∕0∕18,受傷受傷,53****D代號59853****D代號598,其他其他,有適當之駕照非汽（機）車駕駛人,經檢測無酒精反應非駕駛人，未檢測,機車前車頭非汽（機）車,未依規定減速∕尚未發現肇事因素∕尚未發現肇事因素,未依規定減速∕未依規定減速∕未依規定減速,大學（研究）生大學（研究）生,觀光旅遊觀光旅遊,本國∕本國∕本國
10108,10108Y00020005,YYA1,10108YY000006,2012,8,5,11,30,金門縣,金沙鎮,,NA,陽沙路,,,NA,,,,,,01728號路燈桿前,NA,NA,NA,NA,NA,NA,NA,NA,NA,0,1,0,晴,日間自然光線,村里道路,50,彎曲路及附近,一般車道（未劃分快慢車道）,柏油,乾燥,無缺陷,無障礙物,彎道,無號誌,無號誌,附標記,未繪設車道線,未繪設快慢車道分隔線,有,撞路樹、電桿,未依規定減速,Y000,YY00,1,2,2012/8/5,陽沙路,,金門縣金沙鎮01728號路燈桿前,118.432385,24.4814738,自用 小貨車(含客、貨兩用)∕ ∕,小貨車自用,31∕0∕,受傷,6F****2代號599,其他,有適當之駕照,經檢測無酒精反應,汽車左前車頭（身）,未依規定減速∕尚未發現肇事因素∕,未依規定減速∕未依規定減速∕,無業者,其他,本國∕本國∕
10108,10108Y00020007,YYA1,10108YY000007,2012,8,6,23,7,金門縣,金湖鎮,,NA,瓊徑路,,,NA,,,經武路,,,,NA,NA,NA,NA,NA,NA,NA,NA,NA,0,2,0,晴,夜間（或隧道、地下道、涵洞）有照明,村里道路,50,四岔路,交岔路口內,柏油,乾燥,無缺陷,無障礙物,良好,閃光號誌,正常,無分向設施,未繪設車道線,未繪設快慢車道分隔線,有,撞路樹、電桿,未注意車前狀態,Y000,YY00,1,2,2012/8/6,瓊徑路,經武路,,118.3880485,24.44342822,自用 小貨車(含客、貨兩用)∕ ∕乘客 人∕乘客 人∕,小貨車自用乘客∕乘客∕,38∕0∕37∕39∕,未受傷受傷∕受傷∕,25****S代號60025****S代號600∕25****S代號600∕,其他其他∕其他∕,有適當之駕照非汽（機）車駕駛人∕非汽（機）車駕駛人∕,經檢測無酒精反應非駕駛人，未檢測∕非駕駛人，未檢測∕,汽車右前車頭（身）非汽（機）車∕非汽（機）車∕,未注意車前狀態∕尚未發現肇事因素∕尚未發現肇事因素∕尚未發現肇事因素∕,未注意車前狀態∕未注意車前狀態∕未注意車前狀態∕未注意車前狀態∕,技術工其他∕其他∕,其他其他∕其他∕,本國∕本國∕本國∕本國∕
10108,10108Y00010001,YYA1,10108YY000014,2012,8,9,21,15,金門縣,金沙鎮,,NA,環島北路,三,,NA,,,,,,中蘭路段07095號路燈桿處,NA,NA,NA,NA,NA,NA,NA,NA,NA,1,0,0,晴,夜間（或隧道、地下道、涵洞）有照明,村里道路,60,直路,一般車道（未劃分快慢車道）,柏油,乾燥,無缺陷,無障礙物,其他,無號誌,無號誌,附標記,未繪設車道線,未繪設快慢車道分隔線,有,其他,未注意車前狀態,Y000,YY00,1,1,2012/8/9,環島北路三段,,金門縣金沙鎮中蘭路段07095號路燈桿處,118.388325,24.466263,自用 小客車∕普通重型 機車∕乘客 人,小客車自用∕機車普通重型∕乘客,44∕57∕43,未受傷∕24小時內死亡∕未受傷,DB****0代號601∕NO****5代號602∕DB****0代號601,其他∕其他∕其他,有適當之駕照∕有適當之駕照∕非汽（機）車駕駛人,經檢測無酒精反應∕經檢測無酒精反應∕非駕駛人，未檢測,汽車右前車頭（身）∕機車右側車身∕非汽（機）車,未注意車前狀態∕其他引起事故之違規或不當行為∕尚未發現肇事因素,未注意車前狀態∕未注意車前狀態∕未注意車前狀態,其他∕其他∕其他,其他∕其他∕其他,本國∕本國∕本國
10108,10108Y00030008,YYA1,10108YY000018,2012,8,9,5,19,金門縣,金湖鎮,,NA,黃海路,,,NA,,,,,,監理站路段,NA,NA,NA,NA,NA,NA,NA,NA,NA,0,0,0,晴,晨或暮光,村里道路,50,三岔路,交岔口附近,柏油,乾燥,無缺陷,無障礙物,良好,無號誌,無號誌,附標記,未繪設車道線,未繪設快慢車道分隔線,有,衝出路外,酒醉（後）駕駛失控,Y000,YY00,1,3,2012/8/9,黃海路,,金門縣金湖鎮監理站路段,118.4256931,24.452032,普通輕型 機車∕ ∕,機車普通輕型,50∕0∕,未受傷,WK****6代號603,其他,無照（已達考照年齡）,經呼氣檢測超過0.80mg∕L或血液檢測超過0.16,機車右側車身,酒醉（後）駕駛失控∕尚未發現肇事因素∕,酒醉（後）駕駛失控∕酒醉（後）駕駛失控∕,其他,其他,本國∕本國∕
10108,10108Y00030004,YYA1,10108YY000021,2012,8,13,18,25,金門縣,金湖鎮,瓊林里,NA,伯玉路,三,,NA,,,,,,日通汽車前路口,NA,NA,NA,NA,NA,NA,NA,NA,NA,0,0,0,晴,日間自然光線,村里道路,70,三岔路,一般車道（未劃分快慢車道）,柏油,乾燥,無缺陷,無障礙物,良好,無號誌,無號誌,無標記,未繪設車道線,快慢車道分隔線,有,追撞,未保持行車安全距離,Y000,YY00,1,3,2012/8/13,伯玉路三段,,金門縣金湖鎮瓊林里日通汽車前路口,118.3646755,24.4460136,自用 小客車∕自用 小貨車(含客、貨兩用)∕,小客車自用∕小貨車自用∕,65∕48∕,未受傷∕未受傷∕,02****2代號604∕17****V代號605∕,其他∕其他∕,有適當之駕照∕有適當之駕照∕,經檢測無酒精反應∕經檢測無酒精反應∕,汽車前車頭∕汽車後車尾∕,未保持行車安全距離∕尚未發現肇事因素∕,未保持行車安全距離∕未保持行車安全距離∕,其他∕其他∕,其他∕其他∕,本國∕本國∕
10108,10108Y00020017,YYA1,10108YY000028,2012,8,17,7,24,金門縣,金沙鎮,西園里,NA,沙青路,,,NA,,,,,,金沙消防隊右前路口處,NA,NA,NA,NA,NA,NA,NA,NA,NA,0,1,0,晴,日間自然光線,村里道路,60,四岔路,交岔路口內,柏油,乾燥,無缺陷,無障礙物,良好,無號誌,無號誌,無分向設施,未繪設車道線,未繪設快慢車道分隔線,有,追撞,未保持行車安全距離,Y000,YY00,1,2,2012/8/17,沙青路,,金門縣金沙鎮西園里金沙消防隊右前路口處,118.4130838,24.5066188,普通重型 機車∕自用 小貨車(含客、貨兩用)∕,機車普通重型∕小貨車自用∕,50∕47∕,受傷∕未受傷∕,99****J代號606∕3C****8代號607∕,其他∕其他∕,有適當之駕照∕有適當之駕照∕,經檢測無酒精反應∕經檢測無酒精反應∕,機車前車頭∕汽車後車尾∕,未保持行車安全距離∕尚未發現肇事因素∕,未保持行車安全距離∕未保持行車安全距離∕,其他∕其他∕,其他∕其他∕,本國∕本國∕
10108,10108Y00020019,YYA1,10108YY000030,2012,8,18,18,28,金門縣,金沙鎮,,NA,環島北路,四,,NA,,,,,,警光會館前路段,NA,NA,NA,NA,NA,NA,NA,NA,NA,0,1,0,陰,晨或暮光,村里道路,60,直路,一般車道（未劃分快慢車道）,柏油,乾燥,無缺陷,無障礙物,良好,無號誌,無號誌,無標記,未繪設車道線,未繪設快慢車道分隔線,有,路上翻車、摔倒,酒醉（後）駕駛失控,Y000,YY00,1,2,2012/8/18,環島北路四段,,金門縣金沙鎮警光會館前路段,118.4045085,24.4840105,普通重型 機車∕ ∕,機車普通重型,51∕0∕,受傷,3J****5代號608,其他,有適當之駕照,經呼氣檢測0.26至0.40mg∕L或血液檢測0.051至0.08,機車右側車身,酒醉（後）駕駛失控∕尚未發現肇事因素∕,酒醉（後）駕駛失控∕酒醉（後）駕駛失控∕,無業者,其他,本國∕本國∕
10108,10108Y00030005,YYA1,10108YY000035,2012,8,21,7,22,金門縣,金沙鎮,何斗里,NA,,,,NA,,,,,,07248路燈桿路段,NA,NA,NA,NA,NA,NA,NA,NA,NA,0,0,0,晴,日間自然光線,村里道路,40,四岔路,交岔路口內,柏油,乾燥,無缺陷,無障礙物,良好,無號誌,無號誌,無分向設施,未繪設車道線,未繪設快慢車道分隔線,有,側撞,未依規定讓車,Y000,YY00,1,3,2012/8/21,金門縣金沙鎮何斗里07248路燈桿路段,,金門縣金沙鎮何斗里07248路燈桿路段,118.4017053,24.4674756,自用 小客車∕自用 小客車∕,小客車自用∕小客車自用∕,53∕23∕,未受傷∕未受傷∕,19****V代號609∕5L****1代號610∕,其他∕其他∕,有適當之駕照∕越級駕駛∕,經檢測無酒精反應∕經檢測無酒精反應∕,汽車右後車尾（身）∕汽車左前車頭（身）∕,未依規定讓車∕未依規定減速∕,未依規定讓車∕未依規定讓車∕,其他∕其他∕,上、下班∕其他∕,本國∕本國∕
10108,10108Y00020025,YYA1,10108YY000037,2012,8,21,8,25,金門縣,金湖鎮,,NA,太湖路,二,,NA,,,,,,護國寺右前路口,NA,NA,NA,NA,NA,NA,NA,NA,NA,0,2,0,晴,日間自然光線,村里道路,50,三岔路,交岔路口內,柏油,乾燥,突出（高低）不平,無障礙物,良好,無號誌,無號誌,附標記,未繪設車道線,未繪設快慢車道分隔線,有,側撞,右轉彎未依規定,Y000,YY00,1,2,2012/8/21,太湖路二段,,金門縣金湖鎮護國寺右前路口,118.4170143,24.4394812,自用 大貨車∕普通重型 機車∕乘客 人,大貨車自用∕機車普通重型∕乘客,47∕24∕23,未受傷∕受傷∕受傷,VQ***5代號611∕77****U代號612∕77****U代號612,其他∕其他∕其他,有適當之駕照∕有適當之駕照∕非汽（機）車駕駛人,經檢測無酒精反應∕經檢測無酒精反應∕非駕駛人，未檢測,汽車右前車頭（身）∕機車左側車身∕非汽（機）車,右轉彎未依規定∕未保持行車安全距離∕尚未發現肇事因素,右轉彎未依規定∕右轉彎未依規定∕右轉彎未依規定,汽車、火車駕駛員及船員∕其他∕其他,運輸∕業務聯繫∕業務聯繫,本國∕本國∕本國
10108,10108Y00020028,YYA1,10108YY000039,2012,8,22,7,55,金門縣,金沙鎮,,NA,國中路,,,NA,,,,,,金沙郵局前路段,NA,NA,NA,NA,NA,NA,NA,NA,NA,0,4,0,晴,日間自然光線,村里道路,40,直路,一般車道（未劃分快慢車道）,其他鋪裝,乾燥,無缺陷,無障礙物,良好,無號誌,無號誌,附標記,未繪設車道線,未繪設快慢車道分隔線,有,其他,其他引起事故之故障,Y000,YY00,1,2,2012/8/22,國中路,,金門縣金沙鎮金沙郵局前路段,118.4143889,24.4891988,自用 小客車∕普通重型 機車∕普通重型 機車∕普通重型 機車∕普通重型 機車,小客車自用∕機車普通重型∕機車普通重型∕機車普通重型∕機車普通重型,44∕22∕55∕24∕28,未受傷∕受傷∕受傷∕受傷∕受傷,05****W代號613∕60****D代號614∕PZ****6代號615∕M9****3代號616∕MF****0代號617,其他∕其他∕其他∕其他∕其他,有適當之駕照∕有適當之駕照∕有適當之駕照∕有適當之駕照∕有適當之駕照,不明∕經檢測無酒精反應∕不明∕經檢測無酒精反應∕經檢測無酒精反應,不明∕機車右側車身∕機車左側車身∕機車右側車身∕機車左側車身,其他引起事故之故障∕未注意車前狀態∕未注意車前狀態∕未注意車前狀態∕未注意車前狀態,其他引起事故之故障∕其他引起事故之故障∕其他引起事故之故障∕其他引起事故之故障∕其他引起事故之故障,其他∕大學（研究）生∕其他∕保安工作者（不含警察人員）∕其他,上、下班∕其他∕上、下班∕購物∕其他,本國∕本國∕本國∕本國∕本國
10108,10108Y00020039,YYA1,10108YY000041,2012,8,24,17,31,金門縣,金沙鎮,,NA,環島東路,二,,NA,,,,,,屏東路口,NA,NA,NA,NA,NA,NA,NA,NA,NA,0,1,0,晴,日間自然光線,村里道路,50,三岔路,交岔路口內,柏油,乾燥,無缺陷,無障礙物,良好,無號誌,無號誌,無分向設施,未繪設車道線,未繪設快慢車道分隔線,有,追撞,未保持行車安全距離,Y000,YY00,1,2,2012/8/24,環島東路二段,,金門縣金沙鎮屏東路口,118.4328094,24.4713308,普通輕型 機車∕自用 小客車∕,機車普通輕型∕小客車自用∕,27∕28∕,受傷∕未受傷∕,WZ****3代號618∕19****V代號619∕,其他∕其他∕,有適當之駕照∕有適當之駕照∕,經檢測無酒精反應∕經檢測無酒精反應∕,機車前車頭∕汽車右後車尾（身）∕,未保持行車安全距離∕尚未發現肇事因素∕,未保持行車安全距離∕未保持行車安全距離∕,服務工作者∕服務工作者∕,上、下班∕上、下班∕,本國∕本國∕
10108,10108Y00020031,YYA1,10108YY000042,2012,8,25,10,0,金門縣,金沙鎮,,NA,,,,NA,,,,,,金沙湖畔飯店前,NA,NA,NA,NA,NA,NA,NA,NA,NA,0,2,0,陰,日間自然光線,村里道路,40,四岔路,交岔路口內,水泥,乾燥,無缺陷,無障礙物,良好,無號誌,無號誌,無分向設施,未繪設車道線,未繪設快慢車道分隔線,無,路口交岔撞,未依規定減速,Y000,YY00,NA,NA,2012/8/25,金門縣金沙鎮金沙湖畔飯店前,,金門縣金沙鎮金沙湖畔飯店前,118.4131317,24.4888973,自用 小客車∕普通重型 機車∕乘客 人,小客車自用∕機車普通重型∕乘客,28∕64∕74,未受傷∕受傷∕受傷,09****V代號620∕PZ****9代號621∕PZ****9代號621,其他∕其他∕其他,有適當之駕照∕有適當之駕照∕非汽（機）車駕駛人,經檢測無酒精反應∕經檢測無酒精反應∕經檢測無酒精反應,汽車左前車頭（身）∕機車右側車身∕非汽（機）車,未依規定減速∕未依規定讓車∕尚未發現肇事因素,未依規定減速∕未依規定減速∕未依規定減速,其他∕家庭主婦（夫）∕家庭主婦（夫）,其他∕其他∕其他,本國∕本國∕本國
10108,10108Y00030006,YYA1,10108YY000051,2012,8,30,15,40,金門縣,金湖鎮,,NA,環島東路,五,,NA,,,太湖路,三,,,NA,NA,NA,NA,NA,NA,NA,NA,NA,0,0,0,晴,日間自然光線,村里道路,60,四岔路,交岔路口內,柏油,乾燥,無缺陷,無障礙物,良好,無號誌,無號誌,無分向設施,未繪設車道線,未繪設快慢車道分隔線,有,路口交岔撞,未依規定讓車,Y000,YY00,1,3,2012/8/30,環島東路五段,太湖路三段,,118.4420085,24.43024947,自用 小貨車(含客、貨兩用)∕自用 小貨車(含客、貨兩用)∕,小貨車自用∕小貨車自用∕,51∕27∕,未受傷∕未受傷∕,6F****1代號622∕12****Y代號623∕,裝載危險物品車∕其他∕,有適當之駕照∕有適當之駕照∕,經檢測無酒精反應∕經檢測無酒精反應∕,汽車右側車身∕汽車前車頭∕,未依規定讓車∕未依規定減速∕,未依規定讓車∕未依規定讓車∕,服務工作者∕保安工作者（不含警察人員）∕,運輸∕其他∕,本國∕本國∕
10108,10108Y00020035,YYA1,10108YY000053,2012,8,31,10,32,金門縣,金湖鎮,,NA,士校路,,,NA,,,,,,三角公園前路段,NA,NA,NA,NA,NA,NA,NA,NA,NA,0,1,0,晴,日間自然光線,村里道路,50,三岔路,交岔路口內,柏油,乾燥,無缺陷,無障礙物,良好,無號誌,無號誌,無分向設施,未繪設車道線,未繪設快慢車道分隔線,有,其他,開啟車門不當而肇事,Y000,YY00,1,2,2012/8/31,士校路,,金門縣金湖鎮三角公園前路段,118.4271704,24.4453138,自用 大貨車∕普通重型 機車∕,大貨車自用∕機車普通重型∕,53∕21∕,未受傷∕受傷∕,03***L代號624∕78****C代號625∕,其他∕其他∕,有適當之駕照∕有適當之駕照∕,經檢測無酒精反應∕經檢測無酒精反應∕,汽車左前車頭（身）∕機車前車頭∕,開啟車門不當而肇事∕尚未發現肇事因素∕,開啟車門不當而肇事∕開啟車門不當而肇事∕,非技術工及體力工∕大學（研究）生∕,上、下班∕上、下班∕,本國∕本國∕
10108,10108Y00020001,YZA1,10108YZ000001,2012,8,1,15,50,金門縣,烈嶼鄉,,NA,,,,NA,,,,,,東坑21號前路段,NA,NA,NA,NA,NA,NA,NA,NA,NA,0,1,0,晴,日間自然光線,村里道路,50,彎曲路及附近,一般車道（未劃分快慢車道）,柏油,乾燥,無缺陷,無障礙物,建築物,無號誌,無號誌,無分向設施,未繪設車道線,未繪設快慢車道分隔線,有,其他,尚未發現肇事因素,Y000,YZ00,1,2,2012/8/1,金門縣烈嶼鄉東坑21號前路段,,金門縣烈嶼鄉東坑21號前路段,118.2333908,24.4422512,公營公車 大客車∕腳踏自行車 慢車∕,公營公車∕腳踏自行車∕,39∕5∕,未受傷∕受傷∕,32***H代號626,其他∕其他∕,有適當之駕照∕非汽（機）車駕駛人∕,經檢測無酒精反應∕非駕駛人，未檢測∕,汽車前車頭∕非汽（機）車∕,尚未發現肇事因素∕橫越道路不慎∕,尚未發現肇事因素∕尚未發現肇事因素∕,汽車、火車駕駛員及船員∕小學生∕,業務聯繫∕不明∕,本國∕本國∕
10108,10108Y00020002,YZA1,10108YZ000002,2012,8,2,12,25,金門縣,金城鎮,西門里,NA,珠浦西路,,,NA,,,,,,金門高中側門,NA,NA,NA,NA,NA,NA,NA,NA,NA,0,1,0,晴,日間自然光線,村里道路,50,直路,一般車道（未劃分快慢車道）,柏油,乾燥,無缺陷,無障礙物,良好,無號誌,無號誌,附標記,未繪設車道線,未繪設快慢車道分隔線,有,側撞,起步未注意其他車（人）安全,Y000,YZ00,1,2,2012/8/2,珠浦西路,,金門縣金城鎮西門里金門高中側門,118.3147803,24.4384226,自用 小客車∕普通重型 機車∕,小客車自用∕機車普通重型∕,52∕28∕,未受傷∕受傷∕,09****6代號627∕PZ****1代號628∕,其他∕其他∕,有適當之駕照∕有適當之駕照∕,經檢測無酒精反應∕經檢測無酒精反應∕,汽車左前車頭（身）∕機車前車頭∕,起步未注意其他車（人）安全∕尚未發現肇事因素∕,起步未注意其他車（人）安全∕起步未注意其他車（人）安全∕,服務工作者∕技術工∕,其他∕其他∕,本國∕本國∕
10108,10108Y00020003,YZA1,10108YZ000004,2012,8,2,23,4,金門縣,金城鎮,,NA,民生路,,,NA,36,,,,,土地銀行前,NA,NA,NA,NA,NA,NA,NA,NA,NA,0,1,0,雨,夜間（或隧道、地下道、涵洞）有照明,村里道路,40,三岔路,交岔口附近,柏油,濕潤,無缺陷,無障礙物,良好,無號誌,無號誌,附標記,未繪設車道線,未繪設快慢車道分隔線,有,其他,未依規定減速,Y000,YZ00,1,2,2012/8/2,民生路36號,,金門縣金城鎮土地銀行前,118.3190184,24.43575,普通重型 機車∕自用 小客車∕,機車普通重型∕小客車自用∕,19∕38∕,受傷∕未受傷∕,27****J代號629∕WY****9代號630∕,其他∕其他∕,有適當之駕照∕有適當之駕照∕,經檢測無酒精反應∕經檢測無酒精反應∕,機車前車頭∕不明∕,未依規定減速∕左轉彎未依規定∕,未依規定減速∕未依規定減速∕,大學（研究）生∕不明∕,不明∕不明∕,本國∕本國∕