年月,總編號,處理單位,處理編號,年,月,日,時,分,縣市,區,村里,鄰,街道,段,巷,弄,號,公尺處,街道.1,段.1,側,附近,道路,公里,公尺處.1,向,車道,平交道,公里.1,公尺處.2,附近.1,死,受傷,X2.30,天候,光線,道路類別,速限,道路型態,事故位置,路面鋪裝,路面狀態,路面缺陷,障礙物,視距,號誌種類,號誌動作,分向設施,快車道或一般車道間,快慢車道間,路面邊線,事故類型及型態,主要肇因,警局,分局,案件類別,事故類別,日期,道路1,道路2,概略位置,lon,lat,車種,當事者區分.類別.,年齡,受傷程度,車輛牌照號碼,車輛用途,駕駛資格情形,飲酒情形,車輛撞擊部位最初,肇事因素個別,肇事因素主要,職.業,旅次目的,國籍
10108,10108Y00020006,YZA1,10108YZ000008,2012,8,6,19,30,金門縣,金寧鄉,,NA,環島北路,一,,NA,,,,,,地政局前路段,NA,NA,NA,NA,NA,NA,NA,NA,NA,0,2,0,晴,夜間（或隧道、地下道、涵洞）有照明,村里道路,50,直路,一般車道（未劃分快慢車道）,柏油,乾燥,無缺陷,無障礙物,良好,無號誌,無號誌,無標記,未繪設車道線,未繪設快慢車道分隔線,有,側撞,迴轉未依規定,Y000,YZ00,1,2,2012/8/6,環島北路一段,,金門縣金寧鄉地政局前路段,118.3283226,24.4462231,普通輕型 機車∕普通重型 機車∕,機車普通輕型∕機車普通重型∕,51∕18∕,受傷∕受傷∕,VP****5代號631∕AO****3代號632∕,其他∕其他∕,有適當之駕照∕有適當之駕照∕,經檢測無酒精反應∕經檢測無酒精反應∕,機車後車尾∕機車前車頭∕,迴轉未依規定∕未注意車前狀態∕,迴轉未依規定∕迴轉未依規定∕,家庭主婦（夫）∕高中生∕,其他∕其他∕,本國∕本國∕
10108,10108Y00020037,YZA1,10108YZ000009,2012,8,6,23,55,金門縣,金寧鄉,后盤村,NA,瓊安路,,,NA,,,,,,后沙51號前,NA,NA,NA,NA,NA,NA,NA,NA,NA,0,1,0,晴,夜間（或隧道、地下道、涵洞）有照明,鄉道,50,三岔路,交岔口附近,柏油,乾燥,無缺陷,無障礙物,良好,無號誌,無號誌,附標記,未繪設車道線,未繪設快慢車道分隔線,有,衝出路外,酒醉（後）駕駛失控,Y000,YZ00,1,2,2012/8/6,瓊安路,,金門縣金寧鄉后盤村后沙51號前,118.343873,24.4603508,普通重型 機車∕ ∕,機車普通重型,40∕0∕,受傷,PZ****2代號633,其他,有適當之駕照,經呼氣檢測超過0.80mg∕L或血液檢測超過0.16,機車前車頭,酒醉（後）駕駛失控∕尚未發現肇事因素∕,酒醉（後）駕駛失控∕酒醉（後）駕駛失控∕,技術員及助理人員,社交活動,本國∕本國∕
10108,10108Y00030002,YZA1,10108YZ000010,2012,8,7,0,17,金門縣,金城鎮,西門里,NA,民權路,,,NA,,,民生路,,,,NA,NA,NA,NA,NA,NA,NA,NA,NA,0,0,0,晴,夜間（或隧道、地下道、涵洞）有照明,村里道路,40,四岔路,交岔路口內,柏油,乾燥,無缺陷,無障礙物,良好,閃光號誌,正常,無分向設施,未繪設車道線,未繪設快慢車道分隔線,有,撞非固定設施,未注意車前狀態,Y000,YZ00,1,3,2012/8/7,民權路,民生路,,118.318387,24.437086,自用 小客車∕ ∕,小客車自用,29∕0∕,未受傷,6F****1代號634,其他,有適當之駕照,不明,汽車前車頭,未注意車前狀態∕尚未發現肇事因素∕,未注意車前狀態∕未注意車前狀態∕,技術員及助理人員,社交活動,本國∕本國∕
10108,10108Y00030003,YZA1,10108YZ000011,2012,8,8,10,37,金門縣,金城鎮,,NA,民生路,,,NA,72,,,,,大同之家,NA,NA,NA,NA,NA,NA,NA,NA,NA,0,0,0,晴,日間自然光線,鄉道,40,三岔路,交岔路口內,柏油,乾燥,無缺陷,無障礙物,良好,無號誌,無號誌,無分向設施,未繪設車道線,未繪設快慢車道分隔線,有,側撞,未依規定讓車,Y000,YZ00,1,3,2012/8/8,民生路72號,,金門縣金城鎮大同之家,118.319293,24.438098,自用 小客車∕自用 小客車∕,小客車自用∕小客車自用∕,71∕62∕,未受傷∕未受傷∕,14****S代號635∕CH****0代號636∕,其他∕其他∕,有適當之駕照∕有適當之駕照∕,經觀察未飲酒∕經觀察未飲酒∕,汽車後車尾∕汽車左前車頭（身）∕,未依規定讓車∕未依規定減速∕,未依規定讓車∕未依規定讓車∕,不明∕不明∕,其他∕其他∕,本國∕本國∕
10108,10108Y00020011,YZA1,10108YZ000012,2012,8,8,21,35,金門縣,金寧鄉,,NA,伯玉路,一,,NA,228,,,,,,NA,NA,NA,NA,NA,NA,NA,NA,NA,0,1,0,晴,夜間（或隧道、地下道、涵洞）有照明,村里道路,60,直路,一般車道（未劃分快慢車道）,柏油,乾燥,無缺陷,無障礙物,良好,無號誌,無號誌,無標記,未繪設車道線,快慢車道分隔線,有,側撞,左轉彎未依規定,Y000,YZ00,1,2,2012/8/8,伯玉路一段228號,,金門縣金寧鄉,118.3267756,24.4346914,普通重型 機車∕自用 小貨車(含客、貨兩用)∕,機車普通重型∕小貨車自用∕,57∕36∕,受傷∕未受傷∕,71****V代號637∕03****V代號638∕,其他∕其他∕,有適當之駕照∕有適當之駕照∕,經檢測無酒精反應∕經檢測無酒精反應∕,機車左側車身∕汽車右側車身∕,左轉彎未依規定∕未注意車前狀態∕,左轉彎未依規定∕左轉彎未依規定∕,其他∕其他∕,其他∕其他∕,本國∕本國∕
10108,10108Y00020013,YZA1,10108YZ000013,2012,8,9,12,10,金門縣,金寧鄉,,NA,環島北路,二,,NA,,,,,,07177號燈桿前路段,NA,NA,NA,NA,NA,NA,NA,NA,NA,0,1,0,晴,日間自然光線,縣道,60,三岔路,交岔路口內,柏油,乾燥,無缺陷,無障礙物,良好,無號誌,無號誌,無分向設施,未繪設車道線,未繪設快慢車道分隔線,有,其他,未保持行車安全距離,Y000,YZ00,1,2,2012/8/9,環島北路二段,,金門縣金寧鄉07177號燈桿前路段,118.3537405,24.452631,普通重型 機車∕自用 小貨車(含客、貨兩用)∕,機車普通重型∕小貨車自用∕,56∕53∕,受傷∕未受傷∕,67****J代號639∕WY****5代號640∕,其他∕其他∕,有適當之駕照∕有適當之駕照∕,經檢測無酒精反應∕經檢測無酒精反應∕,機車左側車身∕不明∕,未保持行車安全距離∕右轉彎未依規定∕,未保持行車安全距離∕未保持行車安全距離∕,服務工作者∕技術工∕,上、下班∕上、下班∕,本國∕本國∕
10108,10108Y00020008,YZA1,10108YZ000015,2012,8,10,7,50,金門縣,金城鎮,,NA,環島西路,一,,NA,,,,,,庵前路口,NA,NA,NA,NA,NA,NA,NA,NA,NA,0,2,0,晴,日間自然光線,村里道路,40,四岔路,交岔路口內,柏油,乾燥,無缺陷,無障礙物,良好,閃光號誌,正常,無分向設施,未繪設車道線,未繪設快慢車道分隔線,有,側撞,違規超車,Y000,YZ00,1,2,2012/8/10,環島西路一段,,金門縣金城鎮庵前路口,118.3184801,24.4172073,普通重型 機車∕普通重型 機車∕,機車普通重型∕機車普通重型∕,22∕27∕,受傷∕受傷∕,GU****7代號641∕98****D代號642∕,其他∕其他∕,有適當之駕照∕有適當之駕照∕,經檢測無酒精反應∕經檢測無酒精反應∕,機車前車頭∕機車左側車身∕,違規超車∕左轉彎未依規定∕,違規超車∕違規超車∕,其他∕其他∕,上、下班∕上、下班∕,本國∕本國∕
10108,10108Y00020009,YZA1,10108YZ000016,2012,8,10,10,45,金門縣,金城鎮,,NA,民權路,,,NA,188,,,,,,NA,NA,NA,NA,NA,NA,NA,NA,NA,0,1,0,晴,日間自然光線,村里道路,40,直路,一般車道（未劃分快慢車道）,柏油,乾燥,無缺陷,無障礙物,良好,無號誌,無號誌,附標記,未繪設車道線,未繪設快慢車道分隔線,有,追撞,未保持行車安全距離,Y000,YZ00,1,2,2012/8/10,民權路188號,,金門縣金城鎮,118.3197267,24.4385954,普通重型 機車∕自用 小客車∕,機車普通重型∕小客車自用∕,19∕30∕,受傷∕未受傷∕,19****U代號643∕T6****8代號644∕,其他∕其他∕,有適當之駕照∕有適當之駕照∕,經檢測無酒精反應∕經檢測無酒精反應∕,機車前車頭∕汽車後車尾∕,未保持行車安全距離∕右轉彎未依規定∕,未保持行車安全距離∕未保持行車安全距離∕,大學（研究）生∕其他∕,其他∕其他∕,本國∕本國∕
10108,10108Y00020012,YZA1,10108YZ000017,2012,8,9,0,7,金門縣,烈嶼鄉,,NA,九井路,,,NA,,,,,,09181燈桿前路段,NA,NA,NA,NA,NA,NA,NA,NA,NA,0,1,0,陰,夜間（或隧道、地下道、涵洞）有照明,村里道路,50,彎曲路及附近,一般車道（未劃分快慢車道）,柏油,乾燥,無缺陷,無障礙物,良好,無號誌,無號誌,無標記,未繪設車道線,未繪設快慢車道分隔線,有,撞護欄（樁）,酒醉（後）駕駛失控,Y000,YZ00,1,2,2012/8/9,九井路,,金門縣烈嶼鄉09181燈桿前路段,118.2439073,24.4317335,普通輕型 機車∕ ∕,機車普通輕型,58∕0∕,受傷,WZ****5代號645,其他,有適當之駕照,經呼氣檢測超過0.80mg∕L或血液檢測超過0.16,機車右側車身,酒醉（後）駕駛失控∕尚未發現肇事因素∕,酒醉（後）駕駛失控∕酒醉（後）駕駛失控∕,技術員及助理人員,其他,本國∕本國∕
10108,10108Y00020026,YZA1,10108YZ000019,2012,8,10,21,42,金門縣,金城鎮,,NA,民生路,,,NA,,,,,,民權路口,NA,NA,NA,NA,NA,NA,NA,NA,NA,0,1,0,晴,夜間（或隧道、地下道、涵洞）有照明,村里道路,50,四岔路,交岔路口內,柏油,乾燥,無缺陷,無障礙物,良好,行車管制號誌,正常,無分向設施,未繪設車道線,未繪設快慢車道分隔線,有,側撞,未依規定讓車,Y000,YZ00,1,2,2012/8/10,民生路,,金門縣金城鎮民權路口,118.3190184,24.43575,自用 小客車∕普通重型 機車∕,小客車自用∕機車普通重型∕,49∕46∕,未受傷∕受傷∕,87****T代號646∕PZ****6代號647∕,其他∕其他∕,有適當之駕照∕有適當之駕照∕,經檢測無酒精反應∕經呼氣檢測0.56至0.80mg∕L或血液檢測0.111至0.16∕,汽車右前車頭（身）∕機車前車頭∕,未依規定讓車∕酒醉（後）駕駛失控∕,未依規定讓車∕未依規定讓車∕,不明∕不明∕,其他∕其他∕,本國∕本國∕
10108,10108Y00020010,YZA1,10108YZ000020,2012,8,12,10,0,金門縣,金城鎮,,NA,環島西路,一,,NA,1月9日,,,,,,NA,NA,NA,NA,NA,NA,NA,NA,NA,0,1,0,晴,日間自然光線,村里道路,40,三岔路,交岔口附近,柏油,乾燥,無缺陷,無障礙物,良好,無號誌,無號誌,附標記,未繪設車道線,未繪設快慢車道分隔線,有,同向擦撞,違規超車,Y000,YZ00,1,2,2012/8/12,環島西路一段1-9號,,金門縣金城鎮,118.3184801,24.4172073,自用 小客車∕普通重型 機車∕,小客車自用∕機車普通重型∕,40∕59∕,未受傷∕受傷∕,6F****6代號648∕PZ****9代號649∕,其他∕其他∕,有適當之駕照∕越級駕駛∕,經檢測無酒精反應∕經檢測無酒精反應∕,汽車右側車身∕機車左側車身∕,違規超車∕尚未發現肇事因素∕,違規超車∕違規超車∕,其他∕其他∕,購物∕其他∕,本國∕本國∕
10108,,YZA1,10108YZ000022,2012,8,14,0,55,金門縣,金寧鄉,,NA,環島北路,二,,NA,,,,,,07128號路燈桿前路段,NA,NA,NA,NA,NA,NA,NA,NA,NA,0,1,0,晴,夜間（或隧道、地下道、涵洞）有照明,村里道路,60,直路,一般車道（未劃分快慢車道）,柏油,乾燥,無缺陷,無障礙物,良好,無號誌,無號誌,無標記,未繪設車道線,未繪設快慢車道分隔線,有,其他,尚未發現肇事因素,Y000,YZ00,2,2,2012/8/14,環島北路二段,,金門縣金寧鄉07128號路燈桿前路段,118.3537405,24.452631, ∕自用 小客車∕普通重型 機車,∕小客車自用∕機車普通重型,0∕30∕28,∕未受傷∕受傷,∕05****V代號650∕46****A代號651,∕其他∕其他,∕有適當之駕照∕有適當之駕照,∕經檢測無酒精反應∕經觀察未飲酒,∕汽車前車頭∕機車前車頭,尚未發現肇事因素∕尚未發現肇事因素∕尚未發現肇事因素,尚未發現肇事因素∕尚未發現肇事因素∕尚未發現肇事因素,∕不明∕不明,∕不明∕不明,本國∕本國∕本國
10108,10108Y00020014,YZA1,10108YZ000023,2012,8,14,12,40,金門縣,金城鎮,,NA,光前路,,,NA,147,,,,,,NA,NA,NA,NA,NA,NA,NA,NA,NA,0,3,0,晴,日間自然光線,村里道路,40,三岔路,交岔路口內,柏油,乾燥,無缺陷,無障礙物,良好,無號誌,無號誌,無分向設施,未繪設車道線,未繪設快慢車道分隔線,有,側撞,未依規定讓車,Y000,YZ00,1,2,2012/8/14,光前路147號,,金門縣金城鎮,118.3142468,24.4339885,電動自行車 慢車∕自用 小客車∕其他人 人,電動自行車∕小客車自用∕其他人,15∕23∕14,受傷∕受傷∕受傷,∕05****X代號652∕,其他∕其他∕非駕駛人及乘客,非汽（機）車駕駛人∕有適當之駕照∕非汽（機）車駕駛人,經檢測無酒精反應∕經檢測無酒精反應∕非駕駛人，未檢測,非汽（機）車∕汽車前車頭∕非汽（機）車,未依規定讓車∕未依規定減速∕尚未發現肇事因素,未依規定讓車∕未依規定讓車∕未依規定讓車,國中生∕大學（研究）生∕國中生,其他∕其他∕其他,本國∕本國∕本國
10108,10108Y00020027,YZA1,10108YZ000024,2012,8,14,8,54,金門縣,金城鎮,東門里,NA,,,,NA,,,,,,東門圓環內,NA,NA,NA,NA,NA,NA,NA,NA,NA,0,1,0,陰,日間自然光線,鄉道,40,圓環,一般車道（未劃分快慢車道）,柏油,乾燥,無缺陷,無障礙物,良好,無號誌,無號誌,無分向設施,車道線（附標記）,未繪設快慢車道分隔線,有,其他,未依規定讓車,Y000,YZ00,1,2,2012/8/14,金門縣金城鎮東門里東門圓環內,,金門縣金城鎮東門里東門圓環內,118.321386,24.431515,小型輕型 機車∕計程車 小客車∕,機車小型輕型∕小客車計程車∕,78∕52∕,受傷∕未受傷∕,WZ****7代號653∕10***5代號654∕,其他∕其他∕,有適當之駕照∕有適當之駕照∕,經觀察未飲酒∕經觀察未飲酒∕,機車前車頭∕汽車右前車頭（身）∕,未依規定讓車∕尚未發現肇事因素∕,未依規定讓車∕未依規定讓車∕,無業者∕服務工作者∕,不明∕運輸∕,本國∕本國∕
10108,10108Y00020015,YZA1,10108YZ000025,2012,8,14,14,9,金門縣,金寧鄉,,NA,桃園路,,,NA,,,環島南路,四,,,NA,NA,NA,NA,NA,NA,NA,NA,NA,0,2,0,晴,日間自然光線,村里道路,60,三岔路,交岔路口內,柏油,乾燥,無缺陷,無障礙物,良好,無號誌,無號誌,無分向設施,未繪設車道線,未繪設快慢車道分隔線,有,側撞,未依規定讓車,Y000,YZ00,1,2,2012/8/14,桃園路,環島南路四段,,118.361113,24.43672,普通重型 機車∕普通重型 機車∕乘客 人,機車普通重型∕機車普通重型∕乘客,23∕24∕25,未受傷∕受傷∕受傷,85****U代號655∕47****D代號656∕47****D代號656,其他∕其他∕其他,有適當之駕照∕有適當之駕照∕非汽（機）車駕駛人,經檢測無酒精反應∕經檢測無酒精反應∕非駕駛人，未檢測,機車後車尾∕機車前車頭∕非汽（機）車,未依規定讓車∕未依規定減速∕尚未發現肇事因素,未依規定讓車∕未依規定讓車∕未依規定讓車,事務工作者∕事務工作者∕其他,業務聯繫∕其他∕其他,本國∕本國∕本國
10108,10108Y00020038,YZA1,10108YZ000026,2012,8,14,17,27,金門縣,金城鎮,,NA,民權路,,122,NA,,,,,,口附近,NA,NA,NA,NA,NA,NA,NA,NA,NA,0,1,0,晴,日間自然光線,村里道路,50,三岔路,交岔口附近,柏油,乾燥,無缺陷,無障礙物,良好,無號誌,無號誌,無標記,未繪設車道線,快慢車道分隔線,有,側撞,左轉彎未依規定,Y000,YZ00,1,2,2012/8/14,民權路122巷,,金門縣金城鎮口附近,118.3165347,24.4358149,腳踏自行車 慢車∕普通重型 機車∕,腳踏自行車∕機車普通重型∕,79∕19∕,受傷∕未受傷∕,∕23****U代號657∕,其他∕其他∕,非汽（機）車駕駛人∕駕照被吊扣∕,非駕駛人，未檢測∕經檢測無酒精反應∕,非汽（機）車∕機車前車頭∕,左轉彎未依規定∕未注意車前狀態∕,左轉彎未依規定∕左轉彎未依規定∕,無業者∕事務工作者∕,其他∕其他∕,本國∕本國∕
10108,10108Y00020016,YZA1,10108YZ000027,2012,8,15,20,30,金門縣,金城鎮,,NA,環島西路,一,,NA,,,北堤路,,,,NA,NA,NA,NA,NA,NA,NA,NA,NA,0,1,0,陰,夜間（或隧道、地下道、涵洞）有照明,村里道路,50,三岔路,交岔口附近,柏油,乾燥,無缺陷,無障礙物,良好,行車管制號誌,正常,附標記,未繪設車道線,未繪設快慢車道分隔線,有,同向擦撞,未保持行車安全距離,Y000,YZ00,1,2,2012/8/15,環島西路一段,北堤路,,118.3213944,24.42983234,普通重型 機車∕自用 小客車∕自用 小客車,機車普通重型∕小客車自用∕小客車自用,63∕22∕24,受傷∕未受傷∕未受傷,3J****0代號658∕11****V代號659∕22****H代號660,其他∕其他∕其他,有適當之駕照∕有適當之駕照∕有適當之駕照,經檢測無酒精反應∕經檢測無酒精反應∕經檢測無酒精反應,機車左側車身∕汽車右後車尾（身）∕汽車左後車尾（身）,未保持行車安全距離∕尚未發現肇事因素∕違規停車或暫停不當而肇事,未保持行車安全距離∕未保持行車安全距離∕未保持行車安全距離,其他∕其他∕其他,其他∕其他∕其他,本國∕本國∕本國
10108,10108Y00020018,YZA1,10108YZ000029,2012,8,17,16,50,金門縣,金寧鄉,,NA,伯玉路,二,,NA,,,,,,中山林前路段,NA,NA,NA,NA,NA,NA,NA,NA,NA,0,2,0,晴,日間自然光線,村里道路,70,直路,一般車道（未劃分快慢車道）,柏油,乾燥,無缺陷,無障礙物,良好,無號誌,無號誌,無標記,未繪設車道線,快慢車道分隔線,有,路上翻車、摔倒,未注意車前狀態,Y000,YZ00,1,2,2012/8/17,伯玉路二段,,金門縣金寧鄉中山林前路段,118.3416148,24.4414563,普通重型 機車∕ ∕乘客 人,機車普通重型乘客,18∕0∕17,受傷受傷,77****T代號66177****T代號661,其他其他,有適當之駕照非汽（機）車駕駛人,經檢測無酒精反應非駕駛人，未檢測,機車右側車身非汽（機）車,未注意車前狀態∕尚未發現肇事因素∕尚未發現肇事因素,未注意車前狀態∕未注意車前狀態∕未注意車前狀態,高中生高中生,其他其他,本國∕本國∕本國
10108,10108Y00020020,YZA1,10108YZ000031,2012,8,19,7,50,金門縣,金城鎮,,NA,民權路,,,NA,85,,,,,,NA,NA,NA,NA,NA,NA,NA,NA,NA,0,1,0,晴,日間自然光線,村里道路,40,直路,一般車道（未劃分快慢車道）,柏油,乾燥,無缺陷,無障礙物,其他,無號誌,無號誌,寬式（50公分以上）,未繪設車道線,未繪設快慢車道分隔線,有,側撞,起步未注意其他車（人）安全,Y000,YZ00,1,2,2012/8/19,民權路85號,,金門縣金城鎮,118.3146864,24.4332883,自用 小客車∕普通重型 機車∕,小客車自用∕機車普通重型∕,34∕39∕,未受傷∕受傷∕,FD****6代號662∕8H****3代號663∕,其他∕其他∕,有適當之駕照∕有適當之駕照∕,經觀察未飲酒∕經呼氣檢測未超過0.15mg∕L或血液檢測未超過0.03∕,汽車左前車頭（身）∕機車右側車身∕,起步未注意其他車（人）安全∕未注意車前狀態∕,起步未注意其他車（人）安全∕起步未注意其他車（人）安全∕,不明∕服務工作者∕,其他∕上、下班∕,本國∕本國∕
10108,10108Y00020021,YZA1,10108YZ000032,2012,8,19,14,27,金門縣,金城鎮,東門里,NA,北堤路,,,NA,,,,,,迴龍宮前,NA,NA,NA,NA,NA,NA,NA,NA,NA,0,1,0,晴,日間自然光線,縣道,40,三岔路,交岔口附近,柏油,乾燥,無缺陷,無障礙物,良好,無號誌,無號誌,附標記,未繪設車道線,快慢車道分隔線,有,穿越道路中,未注意車前狀態,Y000,YZ00,1,2,2012/8/19,北堤路,,金門縣金城鎮東門里迴龍宮前,118.3167419,24.4294062,普通重型 機車∕行人 人∕,機車普通重型∕行人∕,29∕36∕,未受傷∕受傷∕,JZ****9代號664,其他∕非駕駛人及乘客∕,有適當之駕照∕非汽（機）車駕駛人∕,經觀察未飲酒∕無法檢測∕,機車右側車身∕非汽（機）車∕,未注意車前狀態∕未依規定行走行人穿越道、地下道、天橋而穿越道路∕,未注意車前狀態∕未注意車前狀態∕,不明∕不明∕,購物∕不明∕,本國∕本國∕
10108,10108Y00020022,YZA1,10108YZ000033,2012,8,19,15,24,金門縣,金城鎮,,NA,環島西路,一,,NA,,,,,,與庵前路口,NA,NA,NA,NA,NA,NA,NA,NA,NA,0,2,0,晴,日間自然光線,縣道,50,四岔路,交岔路口內,柏油,乾燥,無缺陷,無障礙物,其他,閃光號誌,正常,無分向設施,未繪設車道線,未繪設快慢車道分隔線,有,側撞,左轉彎未依規定,Y000,YZ00,1,2,2012/8/19,環島西路一段,,金門縣金城鎮與庵前路口,118.3184801,24.4172073,普通重型 機車∕租賃車 小客車∕乘客 人,機車普通重型∕小客車租貸車∕乘客,39∕36∕10,受傷∕未受傷∕受傷,PZ****7代號665∕02****9代號666∕PZ****7代號665,其他∕其他∕其他,有適當之駕照∕有適當之駕照∕非汽（機）車駕駛人,經觀察未飲酒∕經觀察未飲酒∕非駕駛人，未檢測,機車左側車身∕汽車右側車身∕非汽（機）車,左轉彎未依規定∕違規超車∕尚未發現肇事因素,左轉彎未依規定∕左轉彎未依規定∕左轉彎未依規定,不明∕其他∕小學生,購物∕其他∕其他,本國∕本國∕本國
10108,10108Y00020023,YZA1,10108YZ000034,2012,8,20,14,44,金門縣,金寧鄉,,NA,伯玉路,二,,NA,,,,,,盤果路口,NA,NA,NA,NA,NA,NA,NA,NA,NA,0,1,0,晴,日間自然光線,縣道,50,四岔路,交岔路口內,柏油,乾燥,無缺陷,無障礙物,良好,行車管制號誌,正常,無分向設施,未繪設車道線,未繪設快慢車道分隔線,有,側撞,左轉彎未依規定,Y000,YZ00,1,2,2012/8/20,伯玉路二段,,金門縣金寧鄉盤果路口,118.3416148,24.4414563,普通輕型 機車∕小型車 軍車∕,機車普通輕型∕軍車小型車∕,29∕21∕,受傷∕未受傷∕,20****B代號667∕軍C*****5代號668∕,其他∕其他∕,有適當之駕照∕有適當之駕照∕,經檢測無酒精反應∕經檢測無酒精反應∕,機車左側車身∕汽車右側車身∕,左轉彎未依規定∕未注意車前狀態∕,左轉彎未依規定∕左轉彎未依規定∕,其他∕其他∕,其他∕其他∕,本國∕本國∕
10108,10108Y00020024,YZA1,10108YZ000036,2012,8,21,8,14,金門縣,金寧鄉,,NA,,,,NA,埔後115,,,,,電信局埔後幹12支3分2,NA,NA,NA,NA,NA,NA,NA,NA,NA,0,1,0,晴,日間自然光線,鄉道,40,四岔路,交岔路口內,柏油,乾燥,無缺陷,無障礙物,良好,無號誌,無號誌,無分向設施,未繪設車道線,未繪設快慢車道分隔線,有,路口交岔撞,未依規定讓車,Y000,YZ00,1,2,2012/8/21,金門縣金寧鄉埔後115號,,金門縣金寧鄉電信局埔後幹12支3分2,118.317029,24.442928,普通重型 機車∕自用 小客車∕,機車普通重型∕小客車自用∕,25∕34∕,受傷∕未受傷∕,22****L代號669∕23****N代號670∕,其他∕其他∕,有適當之駕照∕有適當之駕照∕,經檢測無酒精反應∕經檢測無酒精反應∕,機車前車頭∕汽車右側車身∕,未依規定讓車∕未依規定減速∕,未依規定讓車∕未依規定讓車∕,不明∕大學（研究）生∕,不明∕不明∕,本國∕本國∕
10108,10108Y00020029,YZA1,10108YZ000038,2012,8,22,11,25,金門縣,金城鎮,,NA,,,,NA,,,,,,東門圓環,NA,NA,NA,NA,NA,NA,NA,NA,NA,0,1,0,晴,日間自然光線,縣道,40,圓環,一般車道（未劃分快慢車道）,柏油,乾燥,無缺陷,無障礙物,良好,無號誌,無號誌,無分向設施,車道線（無標記）,未繪設快慢車道分隔線,有,路上翻車、摔倒,未依規定減速,Y000,YZ00,1,2,2012/8/22,金門縣金城鎮東門圓環,,金門縣金城鎮東門圓環,118.321386,24.431515,小型輕型 機車∕ ∕,機車小型輕型,22∕0∕,受傷,WZ****8代號671,其他,有適當之駕照,經觀察未飲酒,機車左側車身,未依規定減速∕尚未發現肇事因素∕,未依規定減速∕未依規定減速∕,不明,其他,本國∕本國∕
10108,10108Y00020030,YZA1,10108YZ000040,2012,8,23,14,35,金門縣,金寧鄉,,NA,林湖路,,,NA,,,,,,浯江路口,NA,NA,NA,NA,NA,NA,NA,NA,NA,0,1,0,晴,日間自然光線,村里道路,50,三岔路,交岔路口內,柏油,乾燥,無缺陷,無障礙物,良好,無號誌,無號誌,無分向設施,未繪設車道線,未繪設快慢車道分隔線,有,側撞,左轉彎未依規定,Y000,YZ00,1,2,2012/8/23,林湖路,,金門縣金寧鄉浯江路口,118.330303,24.4320985,自用 大貨車∕普通重型 機車∕,大貨車自用∕機車普通重型∕,25∕70∕,未受傷∕受傷∕,09***L代號672∕73****K代號405∕,其他∕其他∕,有適當之駕照∕有適當之駕照∕,經檢測無酒精反應∕經檢測無酒精反應∕,汽車左前車頭（身）∕機車右側車身∕,左轉彎未依規定∕違規超車∕,左轉彎未依規定∕左轉彎未依規定∕,技術員及助理人員∕無業者∕,不明∕其他∕,本國∕本國∕
10108,10108Y00020032,YZA1,10108YZ000043,2012,8,27,17,53,金門縣,金城鎮,,NA,民族路,,32,NA,,,,,,,NA,NA,NA,NA,NA,NA,NA,NA,NA,0,1,0,晴,日間自然光線,村里道路,40,四岔路,交岔路口內,柏油,乾燥,無缺陷,無障礙物,良好,無號誌,無號誌,無分向設施,未繪設車道線,未繪設快慢車道分隔線,有,其他,逆向行駛,Y000,YZ00,1,2,2012/8/27,民族路32巷,,金門縣金城鎮,118.3157499,24.4302723,電動自行車 慢車∕腳踏自行車 慢車∕,電動自行車∕腳踏自行車∕,55∕8∕,未受傷∕受傷∕,,其他∕其他∕,非汽（機）車駕駛人∕非汽（機）車駕駛人∕,經呼氣檢測0.16至0.25mg∕L或血液檢測0.031至0.05∕經觀察未飲酒∕,非汽（機）車∕非汽（機）車∕,逆向行駛∕尚未發現肇事因素∕,逆向行駛∕逆向行駛∕,其他∕其他∕,其他∕其他∕,本國∕本國∕
10108,,YZA1,10108YZ000044,2012,8,28,10,50,金門縣,金寧鄉,榜林村,26,伯玉路,一,,NA,236,,,,,,NA,NA,NA,NA,NA,NA,NA,NA,NA,0,0,0,晴,NA,NA,60,NA,NA,NA,NA,NA,NA,NA,NA,NA,NA,NA,NA,NA,NA,NA,Y000,YZ00,1,4,2012/8/28,伯玉路一段236號,,金門縣金寧鄉榜林村,118.3267756,24.4346914,自用 大貨車∕ ∕,大貨車自用,42∕0∕,,VU***7代號673,,,,,,,,,本國∕本國∕
10108,10108Y00020040,YZA1,10108YZ000045,2012,8,28,17,33,金門縣,金城鎮,,NA,環島北路,一,,NA,17,,,,,,NA,NA,NA,NA,NA,NA,NA,NA,NA,0,1,0,雨,日間自然光線,縣道,60,直路,一般車道（未劃分快慢車道）,柏油,濕潤,無缺陷,其他障礙物,其他,無號誌,無號誌,無標記,未繪設車道線,未繪設快慢車道分隔線,有,追撞,未保持行車安全距離,Y000,YZ00,1,2,2012/8/28,環島北路一段17號,,金門縣金城鎮,118.3283226,24.4462231,普通重型 機車∕自用 小貨車(含客、貨兩用)∕,機車普通重型∕小貨車自用∕,19∕25∕,受傷∕未受傷∕,33****C代號674∕6F****6代號675∕,其他∕其他∕,有適當之駕照∕有適當之駕照∕,經檢測無酒精反應∕經檢測無酒精反應∕,機車右側車身∕汽車右後車尾（身）∕,未保持行車安全距離∕其他引起事故之違規或不當行為∕,未保持行車安全距離∕未保持行車安全距離∕,專科生∕不明∕,不明∕運輸∕,本國∕本國∕