年月,總編號,處理單位,處理編號,年,月,日,時,分,縣市,區,村里,鄰,街道,段,巷,弄,號,公尺處,街道.1,段.1,側,附近,道路,公里,公尺處.1,向,車道,平交道,公里.1,公尺處.2,附近.1,死,受傷,X2.30,天候,光線,道路類別,速限,道路型態,事故位置,路面鋪裝,路面狀態,路面缺陷,障礙物,視距,號誌種類,號誌動作,分向設施,快車道或一般車道間,快慢車道間,路面邊線,事故類型及型態,主要肇因,警局,分局,案件類別,事故類別,日期,道路1,道路2,概略位置,lon,lat,車種,當事者區分.類別.,年齡,受傷程度,車輛牌照號碼,車輛用途,駕駛資格情形,飲酒情形,車輛撞擊部位最初,肇事因素個別,肇事因素主要,職.業,旅次目的,國籍
10108,10108Y00020033,YZA1,10108YZ000046,2012,8,28,17,24,金門縣,金寧鄉,,NA,伯玉路,二,,NA,223,,,,,002328號燈桿,NA,NA,NA,NA,NA,NA,NA,NA,NA,0,1,0,雨,日間自然光線,縣道,60,三岔路,交岔口附近,柏油,濕潤,無缺陷,無障礙物,良好,無號誌,無號誌,附標記,未繪設車道線,快慢車道分隔線,有,側撞,左轉彎未依規定,Y000,YZ00,1,2,2012/8/28,伯玉路二段223號,,金門縣金寧鄉002328號燈桿,118.3416148,24.4414563,自用 小客車∕普通重型 機車∕乘客 人,小客車自用∕機車普通重型∕乘客,54∕22∕23,未受傷∕受傷∕未受傷,WY****2代號676∕09****S代號677∕09****S代號677,其他∕其他∕其他,有適當之駕照∕有適當之駕照∕非汽（機）車駕駛人,經檢測無酒精反應∕經檢測無酒精反應∕非駕駛人，未檢測,汽車右前車頭（身）∕機車左側車身∕非汽（機）車,左轉彎未依規定∕尚未發現肇事因素∕尚未發現肇事因素,左轉彎未依規定∕左轉彎未依規定∕左轉彎未依規定,不明∕專科生∕不明,不明∕不明∕不明,本國∕本國∕本國
10108,10108Y00020042,YZA1,10108YZ000047,2012,8,29,12,22,金門縣,金城鎮,,NA,民族路,,,NA,2,,,,,環島西民族路口,NA,NA,NA,NA,NA,NA,NA,NA,NA,0,1,0,晴,日間自然光線,村里道路,40,三岔路,交岔路口內,柏油,乾燥,無缺陷,無障礙物,良好,無號誌,無號誌,無分向設施,未繪設車道線,未繪設快慢車道分隔線,有,側撞,右轉彎未依規定,Y000,YZ00,1,2,2012/8/29,民族路2號,,金門縣金城鎮環島西民族路口,118.3157499,24.4302723,自用 小客車∕普通重型 機車∕,小客車自用∕機車普通重型∕,20∕33∕,未受傷∕受傷∕,54****G代號678∕MC****8代號679∕,其他∕其他∕,有適當之駕照∕有適當之駕照∕,經檢測無酒精反應∕經檢測無酒精反應∕,汽車右側車身∕機車前車頭∕,右轉彎未依規定∕未注意車前狀態∕,右轉彎未依規定∕右轉彎未依規定∕,技術員及助理人員∕事務工作者∕,購物∕社交活動∕,本國∕本國∕
10108,10108Y00020043,YZA1,10108YZ000048,2012,8,29,9,45,金門縣,烈嶼鄉,,NA,八青路,,,NA,,,,,,與陽山公園路口,NA,NA,NA,NA,NA,NA,NA,NA,NA,0,3,0,晴,日間自然光線,村里道路,50,三岔路,交岔口附近,柏油,乾燥,無缺陷,無障礙物,良好,無號誌,無號誌,無標記,未繪設車道線,寬式快慢車道分隔島（50公分以上）,有,側撞,未依規定讓車,Y000,YZ00,1,2,2012/8/29,八青路,,金門縣烈嶼鄉與陽山公園路口,118.2364682,24.422863,普通輕型 機車∕普通重型 機車∕乘客 人,機車普通輕型∕機車普通重型∕乘客,78∕23∕23,受傷∕受傷∕受傷,WZ****2代號680∕52****W代號681∕52****W代號681,其他∕其他∕其他,有適當之駕照∕有適當之駕照∕非汽（機）車駕駛人,經檢測無酒精反應∕經檢測無酒精反應∕非駕駛人，未檢測,機車右側車身∕機車前車頭∕非汽（機）車,未依規定讓車∕未依規定減速∕尚未發現肇事因素,未依規定讓車∕未依規定讓車∕未依規定讓車,其他∕其他∕其他,其他∕其他∕其他,本國∕本國∕本國
10108,10108Y00020044,YZA1,10108YZ000049,2012,8,29,9,30,金門縣,烈嶼鄉,,NA,,,,NA,,,,,,青岐43號前產業道路,NA,NA,NA,NA,NA,NA,NA,NA,NA,0,2,0,晴,日間自然光線,村里道路,40,彎曲路及附近,一般車道（未劃分快慢車道）,水泥,乾燥,無缺陷,無障礙物,良好,無號誌,無號誌,無分向設施,未繪設車道線,未繪設快慢車道分隔線,無,對向擦撞,未保持行車安全間隔,Y000,YZ00,1,2,2012/8/29,金門縣烈嶼鄉青岐43號前產業道路,,金門縣烈嶼鄉青岐43號前產業道路,118.2257211,24.4161038,普通重型 機車∕普通重型 機車∕,機車普通重型∕機車普通重型∕,25∕19∕,受傷∕受傷∕,10****E代號682∕91****D代號683∕,其他∕其他∕,有適當之駕照∕有適當之駕照∕,經檢測無酒精反應∕經檢測無酒精反應∕,機車前車頭∕機車左側車身∕,未保持行車安全間隔∕未保持行車安全間隔∕,未保持行車安全間隔∕未保持行車安全間隔∕,其他∕大學（研究）生∕,其他∕其他∕,本國∕本國∕
10108,10108Y00020041,YZA1,10108YZ000050,2012,8,29,9,20,金門縣,金城鎮,,NA,莒光路,,,NA,145,,,,,,NA,NA,NA,NA,NA,NA,NA,NA,NA,0,2,0,晴,日間自然光線,村里道路,40,直路,一般車道（未劃分快慢車道）,其他鋪裝,乾燥,無缺陷,無障礙物,良好,無號誌,無號誌,無分向設施,未繪設車道線,未繪設快慢車道分隔線,無,側撞,迴轉未依規定,Y000,YZ00,1,2,2012/8/29,莒光路145號,,金門縣金城鎮,118.3169343,24.432731,普通重型 機車∕普通輕型 機車∕,機車普通重型∕機車普通輕型∕,49∕40∕,受傷∕受傷∕,PZ****2代號684∕WZ****2代號685∕,其他∕其他∕,有適當之駕照∕有適當之駕照∕,經檢測無酒精反應∕經呼氣檢測未超過0.15mg∕L或血液檢測未超過0.03∕,機車左側車身∕機車前車頭∕,迴轉未依規定∕尚未發現肇事因素∕,迴轉未依規定∕迴轉未依規定∕,其他∕其他∕,其他∕其他∕,本國∕本國∕
10108,10108Y00020034,YZA1,10108YZ000052,2012,8,30,17,15,金門縣,金寧鄉,,NA,慈湖路,一,,NA,101,,,,,,NA,NA,NA,NA,NA,NA,NA,NA,NA,0,1,0,晴,日間自然光線,鄉道,50,直路,一般車道（未劃分快慢車道）,柏油,乾燥,無缺陷,無障礙物,良好,無號誌,無號誌,無分向設施,未繪設車道線,未繪設快慢車道分隔線,有,其他,未注意車前狀態,Y000,YZ00,1,2,2012/8/30,慈湖路一段101號,,金門縣金寧鄉,118.3117387,24.4416084,普通重型 機車∕自用 小客車∕,機車普通重型∕小客車自用∕,19∕44∕,受傷∕未受傷∕,65****C代號686∕6F****6代號687∕,其他∕其他∕,有適當之駕照∕有適當之駕照∕,經檢測無酒精反應∕經檢測無酒精反應∕,機車左側車身∕不明∕,未注意車前狀態∕其他引起事故之違規或不當行為∕,未注意車前狀態∕未注意車前狀態∕,不明∕其他∕,不明∕購物∕,本國∕本國∕
10108,10108Y00030007,YZA1,10108YZ000054,2012,8,30,16,20,金門縣,金寧鄉,,NA,伯玉路,二,,NA,306,,,,,一條根,NA,NA,NA,NA,NA,NA,NA,NA,NA,0,0,0,晴,日間自然光線,縣道,70,四岔路,交岔口附近,柏油,乾燥,無缺陷,無障礙物,良好,行車管制號誌,正常,附標記,未繪設車道線,快慢車道分隔線,有,同向擦撞,違規超車,Y000,YZ00,1,3,2012/8/30,伯玉路二段306號,,金門縣金寧鄉一條根,118.3416148,24.4414563,自用 小客車∕自用 小客車∕,小客車自用∕小客車自用∕,54∕58∕,未受傷∕未受傷∕,16****V代號688∕M8****5代號689∕,其他∕其他∕,有適當之駕照∕有適當之駕照∕,經檢測無酒精反應∕經檢測無酒精反應∕,汽車右側車身∕汽車左側車身∕,違規超車∕尚未發現肇事因素∕,違規超車∕違規超車∕,專業人員∕不明∕,不明∕不明∕,本國∕本國∕
10108,10108Y00020036,YZA1,10108YZ000055,2012,8,31,13,25,金門縣,金城鎮,,NA,民生路,,,NA,47,,,,,,NA,NA,NA,NA,NA,NA,NA,NA,NA,0,1,0,晴,日間自然光線,村里道路,40,三岔路,交岔口附近,柏油,乾燥,無缺陷,無障礙物,良好,無號誌,無號誌,無標記,未繪設車道線,快慢車道分隔線,有,其他,未注意車前狀態,Y000,YZ00,1,2,2012/8/31,民生路47號,,金門縣金城鎮,118.3190184,24.43575,普通重型 機車∕自用 小客車∕,機車普通重型∕小客車自用∕,45∕32∕,受傷∕未受傷∕,87****D代號690∕19****S代號691∕,其他∕其他∕,有適當之駕照∕有適當之駕照∕,經檢測無酒精反應∕經檢測無酒精反應∕,機車左側車身∕汽車右側車身∕,未注意車前狀態∕尚未發現肇事因素∕,未注意車前狀態∕未注意車前狀態∕,其他∕其他∕,其他∕其他∕,本國∕本國∕
10108,,YZA1,10108YZ000056,2012,8,18,12,5,金門縣,金城鎮,南門里,NA,民權路,,,NA,,,,,,西南門里公所前路段,NA,NA,NA,NA,NA,NA,NA,NA,NA,0,1,0,晴,日間自然光線,鄉道,40,四岔路,交岔口附近,柏油,乾燥,無缺陷,其他障礙物,良好,行車管制號誌,正常,附標記,未繪設車道線,未繪設快慢車道分隔線,有,路上翻車、摔倒,未注意車前狀態,Y000,YZ00,3,2,2012/8/18,民權路,,金門縣金城鎮南門里西南門里公所前路段,118.3168946,24.4355379,普通重型 機車∕ ∕,機車普通重型,45∕0∕,受傷,MN****7代號692,其他,越級駕駛,不明,機車右側車身,未注意車前狀態∕尚未發現肇事因素∕,未注意車前狀態∕未注意車前狀態∕,家庭主婦（夫）,其他,本國∕本國∕
10109,10109Y00030003,YYA1,10109YY000002,2012,9,1,14,0,金門縣,金沙鎮,,NA,,,,NA,,,,,,呂厝至斗門何浦國小前路段,NA,NA,NA,NA,NA,NA,NA,NA,NA,0,0,0,晴,日間自然光線,村里道路,50,直路,一般車道（未劃分快慢車道）,柏油,乾燥,無缺陷,無障礙物,良好,無號誌,無號誌,無標記,未繪設車道線,未繪設快慢車道分隔線,有,衝出路外,酒醉（後）駕駛失控,Y000,YY00,1,3,2012/9/1,金門縣金沙鎮呂厝至斗門何浦國小前路段,,金門縣金沙鎮呂厝至斗門何浦國小前路段,118.3953881,24.4782925,自用 小客車∕ ∕,小客車自用,66∕0∕,未受傷,EQ****5代號693,其他,有適當之駕照,經呼氣檢測超過0.80mg∕L或血液檢測超過0.16,汽車車底,酒醉（後）駕駛失控∕尚未發現肇事因素∕,酒醉（後）駕駛失控∕酒醉（後）駕駛失控∕,無業者,不明,本國∕本國∕
10109,10109Y00020004,YYA1,10109YY000005,2012,9,3,13,44,金門縣,金湖鎮,,NA,環島南路,五,,NA,,,士校路,,,,NA,NA,NA,NA,NA,NA,NA,NA,NA,0,1,0,晴,日間自然光線,村里道路,50,四岔路,交岔路口內,柏油,乾燥,無缺陷,無障礙物,良好,行車管制號誌,正常,無分向設施,未繪設車道線,未繪設快慢車道分隔線,有,追撞,未保持行車安全距離,Y000,YY00,1,2,2012/9/3,環島南路五段,士校路,,118.418513,24.434034,自用 小貨車(含客、貨兩用)∕自用 大貨車∕乘客 人,小貨車自用∕大貨車自用∕乘客,35∕56∕24,未受傷∕未受傷∕受傷,44****D代號694∕03***L代號695∕44****D代號694,其他∕其他∕其他,有適當之駕照∕有適當之駕照∕非汽（機）車駕駛人,經檢測無酒精反應∕經檢測無酒精反應∕非駕駛人，未檢測,汽車右前車頭（身）∕汽車左後車尾（身）∕非汽（機）車,未保持行車安全距離∕尚未發現肇事因素∕尚未發現肇事因素,未保持行車安全距離∕未保持行車安全距離∕未保持行車安全距離,技術工∕服務工作者∕技術工,業務聯繫∕業務聯繫∕業務聯繫,本國∕本國∕本國
10109,10109Y00030001,YYA1,10109YY000014,2012,9,10,22,56,金門縣,金沙鎮,,NA,環中路,,,NA,,,,,,擎天水庫前路段,NA,NA,NA,NA,NA,NA,NA,NA,NA,0,0,0,晴,夜間（或隧道、地下道、涵洞）有照明,村里道路,40,彎曲路及附近,一般車道（未劃分快慢車道）,柏油,乾燥,無缺陷,無障礙物,良好,無號誌,無號誌,無標記,未繪設車道線,未繪設快慢車道分隔線,有,路上翻車、摔倒,酒醉（後）駕駛失控,Y000,YY00,1,3,2012/9/10,環中路,,金門縣金沙鎮擎天水庫前路段,118.3912208,24.4595516,自用 小貨車(含客、貨兩用)∕ ∕,小貨車自用,43∕0∕,未受傷,WY****6代號696,其他,有適當之駕照,經呼氣檢測超過0.80mg∕L或血液檢測超過0.16,汽車右前車頭（身）,酒醉（後）駕駛失控∕尚未發現肇事因素∕,酒醉（後）駕駛失控∕酒醉（後）駕駛失控∕,技術工,社交活動,本國∕本國∕
10109,10109Y00020017,YYA1,10109YY000020,2012,9,14,14,20,金門縣,金沙鎮,汶沙里,NA,環島東路,一,,NA,,,,,,與國中路路口處,NA,NA,NA,NA,NA,NA,NA,NA,NA,0,1,0,晴,日間自然光線,村里道路,60,四岔路,交岔路口內,柏油,乾燥,無缺陷,無障礙物,良好,無號誌,無號誌,無分向設施,未繪設車道線,未繪設快慢車道分隔線,有,追撞,未保持行車安全距離,Y000,YY00,1,2,2012/9/14,環島東路一段,,金門縣金沙鎮汶沙里與國中路路口處,118.4213083,24.4841071,普通重型 機車∕自用 小客車∕,機車普通重型∕小客車自用∕,18∕21∕,受傷∕未受傷∕,16****A代號697∕53****H代號698∕,其他∕其他∕,有適當之駕照∕有適當之駕照∕,經檢測無酒精反應∕經檢測無酒精反應∕,機車前車頭∕汽車左後車尾（身）∕,未保持行車安全距離∕尚未發現肇事因素∕,未保持行車安全距離∕未保持行車安全距離∕,其他∕其他∕,其他∕其他∕,本國∕本國∕
10109,10109Y00020019,YYA1,10109YY000025,2012,9,16,11,10,金門縣,金沙鎮,,NA,,,,NA,,,,,,忠孝新村98號旁路口,NA,NA,NA,NA,NA,NA,NA,NA,NA,0,1,0,陰,日間自然光線,村里道路,40,四岔路,交岔路口內,其他鋪裝,乾燥,無缺陷,無障礙物,良好,無號誌,無號誌,無分向設施,未繪設車道線,未繪設快慢車道分隔線,無,側撞,右轉彎未依規定,Y000,YY00,1,2,2012/9/16,金門縣金沙鎮忠孝新村98號旁路口,,金門縣金沙鎮忠孝新村98號旁路口,118.413013,24.493643,自用 小客車∕普通重型 機車∕,小客車自用∕機車普通重型∕,29∕69∕,未受傷∕受傷∕,06****V代號699∕29****C代號700∕,其他∕其他∕,有適當之駕照∕有適當之駕照∕,經檢測無酒精反應∕經檢測無酒精反應∕,汽車左前車頭（身）∕機車前車頭∕,右轉彎未依規定∕未依規定減速∕,右轉彎未依規定∕右轉彎未依規定∕,其他∕其他∕,其他∕其他∕,本國∕本國∕
10109,10109Y00020021,YYA1,10109YY000026,2012,9,18,15,20,金門縣,金沙鎮,,NA,環島北路,四,,NA,,,,,,金沙淨水廠入口處,NA,NA,NA,NA,NA,NA,NA,NA,NA,0,1,0,晴,日間自然光線,村里道路,50,三岔路,交岔路口內,柏油,乾燥,無缺陷,無障礙物,良好,無號誌,無號誌,無分向設施,未繪設車道線,未繪設快慢車道分隔線,有,側撞,未依規定讓車,Y000,YY00,1,2,2012/9/18,環島北路四段,,金門縣金沙鎮金沙淨水廠入口處,118.4045085,24.4840105,普通重型 機車∕普通重型 機車∕,機車普通重型∕機車普通重型∕,53∕18∕,未受傷∕受傷∕,PZ****1代號701∕16****Y代號702∕,其他∕其他∕,駕照被吊扣∕有適當之駕照∕,經檢測無酒精反應∕經檢測無酒精反應∕,機車右側車身∕機車前車頭∕,未依規定讓車∕未依規定減速∕,未依規定讓車∕未依規定讓車∕,農林漁牧工作者∕大學（研究）生∕,其他∕上、下學∕,本國∕本國∕
10109,10109Y00020030,YYA1,10109YY000031,2012,9,21,17,50,金門縣,金湖鎮,,NA,環島南路,四,,NA,,,,,,168加油站前路段,NA,NA,NA,NA,NA,NA,NA,NA,NA,0,4,0,晴,日間自然光線,村里道路,50,彎曲路及附近,一般車道（未劃分快慢車道）,柏油,乾燥,無缺陷,無障礙物,良好,無號誌,無號誌,附標記,未繪設車道線,未繪設快慢車道分隔線,有,其他,起步未注意其他車（人）安全,Y000,YY00,1,2,2012/9/21,環島南路四段,,金門縣金湖鎮168加油站前路段,118.40101,24.438041,普通重型 機車∕普通重型 機車∕乘客 人∕乘客 人∕,機車普通重型∕機車普通重型∕乘客∕乘客∕,36∕43∕3∕22∕,受傷∕受傷∕受傷∕受傷∕,76****D代號703∕K2****5代號704∕76****D代號703∕K2****5代號704∕,其他∕其他∕其他∕其他∕,有適當之駕照∕有適當之駕照∕非汽（機）車駕駛人∕非汽（機）車駕駛人∕,經檢測無酒精反應∕經檢測無酒精反應∕非駕駛人，未檢測∕非駕駛人，未檢測∕,機車左側車身∕機車前車頭∕非汽（機）車∕非汽（機）車∕,起步未注意其他車（人）安全∕尚未發現肇事因素∕尚未發現肇事因素∕尚未發現肇事因素∕,起步未注意其他車（人）安全∕起步未注意其他車（人）安全∕起步未注意其他車（人）安全∕起步未注意其他車（人）安全∕,家庭主婦（夫）∕技術工∕小學生∕技術工∕,其他∕業務聯繫∕其他∕業務聯繫∕,本國∕本國∕本國∕本國∕
10109,10109Y00020031,YYA1,10109YY000032,2012,9,22,23,40,金門縣,金沙鎮,,NA,環島北路,三,,NA,,往,蘭洋路,,,晨光療養院前產業道路,NA,NA,NA,NA,NA,NA,NA,NA,NA,0,1,0,晴,夜間（或隧道、地下道、涵洞）無照明,村里道路,50,直路,一般車道（未劃分快慢車道）,水泥,乾燥,無缺陷,其他障礙物,其他,無號誌,無號誌,無分向設施,未繪設車道線,未繪設快慢車道分隔線,無,路上翻車、摔倒,路況危險無安全（警告）設施,Y000,YY00,1,2,2012/9/22,環島北路三段,蘭洋路,,118.3843702,24.461898, ∕普通重型 機車∕,∕機車普通重型∕,47∕47∕,∕受傷∕,∕80****V代號705∕,∕其他∕,∕有適當之駕照∕,∕經檢測無酒精反應∕,∕機車前車頭∕,路況危險無安全（警告）設施∕未注意車前狀態∕,路況危險無安全（警告）設施∕路況危險無安全（警告）設施∕,∕保安工作者（不含警察人員）∕,∕社交活動∕,本國∕本國∕
10109,10109Y00020032,YYA1,10109YY000035,2012,9,27,13,9,金門縣,金湖鎮,,NA,黃海路,,,NA,,,,,,01564號路燈桿前路段,NA,NA,NA,NA,NA,NA,NA,NA,NA,0,1,0,晴,日間自然光線,村里道路,50,直路,一般車道（未劃分快慢車道）,柏油,乾燥,無缺陷,無障礙物,良好,無號誌,無號誌,無標記,未繪設車道線,未繪設快慢車道分隔線,有,路上翻車、摔倒,未注意車前狀態,Y000,YY00,1,2,2012/9/27,黃海路,,金門縣金湖鎮01564號路燈桿前路段,118.4256931,24.452032,普通重型 機車∕ ∕,機車普通重型,53∕0∕,受傷,53****D代號706,其他,有適當之駕照,經檢測無酒精反應,機車左側車身,未注意車前狀態∕尚未發現肇事因素∕,未注意車前狀態∕未注意車前狀態∕,非技術工及體力工,購物,本國∕本國∕
10109,10109Y00010001,YYA1,10109YY000037,2012,9,28,13,18,金門縣,金沙鎮,,NA,浦華路,,,NA,,,,,,01452號路燈附近新前墩往內洋方向,NA,NA,NA,NA,NA,NA,NA,NA,NA,1,1,0,晴,日間自然光線,村里道路,40,直路,一般車道（未劃分快慢車道）,柏油,乾燥,無缺陷,無障礙物,良好,無號誌,無號誌,無標記,未繪設車道線,未繪設快慢車道分隔線,有,撞路樹、電桿,未注意車前狀態,Y000,YY00,1,1,2012/9/28,浦華路,,金門縣金沙鎮01452號路燈附近新前墩往內洋方向,118.4550046,24.4639639,普通重型 機車∕ ∕乘客 人,機車普通重型乘客,65∕0∕80,受傷24小時內死亡,PZ****3代號707PZ****3代號707,其他其他,有適當之駕照非汽（機）車駕駛人,經檢測無酒精反應非駕駛人，未檢測,機車右側車身非汽（機）車,未注意車前狀態∕尚未發現肇事因素∕尚未發現肇事因素,未注意車前狀態∕未注意車前狀態∕未注意車前狀態,無業者無業者,其他其他,本國∕本國∕本國
10109,10109Y00020001,YZA1,10109YZ000001,2012,9,1,8,25,金門縣,金城鎮,,NA,,,,NA,,,,,,東門圓環,NA,NA,NA,NA,NA,NA,NA,NA,NA,0,1,0,陰,日間自然光線,村里道路,40,圓環,一般車道（未劃分快慢車道）,柏油,乾燥,無缺陷,無障礙物,良好,無號誌,無號誌,無分向設施,車道線（無標記）,未繪設快慢車道分隔線,有,其他,未依規定讓車,Y000,YZ00,1,2,2012/9/1,金門縣金城鎮東門圓環,,金門縣金城鎮東門圓環,118.321386,24.431515,自用 小客車∕普通輕型 機車∕,小客車自用∕機車普通輕型∕,26∕66∕,未受傷∕受傷∕,10****V代號708∕16****B代號709∕,其他∕其他∕,有適當之駕照∕有適當之駕照∕,經檢測無酒精反應∕經檢測無酒精反應∕,汽車左側車身∕機車右側車身∕,未依規定讓車∕未注意車前狀態∕,未依規定讓車∕未依規定讓車∕,其他∕其他∕,其他∕其他∕,本國∕本國∕
10109,10109Y00020002,YZA1,10109YZ000003,2012,9,2,7,35,金門縣,金城鎮,賢庵里,NA,環島西路,一,,NA,,,,,,吳厝路口,NA,NA,NA,NA,NA,NA,NA,NA,NA,0,2,0,晴,日間自然光線,村里道路,50,三岔路,交岔口附近,柏油,濕潤,無缺陷,無障礙物,良好,無號誌,無號誌,附標記,未繪設車道線,未繪設快慢車道分隔線,有,其他,裝載未盡安全措施,Y000,YZ00,1,2,2012/9/2,環島西路一段,,金門縣金城鎮賢庵里吳厝路口,118.3184801,24.4172073,自用 大貨車∕普通重型 機車∕乘客 人,大貨車自用∕機車普通重型∕乘客,50∕52∕26,未受傷∕受傷∕受傷,06***W代號710∕61****F代號711∕61****F代號711,其他∕其他∕其他,有適當之駕照∕有適當之駕照∕非汽（機）車駕駛人,經檢測無酒精反應∕經檢測無酒精反應∕非駕駛人，未檢測,不明∕機車左側車身∕非汽（機）車,裝載未盡安全措施∕未注意車前狀態∕尚未發現肇事因素,裝載未盡安全措施∕裝載未盡安全措施∕裝載未盡安全措施,技術員及助理人員∕家庭主婦（夫）∕事務工作者,業務聯繫∕購物∕購物,本國∕本國∕本國
10109,10109Y00020003,YZA1,10109YZ000004,2012,9,2,14,27,金門縣,金城鎮,東門里,NA,伯玉路,一,,NA,,,,,,00263號路燈桿,NA,NA,NA,NA,NA,NA,NA,NA,NA,0,4,0,晴,日間自然光線,村里道路,60,直路,一般車道（未劃分快慢車道）,柏油,乾燥,無缺陷,無障礙物,良好,無號誌,無號誌,無標記,未繪設車道線,快慢車道分隔線,有,側撞,未依規定讓車,Y000,YZ00,1,2,2012/9/2,伯玉路一段,,金門縣金城鎮東門里00263號路燈桿,118.3267756,24.4346914,普通重型 機車∕普通重型 機車∕乘客 人∕乘客 人∕,機車普通重型∕機車普通重型∕乘客∕乘客∕,33∕20∕8∕20∕,受傷∕受傷∕受傷∕受傷∕,AY****7代號712∕95****Z代號713∕AY****7代號712∕95****Z代號713∕,其他∕其他∕其他∕其他∕,有適當之駕照∕有適當之駕照∕非汽（機）車駕駛人∕非汽（機）車駕駛人∕,經檢測無酒精反應∕經檢測無酒精反應∕非駕駛人，未檢測∕非駕駛人，未檢測∕,機車右側車身∕機車前車頭∕非汽（機）車∕非汽（機）車∕,未依規定讓車∕未注意車前狀態∕尚未發現肇事因素∕尚未發現肇事因素∕,未依規定讓車∕未依規定讓車∕未依規定讓車∕未依規定讓車∕,事務工作者∕大學（研究）生∕小學生∕大學（研究）生∕,購物∕購物∕購物∕購物∕,本國∕本國∕本國∕本國∕
10109,10109Y00020005,YZA1,10109YZ000006,2012,9,5,9,45,金門縣,金城鎮,,NA,中興路,,,NA,,,莒光路,,,,NA,NA,NA,NA,NA,NA,NA,NA,NA,0,2,0,晴,日間自然光線,村里道路,40,四岔路,交岔路口內,水泥,乾燥,無缺陷,無障礙物,良好,無號誌,無號誌,無分向設施,未繪設車道線,未繪設快慢車道分隔線,無,路口交岔撞,未依規定讓車,Y000,YZ00,1,2,2012/9/5,中興路,莒光路,,118.3169615,24.43272812,普通重型 機車∕普通重型 機車∕,機車普通重型∕機車普通重型∕,18∕32∕,受傷∕受傷∕,63****P代號714∕08****U代號715∕,其他∕其他∕,無照（已達考照年齡）∕有適當之駕照∕,經檢測無酒精反應∕經檢測無酒精反應∕,機車前車頭∕機車前車頭∕,未依規定讓車∕未依規定減速∕,未依規定讓車∕未依規定讓車∕,其他∕家庭主婦（夫）∕,其他∕購物∕,本國∕本國∕
10109,10109Y00020006,YZA1,10109YZ000007,2012,9,5,16,10,金門縣,金城鎮,,NA,伯玉路,一,,NA,,,,,,00253號燈桿前,NA,NA,NA,NA,NA,NA,NA,NA,NA,0,1,0,晴,日間自然光線,縣道,60,直路,慢車道,柏油,乾燥,突出（高低）不平,無障礙物,良好,無號誌,無號誌,無標記,未繪設車道線,快慢車道分隔線,有,路上翻車、摔倒,未注意車前狀態,Y000,YZ00,1,2,2012/9/5,伯玉路一段,,金門縣金城鎮00253號燈桿前,118.3267756,24.4346914,普通重型 機車∕ ∕,機車普通重型,34∕0∕,受傷,PZ****0代號716,其他,有適當之駕照,經檢測無酒精反應,機車左側車身,未注意車前狀態∕尚未發現肇事因素∕,未注意車前狀態∕未注意車前狀態∕,其他,業務聯繫,本國∕本國∕
10109,10109Y00020007,YZA1,10109YZ000008,2012,9,6,12,45,金門縣,金寧鄉,,NA,伯玉路,二,,NA,,,,,,盤果路口,NA,NA,NA,NA,NA,NA,NA,NA,NA,0,1,0,晴,日間自然光線,縣道,70,四岔路,交岔路口內,柏油,乾燥,無缺陷,無障礙物,良好,無號誌,無號誌,無分向設施,未繪設車道線,未繪設快慢車道分隔線,有,側撞,右轉彎未依規定,Y000,YZ00,1,2,2012/9/6,伯玉路二段,,金門縣金寧鄉盤果路口,118.3416148,24.4414563,自用 小客車∕普通重型 機車∕,小客車自用∕機車普通重型∕,61∕71∕,未受傷∕受傷∕,6F****7代號717∕PZ****6代號718∕,其他∕其他∕,有適當之駕照∕有適當之駕照∕,經檢測無酒精反應∕經檢測無酒精反應∕,汽車右後車尾（身）∕機車左側車身∕,右轉彎未依規定∕未注意車前狀態∕,右轉彎未依規定∕右轉彎未依規定∕,其他∕其他∕,其他∕其他∕,本國∕本國∕
10109,,YZA1,10109YZ000009,2012,9,7,13,50,金門縣,金城鎮,,NA,,,,NA,,,,,,後豐港路段00925號路燈桿,NA,NA,NA,NA,NA,NA,NA,NA,NA,0,0,0,晴,NA,NA,40,NA,NA,NA,NA,NA,NA,NA,NA,NA,NA,NA,NA,NA,NA,NA,Y000,YZ00,1,4,2012/9/7,金門縣金城鎮後豐港路段00925號路燈桿,,金門縣金城鎮後豐港路段00925號路燈桿,118.3166667,24.4166667,自用 小客車∕自用 小貨車(含客、貨兩用)∕,小客車自用∕小貨車自用∕,26∕43∕,,B3****6代號719∕03****7代號720∕,,,,,,,,,本國∕本國∕
10109,10109Y00020008,YZA1,10109YZ000010,2012,9,7,15,10,金門縣,金寧鄉,,NA,環島北路,一,,NA,,,,,,07209號路燈桿附近,NA,NA,NA,NA,NA,NA,NA,NA,NA,0,1,0,晴,日間自然光線,村里道路,50,直路,一般車道（未劃分快慢車道）,柏油,乾燥,無缺陷,無障礙物,良好,無號誌,無號誌,無標記,未繪設車道線,未繪設快慢車道分隔線,有,其他,未注意車前狀態,Y000,YZ00,1,2,2012/9/7,環島北路一段,,金門縣金寧鄉07209號路燈桿附近,118.3283226,24.4462231,普通重型 機車∕ ∕,機車普通重型,69∕0∕,受傷,PZ****3代號721,其他,有適當之駕照,經檢測無酒精反應,機車前車頭,未注意車前狀態∕尚未發現肇事因素∕,未注意車前狀態∕未注意車前狀態∕,無業者,其他,本國∕本國∕