年月,總編號,處理單位,處理編號,年,月,日,時,分,縣市,區,村里,鄰,街道,段,巷,弄,號,公尺處,街道.1,段.1,側,附近,道路,公里,公尺處.1,向,車道,平交道,公里.1,公尺處.2,附近.1,死,受傷,X2.30,天候,光線,道路類別,速限,道路型態,事故位置,路面鋪裝,路面狀態,路面缺陷,障礙物,視距,號誌種類,號誌動作,分向設施,快車道或一般車道間,快慢車道間,路面邊線,事故類型及型態,主要肇因,警局,分局,案件類別,事故類別,日期,道路1,道路2,概略位置,lon,lat,車種,當事者區分.類別.,年齡,受傷程度,車輛牌照號碼,車輛用途,駕駛資格情形,飲酒情形,車輛撞擊部位最初,肇事因素個別,肇事因素主要,職.業,旅次目的,國籍
10109,10109Y00020009,YZA1,10109YZ000011,2012,9,7,21,5,金門縣,金寧鄉,盤山村,NA,,,,NA,,,,,,頂堡150號旁路口,NA,NA,NA,NA,NA,NA,NA,NA,NA,0,1,0,晴,夜間（或隧道、地下道、涵洞）有照明,村里道路,40,四岔路,交岔口附近,水泥,乾燥,無缺陷,其他障礙物,良好,無號誌,無號誌,附標記,未繪設車道線,未繪設快慢車道分隔線,有,其他,酒醉（後）駕駛失控,Y000,YZ00,1,2,2012/9/7,金門縣金寧鄉盤山村頂堡150號旁路口,,金門縣金寧鄉盤山村頂堡150號旁路口,118.3392109,24.4487087,自用 小客車∕自用 小貨車(含客、貨兩用)∕,小客車自用∕小貨車自用∕,56∕30∕,受傷∕未受傷∕,43****E代號722∕T6****9代號723∕,其他∕其他∕,有適當之駕照∕有適當之駕照∕,經呼氣檢測超過0.80mg∕L或血液檢測超過0.16∕經觀察未飲酒∕,汽車右前車頭（身）∕汽車左後車尾（身）∕,酒醉（後）駕駛失控∕尚未發現肇事因素∕,酒醉（後）駕駛失控∕酒醉（後）駕駛失控∕,機械設備操作工及組裝工∕技術員及助理人員∕,社交活動∕社交活動∕,本國∕本國∕
10109,10109Y00020012,YZA1,10109YZ000012,2012,9,9,20,15,金門縣,金城鎮,,NA,民生路,,,NA,,,,,,4號前,NA,NA,NA,NA,NA,NA,NA,NA,NA,0,1,0,晴,夜間（或隧道、地下道、涵洞）有照明,村里道路,50,直路,一般車道（未劃分快慢車道）,柏油,乾燥,無缺陷,無障礙物,良好,無號誌,無號誌,無分向設施,未繪設車道線,未繪設快慢車道分隔線,有,倒車撞,倒車未依規定,Y000,YZ00,1,2,2012/9/9,民生路,,金門縣金城鎮4號前,118.3190184,24.43575,自用 小客車∕普通重型 機車∕,小客車自用∕機車普通重型∕,21∕28∕,未受傷∕受傷∕,14****V代號724∕15****F代號725∕,其他∕其他∕,有適當之駕照∕有適當之駕照∕,經呼氣檢測0.26至0.40mg∕L或血液檢測0.051至0.08∕經檢測無酒精反應∕,汽車後車尾∕機車右側車身∕,倒車未依規定∕起步未注意其他車（人）安全∕,倒車未依規定∕倒車未依規定∕,不明∕不明∕,其他∕其他∕,本國∕本國∕
10109,10109Y00020013,YZA1,10109YZ000013,2012,9,10,10,50,金門縣,金城鎮,,NA,伯玉路,一,,NA,,,,,,盈成汽車廠前路口,NA,NA,NA,NA,NA,NA,NA,NA,NA,0,1,0,晴,日間自然光線,村里道路,60,四岔路,交岔路口內,柏油,乾燥,無缺陷,無障礙物,良好,行車管制號誌,正常,無分向設施,未繪設車道線,未繪設快慢車道分隔線,有,路上翻車、摔倒,未注意車前狀態,Y000,YZ00,1,2,2012/9/10,伯玉路一段,,金門縣金城鎮盈成汽車廠前路口,118.3267756,24.4346914,普通重型 機車∕ ∕,機車普通重型,45∕0∕,受傷,90****D代號726,其他,有適當之駕照,經檢測無酒精反應,機車左側車身,未注意車前狀態∕尚未發現肇事因素∕,未注意車前狀態∕未注意車前狀態∕,不明,其他,本國∕本國∕
10109,10109Y00020014,YZA1,10109YZ000015,2012,9,11,17,13,金門縣,金寧鄉,,NA,,,,NA,,,,,,埔後565號前路口,NA,NA,NA,NA,NA,NA,NA,NA,NA,0,2,0,晴,日間自然光線,村里道路,40,四岔路,交岔路口內,水泥,乾燥,無缺陷,無障礙物,良好,無號誌,無號誌,無分向設施,未繪設車道線,未繪設快慢車道分隔線,無,路口交岔撞,未依規定讓車,Y000,YZ00,1,2,2012/9/11,金門縣金寧鄉埔後565號前路口,,金門縣金寧鄉埔後565號前路口,118.317029,24.442928,自用 小貨車(含客、貨兩用)∕普通重型 機車∕乘客 人,小貨車自用∕機車普通重型∕乘客,26∕31∕9,未受傷∕受傷∕受傷,06****V代號727∕PZ****2代號728∕PZ****2代號728,其他∕其他∕其他,有適當之駕照∕無照（已達考照年齡）∕非汽（機）車駕駛人,經檢測無酒精反應∕經檢測無酒精反應∕非駕駛人，未檢測,汽車右側車身∕機車前車頭∕非汽（機）車,未依規定讓車∕未依規定減速∕尚未發現肇事因素,未依規定讓車∕未依規定讓車∕未依規定讓車,汽車、火車駕駛員及船員∕其他∕小學生,業務聯繫∕購物∕購物,本國∕本國∕本國
10109,10109Y00020035,YZA1,10109YZ000016,2012,9,7,8,26,金門縣,金城鎮,,NA,民權路,,,NA,,,光前路,,,路口,NA,NA,NA,NA,NA,NA,NA,NA,NA,0,1,0,晴,日間自然光線,村里道路,40,四岔路,交岔路口內,柏油,乾燥,無缺陷,無障礙物,良好,行車管制號誌,正常,無分向設施,未繪設車道線,未繪設快慢車道分隔線,有,同向擦撞,右轉彎未依規定,Y000,YZ00,1,2,2012/9/7,民權路,光前路,,118.3154588,24.43343543,自用 大貨車∕電動自行車 慢車∕,大貨車自用∕電動自行車∕,63∕77∕,未受傷∕受傷∕,VU***3代號729,其他∕其他∕,有適當之駕照∕非汽（機）車駕駛人∕,經檢測無酒精反應∕經檢測無酒精反應∕,汽車右側車身∕非汽（機）車∕,右轉彎未依規定∕未保持行車安全距離∕,右轉彎未依規定∕右轉彎未依規定∕,其他∕無業者∕,其他∕其他∕,本國∕本國∕
10109,10109Y00020015,YZA1,10109YZ000017,2012,9,13,13,20,金門縣,金城鎮,,NA,民族路,,,NA,,,,,,32巷口,NA,NA,NA,NA,NA,NA,NA,NA,NA,0,1,0,晴,日間自然光線,村里道路,40,四岔路,交岔路口內,柏油,乾燥,無缺陷,無障礙物,良好,無號誌,無號誌,無分向設施,未繪設車道線,未繪設快慢車道分隔線,有,路口交岔撞,未依規定讓車,Y000,YZ00,1,2,2012/9/13,民族路,,金門縣金城鎮32巷口,118.3157499,24.4302723,普通重型 機車∕普通重型 機車∕,機車普通重型∕機車普通重型∕,62∕21∕,受傷∕未受傷∕,PZ****9代號730∕50****F代號731∕,其他∕其他∕,有適當之駕照∕有適當之駕照∕,經檢測無酒精反應∕經檢測無酒精反應∕,機車前車頭∕機車右側車身∕,未依規定讓車∕未依規定減速∕,未依規定讓車∕未依規定讓車∕,其他∕其他∕,其他∕其他∕,本國∕本國∕
10109,10109Y00030002,YZA1,10109YZ000018,2012,9,13,10,20,金門縣,金寧鄉,,NA,伯玉路,一,,NA,307,,,,,,NA,NA,NA,NA,NA,NA,NA,NA,NA,0,0,0,晴,日間自然光線,村里道路,40,巷弄,其他,其他鋪裝,乾燥,無缺陷,無障礙物,良好,無號誌,無號誌,無分向設施,未繪設車道線,未繪設快慢車道分隔線,無,其他,未注意車前狀態,Y000,YZ00,1,3,2012/9/13,伯玉路一段307號,,金門縣金寧鄉,118.3267756,24.4346914,自用 小貨車(含客、貨兩用)∕自用 小客車∕,小貨車自用∕小客車自用∕,46∕26∕,未受傷∕未受傷∕,6F****7代號732∕03****X代號733∕,其他∕其他∕,有適當之駕照∕有適當之駕照∕,經檢測無酒精反應∕不明∕,汽車右後車尾（身）∕汽車左前車頭（身）∕,未注意車前狀態∕尚未發現肇事因素∕,未注意車前狀態∕未注意車前狀態∕,其他∕其他∕,其他∕其他∕,本國∕本國∕
10109,10109Y00020016,YZA1,10109YZ000019,2012,9,14,8,30,金門縣,金寧鄉,,NA,伯玉路,二,,NA,,,,,,金民加油站前,NA,NA,NA,NA,NA,NA,NA,NA,NA,0,1,0,晴,日間自然光線,村里道路,60,直路,慢車道,柏油,乾燥,無缺陷,無障礙物,良好,無號誌,無號誌,無標記,未繪設車道線,快慢車道分隔線,有,側撞,右轉彎未依規定,Y000,YZ00,1,2,2012/9/14,伯玉路二段,,金門縣金寧鄉金民加油站前,118.3416148,24.4414563,自用 小客車∕普通重型 機車∕,小客車自用∕機車普通重型∕,29∕39∕,未受傷∕受傷∕,6F****9代號734∕KA****3代號735∕,其他∕其他∕,有適當之駕照∕有適當之駕照∕,經檢測無酒精反應∕經檢測無酒精反應∕,汽車右側車身∕機車前車頭∕,右轉彎未依規定∕未注意車前狀態∕,右轉彎未依規定∕右轉彎未依規定∕,其他∕其他∕,上、下班∕上、下班∕,本國∕本國∕
10109,10109Y00020011,YZA1,10109YZ000021,2012,9,8,20,30,金門縣,金寧鄉,,NA,慈湖路,一,,NA,229,,,,,,NA,NA,NA,NA,NA,NA,NA,NA,NA,0,1,0,晴,夜間（或隧道、地下道、涵洞）有照明,村里道路,60,三岔路,交岔路口內,柏油,乾燥,無缺陷,無障礙物,良好,無號誌,無號誌,無標記,未繪設車道線,未繪設快慢車道分隔線,有,側撞,未保持行車安全距離,Y000,YZ00,1,2,2012/9/8,慈湖路一段229號,,金門縣金寧鄉,118.3117387,24.4416084,普通重型 機車∕自用 小客車∕,機車普通重型∕小客車自用∕,39∕34∕,受傷∕未受傷∕,PK****6代號736∕23****S代號737∕,其他∕其他∕,有適當之駕照∕有適當之駕照∕,經檢測無酒精反應∕經檢測無酒精反應∕,機車前車頭∕汽車右前車頭（身）∕,未保持行車安全距離∕右轉彎未依規定∕,未保持行車安全距離∕未保持行車安全距離∕,不明∕不明∕,不明∕不明∕,本國∕本國∕
10109,10109Y00020018,YZA1,10109YZ000022,2012,9,14,14,35,金門縣,金城鎮,,NA,伯玉路,一,,NA,15,,,,,,NA,NA,NA,NA,NA,NA,NA,NA,NA,0,1,0,晴,日間自然光線,村里道路,60,直路,一般車道（未劃分快慢車道）,柏油,乾燥,無缺陷,無障礙物,良好,無號誌,無號誌,無標記,未繪設車道線,快慢車道分隔線,有,側撞,右轉彎未依規定,Y000,YZ00,1,2,2012/9/14,伯玉路一段15號,,金門縣金城鎮,118.3267756,24.4346914,自用 小客車∕普通重型 機車∕,小客車自用∕機車普通重型∕,36∕22∕,未受傷∕受傷∕,6F****0代號738∕AR****2代號739∕,其他∕其他∕,有適當之駕照∕有適當之駕照∕,經觀察未飲酒∕經觀察未飲酒∕,汽車右前車頭（身）∕機車左側車身∕,右轉彎未依規定∕未注意車前狀態∕,右轉彎未依規定∕右轉彎未依規定∕,服務工作者∕服務工作者∕,其他∕其他∕,本國∕本國∕
10109,10109Y00020020,YZA1,10109YZ000023,2012,9,17,8,58,金門縣,金城鎮,,NA,,,,NA,,,,,,金城鎮東門圓環,NA,NA,NA,NA,NA,NA,NA,NA,NA,0,1,0,晴,日間自然光線,村里道路,40,圓環,一般車道（未劃分快慢車道）,柏油,乾燥,無缺陷,無障礙物,良好,無號誌,無號誌,無分向設施,車道線（無標記）,未繪設快慢車道分隔線,有,同向擦撞,違規超車,Y000,YZ00,1,2,2012/9/17,金門縣金城鎮金城鎮東門圓環,,金門縣金城鎮金城鎮東門圓環,118.321386,24.431515,自用 小客車∕普通重型 機車∕,小客車自用∕機車普通重型∕,53∕60∕,未受傷∕受傷∕,43****8代號740∕69****C代號741∕,其他∕其他∕,有適當之駕照∕無照（已達考照年齡）∕,經檢測無酒精反應∕經檢測無酒精反應∕,汽車右側車身∕機車左側車身∕,違規超車∕未注意車前狀態∕,違規超車∕違規超車∕,技術員及助理人員∕無業者∕,社交活動∕觀光旅遊∕,本國∕本國∕
10109,10109Y00020010,YZA1,10109YZ000024,2012,9,8,13,15,金門縣,金寧鄉,,NA,盤果路,,,NA,,,,,,00411號燈桿前路段,NA,NA,NA,NA,NA,NA,NA,NA,NA,0,1,0,晴,日間自然光線,鄉道,50,三岔路,交岔口附近,柏油,乾燥,無缺陷,無障礙物,良好,無號誌,無號誌,無標記,未繪設車道線,未繪設快慢車道分隔線,有,路上翻車、摔倒,酒醉（後）駕駛失控,Y000,YZ00,1,2,2012/9/8,盤果路,,金門縣金寧鄉00411號燈桿前路段,118.3423814,24.4390088,普通輕型 機車∕ ∕,機車普通輕型,46∕0∕,受傷,WZ****9代號742,其他,駕照被吊扣,經呼氣檢測0.56至0.80mg∕L或血液檢測0.111至0.16,機車前車頭,酒醉（後）駕駛失控∕尚未發現肇事因素∕,酒醉（後）駕駛失控∕酒醉（後）駕駛失控∕,技術工,其他,本國∕本國∕
10109,10109Y00020022,YZA1,10109YZ000027,2012,9,19,4,35,金門縣,金城鎮,,NA,民生路,,,NA,,,,,,東門圓環,NA,NA,NA,NA,NA,NA,NA,NA,NA,0,2,0,晴,夜間（或隧道、地下道、涵洞）有照明,村里道路,40,圓環,一般車道（未劃分快慢車道）,柏油,乾燥,無缺陷,無障礙物,良好,無號誌,無號誌,無分向設施,車道線（無標記）,未繪設快慢車道分隔線,有,對撞,酒醉（後）駕駛失控,Y000,YZ00,1,2,2012/9/19,民生路,,金門縣金城鎮東門圓環,118.3190184,24.43575,普通重型 機車∕自用 小客車∕乘客 人,機車普通重型∕小客車自用∕乘客,30∕37∕35,受傷∕未受傷∕受傷,33****F代號743∕OD****8代號744∕33****F代號743,其他∕其他∕其他,有適當之駕照∕有適當之駕照∕非汽（機）車駕駛人,經呼氣檢測0.56至0.80mg∕L或血液檢測0.111至0.16∕經檢測無酒精反應∕非駕駛人，未檢測,機車前車頭∕汽車右前車頭（身）∕非汽（機）車,酒醉（後）駕駛失控∕尚未發現肇事因素∕尚未發現肇事因素,酒醉（後）駕駛失控∕酒醉（後）駕駛失控∕酒醉（後）駕駛失控,其他∕警察人員∕其他,其他∕上、下班∕其他,本國∕本國∕本國
10109,10109Y00020023,YZA1,10109YZ000028,2012,9,19,11,30,金門縣,金城鎮,,NA,,,,NA,,,,,,民生路13號前,NA,NA,NA,NA,NA,NA,NA,NA,NA,0,1,0,雨,日間自然光線,村里道路,50,三岔路,交岔路口內,柏油,濕潤,無缺陷,無障礙物,良好,無號誌,無號誌,無分向設施,未繪設車道線,未繪設快慢車道分隔線,有,側撞,未依規定讓車,Y000,YZ00,1,2,2012/9/19,金門縣金城鎮民生路13號前,,金門縣金城鎮民生路13號前,118.3190184,24.43575,普通重型 機車∕普通重型 機車∕,機車普通重型∕機車普通重型∕,48∕30∕,未受傷∕受傷∕,56****J代號745∕P5****0代號746∕,其他∕其他∕,有適當之駕照∕有適當之駕照∕,經觀察未飲酒∕經觀察未飲酒∕,機車前車頭∕機車右側車身∕,未依規定讓車∕未依規定減速∕,未依規定讓車∕未依規定讓車∕,不明∕不明∕,其他∕其他∕,本國∕本國∕
10109,10109Y00020024,YZA1,10109YZ000029,2012,9,20,17,5,金門縣,金寧鄉,,NA,寧湖路,,,NA,,,,,,,NA,NA,NA,NA,NA,NA,NA,NA,NA,0,1,0,晴,日間自然光線,村里道路,40,彎曲路及附近,一般車道（未劃分快慢車道）,柏油,乾燥,無缺陷,無障礙物,良好,無號誌,無號誌,附標記,未繪設車道線,未繪設快慢車道分隔線,有,路上翻車、摔倒,未依規定減速,Y000,YZ00,1,2,2012/9/20,寧湖路,,金門縣金寧鄉,118.3037454,24.4728141,普通重型 機車∕ ∕,機車普通重型,61∕0∕,受傷,63****U代號747,其他,有適當之駕照,經檢測無酒精反應,機車前車頭,未依規定減速∕動物竄出∕,未依規定減速∕未依規定減速∕,其他,上、下班,本國∕本國∕
10109,,YZA1,10109YZ000030,2012,9,21,10,50,金門縣,金城鎮,,NA,,,,NA,,,,,,延平郡王祠前路段,NA,NA,NA,NA,NA,NA,NA,NA,NA,0,0,0,晴,NA,NA,50,NA,NA,NA,NA,NA,NA,NA,NA,NA,NA,NA,NA,NA,NA,NA,Y000,YZ00,1,4,2012/9/21,金門縣金城鎮延平郡王祠前路段,,金門縣金城鎮延平郡王祠前路段,118.3166667,24.4166667,自用 小貨車(含客、貨兩用)∕自用 小客車∕,小貨車自用∕小客車自用∕,58∕65∕,,6M****7代號748∕WY****2代號749∕,,,,,,,,,本國∕本國∕
10109,10109Y00020036,YZA1,10109YZ000033,2012,9,25,20,40,金門縣,金寧鄉,,NA,環島西路,二,,NA,,,,,,03083號燈桿前路段,NA,NA,NA,NA,NA,NA,NA,NA,NA,0,1,1,陰,夜間（或隧道、地下道、涵洞）有照明,縣道,50,三岔路,交岔路口內,柏油,乾燥,無缺陷,無障礙物,良好,無號誌,無號誌,無分向設施,未繪設車道線,未繪設快慢車道分隔線,有,側撞,違規超車,Y000,YZ00,1,2,2012/9/25,環島西路二段,,金門縣金寧鄉03083號燈桿前路段,118.3148723,24.4566699,普通重型 機車∕普通重型 機車∕,機車普通重型∕機車普通重型∕,19∕51∕,受傷∕2-30日內死亡∕,57****U代號750∕PZ****3代號751∕,其他∕其他∕,有適當之駕照∕有適當之駕照∕,經檢測無酒精反應∕經檢測無酒精反應∕,機車右側車身∕機車前車頭∕,違規超車∕左轉彎未依規定∕,違規超車∕違規超車∕,大學（研究）生∕技術工∕,上、下學∕上、下班∕,本國∕本國∕
10109,10109Y00020026,YZA1,10109YZ000034,2012,9,26,9,46,金門縣,金城鎮,,NA,西海路,二,,NA,,,,,,14巷6號前路口,NA,NA,NA,NA,NA,NA,NA,NA,NA,0,1,0,晴,日間自然光線,村里道路,50,直路,一般車道（未劃分快慢車道）,柏油,乾燥,無缺陷,無障礙物,良好,無號誌,無號誌,附標記,未繪設車道線,未繪設快慢車道分隔線,有,追撞,未注意車前狀態,Y000,YZ00,1,2,2012/9/26,西海路二段,,金門縣金城鎮14巷6號前路口,118.3041626,24.4144371,普通重型 機車∕公營公車 大客車∕,機車普通重型∕公營公車∕,25∕47∕,受傷∕未受傷∕,95****U代號752∕VU***7代號753∕,其他∕其他∕,有適當之駕照∕有適當之駕照∕,經檢測無酒精反應∕經檢測無酒精反應∕,機車前車頭∕汽車右後車尾（身）∕,未注意車前狀態∕尚未發現肇事因素∕,未注意車前狀態∕未注意車前狀態∕,不明∕不明∕,不明∕不明∕,本國∕本國∕
10109,10109Y00020027,YZA1,10109YZ000036,2012,9,28,8,48,金門縣,金城鎮,,NA,民生路,,,NA,,,,,,金信大樓前路段,NA,NA,NA,NA,NA,NA,NA,NA,NA,0,1,0,晴,日間自然光線,村里道路,40,三岔路,交岔口附近,柏油,乾燥,無缺陷,無障礙物,良好,無號誌,無號誌,無標記,未繪設車道線,未繪設快慢車道分隔線,有,其他,起步未注意其他車（人）安全,Y000,YZ00,1,2,2012/9/28,民生路,,金門縣金城鎮金信大樓前路段,118.3190184,24.43575,自用 小客車∕普通重型 機車∕,小客車自用∕機車普通重型∕,56∕46∕,未受傷∕受傷∕,WY****8代號754∕69****V代號755∕,其他∕其他∕,有適當之駕照∕有適當之駕照∕,經檢測無酒精反應∕經檢測無酒精反應∕,汽車左前車頭（身）∕機車前車頭∕,起步未注意其他車（人）安全∕尚未發現肇事因素∕,起步未注意其他車（人）安全∕起步未注意其他車（人）安全∕,其他∕其他∕,其他∕上、下班∕,本國∕本國∕
10109,10109Y00020025,YZA1,10109YZ000038,2012,9,25,19,10,金門縣,金城鎮,,NA,民生路,,,NA,61,,,,,,NA,NA,NA,NA,NA,NA,NA,NA,NA,0,1,0,晴,夜間（或隧道、地下道、涵洞）有照明,村里道路,40,三岔路,交岔口附近,柏油,乾燥,無缺陷,路上有停車,良好,無號誌,無號誌,無標記,未繪設車道線,快慢車道分隔線,有,對向擦撞,逆向行駛,Y000,YZ00,1,2,2012/9/25,民生路61號,,金門縣金城鎮,118.3190184,24.43575,普通重型 機車∕普通重型 機車∕,機車普通重型∕機車普通重型∕,52∕33∕,未受傷∕受傷∕,PZ****2代號756∕30****E代號757∕,其他∕其他∕,越級駕駛∕有適當之駕照∕,經檢測無酒精反應∕經檢測無酒精反應∕,機車左側車身∕機車左側車身∕,逆向行駛∕尚未發現肇事因素∕,逆向行駛∕逆向行駛∕,技術工∕服務工作者∕,購物∕上、下班∕,本國∕本國∕
10109,10109Y00020028,YZA1,10109YZ000039,2012,9,29,14,42,金門縣,金寧鄉,,NA,環島北路,二,,NA,52,,,,,,NA,NA,NA,NA,NA,NA,NA,NA,NA,0,2,0,晴,日間自然光線,縣道,60,三岔路,交岔路口內,柏油,乾燥,無缺陷,無障礙物,良好,無號誌,無號誌,附標記,未繪設車道線,未繪設快慢車道分隔線,有,側撞,違規超車,Y000,YZ00,1,2,2012/9/29,環島北路二段52號,,金門縣金寧鄉,118.3537405,24.452631,普通重型 機車∕普通重型 機車∕,機車普通重型∕機車普通重型∕,16∕19∕,受傷∕受傷∕,85****U代號758∕60****F代號759∕,其他∕其他∕,無照（未達考照年齡）∕有適當之駕照∕,經檢測無酒精反應∕經檢測無酒精反應∕,機車前車頭∕機車前車頭∕,違規超車∕左轉彎未依規定∕,違規超車∕違規超車∕,高中生∕大學（研究）生∕,其他∕其他∕,本國∕本國∕
10109,10109Y00020033,YZA1,10109YZ000040,2012,9,29,19,12,金門縣,金寧鄉,,NA,林湖路,,,NA,,,,,,00502號路燈桿前,NA,NA,NA,NA,NA,NA,NA,NA,NA,0,1,0,晴,夜間（或隧道、地下道、涵洞）有照明,村里道路,50,三岔路,交岔路口內,柏油,乾燥,無缺陷,無障礙物,良好,無號誌,無號誌,無標記,未繪設車道線,未繪設快慢車道分隔線,有,追撞,未注意車前狀態,Y000,YZ00,1,2,2012/9/29,林湖路,,金門縣金寧鄉00502號路燈桿前,118.330303,24.4320985,普通重型 機車∕自用 小客車∕,機車普通重型∕小客車自用∕,24∕37∕,受傷∕未受傷∕,58****W代號760∕6P****8代號761∕,其他∕其他∕,有適當之駕照∕有適當之駕照∕,經檢測無酒精反應∕經檢測無酒精反應∕,機車前車頭∕汽車左後車尾（身）∕,未注意車前狀態∕尚未發現肇事因素∕,未注意車前狀態∕未注意車前狀態∕,不明∕不明∕,不明∕不明∕,本國∕本國∕
10109,10109Y00020034,YZA1,10109YZ000041,2012,9,30,8,35,金門縣,金城鎮,,NA,民生路,,,NA,,,中興路,,,路口,NA,NA,NA,NA,NA,NA,NA,NA,NA,0,2,0,晴,日間自然光線,村里道路,40,四岔路,交岔口附近,柏油,乾燥,無缺陷,無障礙物,良好,行車管制號誌,正常,無標記,未繪設車道線,未繪設快慢車道分隔線,有,追撞,未保持行車安全距離,Y000,YZ00,1,2,2012/9/30,民生路,中興路,,118.319696,24.43433386,公營公車 大客車∕普通重型 機車∕乘客 人,公營公車∕機車普通重型∕乘客,35∕55∕83,未受傷∕受傷∕受傷,31***H代號762∕21****K代號763∕31***H代號762,其他∕其他∕其他,有適當之駕照∕有適當之駕照∕非汽（機）車駕駛人,經檢測無酒精反應∕經檢測無酒精反應∕非駕駛人，未檢測,汽車前車頭∕機車後車尾∕非汽（機）車,未保持行車安全距離∕尚未發現肇事因素∕尚未發現肇事因素,未保持行車安全距離∕未保持行車安全距離∕未保持行車安全距離,服務工作者∕其他∕無業者,其他∕其他∕其他,本國∕本國∕本國
10109,10109Y00020029,YZA1,10109YZ000042,2012,9,30,15,25,金門縣,金城鎮,,NA,環島北路,,38,2,11,,,,,路口,NA,NA,NA,NA,NA,NA,NA,NA,NA,0,1,0,晴,日間自然光線,村里道路,50,四岔路,交岔路口內,水泥,乾燥,無缺陷,無障礙物,良好,無號誌,無號誌,無分向設施,未繪設車道線,未繪設快慢車道分隔線,有,路口交岔撞,未依規定讓車,Y000,YZ00,1,2,2012/9/30,環島北路38巷2弄11號,,金門縣金城鎮路口,118.322662,24.441264,自用 小客車∕自用 小客車∕乘客 人,小客車自用∕小客車自用∕乘客,19∕61∕0,未受傷∕未受傷∕受傷,03****F代號764∕6F****5代號765∕6F****5代號765,其他∕其他∕其他,有適當之駕照∕有適當之駕照∕非汽（機）車駕駛人,經檢測無酒精反應∕經檢測無酒精反應∕非駕駛人，未檢測,汽車左前車頭（身）∕汽車右前車頭（身）∕不明,未依規定讓車∕未依規定減速∕尚未發現肇事因素,未依規定讓車∕未依規定讓車∕未依規定讓車,不明∕不明∕不明,不明∕不明∕不明,本國∕本國∕本國
10109,,YZA1,10109YZ000043,2012,9,20,3,49,金門縣,金寧鄉,,NA,伯玉路,二,,NA,,,,,,00119號路燈桿前,NA,NA,NA,NA,NA,NA,NA,NA,NA,0,0,0,晴,NA,NA,70,NA,NA,NA,NA,NA,NA,NA,NA,NA,NA,NA,NA,NA,NA,NA,Y000,YZ00,1,4,2012/9/20,伯玉路二段,,金門縣金寧鄉00119號路燈桿前,118.3416148,24.4414563,普通輕型 機車∕ ∕,機車普通輕型,40∕0∕,,WZ****0代號766,,,,,,,,,本國∕本國∕
10110,10110Y00020001,YYA1,10110YY000002,2012,10,1,7,25,金門縣,金沙鎮,,NA,,,,NA,,,,,,忠孝新村2號旁巷口,NA,NA,NA,NA,NA,NA,NA,NA,NA,0,2,0,晴,日間自然光線,村里道路,50,四岔路,交岔路口內,其他鋪裝,乾燥,無缺陷,無障礙物,良好,無號誌,無號誌,無分向設施,未繪設車道線,未繪設快慢車道分隔線,無,路口交岔撞,未依規定讓車,Y000,YY00,NA,NA,2012/10/1,金門縣金沙鎮忠孝新村2號旁巷口,,金門縣金沙鎮忠孝新村2號旁巷口,118.413013,24.493643,普通重型 機車∕普通重型 機車∕,機車普通重型∕機車普通重型∕,43∕47∕,受傷∕受傷∕,NE****3代號767∕97****U代號768∕,其他∕其他∕,有適當之駕照∕有適當之駕照∕,經檢測無酒精反應∕經檢測無酒精反應∕,機車前車頭∕機車左側車身∕,未依規定讓車∕未依規定減速∕,未依規定讓車∕未依規定讓車∕,家庭主婦（夫）∕技術工∕,購物∕上、下班∕,本國∕本國∕
10110,10110Y00030002,YYA1,10110YY000010,2012,10,3,10,30,金門縣,金湖鎮,,NA,復興路,,,NA,,,中正路,,,,NA,NA,NA,NA,NA,NA,NA,NA,NA,0,0,0,晴,日間自然光線,村里道路,40,四岔路,交岔路口內,柏油,乾燥,無缺陷,無障礙物,良好,無號誌,無號誌,無分向設施,未繪設車道線,未繪設快慢車道分隔線,有,同向擦撞,未注意車前狀態,Y000,YY00,1,3,2012/10/3,復興路,中正路,,118.417044,24.4406698,自用 大貨車∕自用 小客車∕,大貨車自用∕小客車自用∕,28∕39∕,未受傷∕未受傷∕,07***J代號769∕WY****2代號770∕,砂石車∕其他∕,有適當之駕照∕有適當之駕照∕,經觀察未飲酒∕經觀察未飲酒∕,汽車右側車身∕汽車左後車尾（身）∕,未注意車前狀態∕違規停車或暫停不當而肇事∕,未注意車前狀態∕未注意車前狀態∕,汽車、火車駕駛員及船員∕家庭主婦（夫）∕,運輸∕社交活動∕,本國∕本國∕
10110,10110Y00020011,YYA1,10110YY000011,2012,10,5,15,36,金門縣,金湖鎮,,NA,伯玉路,五,,NA,,,,,,魯王墓前,NA,NA,NA,NA,NA,NA,NA,NA,NA,0,1,0,晴,日間自然光線,村里道路,50,彎曲路及附近,一般車道（未劃分快慢車道）,柏油,乾燥,無缺陷,無障礙物,彎道,無號誌,無號誌,附標記,未繪設車道線,未繪設快慢車道分隔線,有,撞護欄（樁）,未依規定減速,Y000,YY00,1,2,2012/10/5,伯玉路五段,,金門縣金湖鎮魯王墓前,118.3897645,24.4505133,普通重型 機車∕ ∕,機車普通重型,20∕0∕,受傷,50****C代號771,其他,有適當之駕照,經檢測無酒精反應,機車左側車身,未依規定減速∕尚未發現肇事因素∕,未依規定減速∕未依規定減速∕,大學（研究）生,觀光旅遊,本國∕本國∕
10110,10110Y00020012,YYA1,10110YY000018,2012,10,7,20,42,金門縣,金湖鎮,新市里,NA,市港路,,,NA,,,,,,重劃區往塔后路口,NA,NA,NA,NA,NA,NA,NA,NA,NA,0,1,0,晴,夜間（或隧道、地下道、涵洞）有照明,村里道路,50,四岔路,交岔路口內,柏油,乾燥,無缺陷,無障礙物,良好,無號誌,無號誌,無分向設施,未繪設車道線,未繪設快慢車道分隔線,有,側撞,未依規定讓車,Y000,YY00,1,2,2012/10/7,市港路,,金門縣金湖鎮新市里重劃區往塔后路口,118.4099121,24.4348324,自用 小客車∕普通重型 機車∕,小客車自用∕機車普通重型∕,17∕19∕,未受傷∕受傷∕,WY****6代號772∕95****T代號773∕,其他∕其他∕,無照（未達考照年齡）∕有適當之駕照∕,經檢測無酒精反應∕經檢測無酒精反應∕,汽車右前車頭（身）∕機車前車頭∕,未依規定讓車∕未注意車前狀態∕,未依規定讓車∕未依規定讓車∕,高中生∕其他∕,其他∕其他∕,本國∕本國∕