年月,總編號,處理單位,處理編號,年,月,日,時,分,縣市,區,村里,鄰,街道,段,巷,弄,號,公尺處,街道.1,段.1,側,附近,道路,公里,公尺處.1,向,車道,平交道,公里.1,公尺處.2,附近.1,死,受傷,X2.30,天候,光線,道路類別,速限,道路型態,事故位置,路面鋪裝,路面狀態,路面缺陷,障礙物,視距,號誌種類,號誌動作,分向設施,快車道或一般車道間,快慢車道間,路面邊線,事故類型及型態,主要肇因,警局,分局,案件類別,事故類別,日期,道路1,道路2,概略位置,lon,lat,車種,當事者區分.類別.,年齡,受傷程度,車輛牌照號碼,車輛用途,駕駛資格情形,飲酒情形,車輛撞擊部位最初,肇事因素個別,肇事因素主要,職.業,旅次目的,國籍
10110,10110Y00020018,YYA1,10110YY000021,2012,10,9,7,55,金門縣,金沙鎮,,NA,,,,NA,,,,,,金沙水庫,NA,NA,NA,NA,NA,NA,NA,NA,NA,0,2,0,晴,日間自然光線,村里道路,50,彎曲路及附近,一般車道（未劃分快慢車道）,柏油,乾燥,無缺陷,無障礙物,彎道,無號誌,無號誌,無標記,未繪設車道線,未繪設快慢車道分隔線,有,撞護欄（樁）,未依規定減速,Y000,YY00,1,2,2012/10/9,金門縣金沙鎮金沙水庫,,金門縣金沙鎮金沙水庫,118.4016667,24.4922222,普通重型 機車∕ ∕乘客 人,機車普通重型乘客,18∕0∕18,受傷受傷,86****F代號77486****F代號774,其他其他,無照（已達考照年齡）非汽（機）車駕駛人,經檢測無酒精反應非駕駛人，未檢測,機車右側車身非汽（機）車,未依規定減速∕尚未發現肇事因素∕尚未發現肇事因素,未依規定減速∕未依規定減速∕未依規定減速,大學（研究）生大學（研究）生,上、下學上、下學,本國∕本國∕本國
10110,10110Y00020013,YYA1,10110YY000023,2012,10,9,11,46,金門縣,金沙鎮,何斗里,NA,環中路,,,NA,,,,,,太武圓環旁路段,NA,NA,NA,NA,NA,NA,NA,NA,NA,0,1,0,晴,日間自然光線,村里道路,50,直路,一般車道（未劃分快慢車道）,柏油,乾燥,無缺陷,無障礙物,良好,無號誌,無號誌,無標記,未繪設車道線,未繪設快慢車道分隔線,有,衝出路外,酒醉（後）駕駛失控,Y000,YY00,1,2,2012/10/9,環中路,,金門縣金沙鎮何斗里太武圓環旁路段,118.3912208,24.4595516,普通重型 機車∕ ∕,機車普通重型,48∕0∕,受傷,PZ****8代號775,其他,駕照被吊（註）銷,經呼氣檢測超過0.80mg∕L或血液檢測超過0.16,機車左側車身,酒醉（後）駕駛失控∕尚未發現肇事因素∕,酒醉（後）駕駛失控∕酒醉（後）駕駛失控∕,其他,其他,本國∕本國∕
10110,10110Y00020036,YYA1,10110YY000024,2012,10,9,14,55,金門縣,金湖鎮,新市里,NA,復興路,,,NA,,,,,,土地銀行前路口,NA,NA,NA,NA,NA,NA,NA,NA,NA,0,1,0,晴,日間自然光線,村里道路,40,四岔路,交岔路口內,柏油,乾燥,無缺陷,無障礙物,路上停放車輛,無號誌,無號誌,無分向設施,未繪設車道線,未繪設快慢車道分隔線,有,路口交岔撞,未依規定讓車,Y000,YY00,1,2,2012/10/9,復興路,,金門縣金湖鎮新市里土地銀行前路口,118.4161413,24.4412321,自用 小客車∕普通重型 機車∕,小客車自用∕機車普通重型∕,38∕27∕,未受傷∕受傷∕,8S****9代號776∕OL****5代號777∕,其他∕其他∕,有適當之駕照∕無照（已達考照年齡）∕,經檢測無酒精反應∕經呼氣檢測0.41至0.55mg∕L或血液檢測0.081至0.11∕,汽車左前車頭（身）∕機車前車頭∕,未依規定讓車∕未依規定減速∕,未依規定讓車∕未依規定讓車∕,其他∕其他∕,其他∕其他∕,本國∕本國∕
10110,10110Y00020058,YYA1,10110YY000027,2012,10,9,21,0,金門縣,金湖鎮,新市里,NA,市港路,,,NA,,,,,,重劃區路段牌樓處,NA,NA,NA,NA,NA,NA,NA,NA,NA,0,2,0,晴,夜間（或隧道、地下道、涵洞）有照明,村里道路,50,四岔路,交岔路口內,柏油,乾燥,無缺陷,無障礙物,良好,無號誌,無號誌,無分向設施,未繪設車道線,未繪設快慢車道分隔線,有,同向擦撞,未依規定讓車,Y000,YY00,1,2,2012/10/9,市港路,,金門縣金湖鎮新市里重劃區路段牌樓處,118.4099121,24.4348324,普通重型 機車∕自用 小客車∕,機車普通重型∕小客車自用∕,47∕27∕,受傷∕受傷∕,PZ****5代號778∕WY****9代號779∕,其他∕其他∕,有適當之駕照∕有適當之駕照∕,經呼氣檢測超過0.80mg∕L或血液檢測超過0.16∕經檢測無酒精反應∕,機車前車頭∕汽車左前車頭（身）∕,未依規定讓車∕尚未發現肇事因素∕,未依規定讓車∕未依規定讓車∕,其他∕大學（研究）生∕,其他∕其他∕,本國∕本國∕
10110,10110Y00020014,YYA1,10110YY000028,2012,10,10,12,37,金門縣,金沙鎮,,NA,環島東路,,,NA,,,,,,陽翟01172號路燈桿,NA,NA,NA,NA,NA,NA,NA,NA,NA,0,2,0,晴,日間自然光線,村里道路,50,彎曲路及附近,一般車道（未劃分快慢車道）,柏油,乾燥,無缺陷,無障礙物,彎道,無號誌,無號誌,無標記,未繪設車道線,未繪設快慢車道分隔線,有,撞護欄（樁）,未依規定減速,Y000,YY00,1,2,2012/10/10,環島東路,,金門縣金沙鎮陽翟01172號路燈桿,118.4213083,24.4841071,普通重型 機車∕ ∕乘客 人,機車普通重型乘客,20∕0∕19,受傷受傷,LB****0代號780LB****0代號780,其他其他,有適當之駕照非汽（機）車駕駛人,經檢測無酒精反應非駕駛人，未檢測,機車右側車身非汽（機）車,未依規定減速∕尚未發現肇事因素∕尚未發現肇事因素,未依規定減速∕未依規定減速∕未依規定減速,大學（研究）生大學（研究）生,社交活動社交活動,本國∕本國∕本國
10110,10110Y00020025,YYA1,10110YY000030,2012,10,14,13,47,金門縣,金湖鎮,,NA,環島南路,四,,NA,,,,,,漁村137號前前路段,NA,NA,NA,NA,NA,NA,NA,NA,NA,0,2,0,晴,日間自然光線,村里道路,50,直路,一般車道（未劃分快慢車道）,柏油,乾燥,無缺陷,無障礙物,良好,無號誌,無號誌,無標記,未繪設車道線,快慢車道分隔線,有,側撞,未注意車前狀態,Y000,YY00,1,2,2012/10/14,環島南路四段,,金門縣金湖鎮漁村137號前前路段,118.40101,24.438041,普通重型 機車∕自用 小客車∕乘客 人,機車普通重型∕小客車自用∕乘客,19∕48∕24,受傷∕未受傷∕受傷,78****V代號781∕6F****7代號782∕78****V代號781,其他∕其他∕其他,有適當之駕照∕有適當之駕照∕非汽（機）車駕駛人,經檢測無酒精反應∕經檢測無酒精反應∕非駕駛人，未檢測,機車左側車身∕汽車右前車頭（身）∕非汽（機）車,未注意車前狀態∕右轉彎未依規定∕尚未發現肇事因素,未注意車前狀態∕未注意車前狀態∕未注意車前狀態,服務工作者∕技術工∕服務工作者,購物∕觀光旅遊∕購物,本國∕本國∕本國
10110,,YYA1,10110YY000033,2012,10,12,22,30,金門縣,金湖鎮,新湖里,NA,,,,NA,,,,,,塔后66號前,NA,NA,NA,NA,NA,NA,NA,NA,NA,0,0,0,晴,夜間（或隧道、地下道、涵洞）有照明,村里道路,40,其他,其他,柏油,乾燥,無缺陷,無障礙物,良好,無號誌,無號誌,無分向設施,未繪設車道線,未繪設快慢車道分隔線,有,其他,倒車未依規定,Y000,YY00,3,3,2012/10/12,金門縣金湖鎮新湖里塔后66號前,,金門縣金湖鎮新湖里塔后66號前,118.417239,24.439798,自用 小客車∕ ∕,小客車自用,20∕0∕,未受傷,04****7代號783,其他,有適當之駕照,不明,汽車左前車頭（身）,倒車未依規定∕尚未發現肇事因素∕,倒車未依規定∕倒車未依規定∕,大學（研究）生,其他,本國∕本國∕
10110,10110Y00020027,YYA1,10110YY000034,2012,10,14,20,10,金門縣,金湖鎮,新市里,NA,復興路,,,NA,116,,,,,,NA,NA,NA,NA,NA,NA,NA,NA,NA,0,2,0,晴,夜間（或隧道、地下道、涵洞）有照明,村里道路,50,四岔路,交岔口附近,柏油,乾燥,無缺陷,無障礙物,良好,無號誌,無號誌,無標記,未繪設車道線,未繪設快慢車道分隔線,有,側撞,未依規定減速,Y000,YY00,1,2,2012/10/14,復興路116號,,金門縣金湖鎮新市里,118.4161413,24.4412321,普通重型 機車∕腳踏自行車 慢車∕,機車普通重型∕腳踏自行車∕,19∕10∕,受傷∕受傷∕,61****A代號784,其他∕其他∕,無照（已達考照年齡）∕非汽（機）車駕駛人∕,經檢測無酒精反應∕經觀察未飲酒∕,機車前車頭∕非汽（機）車∕,未依規定減速∕違反特定標誌（線）禁制∕,未依規定減速∕未依規定減速∕,保安工作者（不含警察人員）∕小學生∕,購物∕購物∕,本國∕本國∕
10110,10110Y00030004,YYA1,10110YY000038,2012,10,16,11,32,金門縣,金湖鎮,料羅里,NA,環島南路,五,,NA,,,,,,白龍潭05003號路燈桿前路段,NA,NA,NA,NA,NA,NA,NA,NA,NA,0,0,0,晴,日間自然光線,村里道路,60,直路,一般車道（未劃分快慢車道）,柏油,乾燥,無缺陷,無障礙物,良好,無號誌,無號誌,無標記,未繪設車道線,未繪設快慢車道分隔線,有,其他,起步未注意其他車（人）安全,Y000,YY00,1,3,2012/10/16,環島南路五段,,金門縣金湖鎮料羅里白龍潭05003號路燈桿前路段,118.4239844,24.4324232,營業用 半聯結車∕計程車 小客車∕,半聯結車營業用∕小客車計程車∕,56∕65∕,未受傷∕未受傷∕,00***J代號785∕09***5代號786∕,砂石車∕其他∕,有適當之駕照∕有適當之駕照∕,經呼氣檢測未超過0.15mg∕L或血液檢測未超過0.03∕經檢測無酒精反應∕,汽車左側車身∕汽車前車頭∕,起步未注意其他車（人）安全∕未注意車前狀態∕,起步未注意其他車（人）安全∕起步未注意其他車（人）安全∕,汽車、火車駕駛員及船員∕汽車、火車駕駛員及船員∕,運輸∕運輸∕,本國∕本國∕
10110,10110Y00020030,YYA1,10110YY000043,2012,10,18,11,56,金門縣,金湖鎮,新市里,NA,士校路,,,NA,,,,,,金門高職農場前路口,NA,NA,NA,NA,NA,NA,NA,NA,NA,0,1,0,晴,日間自然光線,村里道路,50,三岔路,交岔路口內,柏油,乾燥,無缺陷,無障礙物,良好,無號誌,無號誌,無分向設施,未繪設車道線,未繪設快慢車道分隔線,有,側撞,未依規定讓車,Y000,YY00,1,2,2012/10/18,士校路,,金門縣金湖鎮新市里金門高職農場前路口,118.4271704,24.4453138,普通重型 機車∕自用 小客車∕,機車普通重型∕小客車自用∕,26∕44∕,受傷∕未受傷∕,08****R代號787∕WY****3代號788∕,其他∕其他∕,有適當之駕照∕駕照被吊（註）銷∕,經檢測無酒精反應∕經檢測無酒精反應∕,機車後車尾∕汽車前車頭∕,未依規定讓車∕未依規定減速∕,未依規定讓車∕未依規定讓車∕,其他∕其他∕,其他∕其他∕,本國∕本國∕
10110,10110Y00020031,YYA1,10110YY000046,2012,10,19,7,16,金門縣,金湖鎮,,NA,太湖路,,,NA,,,,,,塔后重劃區,NA,NA,NA,NA,NA,NA,NA,NA,NA,0,2,0,晴,日間自然光線,村里道路,50,直路,一般車道（未劃分快慢車道）,柏油,乾燥,無缺陷,無障礙物,良好,無號誌,無號誌,無標記,未繪設車道線,未繪設快慢車道分隔線,有,同向擦撞,未注意車前狀態,Y000,YY00,1,2,2012/10/19,太湖路,,金門縣金湖鎮塔后重劃區,118.4047483,24.4473343,普通重型 機車∕腳踏自行車 慢車∕,機車普通重型∕腳踏自行車∕,25∕37∕,受傷∕受傷∕,3J****1代號789,其他∕其他∕,有適當之駕照∕非汽（機）車駕駛人∕,經檢測無酒精反應∕經觀察未飲酒∕,機車前車頭∕非汽（機）車∕,未注意車前狀態∕不明原因肇事∕,未注意車前狀態∕未注意車前狀態∕,服務工作者∕家庭主婦（夫）∕,上、下班∕購物∕,本國∕本國∕
10110,10110Y00020032,YYA1,10110YY000047,2012,10,19,18,10,金門縣,金沙鎮,,NA,環島北路,四,,NA,,,,,,金沙三號橋路段,NA,NA,NA,NA,NA,NA,NA,NA,NA,0,1,0,晴,晨或暮光,村里道路,60,直路,一般車道（未劃分快慢車道）,柏油,乾燥,無缺陷,無障礙物,良好,無號誌,無號誌,附標記,未繪設車道線,未繪設快慢車道分隔線,有,追撞,未保持行車安全距離,Y000,YY00,1,2,2012/10/19,環島北路四段,,金門縣金沙鎮金沙三號橋路段,118.4045085,24.4840105,普通重型 機車∕普通重型 機車∕,機車普通重型∕機車普通重型∕,28∕36∕,受傷∕未受傷∕,27****W代號790∕PZ****6代號791∕,其他∕其他∕,有適當之駕照∕駕照被吊（註）銷∕,經檢測無酒精反應∕經檢測無酒精反應∕,機車右側車身∕機車後車尾∕,未保持行車安全距離∕尚未發現肇事因素∕,未保持行車安全距離∕未保持行車安全距離∕,其他∕其他∕,其他∕其他∕,本國∕本國∕
10110,,YYA1,10110YY000050,2012,10,19,7,45,金門縣,金沙鎮,,NA,環島北路,三,,NA,,,,,,中蘭屠宰廠路段,NA,NA,NA,NA,NA,NA,NA,NA,NA,0,0,0,晴,NA,NA,60,NA,NA,NA,NA,NA,NA,NA,NA,NA,NA,NA,NA,NA,NA,NA,Y000,YY00,1,4,2012/10/19,環島北路三段,,金門縣金沙鎮中蘭屠宰廠路段,118.388325,24.466263,自用 小客車∕自用 小客車∕,小客車自用∕小客車自用∕,45∕37∕,,WY****9代號792∕6F****9代號793∕,,,,,,,,,本國∕本國∕
10110,10110Y00030006,YYA1,10110YY000055,2012,10,19,14,10,金門縣,金湖鎮,,NA,環島南路,四,,NA,,,,,,漁村路段,NA,NA,NA,NA,NA,NA,NA,NA,NA,0,0,0,晴,日間自然光線,村里道路,50,直路,路肩、路緣,柏油,乾燥,無缺陷,無障礙物,良好,無號誌,無號誌,無標記,未繪設車道線,快慢車道分隔線,有,撞路樹、電桿,違規停車或暫停不當而肇事,Y000,YY00,1,3,2012/10/19,環島南路四段,,金門縣金湖鎮漁村路段,118.40101,24.438041,營業用 大貨車∕ ∕ ,大貨車營業用,27∕0∕0,未受傷,84***G代號794,其他,有適當之駕照,經檢測無酒精反應,汽車前車頭,違規停車或暫停不當而肇事∕尚未發現肇事因素∕尚未發現肇事因素,違規停車或暫停不當而肇事∕違規停車或暫停不當而肇事∕違規停車或暫停不當而肇事,汽車、火車駕駛員及船員,運輸,本國∕本國∕本國
10110,10110Y00020043,YYA1,10110YY000056,2012,10,19,17,56,金門縣,金沙鎮,,NA,,,,NA,,,,,,文化園區路口,NA,NA,NA,NA,NA,NA,NA,NA,NA,0,2,0,晴,夜間（或隧道、地下道、涵洞）有照明,村里道路,50,三岔路,交岔路口內,柏油,乾燥,無缺陷,無障礙物,良好,無號誌,無號誌,無分向設施,未繪設車道線,未繪設快慢車道分隔線,有,衝出路外,未依規定減速,Y000,YY00,1,2,2012/10/19,金門縣金沙鎮文化園區路口,,金門縣金沙鎮文化園區路口,118.402311,24.497436,普通重型 機車∕ ∕乘客 人,機車普通重型乘客,19∕0∕18,受傷受傷,XZ****3代號795XZ****3代號795,其他其他,有適當之駕照非汽（機）車駕駛人,經檢測無酒精反應經檢測無酒精反應,機車前車頭非汽（機）車,未依規定減速∕尚未發現肇事因素∕尚未發現肇事因素,未依規定減速∕未依規定減速∕未依規定減速,大學（研究）生大學（研究）生,其他其他,本國∕本國∕本國
10110,10110Y00020054,YYA1,10110YY000057,2012,10,22,7,32,金門縣,金湖鎮,新湖里,NA,,,,NA,,,,,,信義新村32號住家後方路口,NA,NA,NA,NA,NA,NA,NA,NA,NA,0,1,0,晴,日間自然光線,村里道路,40,四岔路,交岔路口內,其他鋪裝,乾燥,無缺陷,無障礙物,良好,無號誌,無號誌,無分向設施,未繪設車道線,未繪設快慢車道分隔線,無,側撞,未依規定讓車,Y000,YY00,1,2,2012/10/22,金門縣金湖鎮新湖里信義新村32號住家後方路口,,金門縣金湖鎮新湖里信義新村32號住家後方路口,118.410361,24.435293,普通重型 機車∕自用 小客車∕,機車普通重型∕小客車自用∕,25∕56∕,受傷∕未受傷∕,PZ****6代號796∕WY****7代號797∕,其他∕其他∕,有適當之駕照∕有適當之駕照∕,經檢測無酒精反應∕經檢測無酒精反應∕,機車前車頭∕汽車右前車頭（身）∕,未依規定讓車∕未注意車前狀態∕,未依規定讓車∕未依規定讓車∕,其他∕民意代表、行政主管、企業主管及經理人員∕,其他∕其他∕,本國∕本國∕
10110,10110Y00030005,YYA1,10110YY000058,2012,10,22,12,20,金門縣,金沙鎮,,NA,高陽路,,,NA,,,,,,斗門段01900路燈,NA,NA,NA,NA,NA,NA,NA,NA,NA,0,0,0,晴,日間自然光線,村里道路,60,直路,一般車道（未劃分快慢車道）,柏油,乾燥,無缺陷,無障礙物,樹木、農作物,無號誌,無號誌,無標記,未繪設車道線,未繪設快慢車道分隔線,有,其他,起步未注意其他車（人）安全,Y000,YY00,1,3,2012/10/22,高陽路,,金門縣金沙鎮斗門段01900路燈,118.4078483,24.4727311,農耕用車(或機械) 其他車∕自用 小客車∕,農耕用車（或機械）∕小客車自用∕,68∕47∕,未受傷∕未受傷∕,∕07****X代號798∕,其他∕其他∕,非汽（機）車駕駛人∕有適當之駕照∕,經檢測無酒精反應∕經檢測無酒精反應∕,汽車左前車頭（身）∕汽車右前車頭（身）∕,起步未注意其他車（人）安全∕未注意車前狀態∕,起步未注意其他車（人）安全∕起步未注意其他車（人）安全∕,農林漁牧工作者∕服務工作者∕,其他∕其他∕,本國∕本國∕
10110,10110Y00020037,YYA1,10110YY000061,2012,10,24,4,40,金門縣,金湖鎮,,NA,環島北路,三,,NA,,,,,,屠宰場路段07101號路燈,NA,NA,NA,NA,NA,NA,NA,NA,NA,0,2,0,陰,夜間（或隧道、地下道、涵洞）有照明,村里道路,60,直路,一般車道（未劃分快慢車道）,柏油,乾燥,無缺陷,無障礙物,良好,無號誌,無號誌,無標記,未繪設車道線,未繪設快慢車道分隔線,有,撞路樹、電桿,酒醉（後）駕駛失控,Y000,YY00,1,2,2012/10/24,環島北路三段,,金門縣金湖鎮屠宰場路段07101號路燈,118.388325,24.466263,自用 小貨車(含客、貨兩用)∕ ∕乘客 人,小貨車自用乘客,34∕0∕38,受傷受傷,6F****0代號7996F****0代號799,其他其他,有適當之駕照非汽（機）車駕駛人,經呼氣檢測超過0.80mg∕L或血液檢測超過0.16不明,汽車右前車頭（身）非汽（機）車,酒醉（後）駕駛失控∕尚未發現肇事因素∕尚未發現肇事因素,酒醉（後）駕駛失控∕酒醉（後）駕駛失控∕酒醉（後）駕駛失控,技術員及助理人員技術員及助理人員,其他其他,本國∕本國∕本國
10110,10110Y00020038,YYA1,10110YY000069,2012,10,30,10,5,金門縣,金湖鎮,料羅里,NA,環島南路,五,,NA,,,,,,05003路燈桿前,NA,NA,NA,NA,NA,NA,NA,NA,NA,0,1,0,雨,日間自然光線,村里道路,60,直路,一般車道（未劃分快慢車道）,柏油,濕潤,無缺陷,無障礙物,良好,無號誌,無號誌,無標記,未繪設車道線,未繪設快慢車道分隔線,有,撞路樹、電桿,未注意車前狀態,Y000,YY00,1,2,2012/10/30,環島南路五段,,金門縣金湖鎮料羅里05003路燈桿前,118.4239844,24.4324232,普通重型 機車∕ ∕,機車普通重型,24∕0∕,受傷,3J****3代號800,其他,有適當之駕照,經檢測無酒精反應,機車前車頭,未注意車前狀態∕尚未發現肇事因素∕,未注意車前狀態∕未注意車前狀態∕,其他,其他,本國∕本國∕
10110,10110Y00020059,YYA1,10110YY000070,2012,10,29,4,55,金門縣,金沙鎮,,NA,,,,NA,,,,,,金沙水庫由東美亭往環島北路第五支路燈桿,NA,NA,NA,NA,NA,NA,NA,NA,NA,0,2,0,晴,夜間（或隧道、地下道、涵洞）無照明,村里道路,40,彎曲路及附近,一般車道（未劃分快慢車道）,柏油,乾燥,無缺陷,無障礙物,彎道,無號誌,無號誌,無標記,未繪設車道線,未繪設快慢車道分隔線,有,撞護欄（樁）,未依規定減速,Y000,YY00,1,2,2012/10/29,金門縣金沙鎮金沙水庫由東美亭往環島北路第五支路燈桿,,金門縣金沙鎮金沙水庫由東美亭往環島北路第五支路燈桿,118.4016667,24.4922222,普通重型 機車∕ ∕乘客 人,機車普通重型乘客,17∕0∕18,受傷受傷,73****F代號80173****F代號801,其他其他,無照（未達考照年齡）非汽（機）車駕駛人,無法檢測非駕駛人，未檢測,機車前車頭非汽（機）車,未依規定減速∕尚未發現肇事因素∕尚未發現肇事因素,未依規定減速∕未依規定減速∕未依規定減速,高中生高中生,其他其他,本國∕本國∕本國
10110,10110Y00020051,YYA1,10110YY000073,2012,10,31,19,30,金門縣,金湖鎮,,NA,環島南路,五,,NA,,,,,,05005號路燈桿前路段,NA,NA,NA,NA,NA,NA,NA,NA,NA,0,2,0,晴,夜間（或隧道、地下道、涵洞）有照明,村里道路,50,直路,一般車道（未劃分快慢車道）,柏油,乾燥,無缺陷,無障礙物,良好,無號誌,無號誌,無標記,未繪設車道線,未繪設快慢車道分隔線,有,撞路樹、電桿,未注意車前狀態,Y000,YY00,1,2,2012/10/31,環島南路五段,,金門縣金湖鎮05005號路燈桿前路段,118.4239844,24.4324232,普通重型 機車∕ ∕乘客 人,機車普通重型乘客,15∕0∕16,受傷受傷,63****D代號80263****D代號802,其他其他,無照（未達考照年齡）非汽（機）車駕駛人,經檢測無酒精反應非駕駛人，未檢測,機車前車頭非汽（機）車,未注意車前狀態∕尚未發現肇事因素∕尚未發現肇事因素,未注意車前狀態∕未注意車前狀態∕未注意車前狀態,高中生高中生,購物購物,本國∕本國∕本國
10110,10110Y00010001,YZA1,10110YZ000001,2012,10,1,0,55,金門縣,烈嶼鄉,,NA,,,,NA,,,,,,南塘往楊厝路段09706號路燈桿附近,NA,NA,NA,NA,NA,NA,NA,NA,NA,1,0,0,晴,夜間（或隧道、地下道、涵洞）有照明,村里道路,40,坡路,一般車道（未劃分快慢車道）,柏油,乾燥,無缺陷,無障礙物,良好,無號誌,無號誌,無標記,未繪設車道線,未繪設快慢車道分隔線,有,撞路樹、電桿,酒醉（後）駕駛失控,Y000,YZ00,1,1,2012/10/1,金門縣烈嶼鄉南塘往楊厝路段09706號路燈桿附近,,金門縣烈嶼鄉南塘往楊厝路段09706號路燈桿附近,118.2378815,24.4238805,普通重型 機車∕ ∕,機車普通重型,48∕0∕,24小時內死亡,60****J代號803,其他,無照（已達考照年齡）,經呼氣檢測超過0.80mg∕L或血液檢測超過0.16,機車前車頭,酒醉（後）駕駛失控∕尚未發現肇事因素∕,酒醉（後）駕駛失控∕酒醉（後）駕駛失控∕,其他,其他,本國∕本國∕
10110,10110Y00020002,YZA1,10110YZ000003,2012,10,1,18,8,金門縣,金寧鄉,埔後村,NA,,,,NA,188,,,,,路口,NA,NA,NA,NA,NA,NA,NA,NA,NA,0,2,0,陰,夜間（或隧道、地下道、涵洞）有照明,村里道路,40,四岔路,交岔路口內,柏油,乾燥,無缺陷,無障礙物,建築物,無號誌,無號誌,無分向設施,未繪設車道線,未繪設快慢車道分隔線,有,路口交岔撞,未依規定讓車,Y000,YZ00,1,2,2012/10/1,金門縣金寧鄉埔後村188,,金門縣金寧鄉埔後村路口,118.317029,24.442928,普通重型 機車∕普通重型 機車∕,機車普通重型∕機車普通重型∕,48∕20∕,受傷∕受傷∕,PZ****2代號804∕66****V代號805∕,其他∕其他∕,無照（已達考照年齡）∕有適當之駕照∕,經檢測無酒精反應∕經檢測無酒精反應∕,機車左側車身∕機車前車頭∕,未依規定讓車∕未依規定減速∕,未依規定讓車∕未依規定讓車∕,其他∕大學（研究）生∕,其他∕其他∕,本國∕本國∕
10110,10110Y00020003,YZA1,10110YZ000004,2012,10,3,5,15,金門縣,金城鎮,,NA,民族路,,,NA,75,,,,,,NA,NA,NA,NA,NA,NA,NA,NA,NA,0,2,0,晴,夜間（或隧道、地下道、涵洞）有照明,村里道路,40,直路,一般車道（未劃分快慢車道）,柏油,乾燥,無缺陷,無障礙物,良好,無號誌,無號誌,無分向設施,車道線（無標記）,未繪設快慢車道分隔線,有,穿越道路中,未注意車前狀態,Y000,YZ00,1,2,2012/10/3,民族路75號,,金門縣金城鎮,118.3157499,24.4302723,普通重型 機車∕行人 人∕,機車普通重型∕行人∕,35∕70∕,受傷∕受傷∕,95****J代號806,其他∕非駕駛人及乘客∕,有適當之駕照∕非汽（機）車駕駛人∕,經檢測無酒精反應∕非駕駛人，未檢測∕,機車前車頭∕非汽（機）車∕,未注意車前狀態∕穿越道路未注意左右來車∕,未注意車前狀態∕未注意車前狀態∕,其他∕其他∕,上、下班∕上、下班∕,本國∕本國∕
10110,10110Y00020004,YZA1,10110YZ000005,2012,10,3,8,48,金門縣,金寧鄉,盤山村,NA,伯玉路,二,,NA,,,,,,00171號路燈桿前路段,NA,NA,NA,NA,NA,NA,NA,NA,NA,0,1,0,晴,日間自然光線,縣道,60,直路,慢車道,柏油,乾燥,無缺陷,無障礙物,良好,無號誌,無號誌,附標記,未繪設車道線,快慢車道分隔線,有,側撞,未依規定讓車,Y000,YZ00,1,2,2012/10/3,伯玉路二段,,金門縣金寧鄉盤山村00171號路燈桿前路段,118.3416148,24.4414563,自用 小客車∕普通重型 機車∕,小客車自用∕機車普通重型∕,45∕28∕,未受傷∕受傷∕,7E****0代號807∕37****C代號808∕,其他∕其他∕,有適當之駕照∕有適當之駕照∕,經檢測無酒精反應∕經檢測無酒精反應∕,汽車左前車頭（身）∕機車前車頭∕,未依規定讓車∕未注意車前狀態∕,未依規定讓車∕未依規定讓車∕,專業人員∕專業人員∕,上、下班∕上、下班∕,本國∕本國∕
10110,10110Y00020005,YZA1,10110YZ000006,2012,10,3,12,8,金門縣,金城鎮,,NA,民生路,,,NA,,,,,,54巷口,NA,NA,NA,NA,NA,NA,NA,NA,NA,0,1,0,晴,日間自然光線,村里道路,40,三岔路,交岔路口內,柏油,乾燥,無缺陷,無障礙物,良好,無號誌,無號誌,無分向設施,未繪設車道線,快慢車道分隔線,有,側撞,左轉彎未依規定,Y000,YZ00,1,2,2012/10/3,民生路,,金門縣金城鎮54巷口,118.3190184,24.43575,普通輕型 機車∕普通重型 機車∕,機車普通輕型∕機車普通重型∕,36∕19∕,受傷∕未受傷∕,WZ****2代號809∕31****F代號810∕,其他∕其他∕,有適當之駕照∕有適當之駕照∕,經檢測無酒精反應∕經檢測無酒精反應∕,機車左側車身∕機車前車頭∕,左轉彎未依規定∕未注意車前狀態∕,左轉彎未依規定∕左轉彎未依規定∕,其他∕大學（研究）生∕,上、下班∕上、下班∕,本國∕本國∕
10110,10110Y00020006,YZA1,10110YZ000007,2012,10,3,17,35,金門縣,金城鎮,,NA,珠浦南路,,,NA,,,,,,許氏家廟旁,NA,NA,NA,NA,NA,NA,NA,NA,NA,0,2,0,晴,日間自然光線,村里道路,40,廣場,其他,其他鋪裝,乾燥,無缺陷,無障礙物,其他,無號誌,無號誌,無分向設施,未繪設車道線,未繪設快慢車道分隔線,無,對向擦撞,左轉彎未依規定,Y000,YZ00,1,2,2012/10/3,珠浦南路,,金門縣金城鎮許氏家廟旁,118.3152928,24.4311875,電動自行車 慢車∕普通重型 機車∕,電動自行車∕機車普通重型∕,11∕33∕,受傷∕受傷∕,∕47****E代號811∕,其他∕其他∕,非汽（機）車駕駛人∕有適當之駕照∕,經檢測無酒精反應∕經檢測無酒精反應∕,非汽（機）車∕機車前車頭∕,左轉彎未依規定∕未注意車前狀態∕,左轉彎未依規定∕左轉彎未依規定∕,小學生∕家庭主婦（夫）∕,觀光旅遊∕觀光旅遊∕,本國∕本國∕