年月,總編號,處理單位,處理編號,年,月,日,時,分,縣市,區,村里,鄰,街道,段,巷,弄,號,公尺處,街道.1,段.1,側,附近,道路,公里,公尺處.1,向,車道,平交道,公里.1,公尺處.2,附近.1,死,受傷,X2.30,天候,光線,道路類別,速限,道路型態,事故位置,路面鋪裝,路面狀態,路面缺陷,障礙物,視距,號誌種類,號誌動作,分向設施,快車道或一般車道間,快慢車道間,路面邊線,事故類型及型態,主要肇因,警局,分局,案件類別,事故類別,日期,道路1,道路2,概略位置,lon,lat,車種,當事者區分.類別.,年齡,受傷程度,車輛牌照號碼,車輛用途,駕駛資格情形,飲酒情形,車輛撞擊部位最初,肇事因素個別,肇事因素主要,職.業,旅次目的,國籍
10110,10110Y00020007,YZA1,10110YZ000008,2012,10,3,18,35,金門縣,金寧鄉,,NA,伯玉路,二,,NA,,,,,,國家公園前路口,NA,NA,NA,NA,NA,NA,NA,NA,NA,0,1,0,晴,夜間（或隧道、地下道、涵洞）有照明,村里道路,40,四岔路,交岔路口內,柏油,乾燥,無缺陷,無障礙物,良好,無號誌,無號誌,無分向設施,未繪設車道線,未繪設快慢車道分隔線,有,側撞,未依規定讓車,Y000,YZ00,1,2,2012/10/3,伯玉路二段,,金門縣金寧鄉國家公園前路口,118.3416148,24.4414563,自用 小客車∕普通輕型 機車∕,小客車自用∕機車普通輕型∕,35∕67∕,未受傷∕受傷∕,09****V代號812∕WZ****2代號813∕,其他∕其他∕,有適當之駕照∕有適當之駕照∕,經檢測無酒精反應∕經檢測無酒精反應∕,汽車右前車頭（身）∕機車右側車身∕,未依規定讓車∕未依規定減速∕,未依規定讓車∕未依規定讓車∕,事務工作者∕不明∕,上、下班∕不明∕,本國∕本國∕
10110,10110Y00030001,YZA1,10110YZ000009,2012,10,3,23,55,金門縣,金寧鄉,,NA,盤果路,,,NA,20,,,,,,NA,NA,NA,NA,NA,NA,NA,NA,NA,0,0,0,晴,夜間（或隧道、地下道、涵洞）有照明,村里道路,50,直路,一般車道（未劃分快慢車道）,柏油,乾燥,無缺陷,無障礙物,良好,無號誌,無號誌,無標記,未繪設車道線,未繪設快慢車道分隔線,有,其他,未注意車前狀態,Y000,YZ00,1,3,2012/10/3,盤果路20號,,金門縣金寧鄉,118.3423814,24.4390088,自用 小客車∕自用 小客車∕,小客車自用∕小客車自用∕,42∕38∕,未受傷∕未受傷∕,WY****1代號814∕6F****2代號815∕,其他∕其他∕,有適當之駕照∕有適當之駕照∕,經檢測無酒精反應∕無法檢測∕,汽車右前車頭（身）∕汽車左側車身∕,未注意車前狀態∕尚未發現肇事因素∕,未注意車前狀態∕未注意車前狀態∕,不明∕不明∕,不明∕不明∕,本國∕本國∕
10110,10110Y00020015,YZA1,10110YZ000012,2012,10,5,20,23,金門縣,金城鎮,,NA,民權路,,,NA,,,,,,與金城新莊7巷口,NA,NA,NA,NA,NA,NA,NA,NA,NA,0,2,0,晴,夜間（或隧道、地下道、涵洞）有照明,縣道,40,四岔路,交岔路口內,柏油,乾燥,無缺陷,無障礙物,良好,無號誌,無號誌,無分向設施,未繪設車道線,未繪設快慢車道分隔線,有,側撞,未依規定讓車,Y000,YZ00,1,2,2012/10/5,民權路,,金門縣金城鎮與金城新莊7巷口,118.3168946,24.4355379,普通重型 機車∕自用 小客車∕乘客 人,機車普通重型∕小客車自用∕乘客,44∕31∕14,受傷∕未受傷∕受傷,25****E代號816∕10****B代號817∕25****E代號816,其他∕其他∕其他,有適當之駕照∕有適當之駕照∕非汽（機）車駕駛人,經檢測無酒精反應∕經檢測無酒精反應∕非駕駛人，未檢測,機車左側車身∕汽車右前車頭（身）∕非汽（機）車,未依規定讓車∕未依規定減速∕尚未發現肇事因素,未依規定讓車∕未依規定讓車∕未依規定讓車,其他∕其他∕高中生,其他∕其他∕其他,本國∕本國∕本國
10110,10110Y00020016,YZA1,10110YZ000013,2012,10,5,22,30,金門縣,金城鎮,,NA,環島北路,,,NA,,,,,,07223號燈桿附近,NA,NA,NA,NA,NA,NA,NA,NA,NA,0,2,0,晴,夜間（或隧道、地下道、涵洞）有照明,村里道路,60,直路,一般車道（未劃分快慢車道）,柏油,乾燥,無缺陷,無障礙物,良好,無號誌,無號誌,附標記,未繪設車道線,未繪設快慢車道分隔線,有,同向通行中,未注意車前狀態,Y000,YZ00,1,2,2012/10/5,環島北路,,金門縣金城鎮07223號燈桿附近,118.322662,24.441264,普通重型 機車∕行人 人∕,機車普通重型∕行人∕,21∕34∕,受傷∕受傷∕,68****S代號818,其他∕非駕駛人及乘客∕,有適當之駕照∕非汽（機）車駕駛人∕,經檢測無酒精反應∕經檢測無酒精反應∕,機車前車頭∕非汽（機）車∕,未注意車前狀態∕其他引起事故之疏失或行為∕,未注意車前狀態∕未注意車前狀態∕,不明∕不明∕,其他∕其他∕,本國∕本國∕
10110,10110Y00020008,YZA1,10110YZ000014,2012,10,6,7,44,金門縣,金寧鄉,,NA,,,,NA,,,,,,埔後135號旁路口,NA,NA,NA,NA,NA,NA,NA,NA,NA,0,2,0,晴,日間自然光線,其他,40,四岔路,交岔路口內,柏油,乾燥,無缺陷,無障礙物,良好,無號誌,無號誌,無分向設施,未繪設車道線,未繪設快慢車道分隔線,有,路口交岔撞,未依規定讓車,Y000,YZ00,1,2,2012/10/6,金門縣金寧鄉埔後135號旁路口,,金門縣金寧鄉埔後135號旁路口,118.317029,24.442928,普通重型 機車∕自用 小客車∕乘客 人,機車普通重型∕小客車自用∕乘客,19∕24∕19,受傷∕未受傷∕受傷,OC****7代號819∕29****S代號820∕OC****7代號819,其他∕其他∕其他,有適當之駕照∕有適當之駕照∕非汽（機）車駕駛人,經檢測無酒精反應∕經檢測無酒精反應∕非駕駛人，未檢測,機車右側車身∕汽車前車頭∕非汽（機）車,未依規定讓車∕未依規定減速∕其他引起事故之疏失或行為,未依規定讓車∕未依規定讓車∕未依規定讓車,不明∕不明∕不明,其他∕其他∕其他,本國∕本國∕本國
10110,10110Y00020017,YZA1,10110YZ000015,2012,10,6,6,25,金門縣,金寧鄉,,NA,瓊安路,,,NA,,,,,,后沙07368號燈桿附近,NA,NA,NA,NA,NA,NA,NA,NA,NA,0,1,0,晴,日間自然光線,村里道路,50,直路,一般車道（未劃分快慢車道）,柏油,乾燥,無缺陷,無障礙物,良好,無號誌,無號誌,附標記,未繪設車道線,未繪設快慢車道分隔線,有,衝出路外,酒醉（後）駕駛失控,Y000,YZ00,1,2,2012/10/6,瓊安路,,金門縣金寧鄉后沙07368號燈桿附近,118.343873,24.4603508,普通重型 機車∕ ∕,機車普通重型,24∕0∕,受傷,85****F代號821,其他,有適當之駕照,經呼氣檢測0.41至0.55mg∕L或血液檢測0.081至0.11,機車前車頭,酒醉（後）駕駛失控∕尚未發現肇事因素∕,酒醉（後）駕駛失控∕酒醉（後）駕駛失控∕,不明,不明,本國∕本國∕
10110,10110Y00020009,YZA1,10110YZ000016,2012,10,6,13,50,金門縣,金寧鄉,,NA,大學路,,,NA,,,,,,金門大學綜合大樓前,NA,NA,NA,NA,NA,NA,NA,NA,NA,0,2,0,晴,日間自然光線,村里道路,40,三岔路,交岔路口內,水泥,乾燥,無缺陷,道路工事（程）中,良好,無號誌,無號誌,無分向設施,未繪設車道線,未繪設快慢車道分隔線,有,側撞,左轉彎未依規定,Y000,YZ00,1,2,2012/10/6,大學路,,金門縣金寧鄉金門大學綜合大樓前,118.325279,24.4466751,普通重型 機車∕普通重型 機車∕,機車普通重型∕機車普通重型∕,18∕20∕,受傷∕受傷∕,97****D代號822∕53****F代號823∕,其他∕其他∕,有適當之駕照∕有適當之駕照∕,經檢測無酒精反應∕經檢測無酒精反應∕,機車右側車身∕機車前車頭∕,左轉彎未依規定∕未注意車前狀態∕,左轉彎未依規定∕左轉彎未依規定∕,大學（研究）生∕大學（研究）生∕,上、下學∕上、下學∕,本國∕本國∕
10110,10110Y00020010,YZA1,10110YZ000017,2012,10,7,16,57,金門縣,金寧鄉,,NA,大學路,,,NA,,,,,,綜合大樓前路口,NA,NA,NA,NA,NA,NA,NA,NA,NA,0,1,0,晴,日間自然光線,其他,40,四岔路,交岔路口內,柏油,乾燥,無缺陷,無障礙物,良好,無號誌,無號誌,無分向設施,未繪設車道線,未繪設快慢車道分隔線,有,側撞,未依規定讓車,Y000,YZ00,1,2,2012/10/7,大學路,,金門縣金寧鄉綜合大樓前路口,118.325279,24.4466751,普通重型 機車∕普通重型 機車∕乘客 人∕乘客 人∕,機車普通重型∕機車普通重型∕乘客∕乘客∕,19∕18∕19∕18∕,未受傷∕未受傷∕受傷∕未受傷∕,38****F代號824∕90****T代號825∕38****F代號824∕90****T代號825∕,其他∕其他∕其他∕其他∕,有適當之駕照∕有適當之駕照∕非汽（機）車駕駛人∕非汽（機）車駕駛人∕,經檢測無酒精反應∕經檢測無酒精反應∕非駕駛人，未檢測∕非駕駛人，未檢測∕,機車右側車身∕機車前車頭∕非汽（機）車∕非汽（機）車∕,未依規定讓車∕未依規定減速∕尚未發現肇事因素∕尚未發現肇事因素∕,未依規定讓車∕未依規定讓車∕未依規定讓車∕未依規定讓車∕,大學（研究）生∕大學（研究）生∕大學（研究）生∕大學（研究）生∕,其他∕其他∕其他∕其他∕,本國∕本國∕本國∕本國∕
10110,10110Y00020039,YZA1,10110YZ000019,2012,10,8,2,45,金門縣,金城鎮,,NA,西海路,三,,NA,,,,,,水試所路段,NA,NA,NA,NA,NA,NA,NA,NA,NA,0,1,0,晴,夜間（或隧道、地下道、涵洞）有照明,村里道路,50,直路,一般車道（未劃分快慢車道）,柏油,乾燥,無缺陷,無障礙物,良好,無號誌,無號誌,附標記,未繪設車道線,未繪設快慢車道分隔線,有,路上翻車、摔倒,酒醉（後）駕駛失控,Y000,YZ00,1,2,2012/10/8,西海路三段,,金門縣金城鎮水試所路段,118.3124964,24.4226194,普通重型 機車∕ ∕,機車普通重型,26∕0∕,受傷,03****E代號826,其他,有適當之駕照,經呼氣檢測超過0.80mg∕L或血液檢測超過0.16,機車右側車身,酒醉（後）駕駛失控∕尚未發現肇事因素∕,酒醉（後）駕駛失控∕酒醉（後）駕駛失控∕,其他,其他,本國∕本國∕
10110,,YZA1,10110YZ000020,2012,10,7,16,20,金門縣,金寧鄉,,NA,環島北路,一,350,NA,,,,,,產業道路00171燈趕,NA,NA,NA,NA,NA,NA,NA,NA,NA,0,0,0,NA,NA,NA,0,NA,NA,NA,NA,NA,NA,NA,NA,NA,NA,NA,NA,NA,NA,NA,Y000,YZ00,1,4,2012/10/7,環島北路一段350巷,,金門縣金寧鄉產業道路00171燈趕,118.3283226,24.4462231,自用 小客車∕普通重型 機車∕,小客車自用∕機車普通重型∕,26∕34∕,,51****3代號827∕3J****0代號828∕,,,,,,,,,本國∕本國∕
10110,10110Y00020019,YZA1,10110YZ000022,2012,10,9,12,20,金門縣,金城鎮,,NA,民權路,,,NA,,,光前路,,,路口,NA,NA,NA,NA,NA,NA,NA,NA,NA,0,3,0,晴,日間自然光線,村里道路,40,四岔路,交岔路口內,柏油,乾燥,無缺陷,無障礙物,良好,行車管制號誌,正常,無分向設施,未繪設車道線,未繪設快慢車道分隔線,有,側撞,違規超車,Y000,YZ00,1,2,2012/10/9,民權路,光前路,,118.3154588,24.43343543,普通重型 機車∕普通重型 機車∕乘客 人,機車普通重型∕機車普通重型∕乘客,18∕18∕19,受傷∕受傷∕受傷,80****K代號829∕16****Y代號702∕80****K代號829,其他∕其他∕其他,有適當之駕照∕有適當之駕照∕非汽（機）車駕駛人,經檢測無酒精反應∕經檢測無酒精反應∕非駕駛人，未檢測,機車前車頭∕機車前車頭∕非汽（機）車,違規超車∕左轉彎未依規定∕尚未發現肇事因素,違規超車∕違規超車∕違規超車,大學（研究）生∕大學（研究）生∕大學（研究）生,其他∕其他∕其他,本國∕本國∕本國
10110,10110Y00020020,YZA1,10110YZ000025,2012,10,9,15,25,金門縣,金寧鄉,,NA,伯玉路,二,,NA,,,,,,00174燈桿旁路段,NA,NA,NA,NA,NA,NA,NA,NA,NA,0,1,0,晴,日間自然光線,鄉道,70,直路,一般車道（未劃分快慢車道）,柏油,乾燥,無缺陷,無障礙物,良好,無號誌,無號誌,附標記,未繪設車道線,快慢車道分隔線,有,衝出路外,未保持行車安全距離,Y000,YZ00,1,2,2012/10/9,伯玉路二段,,金門縣金寧鄉00174燈桿旁路段,118.3416148,24.4414563,自用 小貨車(含客、貨兩用)∕ ∕,小貨車自用,27∕0∕,受傷,04****X代號830,其他,有適當之駕照,經檢測無酒精反應,汽車左前車頭（身）,未保持行車安全距離∕尚未發現肇事因素∕,未保持行車安全距離∕未保持行車安全距離∕,其他,其他,本國∕本國∕
10110,10110Y00020021,YZA1,10110YZ000026,2012,10,9,17,15,金門縣,金城鎮,,NA,民生路,,,NA,34,,,,,,NA,NA,NA,NA,NA,NA,NA,NA,NA,0,3,0,晴,日間自然光線,村里道路,40,直路,一般車道（未劃分快慢車道）,柏油,乾燥,無缺陷,無障礙物,良好,無號誌,無號誌,無標記,未繪設車道線,快慢車道分隔線,有,側撞,右轉彎未依規定,Y000,YZ00,1,2,2012/10/9,民生路34號,,金門縣金城鎮,118.3190184,24.43575,普通重型 機車∕普通輕型 機車∕乘客 人,機車普通重型∕機車普通輕型∕乘客,19∕24∕18,受傷∕受傷∕受傷,50****F代號831∕VJ****7代號832∕50****F代號831,其他∕其他∕其他,有適當之駕照∕有適當之駕照∕非汽（機）車駕駛人,經檢測無酒精反應∕經檢測無酒精反應∕非駕駛人，未檢測,機車前車頭∕機車左側車身∕非汽（機）車,右轉彎未依規定∕尚未發現肇事因素∕尚未發現肇事因素,右轉彎未依規定∕右轉彎未依規定∕右轉彎未依規定,大學（研究）生∕其他∕大學（研究）生,其他∕其他∕其他,本國∕本國∕本國
10110,10110Y00030003,YZA1,10110YZ000029,2012,10,12,10,54,金門縣,金城鎮,,NA,北堤路,,,NA,100,,,,,711超商,NA,NA,NA,NA,NA,NA,NA,NA,NA,0,0,0,晴,日間自然光線,村里道路,40,其他,其他,無鋪裝,乾燥,無缺陷,其他障礙物,良好,無號誌,無號誌,無分向設施,未繪設車道線,未繪設快慢車道分隔線,無,其他,未注意車前狀態,Y000,YZ00,1,3,2012/10/12,北堤路100號,,金門縣金城鎮711超商,118.3167419,24.4294062,普通重型 機車∕普通重型 機車∕,機車普通重型∕機車普通重型∕,61∕22∕,未受傷∕未受傷∕,PZ****1代號833∕06****J代號834∕,其他∕其他∕,有適當之駕照∕有適當之駕照∕,經檢測無酒精反應∕經檢測無酒精反應∕,機車前車頭∕機車左側車身∕,未注意車前狀態∕尚未發現肇事因素∕,未注意車前狀態∕未注意車前狀態∕,不明∕售貨員∕,購物∕購物∕,本國∕本國∕
10110,10110Y00020024,YZA1,10110YZ000031,2012,10,13,18,3,金門縣,金寧鄉,,NA,慈湖路,一,,NA,,,,,,03408號燈桿前路段,NA,NA,NA,NA,NA,NA,NA,NA,NA,0,2,0,晴,晨或暮光,縣道,50,直路,一般車道（未劃分快慢車道）,柏油,乾燥,無缺陷,無障礙物,良好,無號誌,無號誌,無標記,未繪設車道線,未繪設快慢車道分隔線,有,同向擦撞,未保持行車安全間隔,Y000,YZ00,1,2,2012/10/13,慈湖路一段,,金門縣金寧鄉03408號燈桿前路段,118.3117387,24.4416084,普通重型 機車∕自用 小貨車(含客、貨兩用)∕乘客 人,機車普通重型∕小貨車自用∕乘客,18∕43∕19,受傷∕未受傷∕受傷,BI****9代號835∕26****S代號836∕BI****9代號835,其他∕其他∕其他,無照（已達考照年齡）∕有適當之駕照∕非汽（機）車駕駛人,經檢測無酒精反應∕經檢測無酒精反應∕非駕駛人，未檢測,機車前車頭∕汽車左後車尾（身）∕非汽（機）車,未保持行車安全間隔∕尚未發現肇事因素∕尚未發現肇事因素,未保持行車安全間隔∕未保持行車安全間隔∕未保持行車安全間隔,大學（研究）生∕服務工作者∕大學（研究）生,其他∕其他∕其他,本國∕本國∕本國
10110,10110Y00020026,YZA1,10110YZ000032,2012,10,14,18,32,金門縣,金城鎮,,NA,民生路,,,NA,,,民權路,,,路口,NA,NA,NA,NA,NA,NA,NA,NA,NA,0,2,0,陰,夜間（或隧道、地下道、涵洞）有照明,村里道路,40,四岔路,交岔路口內,柏油,乾燥,無缺陷,無障礙物,良好,行車管制號誌,正常,無分向設施,未繪設車道線,未繪設快慢車道分隔線,有,側撞,未依規定讓車,Y000,YZ00,1,2,2012/10/14,民生路,民權路,,118.318387,24.437086,普通重型 機車∕自用 小貨車(含客、貨兩用)∕乘客 人,機車普通重型∕小貨車自用∕乘客,18∕28∕18,受傷∕未受傷∕受傷,XI****9代號837∕09****2代號838∕XI****9代號837,其他∕其他∕其他,有適當之駕照∕有適當之駕照∕非汽（機）車駕駛人,經檢測無酒精反應∕經呼氣檢測0.16至0.25mg∕L或血液檢測0.031至0.05∕非駕駛人，未檢測,機車右側車身∕汽車右前車頭（身）∕非汽（機）車,未依規定讓車∕未依規定減速∕尚未發現肇事因素,未依規定讓車∕未依規定讓車∕未依規定讓車,大學（研究）生∕其他∕大學（研究）生,其他∕其他∕其他,本國∕本國∕本國
10110,10110Y00020023,YZA1,10110YZ000035,2012,10,13,11,58,金門縣,金城鎮,,NA,環島北路,一,,NA,,,林湖路,,,,NA,NA,NA,NA,NA,NA,NA,NA,NA,0,2,0,晴,日間自然光線,縣道,50,三岔路,交岔路口內,柏油,乾燥,無缺陷,無障礙物,良好,無號誌,無號誌,無分向設施,未繪設車道線,未繪設快慢車道分隔線,有,其他,未保持行車安全間隔,Y000,YZ00,1,2,2012/10/13,環島北路一段,林湖路,,118.3258302,24.4439927,普通重型 機車∕普通重型 機車∕乘客 人,機車普通重型∕機車普通重型∕乘客,19∕19∕22,受傷∕未受傷∕受傷,33****F代號839∕90****D代號840∕33****F代號839,其他∕其他∕其他,有適當之駕照∕有適當之駕照∕非汽（機）車駕駛人,經檢測無酒精反應∕經檢測無酒精反應∕非駕駛人，未檢測,機車前車頭∕機車後車尾∕非汽（機）車,未保持行車安全間隔∕尚未發現肇事因素∕尚未發現肇事因素,未保持行車安全間隔∕未保持行車安全間隔∕未保持行車安全間隔,大學（研究）生∕大學（研究）生∕大學（研究）生,其他∕其他∕其他,本國∕本國∕本國
10110,10110Y00020057,YZA1,10110YZ000036,2012,10,15,14,55,金門縣,烈嶼鄉,,NA,九井路,,,NA,,,,,,09155燈桿前路口,NA,NA,NA,NA,NA,NA,NA,NA,NA,0,2,0,晴,日間自然光線,村里道路,50,三岔路,交岔路口內,柏油,乾燥,無缺陷,無障礙物,良好,無號誌,無號誌,無標記,未繪設車道線,未繪設快慢車道分隔線,有,側撞,違規超車,Y000,YZ00,1,2,2012/10/15,九井路,,金門縣烈嶼鄉09155燈桿前路口,118.2439073,24.4317335,普通重型 機車∕腳踏自行車 慢車∕,機車普通重型∕腳踏自行車∕,23∕77∕,受傷∕受傷∕,25****G代號841,其他∕其他∕,有適當之駕照∕非汽（機）車駕駛人∕,經檢測無酒精反應∕非駕駛人，未檢測∕,機車前車頭∕非汽（機）車∕,違規超車∕左轉彎未依規定∕,違規超車∕違規超車∕,其他∕無業者∕,其他∕其他∕,本國∕本國∕
10110,10110Y00020028,YZA1,10110YZ000037,2012,10,15,18,43,金門縣,金城鎮,,NA,民權路,,,NA,156,,,,,,NA,NA,NA,NA,NA,NA,NA,NA,NA,0,2,0,晴,夜間（或隧道、地下道、涵洞）有照明,鄉道,40,三岔路,交岔路口內,柏油,乾燥,無缺陷,無障礙物,良好,無號誌,無號誌,無分向設施,未繪設車道線,快慢車道分隔線,有,側撞,未注意車前狀態,Y000,YZ00,1,2,2012/10/15,民權路156號,,金門縣金城鎮,118.3177629,24.4364948,普通重型 機車∕普通輕型 機車∕,機車普通重型∕機車普通輕型∕,29∕57∕,受傷∕受傷∕,NF****9代號842∕32****B代號843∕,其他∕其他∕,有適當之駕照∕有適當之駕照∕,經檢測無酒精反應∕經檢測無酒精反應∕,機車前車頭∕機車左側車身∕,未注意車前狀態∕左轉彎未依規定∕,未注意車前狀態∕未注意車前狀態∕,其他∕服務工作者∕,上、下班∕其他∕,本國∕本國∕
10110,10110Y00020022,YZA1,10110YZ000039,2012,10,11,21,15,金門縣,金城鎮,,NA,民生路,,,NA,,,,,,00584路燈桿前,NA,NA,NA,NA,NA,NA,NA,NA,NA,0,2,0,晴,夜間（或隧道、地下道、涵洞）有照明,村里道路,50,四岔路,交岔路口內,柏油,乾燥,無缺陷,無障礙物,良好,無號誌,無號誌,無分向設施,未繪設車道線,未繪設快慢車道分隔線,有,其他,未依規定減速,Y000,YZ00,1,2,2012/10/11,民生路,,金門縣金城鎮00584路燈桿前,118.3190184,24.43575,普通重型 機車∕電動自行車 慢車∕乘客 人,機車普通重型∕電動自行車∕乘客,18∕0∕18,受傷∕未受傷∕受傷,10****F代號84410****F代號844,其他∕其他∕其他,有適當之駕照∕非汽（機）車駕駛人∕非汽（機）車駕駛人,經檢測無酒精反應∕無法檢測∕非駕駛人，未檢測,機車右側車身∕非汽（機）車∕非汽（機）車,未依規定減速∕未依規定讓車∕尚未發現肇事因素,未依規定減速∕未依規定減速∕未依規定減速,大學（研究）生∕不明∕大學（研究）生,其他∕不明∕其他,本國∕本國∕本國
10110,10110Y00020029,YZA1,10110YZ000040,2012,10,16,22,13,金門縣,金城鎮,,NA,中興路,,,NA,148,,,,,,NA,NA,NA,NA,NA,NA,NA,NA,NA,0,1,0,晴,夜間（或隧道、地下道、涵洞）有照明,村里道路,40,三岔路,交岔口附近,水泥,乾燥,無缺陷,無障礙物,良好,無號誌,無號誌,無標記,未繪設車道線,未繪設快慢車道分隔線,有,側撞,未依規定讓車,Y000,YZ00,1,2,2012/10/16,中興路148號,,金門縣金城鎮,118.3191873,24.4340426,普通重型 機車∕普通重型 機車∕,機車普通重型∕機車普通重型∕,20∕39∕,受傷∕未受傷∕,12****U代號845∕72****K代號846∕,其他∕其他∕,有適當之駕照∕有適當之駕照∕,經檢測無酒精反應∕經呼氣檢測未超過0.15mg∕L或血液檢測未超過0.03∕,機車右側車身∕機車左側車身∕,未依規定讓車∕未依規定減速∕,未依規定讓車∕未依規定讓車∕,大學（研究）生∕其他∕,其他∕其他∕,本國∕本國∕
10110,10110Y00020040,YZA1,10110YZ000041,2012,10,12,10,50,金門縣,金城鎮,,NA,民權路,,,NA,,,,,,西南門里公所前,NA,NA,NA,NA,NA,NA,NA,NA,NA,0,1,0,晴,日間自然光線,村里道路,40,直路,一般車道（未劃分快慢車道）,柏油,乾燥,無缺陷,無障礙物,良好,無號誌,無號誌,附標記,未繪設車道線,未繪設快慢車道分隔線,有,路上翻車、摔倒,未注意車前狀態,Y000,YZ00,1,2,2012/10/12,民權路,,金門縣金城鎮西南門里公所前,118.3168946,24.4355379,普通輕型 機車∕ ∕,機車普通輕型,74∕0∕,受傷,WZ****1代號847,其他,有適當之駕照,經檢測無酒精反應,機車前車頭,未注意車前狀態∕尚未發現肇事因素∕,未注意車前狀態∕未注意車前狀態∕,無業者,社交活動,本國∕本國∕
10110,10110Y00020052,YZA1,10110YZ000042,2012,10,17,15,10,金門縣,金寧鄉,榜林村,NA,桃園路,,,NA,,,,,,東洲32號前路段,NA,NA,NA,NA,NA,NA,NA,NA,NA,0,1,0,晴,日間自然光線,鄉道,60,直路,一般車道（未劃分快慢車道）,柏油,乾燥,無缺陷,無障礙物,良好,無號誌,無號誌,附標記,未繪設車道線,未繪設快慢車道分隔線,有,衝出路外,酒醉（後）駕駛失控,Y000,YZ00,1,2,2012/10/17,桃園路,,金門縣金寧鄉榜林村東洲32號前路段,118.3446627,24.4317794,普通輕型 機車∕ ∕,機車普通輕型,68∕0∕,受傷,WZ****8代號848,其他,無照（已達考照年齡）,經呼氣檢測超過0.80mg∕L或血液檢測超過0.16,機車前車頭,酒醉（後）駕駛失控∕尚未發現肇事因素∕,酒醉（後）駕駛失控∕酒醉（後）駕駛失控∕,無業者,社交活動,本國∕本國∕
10110,,YZA1,10110YZ000044,2012,10,17,23,12,金門縣,金城鎮,,NA,北堤路,,,NA,,,西海路,三,,路口,NA,NA,NA,NA,NA,NA,NA,NA,NA,0,0,0,NA,NA,NA,0,NA,NA,NA,NA,NA,NA,NA,NA,NA,NA,NA,NA,NA,NA,NA,Y000,YZ00,1,4,2012/10/17,北堤路,西海路三段,,118.3155284,24.42927395,自用 小客車∕自用 小客車∕,小客車自用∕小客車自用∕,51∕58∕,,16****A代號849∕WY****1代號850∕,,,,,,,,,本國∕本國∕
10110,10110Y00020042,YZA1,10110YZ000045,2012,10,18,22,45,金門縣,金城鎮,,NA,民生路,,,NA,52,,,,,,NA,NA,NA,NA,NA,NA,NA,NA,NA,0,1,0,晴,夜間（或隧道、地下道、涵洞）有照明,村里道路,50,直路,一般車道（未劃分快慢車道）,柏油,乾燥,無缺陷,無障礙物,良好,無號誌,無號誌,無標記,未繪設車道線,未繪設快慢車道分隔線,有,其他,未注意車前狀態,Y000,YZ00,1,2,2012/10/18,民生路52號,,金門縣金城鎮,118.3190184,24.43575,普通重型 機車∕自用 小貨車(含客、貨兩用)∕,機車普通重型∕小貨車自用∕,20∕28∕,受傷∕未受傷∕,H5****0代號851∕WY****1代號852∕,其他∕其他∕,有適當之駕照∕有適當之駕照∕,經檢測無酒精反應∕無法檢測∕,機車右側車身∕汽車左後車尾（身）∕,未注意車前狀態∕尚未發現肇事因素∕,未注意車前狀態∕未注意車前狀態∕,大學（研究）生∕事務工作者∕,其他∕其他∕,本國∕本國∕
10110,10110Y00020034,YZA1,10110YZ000048,2012,10,19,19,0,金門縣,金寧鄉,,NA,伯玉路,二,,NA,,,,,,00214號燈桿前路段,NA,NA,NA,NA,NA,NA,NA,NA,NA,0,1,0,晴,夜間（或隧道、地下道、涵洞）有照明,縣道,70,直路,一般車道（未劃分快慢車道）,柏油,乾燥,無缺陷,無障礙物,良好,無號誌,無號誌,無標記,未繪設車道線,快慢車道分隔線,有,追撞,未保持行車安全距離,Y000,YZ00,1,2,2012/10/19,伯玉路二段,,金門縣金寧鄉00214號燈桿前路段,118.3416148,24.4414563,普通重型 機車∕普通重型 機車∕,機車普通重型∕機車普通重型∕,23∕48∕,受傷∕未受傷∕,95****J代號853∕25****V代號854∕,其他∕其他∕,有適當之駕照∕越級駕駛∕,經檢測無酒精反應∕經檢測無酒精反應∕,機車前車頭∕機車後車尾∕,未保持行車安全距離∕尚未發現肇事因素∕,未保持行車安全距離∕未保持行車安全距離∕,售貨員∕無業者∕,上、下班∕其他∕,本國∕本國∕
10110,10110Y00020033,YZA1,10110YZ000049,2012,10,19,19,0,金門縣,金寧鄉,,NA,,,,NA,,,,,,埔後135號旁,NA,NA,NA,NA,NA,NA,NA,NA,NA,0,1,0,晴,夜間（或隧道、地下道、涵洞）有照明,村里道路,40,四岔路,交岔路口內,柏油,乾燥,無缺陷,無障礙物,良好,無號誌,無號誌,無分向設施,未繪設車道線,未繪設快慢車道分隔線,有,路口交岔撞,未依規定讓車,Y000,YZ00,1,2,2012/10/19,金門縣金寧鄉埔後135號旁,,金門縣金寧鄉埔後135號旁,118.317029,24.442928,自用 小客車∕普通重型 機車∕,小客車自用∕機車普通重型∕,37∕19∕,未受傷∕受傷∕,34****S代號855∕J3****1代號856∕,其他∕其他∕,有適當之駕照∕有適當之駕照∕,經檢測無酒精反應∕經檢測無酒精反應∕,汽車左前車頭（身）∕機車前車頭∕,未依規定讓車∕未依規定減速∕,未依規定讓車∕未依規定讓車∕,不明∕不明∕,其他∕其他∕,本國∕本國∕