年月,總編號,處理單位,處理編號,年,月,日,時,分,縣市,區,村里,鄰,街道,段,巷,弄,號,公尺處,街道.1,段.1,側,附近,道路,公里,公尺處.1,向,車道,平交道,公里.1,公尺處.2,附近.1,死,受傷,X2.30,天候,光線,道路類別,速限,道路型態,事故位置,路面鋪裝,路面狀態,路面缺陷,障礙物,視距,號誌種類,號誌動作,分向設施,快車道或一般車道間,快慢車道間,路面邊線,事故類型及型態,主要肇因,警局,分局,案件類別,事故類別,日期,道路1,道路2,概略位置,lon,lat,車種,當事者區分.類別.,年齡,受傷程度,車輛牌照號碼,車輛用途,駕駛資格情形,飲酒情形,車輛撞擊部位最初,肇事因素個別,肇事因素主要,職.業,旅次目的,國籍
10110,10110Y00020045,YZA1,10110YZ000051,2012,10,20,20,52,金門縣,金城鎮,,NA,環島北路,,,NA,66,,,,,路段,NA,NA,NA,NA,NA,NA,NA,NA,NA,0,1,0,陰,夜間（或隧道、地下道、涵洞）有照明,縣道,60,直路,一般車道（未劃分快慢車道）,柏油,乾燥,無缺陷,無障礙物,良好,無號誌,無號誌,附標記,未繪設車道線,未繪設快慢車道分隔線,有,對撞,違規超車,Y000,YZ00,1,2,2012/10/20,環島北路66號,,金門縣金城鎮路段,118.322662,24.441264,普通重型 機車∕自用 小客車∕ ,機車普通重型∕小客車自用∕,25∕39∕0,受傷∕未受傷∕,39****C代號857∕6F****5代號858∕,其他∕其他∕,有適當之駕照∕有適當之駕照∕,經檢測無酒精反應∕經檢測無酒精反應∕,機車前車頭∕汽車前車頭∕,違規超車∕尚未發現肇事因素∕尚未發現肇事因素,違規超車∕違規超車∕違規超車,大學（研究）生∕其他∕,其他∕其他∕,本國∕本國∕本國
10110,10110Y00020044,YZA1,10110YZ000052,2012,10,19,23,10,金門縣,金城鎮,,NA,,,,NA,,,,,,賢城路莒光樓路段,NA,NA,NA,NA,NA,NA,NA,NA,NA,0,1,0,晴,夜間（或隧道、地下道、涵洞）有照明,鄉道,40,彎曲路及附近,一般車道（未劃分快慢車道）,柏油,乾燥,無缺陷,無障礙物,良好,無號誌,無號誌,無標記,未繪設車道線,未繪設快慢車道分隔線,有,衝出路外,未依規定減速,Y000,YZ00,1,2,2012/10/19,金門縣金城鎮賢城路莒光樓路段,,金門縣金城鎮賢城路莒光樓路段,118.3190002,24.4249668,普通重型 機車∕ ∕,機車普通重型,22∕0∕,受傷,65****T代號859,其他,有適當之駕照,經檢測無酒精反應,機車前車頭,未依規定減速∕尚未發現肇事因素∕,未依規定減速∕未依規定減速∕,大學（研究）生,其他,本國∕本國∕
10110,10110Y00020035,YZA1,10110YZ000053,2012,10,21,14,20,金門縣,金城鎮,,NA,民生路,,,NA,65,,,,,,NA,NA,NA,NA,NA,NA,NA,NA,NA,0,1,0,晴,日間自然光線,村里道路,40,三岔路,交岔口附近,柏油,乾燥,無缺陷,路上有停車,良好,無號誌,無號誌,無標記,未繪設車道線,未繪設快慢車道分隔線,有,其他,開啟車門不當而肇事,Y000,YZ00,1,2,2012/10/21,民生路65號,,金門縣金城鎮,118.3190184,24.43575,自用 小客車∕普通重型 機車∕,小客車自用∕機車普通重型∕,50∕19∕,未受傷∕受傷∕,YL****2代號860∕98****F代號861∕,其他∕其他∕,有適當之駕照∕有適當之駕照∕,經檢測無酒精反應∕經檢測無酒精反應∕,汽車左側車身∕機車前車頭∕,開啟車門不當而肇事∕未注意車前狀態∕,開啟車門不當而肇事∕開啟車門不當而肇事∕,其他∕大學（研究）生∕,其他∕其他∕,本國∕本國∕
10110,10110Y00020053,YZA1,10110YZ000054,2012,10,21,10,30,金門縣,金寧鄉,,NA,林堡路,,,NA,,,,,,頂堡1424號前路段,NA,NA,NA,NA,NA,NA,NA,NA,NA,0,1,0,晴,日間自然光線,鄉道,40,直路,一般車道（未劃分快慢車道）,柏油,乾燥,無缺陷,路上有停車,良好,無號誌,無號誌,無標記,未繪設車道線,未繪設快慢車道分隔線,有,倒車撞,倒車未依規定,Y000,YZ00,1,2,2012/10/21,林堡路,,金門縣金寧鄉頂堡1424號前路段,118.3345146,24.4434579,自用 小貨車(含客、貨兩用)∕普通重型 機車∕,小貨車自用∕機車普通重型∕,28∕41∕,未受傷∕受傷∕,03****Z代號862∕96****C代號863∕,其他∕其他∕,無照（已達考照年齡）∕有適當之駕照∕,經檢測無酒精反應∕無法檢測∕,汽車右後車尾（身）∕機車前車頭∕,倒車未依規定∕尚未發現肇事因素∕,倒車未依規定∕倒車未依規定∕,機械設備操作工及組裝工∕技術工∕,業務聯繫∕上、下班∕,本國∕本國∕
10110,10110Y00020055,YZA1,10110YZ000059,2012,10,23,14,25,金門縣,烈嶼鄉,,NA,東林街,,,NA,111,,,,,,NA,NA,NA,NA,NA,NA,NA,NA,NA,0,2,0,晴,日間自然光線,村里道路,40,直路,一般車道（未劃分快慢車道）,柏油,乾燥,無缺陷,無障礙物,路上停放車輛,無號誌,無號誌,無標記,未繪設車道線,未繪設快慢車道分隔線,有,穿越道路中,未注意車前狀態,Y000,YZ00,1,2,2012/10/23,東林街111號,,金門縣烈嶼鄉,118.2485954,24.4282783,普通重型 機車∕行人 人∕ ,機車普通重型∕行人∕,36∕58∕0,受傷∕受傷∕,70****F代號864,其他∕非駕駛人及乘客∕,有適當之駕照∕非汽（機）車駕駛人∕,經檢測無酒精反應∕非駕駛人，未檢測∕,機車左側車身∕非汽（機）車∕,未注意車前狀態∕穿越道路未注意左右來車∕尚未發現肇事因素,未注意車前狀態∕未注意車前狀態∕未注意車前狀態,其他∕其他∕,其他∕其他∕,本國∕本國∕本國
10110,10110Y00020041,YZA1,10110YZ000060,2012,10,18,16,50,金門縣,金寧鄉,榜林村,NA,伯玉路,二,,NA,151之1,,,,,,NA,NA,NA,NA,NA,NA,NA,NA,NA,0,1,0,晴,日間自然光線,縣道,60,直路,一般車道（未劃分快慢車道）,柏油,乾燥,無缺陷,無障礙物,良好,無號誌,無號誌,附標記,未繪設車道線,快慢車道分隔線,有,側撞,右轉彎未依規定,Y000,YZ00,1,2,2012/10/18,伯玉路二段151-1號,,金門縣金寧鄉榜林村,118.3416148,24.4414563,自用 小客車∕普通重型 機車∕,小客車自用∕機車普通重型∕,23∕49∕,未受傷∕受傷∕,09****9代號865∕18****D代號866∕,其他∕其他∕,有適當之駕照∕有適當之駕照∕,經檢測無酒精反應∕經檢測無酒精反應∕,汽車右側車身∕機車前車頭∕,右轉彎未依規定∕未注意車前狀態∕,右轉彎未依規定∕右轉彎未依規定∕,技術員及助理人員∕技術員及助理人員∕,社交活動∕社交活動∕,本國∕本國∕
10110,10110Y00020060,YZA1,10110YZ000062,2012,10,26,9,25,金門縣,金城鎮,,NA,,,,NA,,,,,,前水頭61號前路口,NA,NA,NA,NA,NA,NA,NA,NA,NA,0,2,0,晴,日間自然光線,村里道路,40,三岔路,交岔路口內,柏油,乾燥,無缺陷,無障礙物,良好,無號誌,無號誌,無分向設施,未繪設車道線,未繪設快慢車道分隔線,有,側撞,未依規定讓車,Y000,YZ00,1,2,2012/10/26,金門縣金城鎮前水頭61號前路口,,金門縣金城鎮前水頭61號前路口,118.2879494,24.4138741,普通重型 機車∕普通輕型 機車∕,機車普通重型∕機車普通輕型∕,57∕78∕,受傷∕受傷∕,PZ****6代號867∕WZ****5代號868∕,其他∕其他∕,有適當之駕照∕有適當之駕照∕,經檢測無酒精反應∕經檢測無酒精反應∕,機車左側車身∕機車前車頭∕,未依規定讓車∕未依規定減速∕,未依規定讓車∕未依規定讓車∕,不明∕無業者∕,其他∕購物∕,本國∕本國∕
10110,10110Y00030007,YZA1,10110YZ000063,2012,10,26,15,40,金門縣,金城鎮,,NA,民生路,,,NA,,,民權路,,,,NA,NA,NA,NA,NA,NA,NA,NA,NA,0,0,0,晴,日間自然光線,村里道路,40,四岔路,交岔路口內,柏油,乾燥,無缺陷,無障礙物,良好,行車管制號誌,正常,無分向設施,未繪設車道線,未繪設快慢車道分隔線,有,側撞,未依規定讓車,Y000,YZ00,1,3,2012/10/26,民生路,民權路,,118.318387,24.437086,自用 小客車∕自用 小客車∕,小客車自用∕小客車自用∕,31∕35∕,未受傷∕未受傷∕,WY****3代號869∕03****2代號870∕,其他∕其他∕,有適當之駕照∕有適當之駕照∕,經檢測無酒精反應∕經檢測無酒精反應∕,汽車左前車頭（身）∕汽車右後車尾（身）∕,未依規定讓車∕未注意車前狀態∕,未依規定讓車∕未依規定讓車∕,不明∕不明∕,其他∕其他∕,本國∕本國∕
10110,10110Y00020047,YZA1,10110YZ000064,2012,10,27,11,40,金門縣,金城鎮,,NA,伯玉路,一,,NA,,,,,,00271號路燈桿附近,NA,NA,NA,NA,NA,NA,NA,NA,NA,0,2,0,晴,日間自然光線,村里道路,60,直路,慢車道,柏油,乾燥,無缺陷,無障礙物,良好,無號誌,無號誌,附標記,未繪設車道線,快慢車道分隔線,有,路上翻車、摔倒,未注意車前狀態,Y000,YZ00,1,2,2012/10/27,伯玉路一段,,金門縣金城鎮00271號路燈桿附近,118.3267756,24.4346914,普通重型 機車∕ ∕乘客 人,機車普通重型乘客,25∕0∕19,受傷受傷,29****D代號87129****D代號871,其他其他,有適當之駕照非汽（機）車駕駛人,經檢測無酒精反應非駕駛人，未檢測,機車右側車身非汽（機）車,未注意車前狀態∕尚未發現肇事因素∕尚未發現肇事因素,未注意車前狀態∕未注意車前狀態∕未注意車前狀態,其他其他,其他其他,本國∕本國∕本國
10110,10110Y00020046,YZA1,10110YZ000065,2012,10,23,17,50,金門縣,金城鎮,,NA,環島西路,一,,NA,,,北堤路,,,,NA,NA,NA,NA,NA,NA,NA,NA,NA,0,1,0,陰,夜間（或隧道、地下道、涵洞）有照明,村里道路,50,四岔路,交岔路口內,柏油,乾燥,無缺陷,無障礙物,良好,行車管制號誌,正常,無分向設施,未繪設車道線,未繪設快慢車道分隔線,有,同向通行中,酒醉（後）駕駛失控,Y000,YZ00,1,2,2012/10/23,環島西路一段,北堤路,,118.3213944,24.42983234,營業用 小貨車(含客、貨兩用)∕行人 人∕,小貨車營業用∕行人∕,52∕16∕,未受傷∕受傷∕,39****6代號872,其他∕非駕駛人及乘客∕,有適當之駕照∕非汽（機）車駕駛人∕,經呼氣檢測超過0.80mg∕L或血液檢測超過0.16∕非駕駛人，未檢測∕,汽車右前車頭（身）∕非汽（機）車∕,酒醉（後）駕駛失控∕尚未發現肇事因素∕,酒醉（後）駕駛失控∕酒醉（後）駕駛失控∕,其他∕高中生∕,其他∕其他∕,本國∕本國∕
10110,10110Y00020048,YZA1,10110YZ000066,2012,10,29,0,56,金門縣,金寧鄉,,NA,大學路,,,NA,1,,,,,金門大學校區內,NA,NA,NA,NA,NA,NA,NA,NA,NA,0,1,0,晴,夜間（或隧道、地下道、涵洞）無照明,其他,40,直路,一般車道（未劃分快慢車道）,水泥,乾燥,無缺陷,無障礙物,良好,無號誌,無號誌,無標記,未繪設車道線,未繪設快慢車道分隔線,有,其他,未注意車前狀態,Y000,YZ00,1,2,2012/10/29,大學路1號,,金門縣金寧鄉金門大學校區內,118.322848,24.447907,普通重型 機車∕ ∕乘客 人,機車普通重型乘客,19∕0∕18,未受傷受傷,52****F代號87352****F代號873,其他其他,無照（已達考照年齡）非汽（機）車駕駛人,經檢測無酒精反應非駕駛人，未檢測,機車右側車身非汽（機）車,未注意車前狀態∕尚未發現肇事因素∕尚未發現肇事因素,未注意車前狀態∕未注意車前狀態∕未注意車前狀態,大學（研究）生大學（研究）生,其他其他,本國∕本國∕本國
10110,,YZA1,10110YZ000067,2012,10,28,15,30,金門縣,金寧鄉,,NA,大學路,,,NA,1,,,,,,NA,NA,NA,NA,NA,NA,NA,NA,NA,0,1,0,晴,日間自然光線,村里道路,30,三岔路,交岔路口內,柏油,乾燥,無缺陷,無障礙物,良好,無號誌,無號誌,附標記,未繪設車道線,未繪設快慢車道分隔線,有,路上翻車、摔倒,未注意車前狀態,Y000,YZ00,3,2,2012/10/28,大學路1號,,金門縣金寧鄉,118.325279,24.4466751,普通重型 機車∕ ∕,機車普通重型,20∕0∕,受傷,71****U代號874,其他,有適當之駕照,不明,機車前車頭,未注意車前狀態∕尚未發現肇事因素∕,未注意車前狀態∕未注意車前狀態∕,大學（研究）生,上、下學,本國∕本國∕
10110,10110Y00020056,YZA1,10110YZ000068,2012,10,26,16,32,金門縣,金城鎮,西門里,NA,民權路,,,NA,104,,,,,,NA,NA,NA,NA,NA,NA,NA,NA,NA,0,1,0,晴,日間自然光線,鄉道,40,直路,一般車道（未劃分快慢車道）,柏油,乾燥,無缺陷,無障礙物,良好,無號誌,無號誌,附標記,未繪設車道線,未繪設快慢車道分隔線,有,其他,未注意車前狀態,Y000,YZ00,NA,NA,2012/10/26,民權路104號,,金門縣金城鎮西門里,118.3163707,24.4350108,普通重型 機車∕腳踏自行車 慢車∕,機車普通重型∕腳踏自行車∕,57∕14∕,受傷∕未受傷∕,01****V代號875,其他∕其他∕,有適當之駕照∕非汽（機）車駕駛人∕,經檢測無酒精反應∕經檢測無酒精反應∕,機車左側車身∕非汽（機）車∕,未注意車前狀態∕尚未發現肇事因素∕,未注意車前狀態∕未注意車前狀態∕,專業人員∕國中生∕,社交活動∕上、下班∕,非本國∕本國∕
10110,10110Y00020049,YZA1,10110YZ000071,2012,10,30,15,30,金門縣,金城鎮,,NA,民權路,,,NA,182,,,,,中華電信前,NA,NA,NA,NA,NA,NA,NA,NA,NA,0,1,0,陰,日間自然光線,村里道路,40,直路,一般車道（未劃分快慢車道）,柏油,濕潤,無缺陷,無障礙物,良好,無號誌,無號誌,附標記,未繪設車道線,未繪設快慢車道分隔線,有,其他,起步未注意其他車（人）安全,Y000,YZ00,1,2,2012/10/30,民權路182號,,金門縣金城鎮中華電信前,118.3192898,24.4381016,自用 小客車∕普通重型 機車∕,小客車自用∕機車普通重型∕,52∕20∕,未受傷∕受傷∕,WY****8代號876∕M2****3代號877∕,其他∕其他∕,有適當之駕照∕有適當之駕照∕,經檢測無酒精反應∕經檢測無酒精反應∕,不明∕機車左側車身∕,起步未注意其他車（人）安全∕未注意車前狀態∕,起步未注意其他車（人）安全∕起步未注意其他車（人）安全∕,其他∕大學（研究）生∕,其他∕其他∕,本國∕本國∕
10110,10110Y00020050,YZA1,10110YZ000072,2012,10,31,19,28,金門縣,金城鎮,,NA,光前路,,,NA,94,,,,,,NA,NA,NA,NA,NA,NA,NA,NA,NA,0,1,0,晴,夜間（或隧道、地下道、涵洞）有照明,村里道路,40,直路,一般車道（未劃分快慢車道）,柏油,乾燥,無缺陷,無障礙物,良好,無號誌,無號誌,無標記,未繪設車道線,未繪設快慢車道分隔線,有,倒車撞,倒車未依規定,Y000,YZ00,1,2,2012/10/31,光前路94號,,金門縣金城鎮,118.3142468,24.4339885,自用 小貨車(含客、貨兩用)∕普通重型 機車∕,小貨車自用∕機車普通重型∕,45∕21∕,未受傷∕受傷∕,6F****3代號878∕73****K代號879∕,其他∕其他∕,有適當之駕照∕越級駕駛∕,經呼氣檢測0.26至0.40mg∕L或血液檢測0.051至0.08∕經檢測無酒精反應∕,汽車右後車尾（身）∕機車前車頭∕,倒車未依規定∕未注意車前狀態∕,倒車未依規定∕倒車未依規定∕,事務工作者∕大學（研究）生∕,不明∕不明∕,本國∕本國∕
10111,10111Y00020003,YYA1,10111YY000001,2012,11,1,7,55,金門縣,金湖鎮,,NA,環島東路,四,,NA,,,,,,多年國小前路段01079號路燈桿,NA,NA,NA,NA,NA,NA,NA,NA,NA,0,1,0,晴,日間自然光線,縣道,60,直路,一般車道（未劃分快慢車道）,柏油,乾燥,無缺陷,無障礙物,良好,無號誌,無號誌,附標記,未繪設車道線,未繪設快慢車道分隔線,有,撞動物,動物竄出,Y000,YY00,1,2,2012/11/1,環島東路四段,,金門縣金湖鎮多年國小前路段01079號路燈桿,118.4527137,24.4487036, ∕普通重型 機車∕,∕機車普通重型∕,0∕25∕,∕受傷∕,∕83****E代號880∕,∕其他∕,∕有適當之駕照∕,∕經檢測無酒精反應∕,∕機車前車頭∕,動物竄出∕尚未發現肇事因素∕,動物竄出∕動物竄出∕,∕農林漁牧工作者∕,∕上、下班∕,本國∕本國∕
10111,10111Y00030001,YYA1,10111YY000006,2012,11,4,14,0,金門縣,金湖鎮,新市里,NA,復興路,,,NA,2,,,,,,NA,NA,NA,NA,NA,NA,NA,NA,NA,0,0,0,晴,日間自然光線,村里道路,50,直路,一般車道（未劃分快慢車道）,柏油,乾燥,無缺陷,無障礙物,良好,無號誌,無號誌,無標記,未繪設車道線,未繪設快慢車道分隔線,有,其他,起步未注意其他車（人）安全,Y000,YY00,1,3,2012/11/4,復興路2號,,金門縣金湖鎮新市里,118.4161413,24.4412321,自用 小客車∕自用 小客車∕,小客車自用∕小客車自用∕,42∕32∕,未受傷∕未受傷∕,04****7代號783∕CK****1代號881∕,其他∕其他∕,有適當之駕照∕有適當之駕照∕,經檢測無酒精反應∕經觀察未飲酒∕,汽車右前車頭（身）∕汽車左後車尾（身）∕,起步未注意其他車（人）安全∕違規停車或暫停不當而肇事∕,起步未注意其他車（人）安全∕起步未注意其他車（人）安全∕,服務工作者∕服務工作者∕,其他∕其他∕,本國∕本國∕
10111,10111Y00020005,YYA1,10111YY000007,2012,11,4,15,35,金門縣,金湖鎮,,NA,太湖路,一,,NA,,,,,,往太武山方向重劃區第一個路口,NA,NA,NA,NA,NA,NA,NA,NA,NA,0,1,0,晴,日間自然光線,村里道路,50,三岔路,交岔路口內,柏油,乾燥,無缺陷,無障礙物,良好,無號誌,無號誌,無分向設施,未繪設車道線,未繪設快慢車道分隔線,有,側撞,違規超車,Y000,YY00,1,2,2012/11/4,太湖路一段,,金門縣金湖鎮往太武山方向重劃區第一個路口,118.4047483,24.4473343,自用 小客車∕普通重型 機車∕,小客車自用∕機車普通重型∕,22∕54∕,未受傷∕受傷∕,YD****1代號882∕77****V代號883∕,其他∕其他∕,有適當之駕照∕有適當之駕照∕,經檢測無酒精反應∕經檢測無酒精反應∕,汽車右前車頭（身）∕機車左側車身∕,違規超車∕左轉彎未依規定∕,違規超車∕違規超車∕,其他∕家庭主婦（夫）∕,其他∕其他∕,本國∕本國∕
10111,10111Y00020042,YYA1,10111YY000010,2012,11,8,9,55,金門縣,金湖鎮,,NA,伯玉路,五,,NA,,,,,,魯王墓路段,NA,NA,NA,NA,NA,NA,NA,NA,NA,0,2,0,晴,日間自然光線,村里道路,50,彎曲路及附近,一般車道（未劃分快慢車道）,柏油,乾燥,無缺陷,無障礙物,彎道,無號誌,無號誌,窄式無柵欄,未繪設車道線,未繪設快慢車道分隔線,有,路上翻車、摔倒,未依規定減速,Y000,YY00,1,2,2012/11/8,伯玉路五段,,金門縣金湖鎮魯王墓路段,118.3897645,24.4505133,普通重型 機車∕ ∕乘客 人,機車普通重型乘客,18∕0∕18,受傷受傷,02****G代號88402****G代號884,其他其他,有適當之駕照非汽（機）車駕駛人,經檢測無酒精反應經檢測無酒精反應,機車左側車身非汽（機）車,未依規定減速∕尚未發現肇事因素∕尚未發現肇事因素,未依規定減速∕未依規定減速∕未依規定減速,大學（研究）生大學（研究）生,觀光旅遊觀光旅遊,本國∕本國∕本國
10111,10111Y00020008,YYA1,10111YY000011,2012,11,8,11,30,金門縣,金沙鎮,,NA,沙青路,,,NA,,,,,,金沙消防隊前路段,NA,NA,NA,NA,NA,NA,NA,NA,NA,0,2,0,晴,日間自然光線,村里道路,60,直路,一般車道（未劃分快慢車道）,柏油,乾燥,無缺陷,無障礙物,良好,無號誌,無號誌,無標記,未繪設車道線,未繪設快慢車道分隔線,有,側撞,迴轉未依規定,Y000,YY00,1,2,2012/11/8,沙青路,,金門縣金沙鎮金沙消防隊前路段,118.4130838,24.5066188,自用 小客車∕普通重型 機車∕乘客 人,小客車自用∕機車普通重型∕乘客,34∕62∕56,未受傷∕受傷∕受傷,21****S代號885∕PZ****7代號886∕PZ****7代號886,其他∕其他∕其他,有適當之駕照∕有適當之駕照∕非汽（機）車駕駛人,經檢測無酒精反應∕經檢測無酒精反應∕非駕駛人，未檢測,汽車左前車頭（身）∕機車右側車身∕非汽（機）車,迴轉未依規定∕未注意車前狀態∕尚未發現肇事因素,迴轉未依規定∕迴轉未依規定∕迴轉未依規定,事務工作者∕其他∕家庭主婦（夫）,業務聯繫∕其他∕其他,本國∕本國∕本國
10111,10111Y00020044,YYA1,10111YY000012,2012,11,8,12,25,金門縣,金湖鎮,,NA,雙瓊路,,,NA,,,,,,00352號路燈桿,NA,NA,NA,NA,NA,NA,NA,NA,NA,0,1,0,晴,日間自然光線,村里道路,50,直路,一般車道（未劃分快慢車道）,水泥,乾燥,無缺陷,無障礙物,良好,無號誌,無號誌,附標記,未繪設車道線,未繪設快慢車道分隔線,有,撞路樹、電桿,動物竄出,Y000,YY00,1,2,2012/11/8,雙瓊路,,金門縣金湖鎮00352號路燈桿,118.3660576,24.4501741, ∕自用 小客車∕,∕小客車自用∕,0∕29∕,∕受傷∕,∕7E****0代號807∕,∕其他∕,∕有適當之駕照∕,∕經檢測無酒精反應∕,∕汽車前車頭∕,動物竄出∕未注意車前狀態∕,動物竄出∕動物竄出∕,∕技術員及助理人員∕,∕業務聯繫∕,本國∕本國∕
10111,10111Y00020009,YYA1,10111YY000014,2012,11,10,12,5,金門縣,金湖鎮,新湖里,NA,環島南路,四,,NA,,,,,,湖前段4號前,NA,NA,NA,NA,NA,NA,NA,NA,NA,0,1,0,晴,日間自然光線,村里道路,50,四岔路,交岔口附近,柏油,乾燥,無缺陷,無障礙物,良好,無號誌,無號誌,無標記,未繪設車道線,快慢車道分隔線,有,側撞,變換車道或方向不當,Y000,YY00,1,2,2012/11/10,環島南路四段,,金門縣金湖鎮新湖里湖前段4號前,118.40101,24.438041,自用 小客車∕普通重型 機車∕,小客車自用∕機車普通重型∕,33∕19∕,未受傷∕受傷∕,6F****8代號887∕23****D代號888∕,其他∕其他∕,有適當之駕照∕有適當之駕照∕,經檢測無酒精反應∕經檢測無酒精反應∕,汽車右前車頭（身）∕機車左側車身∕,變換車道或方向不當∕未注意車前狀態∕,變換車道或方向不當∕變換車道或方向不當∕,技術工∕高中生∕,其他∕其他∕,本國∕本國∕
10111,10111Y00020010,YYA1,10111YY000018,2012,11,7,18,5,金門縣,金沙鎮,,NA,高陽路,,,NA,,,,,,蔡厝路段01878燈桿附近,NA,NA,NA,NA,NA,NA,NA,NA,NA,0,1,0,晴,晨或暮光,村里道路,60,直路,一般車道（未劃分快慢車道）,柏油,乾燥,無缺陷,無障礙物,良好,無號誌,無號誌,附標記,未繪設車道線,未繪設快慢車道分隔線,有,路上翻車、摔倒,未注意車前狀態,Y000,YY00,1,2,2012/11/7,高陽路,,金門縣金沙鎮蔡厝路段01878燈桿附近,118.4078483,24.4727311,普通重型 機車∕ ∕,機車普通重型,36∕0∕,受傷,01****F代號889,其他,有適當之駕照,經檢測無酒精反應,機車右側車身,未注意車前狀態∕尚未發現肇事因素∕,未注意車前狀態∕未注意車前狀態∕,其他,其他,本國∕本國∕
10111,10111Y00020011,YYA1,10111YY000019,2012,11,13,15,49,金門縣,金湖鎮,,NA,環島南路,四,,NA,,,,,,成功路口,NA,NA,NA,NA,NA,NA,NA,NA,NA,0,1,0,晴,日間自然光線,村里道路,50,三岔路,交岔路口內,柏油,乾燥,無缺陷,無障礙物,良好,行車管制號誌,正常,無分向設施,未繪設車道線,未繪設快慢車道分隔線,無,側撞,左轉彎未依規定,Y000,YY00,1,2,2012/11/13,環島南路四段,,金門縣金湖鎮成功路口,118.40101,24.438041,普通重型 機車∕自用 小客車∕,機車普通重型∕小客車自用∕,28∕33∕,受傷∕未受傷∕,90****J代號890∕6F****5代號891∕,其他∕其他∕,有適當之駕照∕有適當之駕照∕,經檢測無酒精反應∕經檢測無酒精反應∕,機車前車頭∕汽車右前車頭（身）∕,左轉彎未依規定∕未注意車前狀態∕,左轉彎未依規定∕左轉彎未依規定∕,服務工作者∕技術工∕,購物∕購物∕,本國∕本國∕
10111,10111Y00030002,YYA1,10111YY000025,2012,11,16,9,0,金門縣,金湖鎮,,NA,復興路,,,NA,1,,,,,旁路段,NA,NA,NA,NA,NA,NA,NA,NA,NA,0,0,0,晴,日間自然光線,村里道路,50,四岔路,交岔口附近,柏油,乾燥,無缺陷,無障礙物,良好,無號誌,無號誌,附標記,未繪設車道線,未繪設快慢車道分隔線,有,同向擦撞,起步未注意其他車（人）安全,Y000,YY00,1,3,2012/11/16,復興路1號,,金門縣金湖鎮旁路段,118.4161413,24.4412321,自用 小客車∕自用 小客車∕,小客車自用∕小客車自用∕,62∕32∕,未受傷∕未受傷∕,06****X代號892∕6F****5代號893∕,其他∕其他∕,有適當之駕照∕有適當之駕照∕,經檢測無酒精反應∕經檢測無酒精反應∕,汽車左前車頭（身）∕汽車右側車身∕,起步未注意其他車（人）安全∕尚未發現肇事因素∕,起步未注意其他車（人）安全∕起步未注意其他車（人）安全∕,服務工作者∕專業人員∕,其他∕上、下班∕,本國∕本國∕
10111,10111Y00020017,YYA1,10111YY000029,2012,11,16,19,55,金門縣,金沙鎮,,NA,,,,NA,,,,,,文化園區往銘傳大學道路,NA,NA,NA,NA,NA,NA,NA,NA,NA,0,4,0,晴,夜間（或隧道、地下道、涵洞）有照明,村里道路,50,直路,一般車道（未劃分快慢車道）,柏油,乾燥,無缺陷,無障礙物,良好,無號誌,無號誌,附標記,未繪設車道線,未繪設快慢車道分隔線,有,對向擦撞,逆向行駛,Y000,YY00,1,2,2012/11/16,金門縣金沙鎮文化園區往銘傳大學道路,,金門縣金沙鎮文化園區往銘傳大學道路,118.402311,24.497436,普通重型 機車∕普通重型 機車∕乘客 人∕乘客 人∕,機車普通重型∕機車普通重型∕乘客∕乘客∕,19∕22∕19∕20∕,受傷∕受傷∕受傷∕受傷∕,HR****9代號894∕77****M代號895∕HR****9代號894∕77****M代號895∕,其他∕其他∕其他∕其他∕,有適當之駕照∕有適當之駕照∕非汽（機）車駕駛人∕非汽（機）車駕駛人∕,經檢測無酒精反應∕經檢測無酒精反應∕非駕駛人，未檢測∕非駕駛人，未檢測∕,機車前車頭∕機車前車頭∕不明∕不明∕,逆向行駛∕未注意車前狀態∕尚未發現肇事因素∕尚未發現肇事因素∕,逆向行駛∕逆向行駛∕逆向行駛∕逆向行駛∕,大學（研究）生∕大學（研究）生∕大學（研究）生∕大學（研究）生∕,購物∕購物∕購物∕購物∕,本國∕本國∕本國∕本國∕
10111,10111Y00020025,YYA1,10111YY000033,2012,11,23,14,34,金門縣,金沙鎮,汶沙里,NA,環島北路,四,,NA,486,,,,,中華電信金沙機房前,NA,NA,NA,NA,NA,NA,NA,NA,NA,0,1,0,陰,日間自然光線,村里道路,60,三岔路,交岔路口內,柏油,乾燥,無缺陷,無障礙物,良好,無號誌,無號誌,無分向設施,未繪設車道線,未繪設快慢車道分隔線,有,側撞,右轉彎未依規定,Y000,YY00,1,2,2012/11/23,環島北路四段486號,,金門縣金沙鎮汶沙里中華電信金沙機房前,118.4045085,24.4840105,自用 小貨車(含客、貨兩用)∕普通重型 機車∕,小貨車自用∕機車普通重型∕,57∕18∕,未受傷∕受傷∕,14****S代號896∕00****F代號897∕,其他∕其他∕,有適當之駕照∕有適當之駕照∕,經檢測無酒精反應∕經檢測無酒精反應∕,汽車右前車頭（身）∕機車左側車身∕,右轉彎未依規定∕未注意車前狀態∕,右轉彎未依規定∕右轉彎未依規定∕,其他∕其他∕,其他∕上、下班∕,本國∕本國∕