年月,總編號,處理單位,處理編號,年,月,日,時,分,縣市,區,村里,鄰,街道,段,巷,弄,號,公尺處,街道.1,段.1,側,附近,道路,公里,公尺處.1,向,車道,平交道,公里.1,公尺處.2,附近.1,死,受傷,X2.30,天候,光線,道路類別,速限,道路型態,事故位置,路面鋪裝,路面狀態,路面缺陷,障礙物,視距,號誌種類,號誌動作,分向設施,快車道或一般車道間,快慢車道間,路面邊線,事故類型及型態,主要肇因,警局,分局,案件類別,事故類別,日期,道路1,道路2,概略位置,lon,lat,車種,當事者區分.類別.,年齡,受傷程度,車輛牌照號碼,車輛用途,駕駛資格情形,飲酒情形,車輛撞擊部位最初,肇事因素個別,肇事因素主要,職.業,旅次目的,國籍
10111,10111Y00020030,YYA1,10111YY000034,2012,11,23,16,25,金門縣,金湖鎮,,NA,環島南路,四,,NA,,,,,,信義新村85號前路段,NA,NA,NA,NA,NA,NA,NA,NA,NA,0,2,0,晴,日間自然光線,村里道路,50,直路,一般車道（未劃分快慢車道）,柏油,乾燥,無缺陷,無障礙物,良好,無號誌,無號誌,附標記,未繪設車道線,未繪設快慢車道分隔線,有,側撞,未依規定讓車,Y000,YY00,1,2,2012/11/23,環島南路四段,,金門縣金湖鎮信義新村85號前路段,118.40101,24.438041,普通重型 機車∕普通重型 機車∕,機車普通重型∕機車普通重型∕,46∕49∕,受傷∕受傷∕,37****E代號898∕80****T代號899∕,其他∕其他∕,有適當之駕照∕無照（已達考照年齡）∕,經檢測無酒精反應∕經檢測無酒精反應∕,機車前車頭∕機車左側車身∕,未依規定讓車∕未依規定減速∕,未依規定讓車∕未依規定讓車∕,無業者∕不明∕,不明∕不明∕,本國∕非本國∕
10111,10111Y00020033,YYA1,10111YY000042,2012,11,27,7,56,金門縣,金沙鎮,,NA,環島北路,三,,NA,,,,,,何厝07063號燈桿路段,NA,NA,NA,NA,NA,NA,NA,NA,NA,0,1,0,陰,日間自然光線,村里道路,60,直路,路肩、路緣,柏油,乾燥,無缺陷,無障礙物,良好,無號誌,無號誌,附標記,未繪設車道線,未繪設快慢車道分隔線,有,撞護欄（樁）,酒醉（後）駕駛失控,Y000,YY00,1,2,2012/11/27,環島北路三段,,金門縣金沙鎮何厝07063號燈桿路段,118.388325,24.466263,普通重型 機車∕ ∕,機車普通重型,46∕0∕,受傷,PZ****1代號900,其他,無照（已達考照年齡）,經呼氣檢測超過0.80mg∕L或血液檢測超過0.16,機車右側車身,酒醉（後）駕駛失控∕尚未發現肇事因素∕,酒醉（後）駕駛失控∕酒醉（後）駕駛失控∕,不明,上、下班,本國∕本國∕
10111,10111Y00020032,YYA1,10111YY000045,2012,11,26,8,25,金門縣,金湖鎮,,NA,,,,NA,,,,,,尚義機場2號前汽車停車場入口處,NA,NA,NA,NA,NA,NA,NA,NA,NA,0,1,0,雨,日間自然光線,專用道路,40,直路,一般車道（未劃分快慢車道）,水泥,濕潤,無缺陷,無障礙物,良好,無號誌,無號誌,無分向設施,車道線（無標記）,未繪設快慢車道分隔線,有,側撞,未依規定讓車,Y000,YY00,1,2,2012/11/26,金門縣金湖鎮尚義機場2號前汽車停車場入口處,,金門縣金湖鎮尚義機場2號前汽車停車場入口處,118.376631,24.437699,自用 小客車∕普通重型 機車∕,小客車自用∕機車普通重型∕,24∕18∕,未受傷∕受傷∕,6F****6代號901∕57****F代號902∕,其他∕其他∕,有適當之駕照∕有適當之駕照∕,經檢測無酒精反應∕經檢測無酒精反應∕,汽車右側車身∕機車前車頭∕,未依規定讓車∕未注意車前狀態∕,未依規定讓車∕未依規定讓車∕,服務工作者∕大學（研究）生∕,上、下班∕社交活動∕,本國∕本國∕
10111,10111Y00020031,YYA1,10111YY000046,2012,11,26,8,20,金門縣,金湖鎮,,NA,環島南路,三,,NA,,,,,,環保公園前路段05847號路燈桿處,NA,NA,NA,NA,NA,NA,NA,NA,NA,0,1,0,雨,日間自然光線,村里道路,60,直路,一般車道（未劃分快慢車道）,柏油,濕潤,無缺陷,無障礙物,良好,無號誌,無號誌,附標記,車道線（附標記）,未繪設快慢車道分隔線,有,在路上作業中,未注意車前狀態,Y000,YY00,1,2,2012/11/26,環島南路三段,,金門縣金湖鎮環保公園前路段05847號路燈桿處,118.3757827,24.4398961,普通輕型 機車∕行人 人∕,機車普通輕型∕行人∕,33∕55∕,未受傷∕受傷∕,WZ****3代號903,其他∕非駕駛人及乘客∕,有適當之駕照∕非汽（機）車駕駛人∕,經檢測無酒精反應∕非駕駛人，未檢測∕,機車前車頭∕非汽（機）車∕,未注意車前狀態∕在路上工作未設適當標識∕,未注意車前狀態∕未注意車前狀態∕,專業人員∕服務工作者∕,上、下班∕其他∕,本國∕本國∕
10111,10111Y00020001,YZA1,10111YZ000002,2012,11,2,8,17,金門縣,金寧鄉,,NA,環島北路,一,,NA,,,,,,頂堡超商前,NA,NA,NA,NA,NA,NA,NA,NA,NA,0,1,0,晴,日間自然光線,村里道路,60,四岔路,交岔口附近,柏油,乾燥,無缺陷,無障礙物,良好,行車管制號誌,正常,無標記,未繪設車道線,未繪設快慢車道分隔線,有,側撞,左轉彎未依規定,Y000,YZ00,1,2,2012/11/2,環島北路一段,,金門縣金寧鄉頂堡超商前,118.3283226,24.4462231,自用 小貨車(含客、貨兩用)∕普通重型 機車∕,小貨車自用∕機車普通重型∕,34∕19∕,未受傷∕受傷∕,6F****3代號904∕81****F代號905∕,其他∕其他∕,有適當之駕照∕有適當之駕照∕,經檢測無酒精反應∕經檢測無酒精反應∕,汽車左側車身∕機車右側車身∕,左轉彎未依規定∕違規超車∕,左轉彎未依規定∕左轉彎未依規定∕,其他∕其他∕,上、下班∕上、下班∕,本國∕本國∕
10111,10111Y00020002,YZA1,10111YZ000003,2012,11,2,20,30,金門縣,金寧鄉,,NA,林湖路,,,NA,,,桃園路,,,,NA,NA,NA,NA,NA,NA,NA,NA,NA,0,1,0,晴,夜間（或隧道、地下道、涵洞）有照明,縣道,60,四岔路,交岔路口內,柏油,乾燥,無缺陷,無障礙物,良好,行車管制號誌,正常,無分向設施,未繪設車道線,未繪設快慢車道分隔線,有,路口交岔撞,違反號誌管制或指揮,Y000,YZ00,1,2,2012/11/2,林湖路,桃園路,,118.3304096,24.43245545,自用 小客車∕計程車 小客車∕,小客車自用∕小客車計程車∕,22∕54∕,未受傷∕受傷∕,06****2代號906∕07***5代號385∕,其他∕其他∕,有適當之駕照∕有適當之駕照∕,經呼氣檢測0.16至0.25mg∕L或血液檢測0.031至0.05∕經檢測無酒精反應∕,汽車右前車頭（身）∕汽車左前車頭（身）∕,違反號誌管制或指揮∕尚未發現肇事因素∕,違反號誌管制或指揮∕違反號誌管制或指揮∕,大學（研究）生∕汽車、火車駕駛員及船員∕,其他∕業務聯繫∕,本國∕本國∕
10111,10111Y00020012,YZA1,10111YZ000004,2012,11,3,10,3,金門縣,金寧鄉,,NA,環島北路,二,,NA,,,,,,后盤橋路口,NA,NA,NA,NA,NA,NA,NA,NA,NA,0,1,0,晴,日間自然光線,縣道,60,四岔路,交岔路口內,柏油,乾燥,無缺陷,無障礙物,良好,無號誌,無號誌,無分向設施,未繪設車道線,未繪設快慢車道分隔線,有,側撞,迴轉未依規定,Y000,YZ00,1,2,2012/11/3,環島北路二段,,金門縣金寧鄉后盤橋路口,118.3537405,24.452631,普通重型 機車∕自用 小貨車(含客、貨兩用)∕,機車普通重型∕小貨車自用∕,51∕33∕,受傷∕未受傷∕,51****F代號907∕WY****3代號908∕,其他∕其他∕,有適當之駕照∕有適當之駕照∕,經檢測無酒精反應∕經檢測無酒精反應∕,機車前車頭∕汽車左後車尾（身）∕,迴轉未依規定∕未依規定減速∕,迴轉未依規定∕迴轉未依規定∕,其他∕其他∕,其他∕其他∕,本國∕本國∕
10111,10111Y00020004,YZA1,10111YZ000005,2012,11,4,8,20,金門縣,金寧鄉,,NA,伯玉路,二,,NA,351,,,,,,NA,NA,NA,NA,NA,NA,NA,NA,NA,0,1,0,晴,日間自然光線,村里道路,70,直路,一般車道（未劃分快慢車道）,柏油,乾燥,無缺陷,無障礙物,良好,無號誌,無號誌,無標記,未繪設車道線,快慢車道分隔線,有,其他,起步未注意其他車（人）安全,Y000,YZ00,1,2,2012/11/4,伯玉路二段351號,,金門縣金寧鄉,118.3416148,24.4414563,自用 小貨車(含客、貨兩用)∕普通重型 機車∕,小貨車自用∕機車普通重型∕,22∕68∕,未受傷∕受傷∕,39****6代號909∕88****K代號910∕,其他∕其他∕,有適當之駕照∕有適當之駕照∕,經檢測無酒精反應∕經檢測無酒精反應∕,不明∕不明∕,起步未注意其他車（人）安全∕尚未發現肇事因素∕,起步未注意其他車（人）安全∕起步未注意其他車（人）安全∕,大學（研究）生∕事務工作者∕,其他∕其他∕,本國∕本國∕
10111,10111Y00020006,YZA1,10111YZ000008,2012,11,6,16,53,金門縣,金寧鄉,盤山村,NA,環島北路,一,,NA,,,大學路,,,,NA,NA,NA,NA,NA,NA,NA,NA,NA,0,1,0,晴,日間自然光線,縣道,60,三岔路,交岔路口內,柏油,乾燥,無缺陷,無障礙物,良好,閃光號誌,正常,無分向設施,未繪設車道線,未繪設快慢車道分隔線,有,側撞,違規超車,Y000,YZ00,1,2,2012/11/6,環島北路一段,大學路,,118.326867,24.44495544,自用 小客車∕普通重型 機車∕,小客車自用∕機車普通重型∕,32∕18∕,未受傷∕受傷∕,5G****8代號911∕PZ****6代號912∕,其他∕其他∕,有適當之駕照∕有適當之駕照∕,經檢測無酒精反應∕經檢測無酒精反應∕,汽車右前車頭（身）∕機車前車頭∕,違規超車∕左轉彎未依規定∕,違規超車∕違規超車∕,家庭主婦（夫）∕技術員及助理人員∕,觀光旅遊∕業務聯繫∕,本國∕本國∕
10111,10111Y00020007,YZA1,10111YZ000009,2012,11,8,10,10,金門縣,金寧鄉,,NA,,,,NA,,,,,,金門大學綜合大樓前路口,NA,NA,NA,NA,NA,NA,NA,NA,NA,0,1,0,晴,日間自然光線,村里道路,40,三岔路,交岔路口內,水泥,乾燥,無缺陷,其他障礙物,樹木、農作物,無號誌,無號誌,無分向設施,未繪設車道線,未繪設快慢車道分隔線,有,側撞,未依規定讓車,Y000,YZ00,1,2,2012/11/8,金門縣金寧鄉金門大學綜合大樓前路口,,金門縣金寧鄉金門大學綜合大樓前路口,118.322848,24.447907,普通重型 機車∕自用 小客車∕,機車普通重型∕小客車自用∕,20∕21∕,受傷∕未受傷∕,81****X代號913∕12****V代號914∕,其他∕其他∕,有適當之駕照∕有適當之駕照∕,經檢測無酒精反應∕經檢測無酒精反應∕,機車右側車身∕汽車前車頭∕,未依規定讓車∕未依規定減速∕,未依規定讓車∕未依規定讓車∕,大學（研究）生∕大學（研究）生∕,上、下學∕上、下學∕,本國∕本國∕
10111,10111Y00020013,YZA1,10111YZ000013,2012,11,8,18,2,金門縣,金寧鄉,,NA,伯玉路,二,,NA,,,,,,00109號路燈桿前,NA,NA,NA,NA,NA,NA,NA,NA,NA,0,2,0,晴,夜間（或隧道、地下道、涵洞）有照明,縣道,70,直路,一般車道（未劃分快慢車道）,柏油,乾燥,無缺陷,無障礙物,良好,無號誌,無號誌,無標記,未繪設車道線,快慢車道分隔線,有,穿越道路中,未注意車前狀態,Y000,YZ00,1,2,2012/11/8,伯玉路二段,,金門縣金寧鄉00109號路燈桿前,118.3416148,24.4414563,普通重型 機車∕行人 人∕,機車普通重型∕行人∕,58∕14∕,受傷∕受傷∕,10****F代號915,其他∕非駕駛人及乘客∕,有適當之駕照∕非汽（機）車駕駛人∕,經檢測無酒精反應∕經檢測無酒精反應∕,機車前車頭∕非汽（機）車∕,未注意車前狀態∕未依規定行走行人穿越道、地下道、天橋而穿越道路∕,未注意車前狀態∕未注意車前狀態∕,技術工∕國中生∕,上、下班∕上、下學∕,本國∕本國∕
10111,10111Y00020014,YZA1,10111YZ000015,2012,11,11,17,45,金門縣,金寧鄉,,NA,環島西路,二,,NA,62,,,,,,NA,NA,NA,NA,NA,NA,NA,NA,NA,0,2,0,晴,夜間（或隧道、地下道、涵洞）有照明,縣道,50,直路,一般車道（未劃分快慢車道）,柏油,乾燥,無缺陷,無障礙物,良好,無號誌,無號誌,無標記,未繪設車道線,未繪設快慢車道分隔線,有,追撞,未注意車前狀態,Y000,YZ00,1,2,2012/11/11,環島西路二段62號,,金門縣金寧鄉,118.3148723,24.4566699,普通重型 機車∕人力車 慢車∕,機車普通重型∕人力車∕,19∕52∕,受傷∕受傷∕,5F****5代號916,其他∕其他∕,有適當之駕照∕非汽（機）車駕駛人∕,經檢測無酒精反應∕經檢測無酒精反應∕,機車前車頭∕非汽（機）車∕,未注意車前狀態∕尚未發現肇事因素∕,未注意車前狀態∕未注意車前狀態∕,大學（研究）生∕無業者∕,上、下學∕其他∕,本國∕本國∕
10111,10111Y00020015,YZA1,10111YZ000016,2012,11,12,11,20,金門縣,金寧鄉,,NA,伯玉路,一,,NA,232,,,,,金城聯大賣場前路段,NA,NA,NA,NA,NA,NA,NA,NA,NA,0,1,0,晴,日間自然光線,村里道路,60,直路,慢車道,柏油,乾燥,無缺陷,無障礙物,良好,無號誌,無號誌,無標記,未繪設車道線,快慢車道分隔線,有,側撞,右轉彎未依規定,Y000,YZ00,1,2,2012/11/12,伯玉路一段232號,,金門縣金寧鄉金城聯大賣場前路段,118.3267756,24.4346914,自用 小貨車(含客、貨兩用)∕普通重型 機車∕,小貨車自用∕機車普通重型∕,48∕19∕,未受傷∕受傷∕,09****X代號917∕3J****1代號918∕,其他∕其他∕,有適當之駕照∕有適當之駕照∕,經檢測無酒精反應∕經檢測無酒精反應∕,汽車右前車頭（身）∕機車前車頭∕,右轉彎未依規定∕未注意車前狀態∕,右轉彎未依規定∕右轉彎未依規定∕,其他∕其他∕,業務聯繫∕其他∕,本國∕本國∕
10111,10111Y00020016,YZA1,10111YZ000017,2012,11,13,13,20,金門縣,金城鎮,北門里,NA,民生路,,,NA,4,,,,,,NA,NA,NA,NA,NA,NA,NA,NA,NA,0,2,0,晴,日間自然光線,村里道路,40,三岔路,交岔路口內,柏油,乾燥,無缺陷,無障礙物,良好,無號誌,無號誌,無分向設施,未繪設車道線,未繪設快慢車道分隔線,有,其他,起步未注意其他車（人）安全,Y000,YZ00,1,2,2012/11/13,民生路4號,,金門縣金城鎮北門里,118.3190184,24.43575,普通重型 機車∕普通重型 機車∕乘客 人,機車普通重型∕機車普通重型∕乘客,21∕18∕18,未受傷∕受傷∕受傷,PZ****9代號919∕A2****5代號920∕A2****5代號920,其他∕其他∕其他,有適當之駕照∕有適當之駕照∕非汽（機）車駕駛人,經檢測無酒精反應∕經檢測無酒精反應∕非駕駛人，未檢測,機車前車頭∕機車左側車身∕非汽（機）車,起步未注意其他車（人）安全∕尚未發現肇事因素∕尚未發現肇事因素,起步未注意其他車（人）安全∕起步未注意其他車（人）安全∕起步未注意其他車（人）安全,大學（研究）生∕大學（研究）生∕大學（研究）生,社交活動∕社交活動∕社交活動,本國∕本國∕本國
10111,10111Y00020028,YZA1,10111YZ000020,2012,11,14,6,42,金門縣,金寧鄉,下埔下村,NA,,,,NA,90,,,,,路口,NA,NA,NA,NA,NA,NA,NA,NA,NA,0,2,0,晴,日間自然光線,村里道路,40,四岔路,交岔路口內,柏油,乾燥,無缺陷,無障礙物,樹木、農作物,無號誌,無號誌,無分向設施,未繪設車道線,未繪設快慢車道分隔線,無,路口交岔撞,未依規定讓車,Y000,YZ00,1,2,2012/11/14,金門縣金寧鄉下埔下村90,,金門縣金寧鄉下埔下村路口,118.3126857,24.4442026,普通重型 機車∕自用 小貨車(含客、貨兩用)∕乘客 人,機車普通重型∕小貨車自用∕乘客,18∕48∕16,受傷∕未受傷∕受傷,39****E代號921∕WY****5代號922∕39****E代號921,其他∕其他∕其他,有適當之駕照∕有適當之駕照∕非汽（機）車駕駛人,經檢測無酒精反應∕經檢測無酒精反應∕非駕駛人，未檢測,機車後車尾∕汽車左前車頭（身）∕非汽（機）車,未依規定讓車∕未依規定減速∕尚未發現肇事因素,未依規定讓車∕未依規定讓車∕未依規定讓車,高中生∕其他∕高中生,其他∕其他∕其他,本國∕本國∕本國
10111,10111Y00020019,YZA1,10111YZ000021,2012,11,13,11,1,金門縣,金寧鄉,,NA,伯玉路,一,,NA,,,,,,金門加油站,NA,NA,NA,NA,NA,NA,NA,NA,NA,0,2,0,晴,日間自然光線,縣道,60,涵洞,加速車道,柏油,乾燥,無缺陷,無障礙物,良好,無號誌,無號誌,附標記,未繪設車道線,快慢車道分隔線,有,側撞,未依規定讓車,Y000,YZ00,1,2,2012/11/13,伯玉路一段,,金門縣金寧鄉金門加油站,118.3267756,24.4346914,普通重型 機車∕普通輕型 機車∕,機車普通重型∕機車普通輕型∕,19∕43∕,受傷∕受傷∕,93****K代號923∕WZ****8代號924∕,其他∕其他∕,有適當之駕照∕有適當之駕照∕,經檢測無酒精反應∕經檢測無酒精反應∕,機車左側車身∕機車右側車身∕,未依規定讓車∕未注意車前狀態∕,未依規定讓車∕未依規定讓車∕,大學（研究）生∕家庭主婦（夫）∕,其他∕其他∕,本國∕本國∕
10111,10111Y00020029,YZA1,10111YZ000022,2012,11,14,20,4,金門縣,金寧鄉,,NA,伯玉路,一,240,NA,1,,,,,林湖路,NA,NA,NA,NA,NA,NA,NA,NA,NA,0,2,0,陰,夜間（或隧道、地下道、涵洞）有照明,村里道路,40,直路,一般車道（未劃分快慢車道）,柏油,乾燥,無缺陷,無障礙物,良好,無號誌,無號誌,附標記,禁止雙換車道線（附標記）,未繪設快慢車道分隔線,有,其他,未注意車前狀態,Y000,YZ00,1,2,2012/11/14,伯玉路一段240巷1號,,金門縣金寧鄉林湖路,118.3267756,24.4346914,普通重型 機車∕行人 人∕,機車普通重型∕行人∕,67∕29∕,受傷∕受傷∕,PZ****5代號925,其他∕非駕駛人及乘客∕,有適當之駕照∕非汽（機）車駕駛人∕,經檢測無酒精反應∕非駕駛人，未檢測∕,機車前車頭∕非汽（機）車∕,未注意車前狀態∕尚未發現肇事因素∕,未注意車前狀態∕未注意車前狀態∕,其他∕其他∕,其他∕其他∕,本國∕本國∕
10111,10111Y00020020,YZA1,10111YZ000023,2012,11,15,7,53,金門縣,金城鎮,,NA,民族路,,,NA,,,,,,32巷口,NA,NA,NA,NA,NA,NA,NA,NA,NA,0,1,0,晴,日間自然光線,村里道路,40,四岔路,交岔路口內,柏油,乾燥,無缺陷,無障礙物,良好,無號誌,無號誌,無分向設施,未繪設車道線,未繪設快慢車道分隔線,有,路口交岔撞,未依規定讓車,Y000,YZ00,1,2,2012/11/15,民族路,,金門縣金城鎮32巷口,118.3157499,24.4302723,自用 小客車∕普通重型 機車∕,小客車自用∕機車普通重型∕,65∕61∕,未受傷∕受傷∕,6F****1代號926∕PZ****3代號927∕,其他∕其他∕,有適當之駕照∕有適當之駕照∕,經呼氣檢測未超過0.15mg∕L或血液檢測未超過0.03∕經檢測無酒精反應∕,汽車右前車頭（身）∕機車左側車身∕,未依規定讓車∕未依規定減速∕,未依規定讓車∕未依規定讓車∕,無業者∕其他∕,其他∕其他∕,本國∕本國∕
10111,10111Y00020022,YZA1,10111YZ000024,2012,11,16,8,4,金門縣,金寧鄉,,NA,,,,NA,,,,,,埔後191號前路口,NA,NA,NA,NA,NA,NA,NA,NA,NA,0,1,0,晴,日間自然光線,村里道路,50,四岔路,交岔路口內,柏油,乾燥,無缺陷,無障礙物,建築物,無號誌,無號誌,無分向設施,未繪設車道線,未繪設快慢車道分隔線,有,路口交岔撞,未依規定讓車,Y000,YZ00,1,2,2012/11/16,金門縣金寧鄉埔後191號前路口,,金門縣金寧鄉埔後191號前路口,118.317029,24.442928,普通重型 機車∕自用 小客車∕,機車普通重型∕小客車自用∕,27∕46∕,受傷∕未受傷∕,80****F代號928∕6F****6代號929∕,其他∕其他∕,有適當之駕照∕有適當之駕照∕,經檢測無酒精反應∕經檢測無酒精反應∕,機車前車頭∕汽車右後車尾（身）∕,未依規定讓車∕未依規定減速∕,未依規定讓車∕未依規定讓車∕,大學（研究）生∕事務工作者∕,其他∕其他∕,本國∕本國∕
10111,10111Y00020021,YZA1,10111YZ000026,2012,11,15,17,30,金門縣,金寧鄉,,NA,環島西路,二,,NA,,,,,,13171燈桿前路段,NA,NA,NA,NA,NA,NA,NA,NA,NA,0,2,0,陰,夜間（或隧道、地下道、涵洞）有照明,縣道,60,三岔路,交岔路口內,柏油,乾燥,無缺陷,無障礙物,良好,無號誌,無號誌,無標記,未繪設車道線,未繪設快慢車道分隔線,有,其他,起步未注意其他車（人）安全,Y000,YZ00,1,2,2012/11/15,環島西路二段,,金門縣金寧鄉13171燈桿前路段,118.3148723,24.4566699,普通重型 機車∕普通重型 機車∕,機車普通重型∕機車普通重型∕,52∕23∕,受傷∕受傷∕,32****W代號930∕09****F代號931∕,其他∕其他∕,有適當之駕照∕有適當之駕照∕,經檢測無酒精反應∕經檢測無酒精反應∕,機車後車尾∕機車前車頭∕,起步未注意其他車（人）安全∕未依規定減速∕,起步未注意其他車（人）安全∕起步未注意其他車（人）安全∕,其他∕大學（研究）生∕,其他∕其他∕,本國∕本國∕
10111,10111Y00020023,YZA1,10111YZ000027,2012,11,18,7,35,金門縣,金城鎮,,NA,民權路,,,NA,,,,,,中正國小路段,NA,NA,NA,NA,NA,NA,NA,NA,NA,0,1,0,晴,日間自然光線,村里道路,50,直路,一般車道（未劃分快慢車道）,柏油,乾燥,無缺陷,無障礙物,良好,無號誌,無號誌,無標記,未繪設車道線,未繪設快慢車道分隔線,有,其他,未注意車前狀態,Y000,YZ00,1,2,2012/11/18,民權路,,金門縣金城鎮中正國小路段,118.3168946,24.4355379,普通重型 機車∕自用 小客車∕,機車普通重型∕小客車自用∕,56∕24∕,受傷∕未受傷∕,29****D代號932∕66****T代號933∕,其他∕其他∕,有適當之駕照∕有適當之駕照∕,經檢測無酒精反應∕經檢測無酒精反應∕,機車前車頭∕汽車後車尾∕,未注意車前狀態∕違規停車或暫停不當而肇事∕,未注意車前狀態∕未注意車前狀態∕,技術工∕事務工作者∕,不明∕不明∕,本國∕本國∕
10111,10111Y00020024,YZA1,10111YZ000028,2012,11,20,15,45,金門縣,金寧鄉,,NA,環島北路,二,,NA,,,,,,后沙路段,NA,NA,NA,NA,NA,NA,NA,NA,NA,0,2,0,晴,日間自然光線,鄉道,60,三岔路,交岔口附近,柏油,乾燥,無缺陷,無障礙物,良好,無號誌,無號誌,附標記,未繪設車道線,未繪設快慢車道分隔線,有,追撞,未保持行車安全距離,Y000,YZ00,1,2,2012/11/20,環島北路二段,,金門縣金寧鄉后沙路段,118.3537405,24.452631,普通重型 機車∕普通重型 機車∕,機車普通重型∕機車普通重型∕,21∕77∕,受傷∕受傷∕,25****U代號934∕10****T代號935∕,其他∕其他∕,有適當之駕照∕有適當之駕照∕,經檢測無酒精反應∕經檢測無酒精反應∕,機車前車頭∕機車左側車身∕,未保持行車安全距離∕左轉彎未依規定∕,未保持行車安全距離∕未保持行車安全距離∕,大學（研究）生∕農林漁牧工作者∕,社交活動∕其他∕,本國∕本國∕
10111,10111Y00020018,YZA1,10111YZ000030,2012,11,13,8,25,金門縣,金寧鄉,,NA,伯玉路,二,,NA,118-1,,,,,,NA,NA,NA,NA,NA,NA,NA,NA,NA,0,2,0,晴,日間自然光線,縣道,70,直路,一般車道（未劃分快慢車道）,柏油,乾燥,無缺陷,無障礙物,良好,無號誌,無號誌,附標記,未繪設車道線,未繪設快慢車道分隔線,有,同向擦撞,未保持行車安全間隔,Y000,YZ00,1,2,2012/11/13,伯玉路二段118-1號,,金門縣金寧鄉,118.3416148,24.4414563,普通重型 機車∕普通重型 機車∕乘客 人,機車普通重型∕機車普通重型∕乘客,32∕41∕36,未受傷∕受傷∕受傷,PZ****6代號936∕AV****1代號937∕AV****1代號937,其他∕其他∕其他,有適當之駕照∕有適當之駕照∕非汽（機）車駕駛人,經檢測無酒精反應∕經檢測無酒精反應∕非駕駛人，未檢測,機車右側車身∕機車左側車身∕非汽（機）車,未保持行車安全間隔∕尚未發現肇事因素∕尚未發現肇事因素,未保持行車安全間隔∕未保持行車安全間隔∕未保持行車安全間隔,服務工作者∕其他∕其他,其他∕其他∕其他,本國∕本國∕本國
10111,10111Y00020034,YZA1,10111YZ000031,2012,11,22,4,6,金門縣,金城鎮,,NA,金山路,,,NA,28,,,,,,NA,NA,NA,NA,NA,NA,NA,NA,NA,0,2,0,陰,夜間（或隧道、地下道、涵洞）有照明,村里道路,50,直路,一般車道（未劃分快慢車道）,柏油,濕潤,無缺陷,無障礙物,其他,無號誌,無號誌,附標記,未繪設車道線,未繪設快慢車道分隔線,有,同向擦撞,未注意車前狀態,Y000,YZ00,1,2,2012/11/22,金山路28號,,金門縣金城鎮,118.3277754,24.4167689,普通重型 機車∕人力車 慢車∕,機車普通重型∕人力車∕,19∕77∕,受傷∕受傷∕,29****T代號938,其他∕其他∕,有適當之駕照∕非汽（機）車駕駛人∕,經檢測無酒精反應∕非駕駛人，未檢測∕,機車前車頭∕非汽（機）車∕,未注意車前狀態∕尚未發現肇事因素∕,未注意車前狀態∕未注意車前狀態∕,不明∕不明∕,不明∕不明∕,本國∕本國∕
10111,10111Y00020036,YZA1,10111YZ000032,2012,11,23,9,35,金門縣,金城鎮,,NA,,,,NA,,,,,,金城鎮公所後方產業道路,NA,NA,NA,NA,NA,NA,NA,NA,NA,0,1,0,晴,日間自然光線,村里道路,40,彎曲路及附近,一般車道（未劃分快慢車道）,柏油,濕潤,無缺陷,無障礙物,建築物,無號誌,無號誌,無分向設施,未繪設車道線,未繪設快慢車道分隔線,無,其他,未注意車前狀態,Y000,YZ00,1,2,2012/11/23,金門縣金城鎮金城鎮公所後方產業道路,,金門縣金城鎮金城鎮公所後方產業道路,118.3209249,24.4326671,營業用 小貨車(含客、貨兩用)∕普通重型 機車∕,小貨車營業用∕機車普通重型∕,33∕43∕,未受傷∕受傷∕,11***N代號939∕PZ****2代號940∕,其他∕其他∕,有適當之駕照∕有適當之駕照∕,經檢測無酒精反應∕經檢測無酒精反應∕,不明∕不明∕,未注意車前狀態∕未注意車前狀態∕,未注意車前狀態∕未注意車前狀態∕,事務工作者∕家庭主婦（夫）∕,業務聯繫∕其他∕,本國∕本國∕
10111,10111Y00020045,YZA1,10111YZ000035,2012,11,23,17,15,金門縣,金寧鄉,,NA,環島北路,,,NA,,,,,,300之6號,NA,NA,NA,NA,NA,NA,NA,NA,NA,0,1,0,晴,夜間（或隧道、地下道、涵洞）有照明,鄉道,60,直路,一般車道（未劃分快慢車道）,柏油,乾燥,無缺陷,無障礙物,樹木、農作物,無號誌,無號誌,無標記,未繪設車道線,未繪設快慢車道分隔線,有,穿越道路中,未注意車前狀態,Y000,YZ00,1,2,2012/11/23,環島北路,,金門縣金寧鄉300之6號,118.322662,24.441264,自用 小貨車(含客、貨兩用)∕行人 人∕,小貨車自用∕行人∕,23∕75∕,未受傷∕受傷∕,6F****2代號502,其他∕非駕駛人及乘客∕,有適當之駕照∕非汽（機）車駕駛人∕,經檢測無酒精反應∕非駕駛人，未檢測∕,汽車前車頭∕非汽（機）車∕,未注意車前狀態∕穿越道路未注意左右來車∕,未注意車前狀態∕未注意車前狀態∕,保安工作者（不含警察人員）∕無業者∕,其他∕其他∕,本國∕本國∕
10111,,YZA1,10111YZ000036,2012,11,23,23,40,金門縣,金城鎮,,NA,民生路,,,NA,,,,,,民權路口,NA,NA,NA,NA,NA,NA,NA,NA,NA,0,0,0,晴,NA,NA,40,NA,NA,NA,NA,NA,NA,NA,NA,NA,NA,NA,NA,NA,NA,NA,Y000,YZ00,1,4,2012/11/23,民生路,,金門縣金城鎮民權路口,118.3190184,24.43575,自用 小客車∕自用 小客車∕,小客車自用∕小客車自用∕,24∕28∕,,09****W代號941∕6F****2代號942∕,,,,,,,,,本國∕本國∕