年月,總編號,處理單位,處理編號,年,月,日,時,分,縣市,區,村里,鄰,街道,段,巷,弄,號,公尺處,街道.1,段.1,側,附近,道路,公里,公尺處.1,向,車道,平交道,公里.1,公尺處.2,附近.1,死,受傷,X2.30,天候,光線,道路類別,速限,道路型態,事故位置,路面鋪裝,路面狀態,路面缺陷,障礙物,視距,號誌種類,號誌動作,分向設施,快車道或一般車道間,快慢車道間,路面邊線,事故類型及型態,主要肇因,警局,分局,案件類別,事故類別,日期,道路1,道路2,概略位置,lon,lat,車種,當事者區分.類別.,年齡,受傷程度,車輛牌照號碼,車輛用途,駕駛資格情形,飲酒情形,車輛撞擊部位最初,肇事因素個別,肇事因素主要,職.業,旅次目的,國籍
10111,10111Y00020026,YZA1,10111YZ000037,2012,11,24,9,25,金門縣,金城鎮,賢庵里,NA,西海路,三,81,NA,2,,,,,空中大學前路段,NA,NA,NA,NA,NA,NA,NA,NA,NA,0,1,0,晴,日間自然光線,縣道,50,四岔路,交岔路口內,柏油,乾燥,無缺陷,無障礙物,良好,無號誌,無號誌,無分向設施,未繪設車道線,未繪設快慢車道分隔線,有,側撞,未依規定讓車,Y000,YZ00,1,2,2012/11/24,西海路三段81巷2號,,金門縣金城鎮賢庵里空中大學前路段,118.3124964,24.4226194,自用 小客車∕普通重型 機車∕,小客車自用∕機車普通重型∕,43∕62∕,未受傷∕受傷∕,WY****2代號943∕15****B代號944∕,其他∕其他∕,有適當之駕照∕有適當之駕照∕,經檢測無酒精反應∕經檢測無酒精反應∕,汽車右側車身∕機車前車頭∕,未依規定讓車∕未依規定減速∕,未依規定讓車∕未依規定讓車∕,技術員及助理人員∕家庭主婦（夫）∕,上、下學∕購物∕,本國∕本國∕
10111,10111Y00030003,YZA1,10111YZ000038,2012,11,24,2,32,金門縣,金城鎮,,NA,民生路,,,NA,,,,,,東門圓環,NA,NA,NA,NA,NA,NA,NA,NA,NA,0,0,0,晴,夜間（或隧道、地下道、涵洞）有照明,村里道路,60,圓環,一般車道（未劃分快慢車道）,柏油,乾燥,無缺陷,無障礙物,良好,無號誌,無號誌,無分向設施,車道線（無標記）,未繪設快慢車道分隔線,有,其他,未依規定減速,Y000,YZ00,1,3,2012/11/24,民生路,,金門縣金城鎮東門圓環,118.3190184,24.43575,自用 小貨車(含客、貨兩用)∕計程車 小客車∕,小貨車自用∕小客車計程車∕,31∕54∕,未受傷∕未受傷∕,6F****8代號945∕09***X代號946∕,其他∕其他∕,有適當之駕照∕有適當之駕照∕,無法檢測∕無法檢測∕,汽車右前車頭（身）∕汽車左側車身∕,未依規定減速∕尚未發現肇事因素∕,未依規定減速∕未依規定減速∕,不明∕汽車、火車駕駛員及船員∕,不明∕其他∕,本國∕本國∕
10111,10111Y00020027,YZA1,10111YZ000039,2012,11,24,20,2,金門縣,金城鎮,,NA,伯玉路,一,,NA,15,,,,,鈞統大賣場前,NA,NA,NA,NA,NA,NA,NA,NA,NA,0,1,0,晴,夜間（或隧道、地下道、涵洞）有照明,村里道路,60,直路,慢車道,柏油,乾燥,無缺陷,無障礙物,良好,無號誌,無號誌,無標記,未繪設車道線,快慢車道分隔線,有,路上翻車、摔倒,未注意車前狀態,Y000,YZ00,1,2,2012/11/24,伯玉路一段15號,,金門縣金城鎮鈞統大賣場前,118.3267756,24.4346914,普通重型 機車∕ ∕,機車普通重型,60∕0∕,受傷,38****U代號947,其他,有適當之駕照,經檢測無酒精反應,機車前車頭,未注意車前狀態∕動物竄出∕,未注意車前狀態∕未注意車前狀態∕,其他,其他,本國∕本國∕
10111,10111Y00020041,YZA1,10111YZ000040,2012,11,25,20,30,金門縣,金寧鄉,,NA,環島北路,二,,NA,,,,,,后盤路段07181號路燈桿附近,NA,NA,NA,NA,NA,NA,NA,NA,NA,0,1,0,陰,夜間（或隧道、地下道、涵洞）有照明,村里道路,60,直路,一般車道（未劃分快慢車道）,柏油,乾燥,無缺陷,無障礙物,良好,無號誌,無號誌,無標記,未繪設車道線,未繪設快慢車道分隔線,有,撞路樹、電桿,未注意車前狀態,Y000,YZ00,1,2,2012/11/25,環島北路二段,,金門縣金寧鄉后盤路段07181號路燈桿附近,118.3537405,24.452631,普通重型 機車∕ ∕,機車普通重型,73∕0∕,受傷,PZ****0代號948,其他,有適當之駕照,經檢測無酒精反應,機車前車頭,未注意車前狀態∕尚未發現肇事因素∕,未注意車前狀態∕未注意車前狀態∕,其他,其他,本國∕本國∕
10111,10111Y00020043,YZA1,10111YZ000041,2012,11,25,19,30,金門縣,金城鎮,賢庵里,NA,,,,NA,,,,,,夏墅03028號路燈桿前路段,NA,NA,NA,NA,NA,NA,NA,NA,NA,0,1,0,晴,夜間（或隧道、地下道、涵洞）有照明,鄉道,40,直路,一般車道（未劃分快慢車道）,柏油,乾燥,無缺陷,其他障礙物,良好,無號誌,無號誌,附標記,未繪設車道線,未繪設快慢車道分隔線,有,撞動物,酒醉（後）駕駛失控,Y000,YZ00,1,2,2012/11/25,金門縣金城鎮賢庵里夏墅03028號路燈桿前路段,,金門縣金城鎮賢庵里夏墅03028號路燈桿前路段,118.3166667,24.4166667,普通重型 機車∕ ∕,機車普通重型,38∕0∕,受傷,PZ****3代號949,其他,有適當之駕照,經呼氣檢測0.56至0.80mg∕L或血液檢測0.111至0.16,機車前車頭,酒醉（後）駕駛失控∕動物竄出∕,酒醉（後）駕駛失控∕酒醉（後）駕駛失控∕,技術員及助理人員,社交活動,本國∕本國∕
10111,10111Y00020037,YZA1,10111YZ000043,2012,11,27,10,30,金門縣,金城鎮,北門里,NA,珠浦北路,,5,12,13,,,,,,NA,NA,NA,NA,NA,NA,NA,NA,NA,0,1,0,晴,日間自然光線,鄉道,40,坡路,一般車道（未劃分快慢車道）,柏油,乾燥,無缺陷,無障礙物,良好,無號誌,無號誌,無分向設施,未繪設車道線,未繪設快慢車道分隔線,有,其他,未注意車前狀態,Y000,YZ00,1,2,2012/11/27,珠浦北路5巷12弄13號,,金門縣金城鎮北門里,118.3192542,24.4333251,普通重型 機車∕行人 人∕,機車普通重型∕行人∕,26∕51∕,受傷∕未受傷∕,60****C代號950,其他∕非駕駛人及乘客∕,有適當之駕照∕非汽（機）車駕駛人∕,經檢測無酒精反應∕非駕駛人，未檢測∕,機車右側車身∕非汽（機）車∕,未注意車前狀態∕尚未發現肇事因素∕,未注意車前狀態∕未注意車前狀態∕,技術員及助理人員∕無業者∕,業務聯繫∕購物∕,本國∕本國∕
10111,10111Y00020035,YZA1,10111YZ000044,2012,11,23,0,30,金門縣,金寧鄉,,NA,環島北路,二,,NA,,,,,,07124燈桿旁路段,NA,NA,NA,NA,NA,NA,NA,NA,NA,0,1,0,陰,夜間（或隧道、地下道、涵洞）有照明,縣道,60,直路,一般車道（未劃分快慢車道）,柏油,乾燥,無缺陷,無障礙物,其他,無號誌,無號誌,附標記,未繪設車道線,未繪設快慢車道分隔線,有,撞路樹、電桿,未注意車前狀態,Y000,YZ00,1,2,2012/11/23,環島北路二段,,金門縣金寧鄉07124燈桿旁路段,118.3537405,24.452631,普通重型 機車∕ ∕,機車普通重型,18∕0∕,受傷,80****D代號951,其他,有適當之駕照,經檢測無酒精反應,機車前車頭,未注意車前狀態∕尚未發現肇事因素∕,未注意車前狀態∕未注意車前狀態∕,大學（研究）生,其他,本國∕本國∕
10111,10111Y00020038,YZA1,10111YZ000047,2012,11,27,18,58,金門縣,金城鎮,西門里,NA,民權路,,,NA,196,,,,,,NA,NA,NA,NA,NA,NA,NA,NA,NA,0,2,0,陰,夜間（或隧道、地下道、涵洞）有照明,鄉道,40,四岔路,交岔路口內,柏油,乾燥,無缺陷,無障礙物,良好,無號誌,無號誌,無分向設施,未繪設車道線,未繪設快慢車道分隔線,有,側撞,未依規定讓車,Y000,YZ00,1,2,2012/11/27,民權路196號,,金門縣金城鎮西門里,118.3198221,24.4386597,普通重型 機車∕普通重型 機車∕,機車普通重型∕機車普通重型∕,20∕23∕,受傷∕受傷∕,3J****8代號202∕15****U代號952∕,其他∕其他∕,有適當之駕照∕有適當之駕照∕,經檢測無酒精反應∕經檢測無酒精反應∕,機車左側車身∕機車前車頭∕,未依規定讓車∕未依規定減速∕,未依規定讓車∕未依規定讓車∕,服務工作者∕技術工∕,其他∕其他∕,本國∕本國∕
10111,10111Y00020039,YZA1,10111YZ000048,2012,11,28,15,8,金門縣,烈嶼鄉,,NA,,,,NA,,,,,,后頭B陣地,NA,NA,NA,NA,NA,NA,NA,NA,NA,0,1,0,雨,日間自然光線,村里道路,40,三岔路,交岔路口內,柏油,泥濘,無缺陷,無障礙物,良好,無號誌,無號誌,無標記,未繪設車道線,未繪設快慢車道分隔線,有,倒車撞,倒車未依規定,Y000,YZ00,1,2,2012/11/28,金門縣烈嶼鄉后頭B陣地,,金門縣烈嶼鄉后頭B陣地,118.259238,24.441116,大客車 軍車∕普通重型 機車∕,軍車大客車∕機車普通重型∕,24∕25∕,未受傷∕受傷∕,軍E*****9代號953∕79****U代號954∕,其他∕其他∕,有適當之駕照∕有適當之駕照∕,經檢測無酒精反應∕經檢測無酒精反應∕,汽車右後車尾（身）∕機車前車頭∕,倒車未依規定∕未注意車前狀態∕,倒車未依規定∕倒車未依規定∕,不明∕不明∕,其他∕其他∕,本國∕本國∕
10111,10111Y00030004,YZA1,10111YZ000049,2012,11,29,20,57,金門縣,金城鎮,,NA,北堤路,,,NA,,,西海路,三,,,NA,NA,NA,NA,NA,NA,NA,NA,NA,0,0,0,陰,夜間（或隧道、地下道、涵洞）有照明,鄉道,40,四岔路,交岔口附近,柏油,乾燥,無缺陷,無障礙物,良好,行車管制號誌,正常,無標記,未繪設車道線,未繪設快慢車道分隔線,有,對向擦撞,酒醉（後）駕駛失控,Y000,YZ00,1,3,2012/11/29,北堤路,西海路三段,,118.3155284,24.42927395,計程車 小客車∕自用 小客車∕,小客車計程車∕小客車自用∕,52∕28∕,未受傷∕未受傷∕,56***Q代號499∕6F****3代號955∕,其他∕其他∕,有適當之駕照∕有適當之駕照∕,經呼氣檢測超過0.80mg∕L或血液檢測超過0.16∕經檢測無酒精反應∕,汽車右前車頭（身）∕汽車右前車頭（身）∕,酒醉（後）駕駛失控∕尚未發現肇事因素∕,酒醉（後）駕駛失控∕酒醉（後）駕駛失控∕,汽車、火車駕駛員及船員∕技術工∕,其他∕其他∕,本國∕本國∕
10111,10111Y00020040,YZA1,10111YZ000050,2012,11,30,10,50,金門縣,金城鎮,,NA,,,,NA,,,,,,向陽吉第03880號路燈桿附近,NA,NA,NA,NA,NA,NA,NA,NA,NA,0,1,0,雨,日間自然光線,村里道路,40,直路,一般車道（未劃分快慢車道）,柏油,濕潤,無缺陷,無障礙物,良好,無號誌,無號誌,無分向設施,未繪設車道線,未繪設快慢車道分隔線,有,其他,起步未注意其他車（人）安全,Y000,YZ00,1,2,2012/11/30,金門縣金城鎮向陽吉第03880號路燈桿附近,,金門縣金城鎮向陽吉第03880號路燈桿附近,118.309217,24.420187,自用 小客車∕普通重型 機車∕,小客車自用∕機車普通重型∕,47∕62∕,未受傷∕受傷∕,18****V代號956∕22****G代號957∕,其他∕其他∕,有適當之駕照∕越級駕駛∕,經檢測無酒精反應∕經檢測無酒精反應∕,汽車前車頭∕機車右側車身∕,起步未注意其他車（人）安全∕未注意車前狀態∕,起步未注意其他車（人）安全∕起步未注意其他車（人）安全∕,其他∕其他∕,其他∕其他∕,本國∕本國∕
10111,,YZA1,10111YZ000051,2012,11,23,13,15,金門縣,金城鎮,,NA,金山路,,,NA,,,,,,和平社區候車亭旁路口,NA,NA,NA,NA,NA,NA,NA,NA,NA,0,1,0,晴,日間自然光線,村里道路,50,三岔路,交岔路口內,水泥,乾燥,無缺陷,無障礙物,良好,無號誌,無號誌,附標記,未繪設車道線,未繪設快慢車道分隔線,有,側撞,右轉彎未依規定,Y000,YZ00,3,2,2012/11/23,金山路,,金門縣金城鎮和平社區候車亭旁路口,118.3277754,24.4167689,自用 小客車∕普通重型 機車∕,小客車自用∕機車普通重型∕,44∕49∕,未受傷∕受傷∕,6F****3代號958∕3J****3代號959∕,其他∕其他∕,有適當之駕照∕有適當之駕照∕,不明∕不明∕,汽車右側車身∕機車前車頭∕,右轉彎未依規定∕未注意車前狀態∕,右轉彎未依規定∕右轉彎未依規定∕,不明∕不明∕,其他∕其他∕,本國∕本國∕
10112,10112Y00020004,YYA1,10112YY000004,2012,12,4,9,0,金門縣,金湖鎮,,NA,環島南路,四,,NA,,,,,,后園路段05073號路燈桿,NA,NA,NA,NA,NA,NA,NA,NA,NA,0,2,0,晴,日間自然光線,村里道路,50,彎曲路及附近,慢車道,柏油,乾燥,無缺陷,無障礙物,良好,無號誌,無號誌,附標記,未繪設車道線,快慢車道分隔線,有,側撞,迴轉未依規定,Y000,YY00,1,2,2012/12/4,環島南路四段,,金門縣金湖鎮后園路段05073號路燈桿,118.40101,24.438041,自用 小客車∕普通輕型 機車∕乘客 人,小客車自用∕機車普通輕型∕乘客,29∕77∕78,未受傷∕受傷∕受傷,29****S代號960∕WZ****8代號961∕WZ****8代號961,其他∕其他∕其他,有適當之駕照∕有適當之駕照∕非汽（機）車駕駛人,經檢測無酒精反應∕經檢測無酒精反應∕非駕駛人，未檢測,汽車右後車尾（身）∕機車前車頭∕非汽（機）車,迴轉未依規定∕未注意車前狀態∕尚未發現肇事因素,迴轉未依規定∕迴轉未依規定∕迴轉未依規定,其他∕無業者∕無業者,其他∕其他∕其他,本國∕本國∕本國
10112,10112Y00020005,YYA1,10112YY000005,2012,12,4,18,0,金門縣,金湖鎮,,NA,伯玉路,三,,NA,,,,,,00077號路燈桿處,NA,NA,NA,NA,NA,NA,NA,NA,NA,0,1,0,雨,夜間（或隧道、地下道、涵洞）有照明,村里道路,70,直路,慢車道,柏油,濕潤,無缺陷,無障礙物,良好,無號誌,無號誌,附標記,未繪設車道線,快慢車道分隔線,有,追撞,違規停車或暫停不當而肇事,Y000,YY00,1,2,2012/12/4,伯玉路三段,,金門縣金湖鎮00077號路燈桿處,118.3646755,24.4460136,租賃車 小客車∕普通重型 機車∕,小客車租貸車∕機車普通重型∕,35∕22∕,未受傷∕受傷∕,WW****3代號962∕02****F代號963∕,其他∕其他∕,有適當之駕照∕有適當之駕照∕,經呼氣檢測未超過0.15mg∕L或血液檢測未超過0.03∕經檢測無酒精反應∕,汽車後車尾∕機車前車頭∕,違規停車或暫停不當而肇事∕未注意車前狀態∕,違規停車或暫停不當而肇事∕違規停車或暫停不當而肇事∕,服務工作者∕服務工作者∕,業務聯繫∕上、下班∕,本國∕本國∕
10112,10112Y00020018,YYA1,10112YY000008,2012,12,5,21,10,金門縣,金湖鎮,,NA,瓊徑路,,,NA,,,,,,00565號路燈桿處,NA,NA,NA,NA,NA,NA,NA,NA,NA,0,1,0,晴,夜間（或隧道、地下道、涵洞）有照明,村里道路,50,直路,一般車道（未劃分快慢車道）,柏油,乾燥,無缺陷,無障礙物,良好,無號誌,無號誌,附標記,未繪設車道線,未繪設快慢車道分隔線,有,衝出路外,酒醉（後）駕駛失控,Y000,YY00,1,2,2012/12/5,瓊徑路,,金門縣金湖鎮00565號路燈桿處,118.3837181,24.4489328,普通重型 機車∕ ∕,機車普通重型,66∕0∕,受傷,87****C代號964,其他,有適當之駕照,經呼氣檢測超過0.80mg∕L或血液檢測超過0.16,機車前車頭,酒醉（後）駕駛失控∕尚未發現肇事因素∕,酒醉（後）駕駛失控∕酒醉（後）駕駛失控∕,不明,不明,本國∕本國∕
10112,10112Y00020041,YYA1,10112YY000011,2012,12,6,13,58,金門縣,金湖鎮,料羅里,NA,三多路,,,NA,,,,,,三谿橋10號合成預拌水泥廠大門口內,NA,NA,NA,NA,NA,NA,NA,NA,NA,0,1,0,晴,日間自然光線,其他,40,廣場,其他,柏油,乾燥,無缺陷,無障礙物,良好,無號誌,無號誌,無分向設施,未繪設車道線,未繪設快慢車道分隔線,無,其他,未注意車前狀態,Y000,YY00,1,2,2012/12/6,三多路,,金門縣金湖鎮料羅里三谿橋10號合成預拌水泥廠大門口內,118.4374297,24.441638,自用 大貨車∕行人 人∕,大貨車自用∕行人∕,59∕47∕,未受傷∕受傷∕,04***L代號965,其他∕非駕駛人及乘客∕,有適當之駕照∕非汽（機）車駕駛人∕,經檢測無酒精反應∕非駕駛人，未檢測∕,汽車左前車頭（身）∕非汽（機）車∕,未注意車前狀態∕在道路上嬉戲或奔走不定∕,未注意車前狀態∕未注意車前狀態∕,汽車、火車駕駛員及船員∕其他∕,其他∕其他∕,本國∕本國∕
10112,10112Y00020007,YYA1,10112YY000014,2012,12,6,22,24,金門縣,金沙鎮,,NA,環島北路,,,NA,,,環中路,,,,NA,NA,NA,NA,NA,NA,NA,NA,NA,0,1,0,晴,夜間（或隧道、地下道、涵洞）無照明,村里道路,40,三岔路,交岔路口內,柏油,乾燥,無缺陷,無障礙物,良好,閃光號誌,正常,無分向設施,未繪設車道線,未繪設快慢車道分隔線,有,側撞,酒醉（後）駕駛失控,Y000,YY00,1,2,2012/12/6,環島北路,環中路,,118.3836754,24.46113371,自用 小客車∕普通重型 機車∕,小客車自用∕機車普通重型∕,53∕20∕,未受傷∕受傷∕,08****X代號966∕PZ****6代號967∕,其他∕其他∕,有適當之駕照∕有適當之駕照∕,經呼氣檢測0.26至0.40mg∕L或血液檢測0.051至0.08∕經檢測無酒精反應∕,汽車右側車身∕機車前車頭∕,酒醉（後）駕駛失控∕未保持行車安全距離∕,酒醉（後）駕駛失控∕酒醉（後）駕駛失控∕,服務工作者∕服務工作者∕,社交活動∕購物∕,本國∕本國∕
10112,10112Y00030002,YYA1,10112YY000015,2012,12,7,17,45,金門縣,金沙鎮,,NA,環島東路,,,NA,,,,,,陽翟01179號路段,NA,NA,NA,NA,NA,NA,NA,NA,NA,0,0,0,晴,日間自然光線,村里道路,50,直路,一般車道（未劃分快慢車道）,柏油,乾燥,無缺陷,無障礙物,良好,無號誌,無號誌,無標記,未繪設車道線,未繪設快慢車道分隔線,有,追撞,未保持行車安全距離,Y000,YY00,1,3,2012/12/7,環島東路,,金門縣金沙鎮陽翟01179號路段,118.4213083,24.4841071,自用 小客車∕自用 小客車∕,小客車自用∕小客車自用∕,63∕44∕,未受傷∕未受傷∕,6F****5代號968∕06****X代號969∕,其他∕其他∕,有適當之駕照∕有適當之駕照∕,經檢測無酒精反應∕經檢測無酒精反應∕,汽車前車頭∕汽車後車尾∕,未保持行車安全距離∕尚未發現肇事因素∕,未保持行車安全距離∕未保持行車安全距離∕,服務工作者∕服務工作者∕,上、下班∕上、下班∕,本國∕本國∕
10112,10112Y00020033,YYA1,10112YY000020,2012,12,14,18,30,金門縣,金湖鎮,,NA,柏村路,,,NA,,,,,,柏村國小前路段,NA,NA,NA,NA,NA,NA,NA,NA,NA,0,2,0,晴,夜間（或隧道、地下道、涵洞）無照明,村里道路,50,直路,一般車道（未劃分快慢車道）,柏油,乾燥,無缺陷,無障礙物,良好,無號誌,無號誌,附標記,未繪設車道線,未繪設快慢車道分隔線,有,對撞,逆向行駛,Y000,YY00,1,2,2012/12/14,柏村路,,金門縣金湖鎮柏村國小前路段,118.437923,24.423185,普通輕型 機車∕普通重型 機車∕,機車普通輕型∕機車普通重型∕,30∕48∕,受傷∕受傷∕,WZ****6代號970∕26****C代號971∕,其他∕其他∕,無照（已達考照年齡）∕有適當之駕照∕,經呼氣檢測超過0.80mg∕L或血液檢測超過0.16∕經檢測無酒精反應∕,機車前車頭∕機車前車頭∕,逆向行駛∕尚未發現肇事因素∕,逆向行駛∕逆向行駛∕,不明∕不明∕,不明∕不明∕,本國∕本國∕
10112,10112Y00020043,YYA1,10112YY000025,2012,12,16,23,27,金門縣,金湖鎮,,NA,士校路,,,NA,,,,,,林兜路段05276號路燈桿,NA,NA,NA,NA,NA,NA,NA,NA,NA,0,1,0,晴,夜間（或隧道、地下道、涵洞）有照明,村里道路,50,直路,路肩、路緣,水泥,乾燥,無缺陷,無障礙物,良好,無號誌,無號誌,無分向設施,未繪設車道線,未繪設快慢車道分隔線,有,衝出路外,酒醉（後）駕駛失控,Y000,YY00,1,2,2012/12/16,士校路,,金門縣金湖鎮林兜路段05276號路燈桿,118.4271704,24.4453138,普通重型 機車∕ ∕,機車普通重型,52∕0∕,受傷,AN****7代號972,其他,有適當之駕照,無法檢測,機車左側車身,酒醉（後）駕駛失控∕尚未發現肇事因素∕,酒醉（後）駕駛失控∕酒醉（後）駕駛失控∕,其他,購物,本國∕本國∕
10112,10112Y00020045,YYA1,10112YY000031,2012,12,19,8,55,金門縣,金湖鎮,,NA,黃海路,,,NA,,,,,,下莊路口,NA,NA,NA,NA,NA,NA,NA,NA,NA,0,2,0,晴,日間自然光線,村里道路,50,四岔路,交岔路口內,柏油,乾燥,無缺陷,無障礙物,良好,行車管制號誌（附設行人專用號誌）,正常,無分向設施,未繪設車道線,未繪設快慢車道分隔線,有,側撞,違反號誌管制或指揮,Y000,YY00,1,2,2012/12/19,黃海路,,金門縣金湖鎮下莊路口,118.4256931,24.452032,普通重型 機車∕普通重型 機車∕,機車普通重型∕機車普通重型∕,20∕23∕,受傷∕受傷∕,73****F代號801∕32****U代號973∕,其他∕其他∕,無照（已達考照年齡）∕有適當之駕照∕,經檢測無酒精反應∕經檢測無酒精反應∕,機車前車頭∕機車右側車身∕,違反號誌管制或指揮∕尚未發現肇事因素∕,違反號誌管制或指揮∕違反號誌管制或指揮∕,保安工作者（不含警察人員）∕服務工作者∕,購物∕上、下班∕,本國∕本國∕
10112,10112Y00030004,YYA1,10112YY000032,2012,12,19,18,0,金門縣,金湖鎮,,NA,市港路,,,NA,94,,,,,,NA,NA,NA,NA,NA,NA,NA,NA,NA,0,0,0,晴,夜間（或隧道、地下道、涵洞）有照明,村里道路,50,直路,快車道,柏油,乾燥,無缺陷,無障礙物,良好,無號誌,無號誌,無標記,未繪設車道線,快慢車道分隔線,有,其他,起步未注意其他車（人）安全,Y000,YY00,NA,NA,2012/12/19,市港路94號,,金門縣金湖鎮,118.4099121,24.4348324,自用 小客車∕自用 小貨車(含客、貨兩用)∕,小客車自用∕小貨車自用∕,19∕56∕,未受傷∕未受傷∕,47****W代號974∕6F****7代號975∕,其他∕其他∕,有適當之駕照∕有適當之駕照∕,經檢測無酒精反應∕經檢測無酒精反應∕,汽車左前車頭（身）∕汽車右側車身∕,起步未注意其他車（人）安全∕未注意車前狀態∕,起步未注意其他車（人）安全∕起步未注意其他車（人）安全∕,其他∕其他∕,其他∕其他∕,本國∕本國∕
10112,10112Y00030005,YYA1,10112YY000033,2012,12,20,15,50,金門縣,金沙鎮,汶沙里,NA,環島北路,四,,NA,,,,,,金沙水庫路口,NA,NA,NA,NA,NA,NA,NA,NA,NA,0,0,0,晴,日間自然光線,村里道路,40,三岔路,交岔路口內,柏油,乾燥,無缺陷,無障礙物,良好,無號誌,無號誌,無分向設施,未繪設車道線,未繪設快慢車道分隔線,有,側撞,未依規定讓車,Y000,YY00,1,3,2012/12/20,環島北路四段,,金門縣金沙鎮汶沙里金沙水庫路口,118.4045085,24.4840105,自用 小客車∕自用 小客車∕,小客車自用∕小客車自用∕,36∕52∕,未受傷∕未受傷∕,01****2代號976∕D2****6代號977∕,其他∕其他∕,有適當之駕照∕有適當之駕照∕,經檢測無酒精反應∕經檢測無酒精反應∕,汽車右後車尾（身）∕汽車左前車頭（身）∕,未依規定讓車∕未依規定減速∕,未依規定讓車∕未依規定讓車∕,家庭主婦（夫）∕技術工∕,其他∕業務聯繫∕,本國∕本國∕
10112,10112Y00020023,YYA1,10112YY000034,2012,12,21,7,40,金門縣,金湖鎮,,NA,太湖路,二,,NA,,,,,,武德新莊前往菜市場路段,NA,NA,NA,NA,NA,NA,NA,NA,NA,0,1,0,晴,日間自然光線,村里道路,50,三岔路,交岔路口內,柏油,乾燥,無缺陷,無障礙物,良好,無號誌,無號誌,無分向設施,未繪設車道線,未繪設快慢車道分隔線,有,側撞,未依規定讓車,Y000,YY00,1,2,2012/12/21,太湖路二段,,金門縣金湖鎮武德新莊前往菜市場路段,118.4170143,24.4394812,普通重型 機車∕自用 小貨車(含客、貨兩用)∕,機車普通重型∕小貨車自用∕,37∕23∕,受傷∕未受傷∕,05****F代號978∕軍C*****9代號414∕,其他∕其他∕,有適當之駕照∕有適當之駕照∕,經檢測無酒精反應∕經檢測無酒精反應∕,機車左側車身∕汽車前車頭∕,未依規定讓車∕尚未發現肇事因素∕,未依規定讓車∕未依規定讓車∕,服務工作者∕保安工作者（不含警察人員）∕,上、下班∕購物∕,本國∕本國∕
10112,10112Y00020048,YYA1,10112YY000046,2012,12,24,13,15,金門縣,金沙鎮,,NA,環島東路,二,,NA,,,,,,陽翟路段01169號路燈桿,NA,NA,NA,NA,NA,NA,NA,NA,NA,0,2,0,晴,日間自然光線,村里道路,60,直路,一般車道（未劃分快慢車道）,柏油,乾燥,無缺陷,無障礙物,良好,無號誌,無號誌,附標記,未繪設車道線,未繪設快慢車道分隔線,有,撞路樹、電桿,酒醉（後）駕駛失控,Y000,YY00,1,2,2012/12/24,環島東路二段,,金門縣金沙鎮陽翟路段01169號路燈桿,118.4328094,24.4713308,自用 小客車∕ ∕乘客 人,小客車自用乘客,66∕0∕62,受傷受傷,WY****2代號979WY****2代號979,其他其他,無照（已達考照年齡）非汽（機）車駕駛人,經呼氣檢測超過0.80mg∕L或血液檢測超過0.16非駕駛人，未檢測,汽車前車頭非汽（機）車,酒醉（後）駕駛失控∕尚未發現肇事因素∕尚未發現肇事因素,酒醉（後）駕駛失控∕酒醉（後）駕駛失控∕酒醉（後）駕駛失控,其他其他,其他其他,本國∕本國∕本國
10112,10112Y00020027,YYA1,10112YY000049,2012,12,23,9,10,金門縣,金沙鎮,,NA,環島北路,四,,NA,,,,,,金沙二橋路段07021號路燈桿處,NA,NA,NA,NA,NA,NA,NA,NA,NA,0,1,0,晴,日間自然光線,村里道路,60,直路,一般車道（未劃分快慢車道）,柏油,乾燥,無缺陷,無障礙物,良好,無號誌,無號誌,附標記,未繪設車道線,未繪設快慢車道分隔線,有,路上翻車、摔倒,未注意車前狀態,Y000,YY00,1,2,2012/12/23,環島北路四段,,金門縣金沙鎮金沙二橋路段07021號路燈桿處,118.4045085,24.4840105,普通重型 機車∕ ∕,機車普通重型,54∕0∕,受傷,06****J代號980,其他,有適當之駕照,經檢測無酒精反應,不明,未注意車前狀態∕尚未發現肇事因素∕,未注意車前狀態∕未注意車前狀態∕,不明,不明,本國∕本國∕
10112,10112Y00020038,YYA1,10112YY000052,2012,12,29,21,10,金門縣,金湖鎮,,NA,太湖路,二,,NA,,,,,,217號旁巷口,NA,NA,NA,NA,NA,NA,NA,NA,NA,0,1,0,雨,晨或暮光,村里道路,60,三岔路,交岔路口內,柏油,濕潤,無缺陷,無障礙物,良好,無號誌,無號誌,附標記,未繪設車道線,未繪設快慢車道分隔線,有,側撞,未依規定讓車,Y000,YY00,1,2,2012/12/29,太湖路二段,,金門縣金湖鎮217號旁巷口,118.4170143,24.4394812,自用 小客車∕普通重型 機車∕,小客車自用∕機車普通重型∕,38∕18∕,未受傷∕受傷∕,46****7代號981∕30****F代號982∕,其他∕其他∕,有適當之駕照∕有適當之駕照∕,經檢測無酒精反應∕經檢測無酒精反應∕,汽車左側車身∕機車前車頭∕,未依規定讓車∕未注意車前狀態∕,未依規定讓車∕未依規定讓車∕,其他∕其他∕,其他∕上、下班∕,本國∕本國∕
10112,10112Y00020034,YYA1,10112YY000055,2012,12,28,1,0,金門縣,金湖鎮,,NA,黃海路,,,NA,,,,,,前埔路段01532號路燈處,NA,NA,NA,NA,NA,NA,NA,NA,NA,0,1,0,雨,夜間（或隧道、地下道、涵洞）有照明,村里道路,60,直路,一般車道（未劃分快慢車道）,柏油,濕潤,無缺陷,無障礙物,良好,無號誌,無號誌,無標記,未繪設車道線,未繪設快慢車道分隔線,有,撞路樹、電桿,未注意車前狀態,Y000,YY00,1,2,2012/12/28,黃海路,,金門縣金湖鎮前埔路段01532號路燈處,118.4256931,24.452032,自用 小客車∕ ∕,小客車自用,24∕0∕,受傷,07****V代號983,其他,有適當之駕照,經檢測無酒精反應,汽車前車頭,未注意車前狀態∕尚未發現肇事因素∕,未注意車前狀態∕未注意車前狀態∕,專業人員,上、下班,本國∕本國∕