年月,總編號,處理單位,處理編號,年,月,日,時,分,縣市,區,村里,鄰,街道,段,巷,弄,號,公尺處,街道.1,段.1,側,附近,道路,公里,公尺處.1,向,車道,平交道,公里.1,公尺處.2,附近.1,死,受傷,X2.30,天候,光線,道路類別,速限,道路型態,事故位置,路面鋪裝,路面狀態,路面缺陷,障礙物,視距,號誌種類,號誌動作,分向設施,快車道或一般車道間,快慢車道間,路面邊線,事故類型及型態,主要肇因,警局,分局,案件類別,事故類別,日期,道路1,道路2,概略位置,lon,lat,車種,當事者區分.類別.,年齡,受傷程度,車輛牌照號碼,車輛用途,駕駛資格情形,飲酒情形,車輛撞擊部位最初,肇事因素個別,肇事因素主要,職.業,旅次目的,國籍
10112,10112Y00020001,YZA1,10112YZ000001,2012,12,1,14,2,金門縣,金城鎮,,NA,環島西路,一,,NA,,,,,,吳厝路段03192號路燈桿,NA,NA,NA,NA,NA,NA,NA,NA,NA,0,1,0,陰,日間自然光線,村里道路,40,三岔路,交岔路口內,柏油,濕潤,無缺陷,無障礙物,良好,無號誌,無號誌,無分向設施,未繪設車道線,未繪設快慢車道分隔線,有,側撞,未依規定讓車,Y000,YZ00,1,2,2012/12/1,環島西路一段,,金門縣金城鎮吳厝路段03192號路燈桿,118.3184801,24.4172073,自用 小貨車(含客、貨兩用)∕普通重型 機車∕,小貨車自用∕機車普通重型∕,48∕20∕,未受傷∕受傷∕,03****2代號984∕88****V代號985∕,其他∕其他∕,無照（已達考照年齡）∕有適當之駕照∕,經檢測無酒精反應∕經檢測無酒精反應∕,汽車左前車頭（身）∕機車右側車身∕,未依規定讓車∕未依規定減速∕,未依規定讓車∕未依規定讓車∕,其他∕大學（研究）生∕,業務聯繫∕業務聯繫∕,本國∕本國∕
10112,10112Y00020002,YZA1,10112YZ000002,2012,12,2,14,45,金門縣,金城鎮,,NA,民生路,,,NA,Jan-82,,,,,,NA,NA,NA,NA,NA,NA,NA,NA,NA,0,1,0,晴,日間自然光線,村里道路,40,三岔路,交岔路口內,柏油,乾燥,無缺陷,無障礙物,良好,無號誌,無號誌,無分向設施,未繪設車道線,未繪設快慢車道分隔線,有,其他,左轉彎未依規定,Y000,YZ00,1,2,2012/12/2,民生路82-1號,,金門縣金城鎮,118.3190184,24.43575,自用 小客車∕普通重型 機車∕,小客車自用∕機車普通重型∕,42∕25∕,未受傷∕受傷∕,18****3代號986∕29****E代號987∕,其他∕其他∕,有適當之駕照∕有適當之駕照∕,經檢測無酒精反應∕經檢測無酒精反應∕,汽車前車頭∕機車前車頭∕,左轉彎未依規定∕左轉彎未依規定∕,左轉彎未依規定∕左轉彎未依規定∕,其他∕其他∕,其他∕其他∕,本國∕本國∕
10112,10112Y00020003,YZA1,10112YZ000003,2012,12,3,18,45,金門縣,金城鎮,,NA,民生路,,,NA,,,民權路,,,附近,NA,NA,NA,NA,NA,NA,NA,NA,NA,0,1,0,晴,晨或暮光,村里道路,50,四岔路,交岔口附近,柏油,乾燥,無缺陷,無障礙物,良好,行車管制號誌,正常,附標記,車道線（無標記）,未繪設快慢車道分隔線,有,穿越道路中,未注意車前狀態,Y000,YZ00,1,2,2012/12/3,民生路,民權路,,118.318387,24.437086,普通重型 機車∕行人 人∕,機車普通重型∕行人∕,27∕82∕,未受傷∕受傷∕,PZ****0代號988,其他∕非駕駛人及乘客∕,有適當之駕照∕非汽（機）車駕駛人∕,經檢測無酒精反應∕非駕駛人，未檢測∕,機車前車頭∕非汽（機）車∕,未注意車前狀態∕穿越道路未注意左右來車∕,未注意車前狀態∕未注意車前狀態∕,不明∕不明∕,不明∕不明∕,本國∕本國∕
10112,10112Y00030001,YZA1,10112YZ000006,2012,12,5,7,45,金門縣,金城鎮,,NA,珠浦西路,,,NA,22,,,,,,NA,NA,NA,NA,NA,NA,NA,NA,NA,0,0,0,陰,日間自然光線,村里道路,40,三岔路,交岔路口內,柏油,濕潤,無缺陷,無障礙物,良好,無號誌,無號誌,無分向設施,未繪設車道線,快慢車道分隔線,有,側撞,未依規定讓車,Y000,YZ00,1,3,2012/12/5,珠浦西路22號,,金門縣金城鎮,118.3147803,24.4384226,自用 小貨車(含客、貨兩用)∕自用 小客車∕,小貨車自用∕小客車自用∕,32∕63∕,未受傷∕未受傷∕,6F****2代號989∕6F****9代號990∕,其他∕其他∕,有適當之駕照∕有適當之駕照∕,經檢測無酒精反應∕經檢測無酒精反應∕,汽車右前車頭（身）∕汽車左側車身∕,未依規定讓車∕未依規定減速∕,未依規定讓車∕未依規定讓車∕,其他∕其他∕,其他∕其他∕,本國∕本國∕
10112,,YZA1,10112YZ000007,2012,12,5,11,17,金門縣,金寧鄉,,NA,,,,NA,,,,,,埔後65號旁路口,NA,NA,NA,NA,NA,NA,NA,NA,NA,0,0,0,雨,NA,NA,40,NA,NA,NA,NA,NA,NA,NA,NA,NA,NA,NA,NA,NA,NA,NA,Y000,YZ00,1,4,2012/12/5,金門縣金寧鄉埔後65號旁路口,,金門縣金寧鄉埔後65號旁路口,118.317029,24.442928,自用 小客車∕自用 小客車∕,小客車自用∕小客車自用∕,28∕51∕,,6F****3代號991∕WY****9代號992∕,,,,,,,,,本國∕本國∕
10112,10112Y00020019,YZA1,10112YZ000009,2012,12,6,6,55,金門縣,烈嶼鄉,,NA,八青路,,,NA,,,,,,E0401號路燈桿,NA,NA,NA,NA,NA,NA,NA,NA,NA,0,2,0,晴,日間自然光線,村里道路,40,三岔路,交岔路口內,柏油,乾燥,無缺陷,無障礙物,良好,無號誌,無號誌,無標記,未繪設車道線,未繪設快慢車道分隔線,有,側撞,未依規定讓車,Y000,YZ00,1,2,2012/12/6,八青路,,金門縣烈嶼鄉E0401號路燈桿,118.2364682,24.422863,普通重型 機車∕普通重型 機車∕,機車普通重型∕機車普通重型∕,52∕22∕,受傷∕受傷∕,PZ****1代號993∕52****U代號994∕,其他∕其他∕,有適當之駕照∕有適當之駕照∕,無法檢測∕經檢測無酒精反應∕,機車左側車身∕機車前車頭∕,未依規定讓車∕未依規定減速∕,未依規定讓車∕未依規定讓車∕,其他∕其他∕,上、下班∕上、下班∕,本國∕本國∕
10112,10112Y00020006,YZA1,10112YZ000010,2012,12,6,7,19,金門縣,金城鎮,,NA,西海路,一,,NA,,,,,,03763號路燈桿附近,NA,NA,NA,NA,NA,NA,NA,NA,NA,0,1,0,晴,日間自然光線,村里道路,50,直路,一般車道（未劃分快慢車道）,柏油,乾燥,無缺陷,無障礙物,良好,無號誌,無號誌,附標記,未繪設車道線,未繪設快慢車道分隔線,有,追撞,未注意車前狀態,Y000,YZ00,1,2,2012/12/6,西海路一段,,金門縣金城鎮03763號路燈桿附近,118.2906709,24.4124946,普通重型 機車∕自用 小貨車(含客、貨兩用)∕,機車普通重型∕小貨車自用∕,22∕63∕,受傷∕未受傷∕,77****E代號995∕6F****3代號996∕,其他∕其他∕,有適當之駕照∕有適當之駕照∕,經檢測無酒精反應∕經檢測無酒精反應∕,機車前車頭∕汽車後車尾∕,未注意車前狀態∕違規停車或暫停不當而肇事∕,未注意車前狀態∕未注意車前狀態∕,其他∕其他∕,上、下班∕上、下班∕,本國∕本國∕
10112,,YZA1,10112YZ000012,2012,12,6,17,33,金門縣,金寧鄉,,NA,伯玉路,一,,NA,222,,,,,加油站內,NA,NA,NA,NA,NA,NA,NA,NA,NA,0,0,0,陰,日間自然光線,其他,20,其他,其他,水泥,乾燥,無缺陷,無障礙物,良好,無號誌,無號誌,無分向設施,未繪設車道線,未繪設快慢車道分隔線,無,倒車撞,倒車未依規定,Y000,YZ00,1,4,2012/12/6,伯玉路一段222號,,金門縣金寧鄉加油站內,118.3267756,24.4346914,自用 小貨車(含客、貨兩用)∕自用 小客車∕,小貨車自用∕小客車自用∕,48∕30∕,未受傷∕未受傷∕,22****S代號997∕63****V代號998∕,其他∕其他∕,有適當之駕照∕有適當之駕照∕,經檢測無酒精反應∕經檢測無酒精反應∕,汽車左前車頭（身）∕汽車左後車尾（身）∕,倒車未依規定∕尚未發現肇事因素∕,倒車未依規定∕倒車未依規定∕,其他∕其他∕,其他∕其他∕,本國∕本國∕
10112,,YZA1,10112YZ000013,2012,12,6,17,30,金門縣,金寧鄉,,NA,伯玉路,,,NA,,,,,,榜林圓環內,NA,NA,NA,NA,NA,NA,NA,NA,NA,0,0,0,NA,NA,NA,0,NA,NA,NA,NA,NA,NA,NA,NA,NA,NA,NA,NA,NA,NA,NA,Y000,YZ00,1,4,2012/12/6,伯玉路,,金門縣金寧鄉榜林圓環內,118.3267756,24.4346914,自用 小客車∕自用 小客車∕,小客車自用∕小客車自用∕,76∕46∕,,30****E代號999∕33****9代號1000∕,,,,,,,,,本國∕本國∕
10112,10112Y00020008,YZA1,10112YZ000016,2012,12,12,8,50,金門縣,金寧鄉,,NA,,,,NA,,,,,,金寶來飯店前路口,NA,NA,NA,NA,NA,NA,NA,NA,NA,0,2,0,晴,日間自然光線,村里道路,40,四岔路,交岔路口內,水泥,乾燥,無缺陷,無障礙物,良好,無號誌,無號誌,無分向設施,未繪設車道線,未繪設快慢車道分隔線,無,路口交岔撞,未依規定讓車,Y000,YZ00,1,2,2012/12/12,金門縣金寧鄉金寶來飯店前路口,,金門縣金寧鄉金寶來飯店前路口,118.312619,24.440298,自用 小客車∕普通重型 機車∕乘客 人,小客車自用∕機車普通重型∕乘客,48∕72∕70,未受傷∕受傷∕受傷,28****3代號1001∕PZ****5代號1002∕PZ****5代號1002,其他∕其他∕其他,有適當之駕照∕有適當之駕照∕非汽（機）車駕駛人,經檢測無酒精反應∕經檢測無酒精反應∕非駕駛人，未檢測,汽車左前車頭（身）∕機車前車頭∕非汽（機）車,未依規定讓車∕尚未發現肇事因素∕尚未發現肇事因素,未依規定讓車∕未依規定讓車∕未依規定讓車,專業人員∕無業者∕無業者,業務聯繫∕購物∕購物,本國∕本國∕本國
10112,,YZA1,10112YZ000017,2012,12,10,6,55,金門縣,金城鎮,,NA,,,,NA,,,,,,金城新莊2巷8號路口,NA,NA,NA,NA,NA,NA,NA,NA,NA,0,1,0,晴,日間自然光線,村里道路,40,四岔路,交岔路口內,其他鋪裝,乾燥,無缺陷,無障礙物,良好,無號誌,無號誌,無分向設施,未繪設車道線,未繪設快慢車道分隔線,無,路口交岔撞,未依規定減速,Y000,YZ00,3,2,2012/12/10,金門縣金城鎮金城新莊2巷8號路口,,金門縣金城鎮金城新莊2巷8號路口,118.319856,24.437936,普通重型 機車∕普通重型 機車∕,機車普通重型∕機車普通重型∕,46∕58∕,未受傷∕受傷∕,H8****9代號1003∕PZ****5代號1004∕,其他∕其他∕,有適當之駕照∕有適當之駕照∕,經檢測無酒精反應∕經檢測無酒精反應∕,機車前車頭∕機車右側車身∕,未依規定減速∕未依規定讓車∕,未依規定減速∕未依規定減速∕,不明∕不明∕,其他∕其他∕,本國∕本國∕
10112,10112Y00020009,YZA1,10112YZ000018,2012,12,13,12,27,金門縣,金城鎮,,NA,民權路,,,NA,182,,,,,,NA,NA,NA,NA,NA,NA,NA,NA,NA,0,1,0,晴,日間自然光線,村里道路,40,四岔路,交岔路口內,柏油,乾燥,無缺陷,無障礙物,良好,無號誌,無號誌,無分向設施,未繪設車道線,未繪設快慢車道分隔線,有,側撞,右轉彎未依規定,Y000,YZ00,1,2,2012/12/13,民權路182號,,金門縣金城鎮,118.3192898,24.4381016,自用 小客車∕普通重型 機車∕,小客車自用∕機車普通重型∕,44∕20∕,未受傷∕受傷∕,WY****2代號1005∕78****V代號781∕,其他∕其他∕,無照（已達考照年齡）∕有適當之駕照∕,經檢測無酒精反應∕經檢測無酒精反應∕,汽車右側車身∕機車左側車身∕,右轉彎未依規定∕未保持行車安全距離∕,右轉彎未依規定∕右轉彎未依規定∕,其他∕其他∕,其他∕其他∕,本國∕本國∕
10112,10112Y00020042,YZA1,10112YZ000019,2012,12,14,8,43,金門縣,金城鎮,,NA,民權路,,122,NA,,,,,,口前路段,NA,NA,NA,NA,NA,NA,NA,NA,NA,0,2,0,晴,日間自然光線,村里道路,40,三岔路,交岔口附近,柏油,乾燥,無缺陷,無障礙物,良好,無號誌,無號誌,附標記,未繪設車道線,快慢車道分隔線,有,側撞,左轉彎未依規定,Y000,YZ00,1,2,2012/12/14,民權路122巷,,金門縣金城鎮口前路段,118.3165347,24.4358149,普通重型 機車∕普通重型 機車∕,機車普通重型∕機車普通重型∕,68∕23∕,受傷∕受傷∕,PZ****2代號1006∕60****T代號1007∕,其他∕其他∕,有適當之駕照∕有適當之駕照∕,經檢測無酒精反應∕經檢測無酒精反應∕,機車後車尾∕機車前車頭∕,左轉彎未依規定∕未注意車前狀態∕,左轉彎未依規定∕左轉彎未依規定∕,其他∕其他∕,其他∕其他∕,本國∕本國∕
10112,10112Y00020010,YZA1,10112YZ000021,2012,12,15,13,47,金門縣,金寧鄉,湖埔村,NA,,,,NA,,,,,,下埔下90號前路段,NA,NA,NA,NA,NA,NA,NA,NA,NA,0,3,0,晴,日間自然光線,村里道路,40,四岔路,交岔路口內,柏油,乾燥,無缺陷,無障礙物,良好,無號誌,無號誌,無分向設施,未繪設車道線,未繪設快慢車道分隔線,無,路口交岔撞,未依規定讓車,Y000,YZ00,1,2,2012/12/15,金門縣金寧鄉湖埔村下埔下90號前路段,,金門縣金寧鄉湖埔村下埔下90號前路段,118.3126857,24.4442026,普通重型 機車∕普通重型 機車∕乘客 人,機車普通重型∕機車普通重型∕乘客,27∕24∕19,受傷∕受傷∕受傷,PZ****0代號1008∕15****Z代號1009∕15****Z代號1009,其他∕其他∕其他,有適當之駕照∕有適當之駕照∕非汽（機）車駕駛人,經檢測無酒精反應∕經檢測無酒精反應∕非駕駛人，未檢測,機車左側車身∕機車前車頭∕非汽（機）車,未依規定讓車∕未依規定減速∕尚未發現肇事因素,未依規定讓車∕未依規定讓車∕未依規定讓車,技術員及助理人員∕技術員及助理人員∕技術員及助理人員,社交活動∕社交活動∕社交活動,本國∕本國∕本國
10112,10112Y00020020,YZA1,10112YZ000022,2012,12,16,13,30,金門縣,金城鎮,,NA,珠浦西路,,50,5,,,,,,,NA,NA,NA,NA,NA,NA,NA,NA,NA,0,1,0,晴,日間自然光線,村里道路,40,四岔路,交岔路口內,水泥,乾燥,無缺陷,無障礙物,良好,無號誌,無號誌,無標記,未繪設車道線,未繪設快慢車道分隔線,有,路口交岔撞,未依規定讓車,Y000,YZ00,1,2,2012/12/16,珠浦西路50巷5弄,,金門縣金城鎮,118.3147803,24.4384226,普通重型 機車∕自用 小貨車(含客、貨兩用)∕,機車普通重型∕小貨車自用∕,67∕59∕,受傷∕未受傷∕,PZ****8代號1010∕6F****2代號1011∕,其他∕其他∕,有適當之駕照∕有適當之駕照∕,經檢測無酒精反應∕經檢測無酒精反應∕,機車右側車身∕汽車前車頭∕,未依規定讓車∕未依規定減速∕,未依規定讓車∕未依規定讓車∕,其他∕售貨員∕,其他∕其他∕,本國∕本國∕
10112,10112Y00020011,YZA1,10112YZ000023,2012,12,16,13,30,金門縣,金寧鄉,,NA,,,,NA,,,,,,榜林圓環內,NA,NA,NA,NA,NA,NA,NA,NA,NA,0,1,0,晴,日間自然光線,村里道路,50,圓環,一般車道（未劃分快慢車道）,柏油,乾燥,無缺陷,無障礙物,良好,無號誌,無號誌,無分向設施,車道線（附標記）,未繪設快慢車道分隔線,有,其他,未注意車前狀態,Y000,YZ00,1,2,2012/12/16,金門縣金寧鄉榜林圓環內,,金門縣金寧鄉榜林圓環內,118.330294,24.438568,自用 小客車∕普通輕型 機車∕,小客車自用∕機車普通輕型∕,43∕41∕,未受傷∕受傷∕,WY****3代號1012∕RX****5代號1013∕,其他∕其他∕,有適當之駕照∕有適當之駕照∕,經檢測無酒精反應∕經檢測無酒精反應∕,汽車右後車尾（身）∕機車前車頭∕,未注意車前狀態∕未依規定讓車∕,未注意車前狀態∕未注意車前狀態∕,不明∕不明∕,不明∕不明∕,本國∕本國∕
10112,10112Y00020012,YZA1,10112YZ000024,2012,12,17,11,25,金門縣,金寧鄉,,NA,環島北路,一,,NA,,,,,,統精加油站前,NA,NA,NA,NA,NA,NA,NA,NA,NA,0,1,0,晴,日間自然光線,縣道,60,直路,一般車道（未劃分快慢車道）,柏油,乾燥,無缺陷,無障礙物,良好,無號誌,無號誌,無標記,未繪設車道線,未繪設快慢車道分隔線,有,側撞,未依規定讓車,Y000,YZ00,1,2,2012/12/17,環島北路一段,,金門縣金寧鄉統精加油站前,118.3283226,24.4462231,自用 小客車∕普通重型 機車∕,小客車自用∕機車普通重型∕,81∕28∕,未受傷∕受傷∕,BU****3代號1014∕61****F代號1015∕,其他∕其他∕,有適當之駕照∕有適當之駕照∕,經檢測無酒精反應∕經檢測無酒精反應∕,汽車右前車頭（身）∕機車前車頭∕,未依規定讓車∕未依規定減速∕,未依規定讓車∕未依規定讓車∕,其他∕其他∕,其他∕其他∕,本國∕本國∕
10112,10112Y00020013,YZA1,10112YZ000026,2012,12,18,8,20,金門縣,金寧鄉,,NA,環島西路,二,,NA,,,,,,03078前路段,NA,NA,NA,NA,NA,NA,NA,NA,NA,0,1,0,陰,日間自然光線,縣道,60,三岔路,交岔路口內,柏油,濕潤,無缺陷,無障礙物,良好,無號誌,無號誌,無分向設施,未繪設車道線,未繪設快慢車道分隔線,有,側撞,未依規定讓車,Y000,YZ00,1,2,2012/12/18,環島西路二段,,金門縣金寧鄉03078前路段,118.3148723,24.4566699,普通重型 機車∕自用 小客車∕,機車普通重型∕小客車自用∕,20∕28∕,受傷∕未受傷∕,PZ****8代號1016∕6F****1代號1017∕,其他∕其他∕,有適當之駕照∕有適當之駕照∕,經檢測無酒精反應∕經檢測無酒精反應∕,機車前車頭∕汽車右側車身∕,未依規定讓車∕未依規定減速∕,未依規定讓車∕未依規定讓車∕,大學（研究）生∕其他∕,其他∕其他∕,本國∕本國∕
10112,10112Y00020021,YZA1,10112YZ000027,2012,12,18,10,40,金門縣,金城鎮,,NA,北堤路,,,NA,29,,,,,,NA,NA,NA,NA,NA,NA,NA,NA,NA,0,2,0,陰,日間自然光線,村里道路,40,三岔路,交岔路口內,柏油,濕潤,無缺陷,無障礙物,良好,無號誌,無號誌,無分向設施,未繪設車道線,快慢車道分隔線,有,其他,起步未注意其他車（人）安全,Y000,YZ00,1,2,2012/12/18,北堤路29號,,金門縣金城鎮,118.3167419,24.4294062,其他慢車 慢車∕普通重型 機車∕,其他慢車∕機車普通重型∕,60∕56∕,受傷∕受傷∕,∕PZ****3代號1018∕,其他∕其他∕,非汽（機）車駕駛人∕有適當之駕照∕,非駕駛人，未檢測∕經檢測無酒精反應∕,非汽（機）車∕機車前車頭∕,起步未注意其他車（人）安全∕未依規定減速∕,起步未注意其他車（人）安全∕起步未注意其他車（人）安全∕,其他∕其他∕,其他∕其他∕,本國∕本國∕
10112,10112Y00020014,YZA1,10112YZ000028,2012,12,18,13,15,金門縣,金城鎮,,NA,民權路,,,NA,54,,,,,,NA,NA,NA,NA,NA,NA,NA,NA,NA,0,1,0,雨,日間自然光線,村里道路,40,坡路,一般車道（未劃分快慢車道）,柏油,濕潤,無缺陷,無障礙物,良好,無號誌,無號誌,無標記,未繪設車道線,未繪設快慢車道分隔線,有,其他,起步未注意其他車（人）安全,Y000,YZ00,1,2,2012/12/18,民權路54號,,金門縣金城鎮,118.3138525,24.4322434,自用 小客車∕普通重型 機車∕,小客車自用∕機車普通重型∕,47∕56∕,未受傷∕受傷∕,42****6代號1019∕3J****1代號1020∕,其他∕其他∕,有適當之駕照∕越級駕駛∕,經檢測無酒精反應∕經檢測無酒精反應∕,汽車左前車頭（身）∕機車前車頭∕,起步未注意其他車（人）安全∕未注意車前狀態∕,起步未注意其他車（人）安全∕起步未注意其他車（人）安全∕,技術工∕服務工作者∕,購物∕其他∕,本國∕本國∕
10112,10112Y00020044,YZA1,10112YZ000029,2012,12,18,17,30,金門縣,金寧鄉,,NA,頂林路,,,NA,,,,,,07573號燈桿附近,NA,NA,NA,NA,NA,NA,NA,NA,NA,0,1,0,陰,晨或暮光,村里道路,50,直路,一般車道（未劃分快慢車道）,柏油,濕潤,無缺陷,無障礙物,良好,無號誌,無號誌,附標記,未繪設車道線,未繪設快慢車道分隔線,有,對撞,違規超車,Y000,YZ00,1,2,2012/12/18,頂林路,,金門縣金寧鄉07573號燈桿附近,118.3246113,24.4625018,自用 小客車∕普通重型 機車∕,小客車自用∕機車普通重型∕,25∕26∕,未受傷∕受傷∕,02****X代號1021∕26****V代號1022∕,其他∕其他∕,有適當之駕照∕有適當之駕照∕,經檢測無酒精反應∕經檢測無酒精反應∕,汽車左後車尾（身）∕機車前車頭∕,違規超車∕尚未發現肇事因素∕,違規超車∕違規超車∕,不明∕不明∕,不明∕不明∕,本國∕本國∕
10112,10112Y00020016,YZA1,10112YZ000030,2012,12,19,15,18,金門縣,金城鎮,,NA,民權路,,,NA,75,,,,,路口,NA,NA,NA,NA,NA,NA,NA,NA,NA,0,2,0,晴,日間自然光線,村里道路,40,四岔路,交岔路口內,柏油,乾燥,無缺陷,無障礙物,良好,無號誌,無號誌,無分向設施,未繪設車道線,未繪設快慢車道分隔線,有,路口交岔撞,未依規定讓車,Y000,YZ00,1,2,2012/12/19,民權路75號,,金門縣金城鎮路口,118.3144217,24.4329746,普通重型 機車∕普通重型 機車∕,機車普通重型∕機車普通重型∕,21∕26∕,受傷∕受傷∕,28****T代號1023∕77****D代號1024∕,其他∕其他∕,有適當之駕照∕有適當之駕照∕,經檢測無酒精反應∕經檢測無酒精反應∕,機車前車頭∕機車前車頭∕,未依規定讓車∕未依規定減速∕,未依規定讓車∕未依規定讓車∕,大學（研究）生∕其他∕,其他∕其他∕,本國∕本國∕
10112,10112Y00020015,YZA1,10112YZ000035,2012,12,18,18,20,金門縣,金寧鄉,,NA,環島北路,二,,NA,,,林堡路,,,頂堡路口附近,NA,NA,NA,NA,NA,NA,NA,NA,NA,0,1,0,陰,夜間（或隧道、地下道、涵洞）有照明,縣道,60,三岔路,交岔口附近,柏油,乾燥,無缺陷,無障礙物,良好,無號誌,無號誌,附標記,未繪設車道線,未繪設快慢車道分隔線,有,側撞,左轉彎未依規定,Y000,YZ00,1,2,2012/12/18,環島北路二段,林堡路,,118.3444116,24.4493316,自用 小貨車(含客、貨兩用)∕普通重型 機車∕,小貨車自用∕機車普通重型∕,55∕35∕,未受傷∕受傷∕,M5****7代號1025∕PZ****7代號1026∕,其他∕其他∕,有適當之駕照∕越級駕駛∕,經檢測無酒精反應∕經檢測無酒精反應∕,汽車左前車頭（身）∕機車前車頭∕,左轉彎未依規定∕尚未發現肇事因素∕,左轉彎未依規定∕左轉彎未依規定∕,技術工∕家庭主婦（夫）∕,上、下班∕其他∕,本國∕本國∕
10112,10112Y00030003,YZA1,10112YZ000036,2012,12,18,16,56,金門縣,金寧鄉,,NA,慈湖路,一,,NA,,,,,,全聯福利中心前路口,NA,NA,NA,NA,NA,NA,NA,NA,NA,0,0,0,陰,日間自然光線,村里道路,50,三岔路,交岔路口內,柏油,乾燥,無缺陷,無障礙物,良好,無號誌,無號誌,無分向設施,未繪設車道線,未繪設快慢車道分隔線,有,倒車撞,倒車未依規定,Y000,YZ00,1,3,2012/12/18,慈湖路一段,,金門縣金寧鄉全聯福利中心前路口,118.3117387,24.4416084,自用 小貨車(含客、貨兩用)∕自用 小貨車(含客、貨兩用)∕,小貨車自用∕小貨車自用∕,38∕20∕,未受傷∕未受傷∕,62****Y代號1027∕10****S代號1028∕,其他∕其他∕,有適當之駕照∕有適當之駕照∕,無法檢測∕經檢測無酒精反應∕,汽車後車尾∕汽車左後車尾（身）∕,倒車未依規定∕違反特定標誌（線）禁制∕,倒車未依規定∕倒車未依規定∕,售貨員∕不明∕,運輸∕其他∕,本國∕本國∕
10112,10112Y00020017,YZA1,10112YZ000037,2012,12,21,13,40,金門縣,金城鎮,,NA,,,,NA,,,,,,和平新村117號旁路口,NA,NA,NA,NA,NA,NA,NA,NA,NA,0,1,0,晴,日間自然光線,村里道路,40,四岔路,交岔路口內,水泥,乾燥,無缺陷,無障礙物,良好,無號誌,無號誌,無分向設施,未繪設車道線,未繪設快慢車道分隔線,無,路口交岔撞,未依規定讓車,Y000,YZ00,1,2,2012/12/21,金門縣金城鎮和平新村117號旁路口,,金門縣金城鎮和平新村117號旁路口,118.3166667,24.4166667,自用 小客車∕普通重型 機車∕,小客車自用∕機車普通重型∕,34∕18∕,未受傷∕受傷∕,WY****0代號1029∕01****G代號1030∕,其他∕其他∕,有適當之駕照∕有適當之駕照∕,經檢測無酒精反應∕經檢測無酒精反應∕,汽車右側車身∕機車前車頭∕,未依規定讓車∕未依規定減速∕,未依規定讓車∕未依規定讓車∕,其他∕其他∕,其他∕其他∕,本國∕本國∕
10112,10112Y00020022,YZA1,10112YZ000038,2012,12,21,7,30,金門縣,金城鎮,東門里,NA,環島西路,一,,NA,,,北堤路,,,,NA,NA,NA,NA,NA,NA,NA,NA,NA,0,2,0,晴,日間自然光線,村里道路,40,四岔路,交岔路口內,柏油,乾燥,無缺陷,無障礙物,良好,行車管制號誌（附設行人專用號誌）,正常,無分向設施,未繪設車道線,未繪設快慢車道分隔線,有,側撞,未依規定讓車,Y000,YZ00,1,2,2012/12/21,環島西路一段,北堤路,,118.3213944,24.42983234,普通重型 機車∕普通重型 機車∕,機車普通重型∕機車普通重型∕,60∕47∕,受傷∕受傷∕,99****K代號1031∕J8****5代號1032∕,其他∕其他∕,有適當之駕照∕有適當之駕照∕,經檢測無酒精反應∕經檢測無酒精反應∕,機車右側車身∕機車前車頭∕,未依規定讓車∕未注意車前狀態∕,未依規定讓車∕未依規定讓車∕,無業者∕家庭主婦（夫）∕,觀光旅遊∕觀光旅遊∕,本國∕本國∕
10112,10112Y00020025,YZA1,10112YZ000039,2012,12,21,17,53,金門縣,金寧鄉,湖埔村,NA,,,,NA,,,,,,埔後供水站,NA,NA,NA,NA,NA,NA,NA,NA,NA,0,1,0,晴,晨或暮光,村里道路,40,四岔路,交岔路口內,柏油,泥濘,無缺陷,無障礙物,良好,無號誌,無號誌,無分向設施,未繪設車道線,未繪設快慢車道分隔線,有,路口交岔撞,未依規定讓車,Y000,YZ00,1,2,2012/12/21,金門縣金寧鄉湖埔村埔後供水站,,金門縣金寧鄉湖埔村埔後供水站,118.317029,24.442928,普通重型 機車∕自用 小客車∕,機車普通重型∕小客車自用∕,20∕47∕,受傷∕未受傷∕,55****C代號187∕19****V代號1033∕,其他∕其他∕,有適當之駕照∕有適當之駕照∕,經檢測無酒精反應∕經檢測無酒精反應∕,機車前車頭∕汽車左前車頭（身）∕,未依規定讓車∕未依規定減速∕,未依規定讓車∕未依規定讓車∕,大學（研究）生∕家庭主婦（夫）∕,社交活動∕社交活動∕,本國∕本國∕
10112,10112Y00020024,YZA1,10112YZ000040,2012,12,21,13,0,金門縣,金城鎮,,NA,民權路,,,NA,182,,,,,,NA,NA,NA,NA,NA,NA,NA,NA,NA,0,4,0,晴,日間自然光線,村里道路,40,四岔路,交岔路口內,柏油,乾燥,無缺陷,無障礙物,良好,無號誌,無號誌,無分向設施,未繪設車道線,未繪設快慢車道分隔線,有,其他,起步未注意其他車（人）安全,Y000,YZ00,NA,NA,2012/12/21,民權路182號,,金門縣金城鎮,118.3192898,24.4381016,普通重型 機車∕普通重型 機車∕乘客 人∕乘客 人∕,機車普通重型∕機車普通重型∕乘客∕乘客∕,22∕21∕20∕19∕,受傷∕受傷∕受傷∕受傷∕,08****F代號1034∕75****F代號1035∕08****F代號1034∕75****F代號1035∕,其他∕其他∕其他∕其他∕,有適當之駕照∕有適當之駕照∕非汽（機）車駕駛人∕非汽（機）車駕駛人∕,經檢測無酒精反應∕經檢測無酒精反應∕非駕駛人，未檢測∕非駕駛人，未檢測∕,機車左側車身∕機車左側車身∕非汽（機）車∕非汽（機）車∕,起步未注意其他車（人）安全∕超速失控∕尚未發現肇事因素∕尚未發現肇事因素∕,起步未注意其他車（人）安全∕起步未注意其他車（人）安全∕起步未注意其他車（人）安全∕起步未注意其他車（人）安全∕,大學（研究）生∕大學（研究）生∕大學（研究）生∕大學（研究）生∕,其他∕其他∕其他∕其他∕,本國∕本國∕本國∕本國∕