年月,總編號,處理單位,處理編號,年,月,日,時,分,縣市,區,村里,鄰,街道,段,巷,弄,號,公尺處,街道.1,段.1,側,附近,道路,公里,公尺處.1,向,車道,平交道,公里.1,公尺處.2,附近.1,死,受傷,X2.30,天候,光線,道路類別,速限,道路型態,事故位置,路面鋪裝,路面狀態,路面缺陷,障礙物,視距,號誌種類,號誌動作,分向設施,快車道或一般車道間,快慢車道間,路面邊線,事故類型及型態,主要肇因,警局,分局,案件類別,事故類別,日期,道路1,道路2,概略位置,lon,lat,車種,當事者區分.類別.,年齡,受傷程度,車輛牌照號碼,車輛用途,駕駛資格情形,飲酒情形,車輛撞擊部位最初,肇事因素個別,肇事因素主要,職.業,旅次目的,國籍
10112,10112Y00020046,YZA1,10112YZ000041,2012,12,23,12,52,金門縣,金寧鄉,頂埔下村,NA,,,,NA,Jan-38,,,,,路口,NA,NA,NA,NA,NA,NA,NA,NA,NA,0,1,0,晴,日間自然光線,村里道路,40,四岔路,交岔路口內,柏油,乾燥,無缺陷,無障礙物,良好,無號誌,無號誌,無分向設施,未繪設車道線,未繪設快慢車道分隔線,有,路口交岔撞,未依規定減速,Y000,YZ00,1,2,2012/12/23,金門縣金寧鄉頂埔下村38-1,,金門縣金寧鄉頂埔下村路口,118.3099021,24.4474013,普通重型 機車∕自用 小貨車(含客、貨兩用)∕,機車普通重型∕小貨車自用∕,49∕35∕,受傷∕未受傷∕,HE****7代號1036∕6F****0代號1037∕,其他∕其他∕,無照（已達考照年齡）∕有適當之駕照∕,經呼氣檢測0.26至0.40mg∕L或血液檢測0.051至0.08∕經檢測無酒精反應∕,機車前車頭∕汽車右側車身∕,未依規定減速∕未依規定讓車∕,未依規定減速∕未依規定減速∕,其他∕其他∕,其他∕其他∕,本國∕本國∕
10112,10112Y00020026,YZA1,10112YZ000042,2012,12,22,16,0,金門縣,金寧鄉,,NA,伯玉路,一,,NA,222,,,,,,NA,NA,NA,NA,NA,NA,NA,NA,NA,0,1,0,晴,日間自然光線,縣道,60,直路,慢車道,柏油,乾燥,無缺陷,無障礙物,良好,無號誌,無號誌,無標記,未繪設車道線,未繪設快慢車道分隔線,有,側撞,未依規定讓車,Y000,YZ00,1,2,2012/12/22,伯玉路一段222號,,金門縣金寧鄉,118.3267756,24.4346914,自用 小貨車(含客、貨兩用)∕普通重型 機車∕,小貨車自用∕機車普通重型∕,71∕20∕,未受傷∕受傷∕,14****V代號1038∕66****D代號1039∕,其他∕其他∕,有適當之駕照∕有適當之駕照∕,經檢測無酒精反應∕經檢測無酒精反應∕,汽車左後車尾（身）∕機車前車頭∕,未依規定讓車∕未注意車前狀態∕,未依規定讓車∕未依規定讓車∕,售貨員∕大學（研究）生∕,其他∕上、下班∕,本國∕本國∕
10112,10112Y00020028,YZA1,10112YZ000043,2012,12,25,12,26,金門縣,金寧鄉,,NA,,,,NA,,,,,,下埔下90之3號旁路口,NA,NA,NA,NA,NA,NA,NA,NA,NA,0,2,0,晴,日間自然光線,村里道路,40,四岔路,交岔路口內,水泥,乾燥,無缺陷,無障礙物,良好,無號誌,無號誌,無分向設施,未繪設車道線,未繪設快慢車道分隔線,無,路口交岔撞,未依規定讓車,Y000,YZ00,1,2,2012/12/25,金門縣金寧鄉下埔下90之3號旁路口,,金門縣金寧鄉下埔下90之3號旁路口,118.3126857,24.4442026,普通重型 機車∕普通重型 機車∕,機車普通重型∕機車普通重型∕,48∕20∕,受傷∕受傷∕,73****C代號1040∕67****K代號1041∕,其他∕其他∕,有適當之駕照∕有適當之駕照∕,經檢測無酒精反應∕經檢測無酒精反應∕,機車前車頭∕機車左側車身∕,未依規定讓車∕未依規定減速∕,未依規定讓車∕未依規定讓車∕,其他∕大學（研究）生∕,上、下班∕上、下學∕,本國∕本國∕
10112,10112Y00020029,YZA1,10112YZ000044,2012,12,26,0,0,金門縣,金寧鄉,,NA,,,,NA,,,,,,金寶來飯店前路口,NA,NA,NA,NA,NA,NA,NA,NA,NA,0,1,0,晴,夜間（或隧道、地下道、涵洞）有照明,村里道路,40,四岔路,交岔路口內,水泥,乾燥,無缺陷,無障礙物,良好,無號誌,無號誌,無分向設施,未繪設車道線,未繪設快慢車道分隔線,無,路口交岔撞,未依規定讓車,Y000,YZ00,1,2,2012/12/26,金門縣金寧鄉金寶來飯店前路口,,金門縣金寧鄉金寶來飯店前路口,118.312619,24.440298,自用 小客車∕普通重型 機車∕,小客車自用∕機車普通重型∕,28∕21∕,未受傷∕受傷∕,86****V代號1042∕75****F代號1043∕,其他∕其他∕,有適當之駕照∕有適當之駕照∕,經檢測無酒精反應∕經檢測無酒精反應∕,汽車左後車尾（身）∕機車前車頭∕,未依規定讓車∕未依規定減速∕,未依規定讓車∕未依規定讓車∕,其他∕大學（研究）生∕,其他∕社交活動∕,本國∕本國∕
10112,10112Y00020030,YZA1,10112YZ000045,2012,12,27,14,56,金門縣,金寧鄉,,NA,環島南路,二,,NA,,,,,,機場跑道旁路段,NA,NA,NA,NA,NA,NA,NA,NA,NA,0,1,0,晴,日間自然光線,村里道路,40,彎曲路及附近,一般車道（未劃分快慢車道）,柏油,乾燥,無缺陷,無障礙物,良好,無號誌,無號誌,無標記,未繪設車道線,未繪設快慢車道分隔線,有,路上翻車、摔倒,未依規定減速,Y000,YZ00,1,2,2012/12/27,環島南路二段,,金門縣金寧鄉機場跑道旁路段,118.3542572,24.4312377,普通重型 機車∕ ∕,機車普通重型,19∕0∕,受傷,71****F代號1044,其他,有適當之駕照,經檢測無酒精反應,機車前車頭,未依規定減速∕尚未發現肇事因素∕,未依規定減速∕未依規定減速∕,大學（研究）生,其他,本國∕本國∕
10112,10112Y00020035,YZA1,10112YZ000047,2012,12,28,18,22,金門縣,金城鎮,,NA,西海路,二,,NA,,,,,,賢聚路段06736號燈桿,NA,NA,NA,NA,NA,NA,NA,NA,NA,0,2,0,晴,夜間（或隧道、地下道、涵洞）有照明,村里道路,50,直路,一般車道（未劃分快慢車道）,柏油,乾燥,無缺陷,無障礙物,良好,無號誌,無號誌,無標記,未繪設車道線,未繪設快慢車道分隔線,有,對向擦撞,違規超車,Y000,YZ00,1,2,2012/12/28,西海路二段,,金門縣金城鎮賢聚路段06736號燈桿,118.3041626,24.4144371,自用 小貨車(含客、貨兩用)∕普通重型 機車∕,小貨車自用∕機車普通重型∕,25∕19∕,受傷∕受傷∕,ZY****0代號1045∕09****U代號1046∕,其他∕其他∕,有適當之駕照∕有適當之駕照∕,經檢測無酒精反應∕經檢測無酒精反應∕,汽車左前車頭（身）∕機車前車頭∕,違規超車∕尚未發現肇事因素∕,違規超車∕違規超車∕,事務工作者∕大學（研究）生∕,上、下班∕上、下學∕,本國∕本國∕
10112,10112Y00020031,YZA1,10112YZ000048,2012,12,28,21,10,金門縣,金寧鄉,,NA,大學路,,,NA,,,,,,07723號路燈桿,NA,NA,NA,NA,NA,NA,NA,NA,NA,0,1,0,晴,夜間（或隧道、地下道、涵洞）有照明,村里道路,40,直路,一般車道（未劃分快慢車道）,柏油,乾燥,無缺陷,無障礙物,良好,無號誌,無號誌,附標記,未繪設車道線,未繪設快慢車道分隔線,有,撞路樹、電桿,未注意車前狀態,Y000,YZ00,1,2,2012/12/28,大學路,,金門縣金寧鄉07723號路燈桿,118.325279,24.4466751,自用 小客車∕ ∕,小客車自用,32∕0∕,受傷,07****T代號1047,其他,駕照被吊扣,無法檢測,汽車右側車身,未注意車前狀態∕尚未發現肇事因素∕,未注意車前狀態∕未注意車前狀態∕,其他,其他,本國∕本國∕
10112,10112Y00020036,YZA1,10112YZ000050,2012,12,29,13,25,金門縣,金城鎮,,NA,民權路,,,NA,,,,,,111之4號前,NA,NA,NA,NA,NA,NA,NA,NA,NA,0,2,0,陰,日間自然光線,村里道路,50,直路,一般車道（未劃分快慢車道）,柏油,乾燥,無缺陷,無障礙物,良好,無號誌,無號誌,寬式（50公分以上）,未繪設車道線,未繪設快慢車道分隔線,有,同向擦撞,未注意車前狀態,Y000,YZ00,1,2,2012/12/29,民權路,,金門縣金城鎮111之4號前,118.3168946,24.4355379,普通重型 機車∕腳踏自行車 慢車∕,機車普通重型∕腳踏自行車∕,21∕69∕,受傷∕受傷∕,52****F代號1048,其他∕其他∕,有適當之駕照∕非汽（機）車駕駛人∕,經檢測無酒精反應∕非駕駛人，未檢測∕,機車前車頭∕非汽（機）車∕,未注意車前狀態∕變換車道或方向不當∕,未注意車前狀態∕未注意車前狀態∕,不明∕不明∕,不明∕不明∕,本國∕本國∕
10112,10112Y00020037,YZA1,10112YZ000051,2012,12,29,18,35,金門縣,金寧鄉,,NA,伯玉路,一,,NA,222,,,,,,NA,NA,NA,NA,NA,NA,NA,NA,NA,0,2,0,雨,夜間（或隧道、地下道、涵洞）有照明,縣道,60,直路,一般車道（未劃分快慢車道）,柏油,濕潤,無缺陷,無障礙物,良好,無號誌,無號誌,附標記,未繪設車道線,快慢車道分隔線,有,側撞,左轉彎未依規定,Y000,YZ00,1,2,2012/12/29,伯玉路一段222號,,金門縣金寧鄉,118.3267756,24.4346914,普通重型 機車∕普通重型 機車∕,機車普通重型∕機車普通重型∕,49∕22∕,受傷∕受傷∕,23****V代號1049∕39****V代號1050∕,其他∕其他∕,無照（已達考照年齡）∕有適當之駕照∕,經檢測無酒精反應∕經檢測無酒精反應∕,機車左側車身∕機車前車頭∕,左轉彎未依規定∕未注意車前狀態∕,左轉彎未依規定∕左轉彎未依規定∕,家庭主婦（夫）∕未就學兒童∕,社交活動∕社交活動∕,本國∕本國∕
10112,10112Y00020032,YZA1,10112YZ000053,2012,12,30,7,45,金門縣,金城鎮,,NA,西海路,三,,NA,74,,,,,,NA,NA,NA,NA,NA,NA,NA,NA,NA,0,2,0,雨,日間自然光線,縣道,50,四岔路,交岔路口內,柏油,濕潤,無缺陷,無障礙物,良好,無號誌,無號誌,無分向設施,未繪設車道線,未繪設快慢車道分隔線,有,側撞,未依規定讓車,Y000,YZ00,1,2,2012/12/30,西海路三段74號,,金門縣金城鎮,118.3124964,24.4226194,自用 小客車∕自用 小客車∕,小客車自用∕小客車自用∕,53∕28∕,受傷∕受傷∕,3T****0代號1051∕6F****6代號1052∕,其他∕其他∕,有適當之駕照∕有適當之駕照∕,經檢測無酒精反應∕經檢測無酒精反應∕,汽車右前車頭（身）∕汽車前車頭∕,未依規定讓車∕未依規定減速∕,未依規定讓車∕未依規定讓車∕,技術工∕其他∕,其他∕上、下班∕,本國∕本國∕
10112,10112Y00020039,YZA1,10112YZ000054,2012,12,30,20,25,金門縣,金城鎮,,NA,民族路,,,NA,,,,,,6號前,NA,NA,NA,NA,NA,NA,NA,NA,NA,0,1,0,晴,夜間（或隧道、地下道、涵洞）有照明,村里道路,40,直路,一般車道（未劃分快慢車道）,柏油,乾燥,無缺陷,無障礙物,良好,無號誌,無號誌,附標記,未繪設車道線,未繪設快慢車道分隔線,有,路上翻車、摔倒,酒醉（後）駕駛失控,Y000,YZ00,1,2,2012/12/30,民族路,,金門縣金城鎮6號前,118.3157499,24.4302723,普通重型 機車∕ ∕,機車普通重型,35∕0∕,受傷,PZ****8代號580,其他,有適當之駕照,經呼氣檢測超過0.80mg∕L或血液檢測超過0.16,機車右側車身,酒醉（後）駕駛失控∕尚未發現肇事因素∕,酒醉（後）駕駛失控∕酒醉（後）駕駛失控∕,不明,不明,本國∕本國∕
10112,10112Y00020040,YZA1,10112YZ000056,2012,12,31,16,45,金門縣,金寧鄉,榜林村,NA,,,,NA,,,,,,宏濟殿籃球場旁路口,NA,NA,NA,NA,NA,NA,NA,NA,NA,0,1,0,晴,日間自然光線,村里道路,40,三岔路,交岔路口內,水泥,乾燥,無缺陷,無障礙物,良好,無號誌,無號誌,無分向設施,未繪設車道線,未繪設快慢車道分隔線,無,其他,未依規定讓車,Y000,YZ00,1,2,2012/12/31,金門縣金寧鄉榜林村宏濟殿籃球場旁路口,,金門縣金寧鄉榜林村宏濟殿籃球場旁路口,118.329691,24.436387,普通重型 機車∕自用 小貨車(含客、貨兩用)∕,機車普通重型∕小貨車自用∕,81∕56∕,受傷∕未受傷∕,86****F代號1053∕6F****8代號1054∕,其他∕其他∕,有適當之駕照∕有適當之駕照∕,經檢測無酒精反應∕經檢測無酒精反應∕,機車前車頭∕汽車左前車頭（身）∕,未依規定讓車∕未依規定減速∕,未依規定讓車∕未依規定讓車∕,無業者∕技術工∕,其他∕其他∕,本國∕本國∕
10112,,YZA1,10112YZ000057,2012,12,31,22,3,金門縣,金城鎮,,NA,西海路,三,,NA,,,,,,北堤路路口,NA,NA,NA,NA,NA,NA,NA,NA,NA,0,0,0,晴,NA,NA,40,NA,NA,NA,NA,NA,NA,NA,NA,NA,NA,NA,NA,NA,NA,NA,Y000,YZ00,NA,NA,2012/12/31,西海路三段,,金門縣金城鎮北堤路路口,118.3124964,24.4226194,普通重型 機車∕計程車 小客車∕,機車普通重型∕小客車計程車∕,18∕49∕,,30****E代號1055∕01***5代號1056∕,,,,,,,,,本國∕本國∕
10112,,YZA1,10112YZ000058,2012,12,15,15,15,金門縣,金寧鄉,安美村,NA,頂林路,,,NA,353,,,,,古寧高幹59 Z0259 EE11,NA,NA,NA,NA,NA,NA,NA,NA,NA,0,1,0,晴,日間自然光線,其他,40,直路,一般車道（未劃分快慢車道）,水泥,乾燥,無缺陷,無障礙物,良好,無號誌,無號誌,無分向設施,未繪設車道線,未繪設快慢車道分隔線,無,撞動物,尚未發現肇事因素,Y000,YZ00,3,2,2012/12/15,頂林路353號,,金門縣金寧鄉安美村古寧高幹59 Z0259 EE11,118.3246113,24.4625018,普通輕型 機車∕ ∕,機車普通輕型,69∕0∕,受傷,WZ****7代號1057,其他,有適當之駕照,經觀察未飲酒,不明,尚未發現肇事因素∕動物竄出∕,尚未發現肇事因素∕尚未發現肇事因素∕,農林漁牧工作者,其他,本國∕本國∕
10112,10112Y00020047,YZA1,10112YZ000059,2012,12,25,18,20,金門縣,金城鎮,,NA,民權路,,,NA,184-1,,,,,,NA,NA,NA,NA,NA,NA,NA,NA,NA,0,1,0,陰,夜間（或隧道、地下道、涵洞）有照明,村里道路,40,直路,一般車道（未劃分快慢車道）,柏油,乾燥,無缺陷,無障礙物,良好,無號誌,無號誌,附標記,未繪設車道線,未繪設快慢車道分隔線,有,路上翻車、摔倒,未注意車前狀態,Y000,YZ00,1,2,2012/12/25,民權路184-1號,,金門縣金城鎮,118.3168946,24.4355379,普通重型 機車∕ ∕,機車普通重型,18∕0∕,受傷,69****E代號1058,其他,有適當之駕照,經檢測無酒精反應,機車前車頭,未注意車前狀態∕尚未發現肇事因素∕,未注意車前狀態∕未注意車前狀態∕,大學（研究）生,其他,本國∕本國∕
10112,,YZA1,10112YZ000060,2012,12,24,17,30,金門縣,金城鎮,,NA,,,,NA,,,,,,中正國小側門,NA,NA,NA,NA,NA,NA,NA,NA,NA,0,1,0,晴,晨或暮光,村里道路,40,直路,一般車道（未劃分快慢車道）,柏油,乾燥,無缺陷,無障礙物,良好,無號誌,無號誌,附標記,未繪設車道線,快慢車道分隔線,有,其他,開啟車門不當而肇事,Y000,YZ00,3,2,2012/12/24,金門縣金城鎮中正國小側門,,金門縣金城鎮中正國小側門,118.316849,24.434284,自用 小客車∕普通重型 機車∕,小客車自用∕機車普通重型∕,34∕19∕,未受傷∕受傷∕,01****X代號1059∕96****P代號1060∕,其他∕其他∕,有適當之駕照∕有適當之駕照∕,無法檢測∕無法檢測∕,汽車左側車身∕機車右側車身∕,開啟車門不當而肇事∕未注意車前狀態∕,開啟車門不當而肇事∕開啟車門不當而肇事∕,不明∕不明∕,其他∕其他∕,本國∕本國∕
10201,10201Y00030001,YYA1,10201YY000001,2013,1,1,17,0,金門縣,金湖鎮,,NA,復興路,,,NA,1,,,,,旁路段,NA,NA,NA,NA,NA,NA,NA,NA,NA,0,0,0,陰,晨或暮光,村里道路,50,三岔路,交岔口附近,柏油,乾燥,無缺陷,無障礙物,良好,無號誌,無號誌,附標記,未繪設車道線,未繪設快慢車道分隔線,有,同向擦撞,未注意車前狀態,Y000,YY00,1,3,2013/1/1,復興路1號,,金門縣金湖鎮旁路段,118.4161413,24.4412321,自用 小客車∕自用 小客車∕,小客車自用∕小客車自用∕,20∕39∕,未受傷∕未受傷∕,LI****8代號536∕6F****3代號1061∕,其他∕其他∕,無照（已達考照年齡）∕有適當之駕照∕,經檢測無酒精反應∕經觀察未飲酒∕,汽車右前車頭（身）∕汽車左側車身∕,未注意車前狀態∕違規停車或暫停不當而肇事∕,未注意車前狀態∕未注意車前狀態∕,非技術工及體力工∕服務工作者∕,其他∕其他∕,本國∕本國∕
10201,10201Y00020003,YYA1,10201YY000005,2013,1,5,15,58,金門縣,金湖鎮,,NA,環島南路,四,,NA,,,,,,后園05083號路燈桿前,NA,NA,NA,NA,NA,NA,NA,NA,NA,0,4,0,晴,日間自然光線,村里道路,50,三岔路,交岔路口內,柏油,乾燥,無缺陷,無障礙物,良好,無號誌,無號誌,無分向設施,未繪設車道線,快慢車道分隔線,有,側撞,酒醉（後）駕駛失控,Y000,YY00,1,2,2013/1/5,環島南路四段,,金門縣金湖鎮后園05083號路燈桿前,118.40101,24.438041,普通重型 機車∕普通輕型 機車∕乘客 人∕乘客 人∕,機車普通重型∕機車普通輕型∕乘客∕乘客∕,38∕39∕6∕5∕,受傷∕受傷∕受傷∕受傷∕,PZ****3代號1062∕WZ****2代號1063∕PZ****3代號1062∕WZ****2代號1063∕,其他∕其他∕其他∕其他∕,有適當之駕照∕駕照被吊（註）銷∕非汽（機）車駕駛人∕非汽（機）車駕駛人∕,經呼氣檢測0.56至0.80mg∕L或血液檢測0.111至0.16∕經呼氣檢測0.16至0.25mg∕L或血液檢測0.031至0.05∕非駕駛人，未檢測∕非駕駛人，未檢測∕,機車前車頭∕機車後車尾∕非汽（機）車∕非汽（機）車∕,酒醉（後）駕駛失控∕未依規定讓車∕尚未發現肇事因素∕尚未發現肇事因素∕,酒醉（後）駕駛失控∕酒醉（後）駕駛失控∕酒醉（後）駕駛失控∕酒醉（後）駕駛失控∕,農林漁牧工作者∕農林漁牧工作者∕小學生∕小學生∕,購物∕購物∕購物∕購物∕,本國∕本國∕本國∕本國∕
10201,,YYA1,10201YY000006,2013,1,6,15,0,金門縣,金湖鎮,新湖里,NA,,,,NA,,,,,,信義新村88之25號前,NA,NA,NA,NA,NA,NA,NA,NA,NA,0,0,0,晴,NA,NA,40,NA,NA,NA,NA,NA,NA,NA,NA,NA,NA,NA,NA,NA,NA,NA,Y000,YY00,1,4,2013/1/6,金門縣金湖鎮新湖里信義新村88之25號前,,金門縣金湖鎮新湖里信義新村88之25號前,118.410361,24.435293,自用 小客車∕自用 小客車∕,小客車自用∕小客車自用∕,32∕27∕,,12****5代號1064∕6F****6代號354∕,,,,,,,,,本國∕本國∕
10201,10201Y00020004,YYA1,10201YY000007,2013,1,6,16,35,金門縣,金沙鎮,,NA,陽沙路,,,NA,,,,,,00784號燈桿,NA,NA,NA,NA,NA,NA,NA,NA,NA,0,2,0,晴,日間自然光線,村里道路,50,彎曲路及附近,路肩、路緣,柏油,乾燥,無缺陷,無障礙物,良好,無號誌,無號誌,附標記,未繪設車道線,未繪設快慢車道分隔線,有,撞路樹、電桿,未依規定減速,Y000,YY00,1,2,2013/1/6,陽沙路,,金門縣金沙鎮00784號燈桿,118.432385,24.4814738,普通重型 機車∕ ∕乘客 人,機車普通重型乘客,19∕0∕20,受傷受傷,90****T代號82590****T代號825,其他其他,有適當之駕照非汽（機）車駕駛人,經檢測無酒精反應非駕駛人，未檢測,機車前車頭非汽（機）車,未依規定減速∕尚未發現肇事因素∕尚未發現肇事因素,未依規定減速∕未依規定減速∕未依規定減速,大學（研究）生大學（研究）生,觀光旅遊觀光旅遊,本國∕本國∕本國
10201,10201Y00030007,YYA1,10201YY000008,2013,1,7,18,10,金門縣,金湖鎮,正義里,NA,伯玉路,四,,NA,,,,,,00002路燈前路段,NA,NA,NA,NA,NA,NA,NA,NA,NA,0,0,0,晴,夜間（或隧道、地下道、涵洞）有照明,村里道路,70,直路,快車道,柏油,乾燥,無缺陷,無障礙物,良好,無號誌,無號誌,無標記,未繪設車道線,快慢車道分隔線,有,同向擦撞,未注意車前狀態,Y000,YY00,1,3,2013/1/7,伯玉路四段,,金門縣金湖鎮正義里00002路燈前路段,118.3798588,24.4470039,自用 小貨車(含客、貨兩用)∕公營公車 大客車∕,小貨車自用∕公營公車∕,34∕37∕,未受傷∕未受傷∕,08****X代號1065∕30***H代號1066∕,其他∕其他∕,有適當之駕照∕有適當之駕照∕,經檢測無酒精反應∕經檢測無酒精反應∕,汽車右前車頭（身）∕汽車左後車尾（身）∕,未注意車前狀態∕尚未發現肇事因素∕,未注意車前狀態∕未注意車前狀態∕,其他∕汽車、火車駕駛員及船員∕,其他∕運輸∕,本國∕本國∕
10201,10201Y00020007,YYA1,10201YY000011,2013,1,9,20,52,金門縣,金沙鎮,,NA,環島北路,三,,NA,,,,,,斗門路口,NA,NA,NA,NA,NA,NA,NA,NA,NA,0,1,0,晴,夜間（或隧道、地下道、涵洞）有照明,村里道路,60,四岔路,交岔路口內,柏油,乾燥,無缺陷,無障礙物,良好,閃光號誌,正常,無分向設施,未繪設車道線,未繪設快慢車道分隔線,有,路口交岔撞,未依規定讓車,Y000,YY00,1,2,2013/1/9,環島北路三段,,金門縣金沙鎮斗門路口,118.388325,24.466263,自用 小貨車(含客、貨兩用)∕自用 小客車∕,小貨車自用∕小客車自用∕,43∕58∕,未受傷∕受傷∕,09****X代號1067∕6F****0代號1068∕,其他∕其他∕,有適當之駕照∕有適當之駕照∕,經呼氣檢測0.41至0.55mg∕L或血液檢測0.081至0.11∕經檢測無酒精反應∕,汽車右前車頭（身）∕汽車前車頭∕,未依規定讓車∕未依規定減速∕,未依規定讓車∕未依規定讓車∕,技術工∕其他∕,其他∕其他∕,本國∕本國∕
10201,10201Y00020011,YYA1,10201YY000015,2013,1,11,10,40,金門縣,金沙鎮,,NA,環島東路,一,,NA,,,,,,蔡店路段10201路燈桿處,NA,NA,NA,NA,NA,NA,NA,NA,NA,0,1,0,晴,日間自然光線,村里道路,60,四岔路,交岔口附近,柏油,乾燥,無缺陷,無障礙物,良好,無號誌,無號誌,附標記,未繪設車道線,未繪設快慢車道分隔線,有,撞路樹、電桿,未注意車前狀態,Y000,YY00,1,2,2013/1/11,環島東路一段,,金門縣金沙鎮蔡店路段10201路燈桿處,118.4213083,24.4841071,自用 小貨車(含客、貨兩用)∕ ∕,小貨車自用,51∕0∕,受傷,6F****7代號34,其他,有適當之駕照,經檢測無酒精反應,汽車右前車頭（身）,未注意車前狀態∕尚未發現肇事因素∕,未注意車前狀態∕未注意車前狀態∕,不明,不明,本國∕本國∕
10201,10201Y00020013,YYA1,10201YY000017,2013,1,11,20,10,金門縣,金湖鎮,,NA,環島北路,三,,NA,,,,,,屠宰場前路段,NA,NA,NA,NA,NA,NA,NA,NA,NA,0,2,0,晴,夜間（或隧道、地下道、涵洞）有照明,村里道路,60,彎曲路及附近,路肩、路緣,柏油,乾燥,無缺陷,無障礙物,良好,無號誌,無號誌,附標記,未繪設車道線,未繪設快慢車道分隔線,有,衝出路外,未依規定減速,Y000,YY00,1,2,2013/1/11,環島北路三段,,金門縣金湖鎮屠宰場前路段,118.388325,24.466263,普通重型 機車∕ ∕乘客 人,機車普通重型乘客,18∕0∕18,受傷受傷,80****U代號106980****U代號1069,其他其他,無照（已達考照年齡）非汽（機）車駕駛人,經檢測無酒精反應非駕駛人，未檢測,機車左側車身非汽（機）車,未依規定減速∕尚未發現肇事因素∕尚未發現肇事因素,未依規定減速∕未依規定減速∕未依規定減速,高中生高中生,其他其他,本國∕本國∕本國
10201,10201Y00020015,YYA1,10201YY000019,2013,1,13,13,10,金門縣,金湖鎮,,NA,黃海路,,,NA,,,,,,,NA,NA,NA,NA,NA,NA,NA,NA,NA,0,0,0,NA,NA,NA,0,NA,NA,NA,NA,NA,NA,NA,NA,NA,NA,NA,NA,NA,NA,NA,,,NA,NA,2013/1/13,黃海路,,金門縣金湖鎮,118.4256931,24.452032,普通重型 機車∕普通重型 機車∕,機車普通重型∕機車普通重型∕,30∕37∕,受傷∕受傷∕,21****D代號1070∕PZ****3代號1071∕,其他∕其他∕,有適當之駕照∕有適當之駕照∕,經檢測無酒精反應∕經檢測無酒精反應∕,機車左側車身∕機車前車頭∕,起步未注意其他車（人）安全∕未注意車前狀態∕,起步未注意其他車（人）安全∕起步未注意其他車（人）安全∕,其他∕其他∕,其他∕其他∕,本國∕本國∕
10201,,YYA1,10201YY000029,2013,1,19,17,30,金門縣,金湖鎮,,NA,環島南路,四,,NA,,,,,,夏興路段,NA,NA,NA,NA,NA,NA,NA,NA,NA,0,0,0,NA,NA,NA,0,NA,NA,NA,NA,NA,NA,NA,NA,NA,NA,NA,NA,NA,NA,NA,Y000,YY00,1,4,2013/1/19,環島南路四段,,金門縣金湖鎮夏興路段,118.40101,24.438041,自用 小貨車(含客、貨兩用)∕租賃車 小客車∕,小貨車自用∕小客車租貸車∕,19∕54∕,,6F****9代號1072∕39****6代號1073∕,,,,,,,,,本國∕非本國∕
10201,10201Y00020021,YYA1,10201YY000032,2013,1,22,11,45,金門縣,金沙鎮,光前里,NA,光華路,一,,NA,,,,,,01779路燈桿前路段,NA,NA,NA,NA,NA,NA,NA,NA,NA,0,2,0,晴,日間自然光線,村里道路,50,彎曲路及附近,一般車道（未劃分快慢車道）,柏油,乾燥,無缺陷,無障礙物,良好,無號誌,無號誌,無標記,未繪設車道線,未繪設快慢車道分隔線,有,對撞,未依規定減速,Y000,YY00,1,2,2013/1/22,光華路一段,,金門縣金沙鎮光前里01779路燈桿前路段,118.428921,24.4909929,自用 小客車∕自用 小客車∕,小客車自用∕小客車自用∕,19∕25∕,受傷∕受傷∕,6F****0代號1074∕18****V代號1075∕,其他∕其他∕,無照（已達考照年齡）∕有適當之駕照∕,經檢測無酒精反應∕經檢測無酒精反應∕,汽車左前車頭（身）∕汽車左前車頭（身）∕,未依規定減速∕尚未發現肇事因素∕,未依規定減速∕未依規定減速∕,其他∕其他∕,其他∕其他∕,本國∕本國∕
10201,10201Y00020022,YYA1,10201YY000033,2013,1,22,14,30,金門縣,金沙鎮,,NA,陽沙路,,,NA,,,,,,往東珩路段,NA,NA,NA,NA,NA,NA,NA,NA,NA,0,1,0,晴,日間自然光線,村里道路,30,直路,其他,無鋪裝,乾燥,突出（高低）不平,無障礙物,良好,無號誌,無號誌,無分向設施,未繪設車道線,未繪設快慢車道分隔線,無,路上翻車、摔倒,酒醉（後）駕駛失控,Y000,YY00,1,2,2013/1/22,陽沙路,,金門縣金沙鎮往東珩路段,118.432385,24.4814738,普通重型 機車∕ ∕,機車普通重型,20∕0∕,受傷,52****U代號1076,其他,有適當之駕照,經呼氣檢測0.56至0.80mg∕L或血液檢測0.111至0.16,機車右側車身,酒醉（後）駕駛失控∕尚未發現肇事因素∕,酒醉（後）駕駛失控∕酒醉（後）駕駛失控∕,無業者,不明,本國∕本國∕