年月,總編號,處理單位,處理編號,年,月,日,時,分,縣市,區,村里,鄰,街道,段,巷,弄,號,公尺處,街道.1,段.1,側,附近,道路,公里,公尺處.1,向,車道,平交道,公里.1,公尺處.2,附近.1,死,受傷,X2.30,天候,光線,道路類別,速限,道路型態,事故位置,路面鋪裝,路面狀態,路面缺陷,障礙物,視距,號誌種類,號誌動作,分向設施,快車道或一般車道間,快慢車道間,路面邊線,事故類型及型態,主要肇因,警局,分局,案件類別,事故類別,日期,道路1,道路2,概略位置,lon,lat,車種,當事者區分.類別.,年齡,受傷程度,車輛牌照號碼,車輛用途,駕駛資格情形,飲酒情形,車輛撞擊部位最初,肇事因素個別,肇事因素主要,職.業,旅次目的,國籍
10201,10201Y00020029,YYA1,10201YY000043,2013,1,30,16,50,金門縣,金湖鎮,,NA,環島北路,三,,NA,,,,,,瓊徑路口,NA,NA,NA,NA,NA,NA,NA,NA,NA,0,3,0,晴,日間自然光線,村里道路,60,三岔路,交岔路口內,柏油,乾燥,無缺陷,無障礙物,良好,閃光號誌,正常,無分向設施,未繪設車道線,未繪設快慢車道分隔線,有,側撞,未依規定讓車,Y000,YY00,1,2,2013/1/30,環島北路三段,,金門縣金湖鎮瓊徑路口,118.388325,24.466263,普通重型 機車∕普通重型 機車∕乘客 人,機車普通重型∕機車普通重型∕乘客,70∕48∕51,受傷∕受傷∕受傷,PZ****1代號1077∕3J****8代號1078∕PZ****1代號1077,其他∕其他∕其他,有適當之駕照∕有適當之駕照∕非汽（機）車駕駛人,經檢測無酒精反應∕經檢測無酒精反應∕非駕駛人，未檢測,機車前車頭∕機車右側車身∕非汽（機）車,未依規定讓車∕未依規定減速∕尚未發現肇事因素,未依規定讓車∕未依規定讓車∕未依規定讓車,其他∕其他∕其他,上、下班∕其他∕其他,本國∕本國∕本國
10201,10201Y00020030,YYA1,10201YY000045,2013,1,30,17,48,金門縣,金湖鎮,,NA,環島北路,三,,NA,,,,,,瓊林村巷道口,NA,NA,NA,NA,NA,NA,NA,NA,NA,0,2,0,晴,晨或暮光,村里道路,60,三岔路,交岔路口內,柏油,乾燥,無缺陷,無障礙物,良好,無號誌,無號誌,無分向設施,未繪設車道線,未繪設快慢車道分隔線,有,側撞,違規超車,Y000,YY00,1,2,2013/1/30,環島北路三段,,金門縣金湖鎮瓊林村巷道口,118.388325,24.466263,普通重型 機車∕普通重型 機車∕,機車普通重型∕機車普通重型∕,41∕48∕,受傷∕受傷∕,57****E代號1079∕96****V代號1080∕,其他∕其他∕,有適當之駕照∕有適當之駕照∕,經檢測無酒精反應∕經檢測無酒精反應∕,機車前車頭∕機車左側車身∕,違規超車∕左轉彎未依規定∕,違規超車∕違規超車∕,其他∕其他∕,其他∕其他∕,本國∕本國∕
10201,10201Y00020028,YYA1,10201YY000046,2013,1,29,11,24,金門縣,金湖鎮,,NA,伯玉路,五,,NA,,,,,,魯王墓路段,NA,NA,NA,NA,NA,NA,NA,NA,NA,0,1,0,晴,日間自然光線,村里道路,60,彎曲路及附近,一般車道（未劃分快慢車道）,柏油,乾燥,無缺陷,無障礙物,良好,無號誌,無號誌,窄式無柵欄,未繪設車道線,未繪設快慢車道分隔線,有,撞交通島,未依規定減速,Y000,YY00,1,2,2013/1/29,伯玉路五段,,金門縣金湖鎮魯王墓路段,118.3897645,24.4505133,普通重型 機車∕ ∕,機車普通重型,20∕0∕,受傷,99****C代號1081,其他,越級駕駛,經檢測無酒精反應,機車左側車身,未依規定減速∕尚未發現肇事因素∕,未依規定減速∕未依規定減速∕,大學（研究）生,觀光旅遊,本國∕本國∕
10201,10201Y00020023,YZA1,10201YZ000002,2013,1,3,6,5,金門縣,金寧鄉,,NA,,,,NA,,,,,,林湖路00507號路燈桿,NA,NA,NA,NA,NA,NA,NA,NA,NA,0,1,0,晴,夜間（或隧道、地下道、涵洞）無照明,村里道路,40,直路,一般車道（未劃分快慢車道）,柏油,乾燥,無缺陷,其他障礙物,良好,無號誌,無號誌,附標記,未繪設車道線,未繪設快慢車道分隔線,有,撞路樹、電桿,未注意車前狀態,Y000,YZ00,1,2,2013/1/3,金門縣金寧鄉林湖路00507號路燈桿,,金門縣金寧鄉林湖路00507號路燈桿,118.330303,24.4320985,普通重型 機車∕ ∕,機車普通重型,23∕0∕,受傷,15****A代號1082,其他,有適當之駕照,經檢測無酒精反應,機車前車頭,未注意車前狀態∕尚未發現肇事因素∕,未注意車前狀態∕未注意車前狀態∕,技術員及助理人員,其他,本國∕本國∕
10201,10201Y00020001,YZA1,10201YZ000003,2013,1,5,8,5,金門縣,金城鎮,西門里,NA,民權路,,,NA,,,,,,西南里公所前路段,NA,NA,NA,NA,NA,NA,NA,NA,NA,0,1,0,晴,日間自然光線,鄉道,40,四岔路,交岔口附近,柏油,乾燥,無缺陷,無障礙物,良好,行車管制號誌,正常,附標記,未繪設車道線,未繪設快慢車道分隔線,有,其他,未依規定讓車,Y000,YZ00,1,2,2013/1/5,民權路,,金門縣金城鎮西門里西南里公所前路段,118.3168946,24.4355379,自用 小客車∕普通重型 機車∕,小客車自用∕機車普通重型∕,40∕65∕,未受傷∕受傷∕,03****X代號1083∕PZ****7代號1084∕,其他∕其他∕,有適當之駕照∕有適當之駕照∕,經檢測無酒精反應∕經檢測無酒精反應∕,汽車左前車頭（身）∕機車右側車身∕,未依規定讓車∕未注意車前狀態∕,未依規定讓車∕未依規定讓車∕,家庭主婦（夫）∕無業者∕,社交活動∕購物∕,本國∕本國∕
10201,10201Y00020002,YZA1,10201YZ000004,2013,1,5,14,53,金門縣,金寧鄉,,NA,環島北路,一,,NA,250-1,,,,,,NA,NA,NA,NA,NA,NA,NA,NA,NA,0,1,0,晴,日間自然光線,村里道路,60,直路,一般車道（未劃分快慢車道）,柏油,乾燥,無缺陷,無障礙物,良好,無號誌,無號誌,無標記,未繪設車道線,未繪設快慢車道分隔線,有,對撞,違規超車,Y000,YZ00,1,2,2013/1/5,環島北路一段250-1號,,金門縣金寧鄉,118.3283226,24.4462231,自用 小貨車(含客、貨兩用)∕普通重型 機車∕,小貨車自用∕機車普通重型∕,64∕19∕,未受傷∕受傷∕,01****V代號1085∕82****L代號1086∕,其他∕其他∕,有適當之駕照∕有適當之駕照∕,經檢測無酒精反應∕經檢測無酒精反應∕,汽車前車頭∕機車前車頭∕,違規超車∕尚未發現肇事因素∕,違規超車∕違規超車∕,事務工作者∕大學（研究）生∕,業務聯繫∕其他∕,本國∕本國∕
10201,10201Y00020006,YZA1,10201YZ000009,2013,1,9,18,3,金門縣,金城鎮,,NA,民權路,,,NA,,,,,,中華電信前路段,NA,NA,NA,NA,NA,NA,NA,NA,NA,0,2,0,陰,夜間（或隧道、地下道、涵洞）有照明,村里道路,40,三岔路,交岔路口內,柏油,乾燥,無缺陷,無障礙物,良好,無號誌,無號誌,無分向設施,未繪設車道線,未繪設快慢車道分隔線,有,其他,未依規定讓車,Y000,YZ00,1,2,2013/1/9,民權路,,金門縣金城鎮中華電信前路段,118.3168946,24.4355379,腳踏自行車 慢車∕普通重型 機車∕,腳踏自行車∕機車普通重型∕,59∕20∕,受傷∕受傷∕,∕55****F代號1087∕,其他∕其他∕,非汽（機）車駕駛人∕有適當之駕照∕,非駕駛人，未檢測∕經檢測無酒精反應∕,非汽（機）車∕不明∕,未依規定讓車∕未依規定減速∕,未依規定讓車∕未依規定讓車∕,服務工作者∕大學（研究）生∕,其他∕其他∕,本國∕本國∕
10201,10201Y00020005,YZA1,10201YZ000010,2013,1,9,8,55,金門縣,金寧鄉,,NA,,,,NA,,,,,,慈湖路2段03410燈桿前路段,NA,NA,NA,NA,NA,NA,NA,NA,NA,0,1,0,晴,日間自然光線,村里道路,50,彎曲路及附近,一般車道（未劃分快慢車道）,柏油,乾燥,無缺陷,無障礙物,良好,無號誌,無號誌,附標記,未繪設車道線,未繪設快慢車道分隔線,有,衝出路外,未依規定減速,Y000,YZ00,1,2,2013/1/9,金門縣金寧鄉慈湖路2段03410燈桿前路段,,金門縣金寧鄉慈湖路2段03410燈桿前路段,118.3001065,24.4637277,普通重型 機車∕ ∕,機車普通重型,39∕0∕,受傷,31****Y代號1088,其他,有適當之駕照,經檢測無酒精反應,機車前車頭,未依規定減速∕尚未發現肇事因素∕,未依規定減速∕未依規定減速∕,其他,其他,本國∕本國∕
10201,10201Y00020008,YZA1,10201YZ000012,2013,1,10,10,50,金門縣,金城鎮,,NA,珠浦西路,,92,NA,9,,,,,旁十字路口,NA,NA,NA,NA,NA,NA,NA,NA,NA,0,1,0,晴,日間自然光線,村里道路,40,四岔路,交岔路口內,其他鋪裝,乾燥,無缺陷,無障礙物,良好,無號誌,無號誌,無分向設施,未繪設車道線,未繪設快慢車道分隔線,有,路口交岔撞,未依規定讓車,Y000,YZ00,1,2,2013/1/10,珠浦西路92巷9號,,金門縣金城鎮旁十字路口,118.3147803,24.4384226,自用 小客車∕普通重型 機車∕,小客車自用∕機車普通重型∕,46∕34∕,未受傷∕受傷∕,6F****7代號1089∕01****B代號1090∕,其他∕其他∕,有適當之駕照∕有適當之駕照∕,經檢測無酒精反應∕經檢測無酒精反應∕,汽車前車頭∕機車右側車身∕,未依規定讓車∕未依規定減速∕,未依規定讓車∕未依規定讓車∕,其他∕其他∕,業務聯繫∕其他∕,本國∕本國∕
10201,10201Y00020009,YZA1,10201YZ000013,2013,1,10,15,32,金門縣,金寧鄉,,NA,,,,NA,,,,,,埔後供水站附近十字路口,NA,NA,NA,NA,NA,NA,NA,NA,NA,0,3,0,晴,日間自然光線,村里道路,40,四岔路,交岔路口內,水泥,乾燥,無缺陷,無障礙物,良好,無號誌,無號誌,無分向設施,未繪設車道線,未繪設快慢車道分隔線,無,路口交岔撞,未依規定讓車,Y000,YZ00,1,2,2013/1/10,金門縣金寧鄉埔後供水站附近十字路口,,金門縣金寧鄉埔後供水站附近十字路口,118.317029,24.442928,普通輕型 機車∕普通重型 機車∕乘客 人,機車普通輕型∕機車普通重型∕乘客,21∕21∕21,受傷∕受傷∕受傷,TY****7代號1091∕78****W代號1092∕TY****7代號1091,其他∕其他∕其他,有適當之駕照∕有適當之駕照∕非汽（機）車駕駛人,經檢測無酒精反應∕經檢測無酒精反應∕非駕駛人，未檢測,機車前車頭∕機車右側車身∕非汽（機）車,未依規定讓車∕未依規定減速∕尚未發現肇事因素,未依規定讓車∕未依規定讓車∕未依規定讓車,大學（研究）生∕大學（研究）生∕大學（研究）生,上、下學∕上、下學∕上、下學,本國∕本國∕本國
10201,10201Y00020010,YZA1,10201YZ000014,2013,1,10,20,15,金門縣,金城鎮,,NA,珠浦西路,,,NA,22,,,,,,NA,NA,NA,NA,NA,NA,NA,NA,NA,0,2,0,晴,夜間（或隧道、地下道、涵洞）有照明,村里道路,40,三岔路,交岔路口內,柏油,乾燥,無缺陷,路上有停車,路上停放車輛,無號誌,無號誌,無分向設施,未繪設車道線,未繪設快慢車道分隔線,有,側撞,未依規定讓車,Y000,YZ00,1,2,2013/1/10,珠浦西路22號,,金門縣金城鎮,118.3147803,24.4384226,電動自行車 慢車∕普通重型 機車∕自用 小客車,電動自行車∕機車普通重型∕小客車自用,34∕26∕37,受傷∕受傷∕未受傷,∕2J****3代號1093∕6F****2代號1094,其他∕其他∕其他,非汽（機）車駕駛人∕有適當之駕照∕有適當之駕照,經檢測無酒精反應∕經檢測無酒精反應∕經觀察未飲酒,非汽（機）車∕機車前車頭∕不明,未依規定讓車∕未依規定減速∕違規停車或暫停不當而肇事,未依規定讓車∕未依規定讓車∕未依規定讓車,服務工作者∕服務工作者∕無業者,其他∕其他∕其他,本國∕本國∕本國
10201,10201Y00020012,YZA1,10201YZ000016,2013,1,11,11,34,金門縣,金城鎮,西門里,NA,民生路,,,NA,,,民權路,,,,NA,NA,NA,NA,NA,NA,NA,NA,NA,0,1,0,晴,日間自然光線,縣道,40,四岔路,交岔路口內,柏油,乾燥,無缺陷,無障礙物,良好,行車管制號誌,正常,無分向設施,未繪設車道線,未繪設快慢車道分隔線,有,側撞,未注意車前狀態,Y000,YZ00,1,2,2013/1/11,民生路,民權路,,118.318387,24.437086,普通重型 機車∕自用 小客車∕,機車普通重型∕小客車自用∕,22∕58∕,受傷∕未受傷∕,72****A代號1095∕14****S代號1096∕,其他∕其他∕,有適當之駕照∕有適當之駕照∕,經檢測無酒精反應∕經檢測無酒精反應∕,機車前車頭∕汽車右前車頭（身）∕,未注意車前狀態∕右轉彎未依規定∕,未注意車前狀態∕未注意車前狀態∕,專業人員∕大學（研究）生∕,社交活動∕社交活動∕,本國∕本國∕
10201,10201Y00030002,YZA1,10201YZ000018,2013,1,12,13,25,金門縣,金城鎮,,NA,珠浦南路,,,NA,,,,,,44巷17號前,NA,NA,NA,NA,NA,NA,NA,NA,NA,0,0,0,晴,日間自然光線,村里道路,40,三岔路,直線匝道,其他鋪裝,乾燥,無缺陷,無障礙物,良好,無號誌,無號誌,無分向設施,未繪設車道線,未繪設快慢車道分隔線,無,側撞,未依規定讓車,Y000,YZ00,1,3,2013/1/12,珠浦南路,,金門縣金城鎮44巷17號前,118.3152928,24.4311875,普通重型 機車∕自用 小客車∕,機車普通重型∕小客車自用∕,62∕32∕,未受傷∕未受傷∕,PZ****2代號26∕04****7代號1097∕,其他∕其他∕,有適當之駕照∕有適當之駕照∕,經檢測無酒精反應∕經檢測無酒精反應∕,機車前車頭∕汽車左側車身∕,未依規定讓車∕未注意車前狀態∕,未依規定讓車∕未依規定讓車∕,不明∕不明∕,其他∕其他∕,本國∕本國∕
10201,10201Y00020014,YZA1,10201YZ000020,2013,1,13,1,38,金門縣,金城鎮,,NA,北堤路,,,NA,100,,,,,,NA,NA,NA,NA,NA,NA,NA,NA,NA,0,1,0,陰,夜間（或隧道、地下道、涵洞）有照明,村里道路,40,四岔路,交岔口附近,柏油,乾燥,無缺陷,無障礙物,良好,行車管制號誌,正常,附標記,未繪設車道線,未繪設快慢車道分隔線,有,其他,未注意車前狀態,Y000,YZ00,1,2,2013/1/13,北堤路100號,,金門縣金城鎮,118.3167419,24.4294062,自用 小客車∕自用 小客車∕,小客車自用∕小客車自用∕,62∕57∕,受傷∕未受傷∕,CB****7代號1098∕04****X代號253∕,其他∕其他∕,無照（已達考照年齡）∕有適當之駕照∕,經呼氣檢測未超過0.15mg∕L或血液檢測未超過0.03∕經觀察未飲酒∕,汽車右前車頭（身）∕汽車左後車尾（身）∕,未注意車前狀態∕違規停車或暫停不當而肇事∕,未注意車前狀態∕未注意車前狀態∕,無業者∕不明∕,其他∕不明∕,本國∕本國∕
10201,10201Y00020016,YZA1,10201YZ000021,2013,1,14,13,33,金門縣,金寧鄉,,NA,伯玉路,一,,NA,,,,,,榜林圓環,NA,NA,NA,NA,NA,NA,NA,NA,NA,0,1,0,晴,日間自然光線,村里道路,40,圓環,一般車道（未劃分快慢車道）,柏油,乾燥,無缺陷,無障礙物,良好,無號誌,無號誌,無分向設施,車道線（無標記）,未繪設快慢車道分隔線,有,其他,未依規定讓車,Y000,YZ00,1,2,2013/1/14,伯玉路一段,,金門縣金寧鄉榜林圓環,118.3267756,24.4346914,自用 小客車∕普通輕型 機車∕,小客車自用∕機車普通輕型∕,50∕43∕,未受傷∕受傷∕,6F****6代號929∕WZ****0代號1099∕,其他∕其他∕,有適當之駕照∕有適當之駕照∕,經檢測無酒精反應∕經檢測無酒精反應∕,汽車左前車頭（身）∕機車右側車身∕,未依規定讓車∕未注意車前狀態∕,未依規定讓車∕未依規定讓車∕,其他∕其他∕,其他∕其他∕,本國∕本國∕
10201,10201Y00030004,YZA1,10201YZ000022,2013,1,15,1,54,金門縣,金城鎮,,NA,民生路,,,NA,6,,,,,,NA,NA,NA,NA,NA,NA,NA,NA,NA,0,0,0,晴,夜間（或隧道、地下道、涵洞）有照明,村里道路,50,直路,慢車道,柏油,乾燥,無缺陷,無障礙物,良好,無號誌,無號誌,附標記,未繪設車道線,快慢車道分隔線,有,倒車撞,倒車未依規定,Y000,YZ00,1,3,2013/1/15,民生路6號,,金門縣金城鎮,118.3190184,24.43575,自用 小客車∕普通重型 機車∕,小客車自用∕機車普通重型∕,35∕20∕,未受傷∕未受傷∕,05****7代號1100∕06****G代號1101∕,其他∕其他∕,有適當之駕照∕有適當之駕照∕,經觀察未飲酒∕經觀察未飲酒∕,汽車後車尾∕機車前車頭∕,倒車未依規定∕尚未發現肇事因素∕,倒車未依規定∕倒車未依規定∕,不明∕不明∕,不明∕不明∕,本國∕本國∕
10201,10201Y00030003,YZA1,10201YZ000023,2013,1,11,16,29,金門縣,金寧鄉,榜林村,NA,,,,NA,51之9,,,,,,NA,NA,NA,NA,NA,NA,NA,NA,NA,0,0,0,晴,日間自然光線,鄉道,40,直路,一般車道（未劃分快慢車道）,柏油,乾燥,無缺陷,無障礙物,良好,無號誌,無號誌,無分向設施,車道線（附標記）,未繪設快慢車道分隔線,有,其他,未注意車前狀態,Y000,YZ00,1,3,2013/1/11,金門縣金寧鄉榜林村51-9,,金門縣金寧鄉榜林村,118.329691,24.436387,自用 小貨車(含客、貨兩用)∕自用 小客車∕,小貨車自用∕小客車自用∕,25∕27∕,未受傷∕未受傷∕,6F****9代號1102∕73****G代號1103∕,其他∕其他∕,有適當之駕照∕有適當之駕照∕,經檢測無酒精反應∕經觀察未飲酒∕,汽車前車頭∕汽車後車尾∕,未注意車前狀態∕尚未發現肇事因素∕,未注意車前狀態∕未注意車前狀態∕,技術員及助理人員∕技術員及助理人員∕,社交活動∕其他∕,本國∕本國∕
10201,,YZA1,10201YZ000024,2013,1,15,14,38,金門縣,金城鎮,,NA,西海路,一,,NA,,,,,,03743路燈桿,NA,NA,NA,NA,NA,NA,NA,NA,NA,0,0,0,晴,NA,NA,40,NA,NA,NA,NA,NA,NA,NA,NA,NA,NA,NA,NA,NA,NA,NA,Y000,YZ00,1,4,2013/1/15,西海路一段,,金門縣金城鎮03743路燈桿,118.2906709,24.4124946,自用 小貨車(含客、貨兩用)∕自用 大貨車∕自用 小客車,小貨車自用∕大貨車自用∕小客車自用,31∕35∕38,,43****P代號1104∕14***J代號1105∕68****H代號1106,,,,,,,,,本國∕本國∕本國
10201,10201Y00020017,YZA1,10201YZ000025,2013,1,16,9,30,金門縣,金城鎮,,NA,民權路,,,NA,,,,,,70巷口,NA,NA,NA,NA,NA,NA,NA,NA,NA,0,1,0,晴,日間自然光線,村里道路,40,三岔路,交岔路口內,柏油,乾燥,無缺陷,無障礙物,良好,無號誌,無號誌,無分向設施,未繪設車道線,未繪設快慢車道分隔線,有,側撞,迴轉未依規定,Y000,YZ00,1,2,2013/1/16,民權路,,金門縣金城鎮70巷口,118.3168946,24.4355379,自用 小客車∕普通重型 機車∕,小客車自用∕機車普通重型∕,55∕31∕,未受傷∕受傷∕,EU****7代號1107∕33****F代號743∕,其他∕其他∕,有適當之駕照∕有適當之駕照∕,經檢測無酒精反應∕經檢測無酒精反應∕,汽車左側車身∕機車前車頭∕,迴轉未依規定∕未注意車前狀態∕,迴轉未依規定∕迴轉未依規定∕,其他∕其他∕,其他∕其他∕,本國∕本國∕
10201,10201Y00020018,YZA1,10201YZ000026,2013,1,17,8,20,金門縣,金寧鄉,安美里,NA,頂林路,,,NA,,,瓊安路,,,,NA,NA,NA,NA,NA,NA,NA,NA,NA,0,1,0,晴,日間自然光線,鄉道,50,四岔路,公車專用道,柏油,乾燥,無缺陷,無障礙物,良好,閃光號誌,正常,無分向設施,未繪設車道線,未繪設快慢車道分隔線,有,路口交岔撞,未依規定讓車,Y000,YZ00,1,2,2013/1/17,頂林路,瓊安路,,118.32535,24.46123779,普通重型 機車∕自用 小客車∕乘客 人,機車普通重型∕小客車自用∕乘客,33∕33∕7,未受傷∕未受傷∕受傷,73****E代號1108∕V3****0代號1109∕73****E代號1108,其他∕其他∕其他,有適當之駕照∕有適當之駕照∕非汽（機）車駕駛人,經檢測無酒精反應∕經檢測無酒精反應∕非駕駛人，未檢測,機車後車尾∕汽車左前車頭（身）∕非汽（機）車,未依規定讓車∕未依規定減速∕尚未發現肇事因素,未依規定讓車∕未依規定讓車∕未依規定讓車,技術員及助理人員∕技術員及助理人員∕小學生,上、下班∕業務聯繫∕上、下學,本國∕本國∕本國
10201,10201Y00020019,YZA1,10201YZ000027,2013,1,17,13,55,金門縣,金城鎮,,NA,金山路,,,NA,,,,,,歐厝路口,NA,NA,NA,NA,NA,NA,NA,NA,NA,0,1,0,陰,日間自然光線,縣道,50,四岔路,交岔路口內,柏油,乾燥,無缺陷,無障礙物,良好,無號誌,無號誌,無分向設施,未繪設車道線,未繪設快慢車道分隔線,有,側撞,左轉彎未依規定,Y000,YZ00,NA,NA,2013/1/17,金山路,,金門縣金城鎮歐厝路口,118.3277754,24.4167689,自用 大貨車∕普通重型 機車∕,大貨車自用∕機車普通重型∕,43∕30∕,未受傷∕受傷∕,16***J代號1110∕15****C代號1111∕,其他∕其他∕,有適當之駕照∕有適當之駕照∕,經檢測無酒精反應∕經檢測無酒精反應∕,汽車右前車頭（身）∕機車右側車身∕,左轉彎未依規定∕未依規定減速∕,左轉彎未依規定∕左轉彎未依規定∕,技術工∕技術員及助理人員∕,其他∕其他∕,本國∕本國∕
10201,10201Y00020020,YZA1,10201YZ000028,2013,1,18,8,12,金門縣,金寧鄉,,NA,環島西路,二,,NA,,,大學路,,,,NA,NA,NA,NA,NA,NA,NA,NA,NA,0,1,0,晴,日間自然光線,村里道路,50,三岔路,交岔路口內,柏油,乾燥,無缺陷,無障礙物,良好,閃光號誌,正常,無分向設施,未繪設車道線,未繪設快慢車道分隔線,有,側撞,違規超車,Y000,YZ00,1,2,2013/1/18,環島西路二段,大學路,,118.319604,24.444293,普通重型 機車∕普通重型 機車∕,機車普通重型∕機車普通重型∕,22∕75∕,未受傷∕受傷∕,30****T代號1112∕3J****9代號1113∕,其他∕其他∕,有適當之駕照∕越級駕駛∕,經檢測無酒精反應∕經檢測無酒精反應∕,機車前車頭∕機車後車尾∕,違規超車∕未依規定使用燈光∕,違規超車∕違規超車∕,大學（研究）生∕家庭主婦（夫）∕,上、下學∕社交活動∕,本國∕本國∕
10201,,YZA1,10201YZ000030,2013,1,21,21,59,金門縣,金城鎮,,NA,西海路,三,,NA,,,,,,北堤路口,NA,NA,NA,NA,NA,NA,NA,NA,NA,0,0,0,晴,NA,NA,40,NA,NA,NA,NA,NA,NA,NA,NA,NA,NA,NA,NA,NA,NA,NA,Y000,YZ00,1,4,2013/1/21,西海路三段,,金門縣金城鎮北堤路口,118.3124964,24.4226194,自用 小客車∕自用 小貨車(含客、貨兩用)∕,小客車自用∕小貨車自用∕,43∕34∕,,24****S代號1114∕6F****1代號1115∕,,,,,,,,,本國∕本國∕
10201,,YZA1,10201YZ000031,2013,1,3,13,35,金門縣,金城鎮,,NA,西海路,二,,NA,,,,,,03715燈桿前路段,NA,NA,NA,NA,NA,NA,NA,NA,NA,0,2,0,晴,日間自然光線,村里道路,50,三岔路,交岔路口內,柏油,乾燥,無缺陷,無障礙物,良好,無號誌,無號誌,無分向設施,未繪設車道線,未繪設快慢車道分隔線,有,追撞,未保持行車安全距離,Y000,YZ00,3,2,2013/1/3,西海路二段,,金門縣金城鎮03715燈桿前路段,118.3041626,24.4144371,普通重型 機車∕自用 小客車∕,機車普通重型∕小客車自用∕,36∕59∕,受傷∕受傷∕,PZ****9代號1116∕15****V代號1117∕,其他∕其他∕,有適當之駕照∕有適當之駕照∕,不明∕不明∕,機車前車頭∕汽車右後車尾（身）∕,未保持行車安全距離∕尚未發現肇事因素∕,未保持行車安全距離∕未保持行車安全距離∕,其他∕其他∕,其他∕其他∕,本國∕本國∕
10201,10201Y00030005,YZA1,10201YZ000034,2013,1,23,15,45,金門縣,金城鎮,,NA,,,,NA,,,,,,后湖往泗湖05543號路燈桿前,NA,NA,NA,NA,NA,NA,NA,NA,NA,0,0,0,晴,日間自然光線,村里道路,50,彎曲路及附近,一般車道（未劃分快慢車道）,柏油,乾燥,無缺陷,無障礙物,良好,無號誌,無號誌,無標記,未繪設車道線,未繪設快慢車道分隔線,有,對向擦撞,不明原因肇事,Y000,YZ00,1,3,2013/1/23,金門縣金城鎮后湖往泗湖05543號路燈桿前,,金門縣金城鎮后湖往泗湖05543號路燈桿前,118.343172,24.421356,自用 小客車∕自用 小客車∕,小客車自用∕小客車自用∕,0∕53∕,不明∕未受傷∕,∕6F****2代號1118∕,其他∕其他∕,不明∕有適當之駕照∕,不明∕經檢測無酒精反應∕,不明∕汽車左前車頭（身）∕,不明原因肇事∕未保持行車安全間隔∕,不明原因肇事∕不明原因肇事∕,不明∕事務工作者∕,不明∕其他∕,本國∕本國∕
10201,10201Y00020025,YZA1,10201YZ000035,2013,1,24,15,8,金門縣,金城鎮,珠沙里,NA,珠水路,,,NA,,,金山路,,,珠山路口,NA,NA,NA,NA,NA,NA,NA,NA,NA,0,1,0,晴,日間自然光線,鄉道,50,四岔路,交岔路口內,柏油,乾燥,無缺陷,無障礙物,良好,無號誌,無號誌,無分向設施,未繪設車道線,未繪設快慢車道分隔線,有,側撞,未依規定讓車,Y000,YZ00,1,2,2013/1/24,珠水路,金山路,,118.3190972,24.40260281,自用 小客車∕普通重型 機車∕,小客車自用∕機車普通重型∕,28∕19∕,未受傷∕受傷∕,L6****3代號1119∕72****D代號1120∕,其他∕其他∕,有適當之駕照∕有適當之駕照∕,經檢測無酒精反應∕經檢測無酒精反應∕,汽車右前車頭（身）∕機車後車尾∕,未依規定讓車∕未依規定減速∕,未依規定讓車∕未依規定讓車∕,技術員及助理人員∕高中生∕,社交活動∕社交活動∕,本國∕本國∕
10201,10201Y00020026,YZA1,10201YZ000036,2013,1,24,18,20,金門縣,金城鎮,,NA,環島西路,一,,NA,,,,,,莒光發電廠前,NA,NA,NA,NA,NA,NA,NA,NA,NA,0,1,0,晴,夜間（或隧道、地下道、涵洞）有照明,村里道路,50,彎曲路及附近,一般車道（未劃分快慢車道）,柏油,乾燥,無缺陷,道路工事（程）中,良好,無號誌,無號誌,無標記,未繪設車道線,未繪設快慢車道分隔線,有,對向擦撞,未依規定減速,Y000,YZ00,1,2,2013/1/24,環島西路一段,,金門縣金城鎮莒光發電廠前,118.3184801,24.4172073,自用 小客車∕普通重型 機車∕,小客車自用∕機車普通重型∕,25∕19∕,未受傷∕受傷∕,WY****3代號1121∕39****F代號1122∕,其他∕其他∕,有適當之駕照∕有適當之駕照∕,經檢測無酒精反應∕經檢測無酒精反應∕,汽車右側車身∕機車前車頭∕,未依規定減速∕尚未發現肇事因素∕,未依規定減速∕未依規定減速∕,其他∕其他∕,其他∕其他∕,本國∕本國∕
10201,10201Y00020033,YZA1,10201YZ000037,2013,1,25,14,0,金門縣,金城鎮,珠沙里,NA,,,,NA,,,,,,和平新村6號旁路口,NA,NA,NA,NA,NA,NA,NA,NA,NA,0,1,0,晴,日間自然光線,村里道路,40,四岔路,交岔路口內,水泥,乾燥,無缺陷,無障礙物,良好,無號誌,無號誌,無分向設施,未繪設車道線,未繪設快慢車道分隔線,無,路口交岔撞,未依規定減速,Y000,YZ00,1,2,2013/1/25,金門縣金城鎮珠沙里和平新村6號旁路口,,金門縣金城鎮珠沙里和平新村6號旁路口,118.3166667,24.4166667,自用 小客車∕普通重型 機車∕,小客車自用∕機車普通重型∕,58∕53∕,未受傷∕受傷∕,02****X代號1123∕3J****5代號1124∕,其他∕其他∕,有適當之駕照∕有適當之駕照∕,經檢測無酒精反應∕經呼氣檢測超過0.80mg∕L或血液檢測超過0.16∕,汽車左前車頭（身）∕機車前車頭∕,未依規定減速∕未依規定讓車∕,未依規定減速∕未依規定減速∕,技術員及助理人員∕技術員及助理人員∕,其他∕其他∕,本國∕本國∕