年月,總編號,處理單位,處理編號,年,月,日,時,分,縣市,區,村里,鄰,街道,段,巷,弄,號,公尺處,街道.1,段.1,側,附近,道路,公里,公尺處.1,向,車道,平交道,公里.1,公尺處.2,附近.1,死,受傷,X2.30,天候,光線,道路類別,速限,道路型態,事故位置,路面鋪裝,路面狀態,路面缺陷,障礙物,視距,號誌種類,號誌動作,分向設施,快車道或一般車道間,快慢車道間,路面邊線,事故類型及型態,主要肇因,警局,分局,案件類別,事故類別,日期,道路1,道路2,概略位置,lon,lat,車種,當事者區分.類別.,年齡,受傷程度,車輛牌照號碼,車輛用途,駕駛資格情形,飲酒情形,車輛撞擊部位最初,肇事因素個別,肇事因素主要,職.業,旅次目的,國籍
10201,10201Y00020024,YZA1,10201YZ000038,2013,1,23,22,0,金門縣,金寧鄉,,NA,瓊安路,,,NA,,,,,,07464號燈桿前路段,NA,NA,NA,NA,NA,NA,NA,NA,NA,0,1,0,晴,夜間（或隧道、地下道、涵洞）有照明,縣道,50,直路,一般車道（未劃分快慢車道）,柏油,乾燥,無缺陷,無障礙物,良好,無號誌,無號誌,無標記,未繪設車道線,未繪設快慢車道分隔線,有,路上翻車、摔倒,酒醉（後）駕駛失控,Y000,YZ00,1,2,2013/1/23,瓊安路,,金門縣金寧鄉07464號燈桿前路段,118.343873,24.4603508,普通重型 機車∕ ∕,機車普通重型,44∕0∕,受傷,39****E代號1125,其他,無照（已達考照年齡）,經呼氣檢測0.41至0.55mg∕L或血液檢測0.081至0.11,機車左側車身,酒醉（後）駕駛失控∕尚未發現肇事因素∕,酒醉（後）駕駛失控∕酒醉（後）駕駛失控∕,其他,其他,本國∕本國∕
10201,10201Y00020034,YZA1,10201YZ000039,2013,1,28,7,50,金門縣,金寧鄉,,NA,伯玉路,三,,NA,,,,,,中山林前路段,NA,NA,NA,NA,NA,NA,NA,NA,NA,0,1,0,晴,日間自然光線,縣道,70,直路,一般車道（未劃分快慢車道）,柏油,乾燥,無缺陷,無障礙物,良好,無號誌,無號誌,無標記,未繪設車道線,快慢車道分隔線,有,衝出路外,未注意車前狀態,Y000,YZ00,1,2,2013/1/28,伯玉路三段,,金門縣金寧鄉中山林前路段,118.3646755,24.4460136,普通輕型 機車∕ ∕,機車普通輕型,54∕0∕,受傷,71****X代號1126,其他,有適當之駕照,經檢測無酒精反應,機車前車頭,未注意車前狀態∕尚未發現肇事因素∕,未注意車前狀態∕未注意車前狀態∕,服務工作者,上、下班,本國∕本國∕
10201,10201Y00020027,YZA1,10201YZ000040,2013,1,28,12,58,金門縣,金城鎮,,NA,環島北路,一,38,1,5,,,,,,NA,NA,NA,NA,NA,NA,NA,NA,NA,0,1,0,晴,日間自然光線,村里道路,40,直路,一般車道（未劃分快慢車道）,柏油,乾燥,無缺陷,無障礙物,良好,無號誌,無號誌,無分向設施,未繪設車道線,未繪設快慢車道分隔線,無,倒車撞,倒車未依規定,Y000,YZ00,1,2,2013/1/28,環島北路一段38巷1弄5號,,金門縣金城鎮,118.3283226,24.4462231,自用 小客車∕普通重型 機車∕,小客車自用∕機車普通重型∕,45∕57∕,未受傷∕受傷∕,04****X代號1127∕PZ****6代號1128∕,其他∕其他∕,有適當之駕照∕有適當之駕照∕,經檢測無酒精反應∕經檢測無酒精反應∕,汽車左後車尾（身）∕機車前車頭∕,倒車未依規定∕尚未發現肇事因素∕,倒車未依規定∕倒車未依規定∕,其他∕其他∕,其他∕其他∕,本國∕本國∕
10201,10201Y00030006,YZA1,10201YZ000041,2013,1,29,7,4,金門縣,金城鎮,,NA,民生路,,,NA,10,,,,,天主教堂前停車格,NA,NA,NA,NA,NA,NA,NA,NA,NA,0,0,0,晴,日間自然光線,村里道路,40,四岔路,交岔口附近,柏油,乾燥,無缺陷,無障礙物,良好,無號誌,無號誌,附標記,未繪設車道線,未繪設快慢車道分隔線,有,其他,未注意車前狀態,Y000,YZ00,1,3,2013/1/29,民生路10號,,金門縣金城鎮天主教堂前停車格,118.3190184,24.43575,自用 小客車∕自用 小客車∕,小客車自用∕小客車自用∕,27∕37∕,未受傷∕未受傷∕,10****S代號1129∕06****X代號1130∕,其他∕其他∕,有適當之駕照∕有適當之駕照∕,經檢測無酒精反應∕經觀察未飲酒∕,汽車右前車頭（身）∕汽車左側車身∕,未注意車前狀態∕尚未發現肇事因素∕,未注意車前狀態∕未注意車前狀態∕,不明∕不明∕,不明∕不明∕,本國∕本國∕
10201,10201Y00020032,YZA1,10201YZ000042,2013,1,30,17,45,金門縣,金城鎮,,NA,民權路,,,NA,,,民生路,,,,NA,NA,NA,NA,NA,NA,NA,NA,NA,0,1,0,晴,日間自然光線,村里道路,50,四岔路,交岔路口內,柏油,乾燥,無缺陷,無障礙物,良好,行車管制號誌,正常,無分向設施,未繪設車道線,未繪設快慢車道分隔線,有,路口交岔撞,違反號誌管制或指揮,Y000,YZ00,1,2,2013/1/30,民權路,民生路,,118.318387,24.437086,自用 小客車∕普通重型 機車∕,小客車自用∕機車普通重型∕,64∕25∕,未受傷∕受傷∕,6F****6代號1131∕PZ****3代號1132∕,其他∕其他∕,有適當之駕照∕有適當之駕照∕,經檢測無酒精反應∕經檢測無酒精反應∕,汽車右側車身∕機車前車頭∕,違反號誌管制或指揮∕尚未發現肇事因素∕,違反號誌管制或指揮∕違反號誌管制或指揮∕,不明∕不明∕,上、下班∕上、下班∕,本國∕本國∕
10201,10201Y00020031,YZA1,10201YZ000044,2013,1,31,11,5,金門縣,金寧鄉,盤山村,NA,林堡路,,頂堡,NA,Jan-62,,,,,,NA,NA,NA,NA,NA,NA,NA,NA,NA,0,1,0,晴,日間自然光線,鄉道,40,四岔路,交岔路口內,柏油,乾燥,無缺陷,無障礙物,良好,無號誌,無號誌,無分向設施,未繪設車道線,未繪設快慢車道分隔線,有,路口交岔撞,未依規定讓車,Y000,YZ00,1,2,2013/1/31,林堡路頂堡巷62-1號,,金門縣金寧鄉盤山村,118.3345146,24.4434579,普通重型 機車∕自用 小貨車(含客、貨兩用)∕,機車普通重型∕小貨車自用∕,19∕48∕,受傷∕未受傷∕,33****G代號1133∕9F****1代號1134∕,其他∕其他∕,有適當之駕照∕有適當之駕照∕,經檢測無酒精反應∕經檢測無酒精反應∕,機車前車頭∕汽車左前車頭（身）∕,未依規定讓車∕未依規定減速∕,未依規定讓車∕未依規定讓車∕,技術員及助理人員∕技術工∕,社交活動∕社交活動∕,本國∕本國∕
10202,10202Y00030001,YYA1,10202YY000001,2013,2,2,22,10,金門縣,金湖鎮,,NA,,,,NA,,,,,,信義新村94號前,NA,NA,NA,NA,NA,NA,NA,NA,NA,0,0,0,晴,夜間（或隧道、地下道、涵洞）有照明,村里道路,40,巷弄,一般車道（未劃分快慢車道）,水泥,乾燥,無缺陷,無障礙物,良好,無號誌,無號誌,無分向設施,未繪設車道線,未繪設快慢車道分隔線,無,其他,未注意車前狀態,Y000,YY00,1,3,2013/2/2,金門縣金湖鎮信義新村94號前,,金門縣金湖鎮信義新村94號前,118.410361,24.435293,自用 小客車∕自用 小客車∕,小客車自用∕小客車自用∕,25∕25∕,未受傷∕未受傷∕,20****S代號1135∕06****X代號1136∕,其他∕其他∕,有適當之駕照∕有適當之駕照∕,不明∕經觀察未飲酒∕,汽車右前車頭（身）∕汽車右後車尾（身）∕,未注意車前狀態∕尚未發現肇事因素∕,未注意車前狀態∕未注意車前狀態∕,服務工作者∕不明∕,不明∕不明∕,本國∕本國∕
10202,10202Y00030003,YYA1,10202YY000005,2013,2,5,7,36,金門縣,金湖鎮,,NA,環島南路,四,,NA,,,瓊徑路,,,,NA,NA,NA,NA,NA,NA,NA,NA,NA,0,0,0,雨,日間自然光線,村里道路,50,三岔路,交岔路口內,柏油,濕潤,無缺陷,無障礙物,良好,行車管制號誌,正常,無分向設施,未繪設車道線,未繪設快慢車道分隔線,有,追撞,未保持行車安全距離,Y000,YY00,1,3,2013/2/5,環島南路四段,瓊徑路,,118.3917905,24.44048713,自用 小客車∕自用 小客車∕,小客車自用∕小客車自用∕,34∕43∕,未受傷∕未受傷∕,00****V代號1137∕82****H代號1138∕,其他∕其他∕,有適當之駕照∕有適當之駕照∕,經檢測無酒精反應∕經檢測無酒精反應∕,汽車前車頭∕汽車後車尾∕,未保持行車安全距離∕尚未發現肇事因素∕,未保持行車安全距離∕未保持行車安全距離∕,服務工作者∕服務工作者∕,上、下班∕上、下班∕,本國∕本國∕
10202,,YYA1,10202YY000007,2013,2,8,11,53,金門縣,金湖鎮,,NA,中山路,,,NA,,,,,,尚義機場航廈前,NA,NA,NA,NA,NA,NA,NA,NA,NA,0,0,0,晴,NA,NA,40,NA,NA,NA,NA,NA,NA,NA,NA,NA,NA,NA,NA,NA,NA,NA,Y000,YY00,1,4,2013/2/8,中山路,,金門縣金湖鎮尚義機場航廈前,118.364975,24.4413821,計程車 小客車∕自用 小客車∕,小客車計程車∕小客車自用∕,34∕59∕,,V2***3代號1139∕44****M代號1140∕,,,,,,,,,本國∕本國∕
10202,10202Y00030005,YYA1,10202YY000008,2013,2,8,15,10,金門縣,金湖鎮,新市里,NA,復興路,,,NA,60,,,,,,NA,NA,NA,NA,NA,NA,NA,NA,NA,0,0,0,晴,日間自然光線,村里道路,40,直路,一般車道（未劃分快慢車道）,柏油,乾燥,無缺陷,無障礙物,良好,無號誌,無號誌,無標記,未繪設車道線,未繪設快慢車道分隔線,有,其他,開啟車門不當而肇事,Y000,YY00,1,3,2013/2/8,復興路60號,,金門縣金湖鎮新市里,118.4161413,24.4412321,自用 小客車∕自用 小客車∕,小客車自用∕小客車自用∕,29∕37∕,未受傷∕未受傷∕,28****F代號1141∕6F****7代號1142∕,其他∕其他∕,有適當之駕照∕有適當之駕照∕,經檢測無酒精反應∕經檢測無酒精反應∕,汽車左側車身∕汽車右前車頭（身）∕,開啟車門不當而肇事∕未注意車前狀態∕,開啟車門不當而肇事∕開啟車門不當而肇事∕,服務工作者∕家庭主婦（夫）∕,社交活動∕其他∕,本國∕本國∕
10202,10202Y00020004,YYA1,10202YY000011,2013,2,9,11,15,金門縣,金沙鎮,,NA,勝利路,,,NA,,,,,,82號張氏宗祠旁,NA,NA,NA,NA,NA,NA,NA,NA,NA,0,1,0,晴,日間自然光線,村里道路,30,四岔路,交岔路口內,其他鋪裝,乾燥,無缺陷,無障礙物,建築物,無號誌,無號誌,無分向設施,未繪設車道線,未繪設快慢車道分隔線,無,路口交岔撞,未依規定讓車,Y000,YY00,1,2,2013/2/9,勝利路,,金門縣金沙鎮82號張氏宗祠旁,118.4119858,24.4909083,普通重型 機車∕普通重型 機車∕乘客 人,機車普通重型∕機車普通重型∕乘客,50∕19∕52,未受傷∕未受傷∕受傷,23****W代號1143∕75****D代號1144∕75****D代號1144,其他∕其他∕其他,有適當之駕照∕有適當之駕照∕非汽（機）車駕駛人,經檢測無酒精反應∕經檢測無酒精反應∕非駕駛人，未檢測,機車前車頭∕機車左側車身∕非汽（機）車,未依規定讓車∕未依規定減速∕尚未發現肇事因素,未依規定讓車∕未依規定讓車∕未依規定讓車,服務工作者∕服務工作者∕服務工作者,社交活動∕社交活動∕社交活動,本國∕本國∕本國
10202,10202Y00030006,YYA1,10202YY000016,2013,2,14,10,15,金門縣,金湖鎮,,NA,,,,NA,,,,,,太武山公墓內車道,NA,NA,NA,NA,NA,NA,NA,NA,NA,0,0,0,晴,日間自然光線,其他,40,直路,一般車道（未劃分快慢車道）,柏油,乾燥,無缺陷,無障礙物,良好,無號誌,無號誌,無分向設施,未繪設車道線,未繪設快慢車道分隔線,有,倒車撞,倒車未依規定,Y000,YY00,1,3,2013/2/14,金門縣金湖鎮太武山公墓內車道,,金門縣金湖鎮太武山公墓內車道,118.4279933,24.4376913,自用 小客車∕自用 小客車∕,小客車自用∕小客車自用∕,30∕43∕,未受傷∕未受傷∕,AA*****0代號1145∕8A****5代號1146∕,其他∕其他∕,有適當之駕照∕有適當之駕照∕,經檢測無酒精反應∕經檢測無酒精反應∕,汽車右前車頭（身）∕汽車左前車頭（身）∕,倒車未依規定∕未注意車前狀態∕,倒車未依規定∕倒車未依規定∕,其他∕其他∕,其他∕其他∕,本國∕本國∕
10202,10202Y00020007,YYA1,10202YY000021,2013,2,12,14,40,金門縣,金沙鎮,,NA,陽沙路,,,NA,,,,,,山西路段02126號路燈桿,NA,NA,NA,NA,NA,NA,NA,NA,NA,0,1,0,晴,日間自然光線,村里道路,50,彎曲路及附近,路肩、路緣,柏油,乾燥,無缺陷,無障礙物,良好,無號誌,無號誌,附標記,未繪設車道線,未繪設快慢車道分隔線,有,撞路樹、電桿,未依規定減速,Y000,YY00,1,2,2013/2/12,陽沙路,,金門縣金沙鎮山西路段02126號路燈桿,118.432385,24.4814738,普通重型 機車∕ ∕,機車普通重型,48∕0∕,受傷,59****T代號1147,其他,有適當之駕照,經檢測無酒精反應,機車前車頭,未依規定減速∕尚未發現肇事因素∕,未依規定減速∕未依規定減速∕,其他,其他,本國∕本國∕
10202,10202Y00020013,YYA1,10202YY000023,2013,2,22,11,0,金門縣,金湖鎮,,NA,環島南路,三,,NA,,,瓊義路,,,,NA,NA,NA,NA,NA,NA,NA,NA,NA,0,1,0,晴,日間自然光線,村里道路,60,四岔路,交岔路口內,柏油,乾燥,無缺陷,無障礙物,良好,行車管制號誌,正常,無分向設施,未繪設車道線,未繪設快慢車道分隔線,有,路上翻車、摔倒,未注意車前狀態,Y000,YY00,1,2,2013/2/22,環島南路三段,瓊義路,,118.3762326,24.4440968,自用 小貨車(含客、貨兩用)∕ ∕,小貨車自用,25∕0∕,受傷,6F****7代號1148,其他,有適當之駕照,經檢測無酒精反應,汽車右側車身,未注意車前狀態∕尚未發現肇事因素∕,未注意車前狀態∕未注意車前狀態∕,服務工作者,運輸,本國∕本國∕
10202,10202Y00030007,YYA1,10202YY000029,2013,2,24,15,10,金門縣,金湖鎮,,NA,伯玉路,五,,NA,,,,,,無愧亭,NA,NA,NA,NA,NA,NA,NA,NA,NA,0,0,0,晴,日間自然光線,村里道路,50,彎曲路及附近,一般車道（未劃分快慢車道）,柏油,乾燥,無缺陷,無障礙物,彎道,無號誌,無號誌,無標記,未繪設車道線,未繪設快慢車道分隔線,有,撞護欄（樁）,未依規定減速,Y000,YY00,1,3,2013/2/24,伯玉路五段,,金門縣金湖鎮無愧亭,118.3897645,24.4505133,自用 小客車∕ ∕,小客車自用,29∕0∕,未受傷,6F****5代號1149,其他,有適當之駕照,經檢測無酒精反應,汽車前車頭,未依規定減速∕尚未發現肇事因素∕,未依規定減速∕未依規定減速∕,服務工作者,社交活動,本國∕本國∕
10202,10202Y00020019,YYA1,10202YY000033,2013,2,26,15,32,金門縣,金湖鎮,,NA,環島北路,三,,NA,,,,,,屠宰場路段07097號路燈桿,NA,NA,NA,NA,NA,NA,NA,NA,NA,0,1,0,雨,日間自然光線,村里道路,60,直路,一般車道（未劃分快慢車道）,柏油,濕潤,無缺陷,無障礙物,良好,無號誌,無號誌,附標記,未繪設車道線,未繪設快慢車道分隔線,有,路上翻車、摔倒,未注意車前狀態,Y000,YY00,1,2,2013/2/26,環島北路三段,,金門縣金湖鎮屠宰場路段07097號路燈桿,118.388325,24.466263,普通輕型 機車∕ ∕,機車普通輕型,35∕0∕,受傷,66****B代號1150,其他,有適當之駕照,經檢測無酒精反應,機車前車頭,未注意車前狀態∕尚未發現肇事因素∕,未注意車前狀態∕未注意車前狀態∕,服務工作者,業務聯繫,本國∕本國∕
10202,10202Y00020020,YYA1,10202YY000034,2013,2,27,12,52,金門縣,金沙鎮,,NA,環島北路,三,,NA,,,,,,下塘頭8號前路口,NA,NA,NA,NA,NA,NA,NA,NA,NA,0,1,0,雨,日間自然光線,村里道路,60,三岔路,交岔路口內,柏油,濕潤,無缺陷,無障礙物,良好,無號誌,無號誌,無分向設施,未繪設車道線,未繪設快慢車道分隔線,有,側撞,未依規定讓車,Y000,YY00,1,2,2013/2/27,環島北路三段,,金門縣金沙鎮下塘頭8號前路口,118.388325,24.466263,自用 小客車∕普通重型 機車∕,小客車自用∕機車普通重型∕,37∕29∕,未受傷∕受傷∕,6F****1代號1151∕85****E代號1152∕,其他∕其他∕,有適當之駕照∕有適當之駕照∕,經檢測無酒精反應∕經檢測無酒精反應∕,汽車右側車身∕機車前車頭∕,未依規定讓車∕未依規定減速∕,未依規定讓車∕未依規定讓車∕,其他∕其他∕,其他∕上、下班∕,本國∕本國∕
10202,,YYA1,10202YY000036,2013,2,11,20,26,金門縣,金沙鎮,何斗里,NA,高陽路,,,NA,,,,,,斗門路段,NA,NA,NA,NA,NA,NA,NA,NA,NA,0,0,0,NA,NA,NA,0,NA,NA,NA,NA,NA,NA,NA,NA,NA,NA,NA,NA,NA,NA,NA,Y000,YY00,1,4,2013/2/11,高陽路,,金門縣金沙鎮何斗里斗門路段,118.4078483,24.4727311,自用 小客車∕ ∕,小客車自用,30∕0∕,,09****2代號1153,,,,,,,,,本國∕本國∕
10202,,YYA1,10202YY000037,2013,2,18,11,50,金門縣,金湖鎮,新湖里,NA,太湖路,一,,NA,,,,,,近太武圓環路段,NA,NA,NA,NA,NA,NA,NA,NA,NA,0,0,0,NA,NA,NA,0,NA,NA,NA,NA,NA,NA,NA,NA,NA,NA,NA,NA,NA,NA,NA,Y000,YY00,1,4,2013/2/18,太湖路一段,,金門縣金湖鎮新湖里近太武圓環路段,118.4047483,24.4473343,自用 小貨車(含客、貨兩用)∕自用 小貨車(含客、貨兩用)∕,小貨車自用∕小貨車自用∕,53∕62∕,,76****K代號1154∕6F****0代號1155∕,,,,,,,,,本國∕本國∕
10202,,YYA1,10202YY000038,2013,2,23,16,37,金門縣,金湖鎮,新市里,NA,太湖路,二,,NA,,,,,,士校路路口,NA,NA,NA,NA,NA,NA,NA,NA,NA,0,0,0,NA,NA,NA,0,NA,NA,NA,NA,NA,NA,NA,NA,NA,NA,NA,NA,NA,NA,NA,Y000,YY00,1,4,2013/2/23,太湖路二段,,金門縣金湖鎮新市里士校路路口,118.4170143,24.4394812,自用 小客車∕普通重型 機車∕,小客車自用∕機車普通重型∕,61∕20∕,,WY****9代號1156∕87****C代號1157∕,,,,,,,,,本國∕本國∕
10202,10202Y00030002,YZA1,10202YZ000002,2013,2,4,11,34,金門縣,金寧鄉,仁愛新村,NA,,,,NA,74,,,,,,NA,NA,NA,NA,NA,NA,NA,NA,NA,0,0,0,晴,日間自然光線,鄉道,50,四岔路,交岔口附近,柏油,乾燥,無缺陷,無障礙物,良好,閃光號誌,正常,附標記,未繪設車道線,未繪設快慢車道分隔線,有,對向擦撞,右轉彎未依規定,Y000,YZ00,1,3,2013/2/4,金門縣金寧鄉仁愛新村74,,金門縣金寧鄉仁愛新村,118.3346958,24.4507473,自用 小客車∕營業用 小貨車(含客、貨兩用)∕,小客車自用∕小貨車營業用∕,59∕45∕,未受傷∕未受傷∕,13****V代號102∕11***N代號939∕,其他∕其他∕,有適當之駕照∕有適當之駕照∕,經檢測無酒精反應∕經檢測無酒精反應∕,汽車右前車頭（身）∕汽車左前車頭（身）∕,右轉彎未依規定∕尚未發現肇事因素∕,右轉彎未依規定∕右轉彎未依規定∕,服務工作者∕技術員及助理人員∕,社交活動∕業務聯繫∕,本國∕本國∕
10202,10202Y00020001,YZA1,10202YZ000003,2013,2,5,13,25,金門縣,金城鎮,北門里,NA,民生路,,,NA,14,,,,,,NA,NA,NA,NA,NA,NA,NA,NA,NA,0,1,0,陰,日間自然光線,村里道路,40,直路,一般車道（未劃分快慢車道）,柏油,濕潤,無缺陷,無障礙物,良好,無號誌,無號誌,附標記,未繪設車道線,快慢車道分隔線,有,其他,開啟車門不當而肇事,Y000,YZ00,1,2,2013/2/5,民生路14號,,金門縣金城鎮北門里,118.3190184,24.43575,自用 小貨車(含客、貨兩用)∕普通輕型 機車∕,小貨車自用∕機車普通輕型∕,61∕71∕,未受傷∕受傷∕,WY****7代號1158∕WZ****5代號1159∕,其他∕其他∕,有適當之駕照∕有適當之駕照∕,經檢測無酒精反應∕經檢測無酒精反應∕,汽車左側車身∕機車右側車身∕,開啟車門不當而肇事∕未注意車前狀態∕,開啟車門不當而肇事∕開啟車門不當而肇事∕,技術員及助理人員∕無業者∕,業務聯繫∕社交活動∕,本國∕本國∕
10202,10202Y00030004,YZA1,10202YZ000004,2013,2,5,20,34,金門縣,金城鎮,,NA,浯江路,,,NA,17,,,,,,NA,NA,NA,NA,NA,NA,NA,NA,NA,0,0,0,雨,夜間（或隧道、地下道、涵洞）有照明,村里道路,50,直路,一般車道（未劃分快慢車道）,柏油,濕潤,無缺陷,無障礙物,良好,無號誌,無號誌,無標記,未繪設車道線,未繪設快慢車道分隔線,有,同向擦撞,未注意車前狀態,Y000,YZ00,1,3,2013/2/5,浯江路17號,,金門縣金城鎮,118.3268081,24.4262292,自用 小客車∕自用 小客車∕,小客車自用∕小客車自用∕,50∕36∕,未受傷∕未受傷∕,65****K代號1160∕81****B代號1161∕,其他∕其他∕,有適當之駕照∕有適當之駕照∕,經檢測無酒精反應∕經觀察未飲酒∕,汽車右側車身∕汽車左側車身∕,未注意車前狀態∕尚未發現肇事因素∕,未注意車前狀態∕未注意車前狀態∕,事務工作者∕事務工作者∕,其他∕其他∕,本國∕本國∕
10202,10202Y00020024,YZA1,10202YZ000006,2013,2,7,23,58,金門縣,金寧鄉,,NA,伯玉路,二,,NA,,,,,,00174燈桿前路段,NA,NA,NA,NA,NA,NA,NA,NA,NA,0,1,0,陰,夜間（或隧道、地下道、涵洞）有照明,縣道,70,直路,一般車道（未劃分快慢車道）,柏油,乾燥,無缺陷,無障礙物,良好,無號誌,無號誌,附標記,未繪設車道線,快慢車道分隔線,有,撞路樹、電桿,不明原因肇事,Y000,YZ00,1,2,2013/2/7,伯玉路二段,,金門縣金寧鄉00174燈桿前路段,118.3416148,24.4414563,自用 小客車∕ ∕,小客車自用,43∕0∕,受傷,6F****6代號1162,其他,有適當之駕照,不明,汽車前車頭,不明原因肇事∕尚未發現肇事因素∕,不明原因肇事∕不明原因肇事∕,其他,其他,本國∕本國∕
10202,10202Y00020002,YZA1,10202YZ000009,2013,2,8,15,25,金門縣,金城鎮,,NA,環島西路,一,,NA,,,民族路,,,,NA,NA,NA,NA,NA,NA,NA,NA,NA,0,1,0,陰,日間自然光線,縣道,50,三岔路,交岔口附近,柏油,乾燥,無缺陷,無障礙物,良好,無號誌,無號誌,無標記,未繪設車道線,未繪設快慢車道分隔線,有,對向擦撞,逆向行駛,Y000,YZ00,1,2,2013/2/8,環島西路一段,民族路,,118.321341,24.430973,自用 小貨車(含客、貨兩用)∕普通重型 機車∕,小貨車自用∕機車普通重型∕,47∕49∕,未受傷∕受傷∕,6F****2代號300∕31****U代號1163∕,其他∕其他∕,有適當之駕照∕有適當之駕照∕,經呼氣檢測0.56至0.80mg∕L或血液檢測0.111至0.16∕經檢測無酒精反應∕,汽車右前車頭（身）∕機車右側車身∕,逆向行駛∕尚未發現肇事因素∕,逆向行駛∕逆向行駛∕,機械設備操作工及組裝工∕家庭主婦（夫）∕,其他∕其他∕,本國∕本國∕
10202,10202Y00020022,YZA1,10202YZ000010,2013,2,8,18,27,金門縣,金寧鄉,,NA,環島北路,,,NA,15,,,,,,NA,NA,NA,NA,NA,NA,NA,NA,NA,0,1,0,陰,夜間（或隧道、地下道、涵洞）有照明,縣道,60,直路,一般車道（未劃分快慢車道）,柏油,乾燥,無缺陷,無障礙物,良好,無號誌,無號誌,無標記,未繪設車道線,未繪設快慢車道分隔線,有,側撞,未依規定讓車,Y000,YZ00,1,2,2013/2/8,環島北路15號,,金門縣金寧鄉,118.322662,24.441264,普通重型 機車∕普通重型 機車∕,機車普通重型∕機車普通重型∕,27∕53∕,未受傷∕受傷∕,21****V代號1164∕41****B代號1165∕,其他∕其他∕,有適當之駕照∕有適當之駕照∕,經檢測無酒精反應∕經檢測無酒精反應∕,機車後車尾∕機車前車頭∕,未依規定讓車∕未注意車前狀態∕,未依規定讓車∕未依規定讓車∕,其他∕其他∕,其他∕其他∕,本國∕本國∕
10202,10202Y00020003,YZA1,10202YZ000012,2013,2,9,10,15,金門縣,烈嶼鄉,,NA,九井路,,,NA,,,,,,09120燈桿旁路段,NA,NA,NA,NA,NA,NA,NA,NA,NA,0,2,0,晴,日間自然光線,村里道路,50,直路,一般車道（未劃分快慢車道）,柏油,乾燥,無缺陷,無障礙物,良好,無號誌,無號誌,無標記,未繪設車道線,未繪設快慢車道分隔線,有,追撞,未注意車前狀態,Y000,YZ00,1,2,2013/2/9,九井路,,金門縣烈嶼鄉09120燈桿旁路段,118.2439073,24.4317335,普通輕型 機車∕腳踏自行車 慢車∕,機車普通輕型∕腳踏自行車∕,77∕64∕,受傷∕受傷∕,WZ****6代號1166,其他∕其他∕,有適當之駕照∕非汽（機）車駕駛人∕,經檢測無酒精反應∕經檢測無酒精反應∕,機車前車頭∕非汽（機）車∕,未注意車前狀態∕尚未發現肇事因素∕,未注意車前狀態∕未注意車前狀態∕,無業者∕無業者∕,其他∕其他∕,本國∕本國∕
10202,10202Y00020005,YZA1,10202YZ000013,2013,2,9,17,10,金門縣,金寧鄉,埔後村,NA,,,,NA,Aug-70,,,,,路口,NA,NA,NA,NA,NA,NA,NA,NA,NA,0,3,0,晴,日間自然光線,村里道路,40,四岔路,交岔路口內,柏油,乾燥,無缺陷,無障礙物,良好,無號誌,無號誌,無分向設施,未繪設車道線,未繪設快慢車道分隔線,有,路口交岔撞,未依規定讓車,Y000,YZ00,1,2,2013/2/9,金門縣金寧鄉埔後村70-8,,金門縣金寧鄉埔後村路口,118.317029,24.442928,自用 小客車∕其他特種車 特種車∕乘客 人∕乘客 人∕,小客車自用∕其他特種車∕乘客∕乘客∕,23∕43∕20∕1∕,受傷∕未受傷∕受傷∕受傷∕,08****7代號1167∕12***U代號1168∕08****7代號1167∕08****7代號1167∕,其他∕其他∕其他∕其他∕,有適當之駕照∕有適當之駕照∕非汽（機）車駕駛人∕非汽（機）車駕駛人∕,經檢測無酒精反應∕經檢測無酒精反應∕非駕駛人，未檢測∕非駕駛人，未檢測∕,汽車右側車身∕汽車左前車頭（身）∕非汽（機）車∕非汽（機）車∕,未依規定讓車∕未依規定減速∕尚未發現肇事因素∕尚未發現肇事因素∕,未依規定讓車∕未依規定讓車∕未依規定讓車∕未依規定讓車∕,其他∕其他∕其他∕未就學兒童∕,其他∕其他∕其他∕其他∕,本國∕本國∕本國∕本國∕
10202,10202Y00020006,YZA1,10202YZ000014,2013,2,10,21,38,金門縣,金城鎮,南門里,NA,光前路,,,NA,147,,,,,,NA,NA,NA,NA,NA,NA,NA,NA,NA,0,1,0,晴,夜間（或隧道、地下道、涵洞）有照明,鄉道,40,三岔路,交岔路口內,柏油,乾燥,無缺陷,無障礙物,良好,無號誌,無號誌,無分向設施,未繪設車道線,未繪設快慢車道分隔線,有,側撞,未依規定讓車,Y000,YZ00,1,2,2013/2/10,光前路147號,,金門縣金城鎮南門里,118.3142468,24.4339885,自用 小貨車(含客、貨兩用)∕普通重型 機車∕,小貨車自用∕機車普通重型∕,57∕34∕,未受傷∕受傷∕,09****X代號1169∕85****F代號1170∕,其他∕其他∕,有適當之駕照∕有適當之駕照∕,經呼氣檢測未超過0.15mg∕L或血液檢測未超過0.03∕經檢測無酒精反應∕,汽車左前車頭（身）∕機車前車頭∕,未依規定讓車∕未依規定減速∕,未依規定讓車∕未依規定讓車∕,技術員及助理人員∕事務工作者∕,社交活動∕購物∕,本國∕本國∕
10202,10202Y00020008,YZA1,10202YZ000015,2013,2,12,16,35,金門縣,金寧鄉,,NA,環島南路,二,,NA,,,,,,昔果山段,NA,NA,NA,NA,NA,NA,NA,NA,NA,0,1,0,晴,日間自然光線,縣道,60,彎曲路及附近,一般車道（未劃分快慢車道）,柏油,乾燥,無缺陷,無障礙物,良好,無號誌,無號誌,無標記,未繪設車道線,未繪設快慢車道分隔線,有,撞路樹、電桿,未依規定減速,Y000,YZ00,1,2,2013/2/12,環島南路二段,,金門縣金寧鄉昔果山段,118.3542572,24.4312377,自用 小客車∕ ∕,小客車自用,42∕0∕,受傷,U4****6代號1171,其他,有適當之駕照,經檢測無酒精反應,汽車前車頭,未依規定減速∕尚未發現肇事因素∕,未依規定減速∕未依規定減速∕,汽車、火車駕駛員及船員,其他,本國∕本國∕