年月,總編號,處理單位,處理編號,年,月,日,時,分,縣市,區,村里,鄰,街道,段,巷,弄,號,公尺處,街道.1,段.1,側,附近,道路,公里,公尺處.1,向,車道,平交道,公里.1,公尺處.2,附近.1,死,受傷,X2.30,天候,光線,道路類別,速限,道路型態,事故位置,路面鋪裝,路面狀態,路面缺陷,障礙物,視距,號誌種類,號誌動作,分向設施,快車道或一般車道間,快慢車道間,路面邊線,事故類型及型態,主要肇因,警局,分局,案件類別,事故類別,日期,道路1,道路2,概略位置,lon,lat,車種,當事者區分.類別.,年齡,受傷程度,車輛牌照號碼,車輛用途,駕駛資格情形,飲酒情形,車輛撞擊部位最初,肇事因素個別,肇事因素主要,職.業,旅次目的,國籍
10202,10202Y00020009,YZA1,10202YZ000017,2013,2,17,17,25,金門縣,金城鎮,,NA,,,,NA,,,,,,金門城26號前,NA,NA,NA,NA,NA,NA,NA,NA,NA,0,2,0,晴,日間自然光線,村里道路,40,巷弄,一般車道（未劃分快慢車道）,其他鋪裝,乾燥,突出（高低）不平,無障礙物,良好,無號誌,無號誌,無分向設施,未繪設車道線,未繪設快慢車道分隔線,無,路上翻車、摔倒,未注意車前狀態,Y000,YZ00,1,2,2013/2/17,金門縣金城鎮金門城26號前,,金門縣金城鎮金門城26號前,118.306221,24.401537,普通重型 機車∕ ∕乘客 人,機車普通重型乘客,28∕0∕57,受傷受傷,3J****6代號11723J****6代號1172,其他其他,有適當之駕照非汽（機）車駕駛人,經檢測無酒精反應非駕駛人，未檢測,機車前車頭非汽（機）車,未注意車前狀態∕尚未發現肇事因素∕尚未發現肇事因素,未注意車前狀態∕未注意車前狀態∕未注意車前狀態,無業者其他,其他其他,本國∕本國∕本國
10202,10202Y00020010,YZA1,10202YZ000018,2013,2,20,7,25,金門縣,金寧鄉,,NA,環島北路,,,NA,,,林湖路,,,,NA,NA,NA,NA,NA,NA,NA,NA,NA,0,1,0,晴,日間自然光線,縣道,60,三岔路,交岔路口內,柏油,乾燥,無缺陷,無障礙物,良好,無號誌,無號誌,無分向設施,未繪設車道線,未繪設快慢車道分隔線,有,追撞,未保持行車安全距離,Y000,YZ00,1,2,2013/2/20,環島北路,林湖路,,118.3258302,24.4439927,普通重型 機車∕自用 小客車∕乘客 人,機車普通重型∕小客車自用∕乘客,21∕53∕19,未受傷∕未受傷∕受傷,52****F代號1173∕DS****9代號1174∕52****F代號1173,其他∕其他∕其他,有適當之駕照∕有適當之駕照∕非汽（機）車駕駛人,經檢測無酒精反應∕經檢測無酒精反應∕非駕駛人，未檢測,機車前車頭∕汽車右後車尾（身）∕非汽（機）車,未保持行車安全距離∕尚未發現肇事因素∕尚未發現肇事因素,未保持行車安全距離∕未保持行車安全距離∕未保持行車安全距離,大學（研究）生∕技術員及助理人員∕大學（研究）生,上、下班∕上、下學∕上、下班,本國∕本國∕本國
10202,10202Y00020025,YZA1,10202YZ000019,2013,2,21,4,13,金門縣,金城鎮,,NA,環島西路,一,,NA,,,,,,國慶飯店前路口,NA,NA,NA,NA,NA,NA,NA,NA,NA,0,1,0,晴,夜間（或隧道、地下道、涵洞）有照明,村里道路,50,彎曲路及附近,一般車道（未劃分快慢車道）,柏油,乾燥,無缺陷,無障礙物,良好,無號誌,無號誌,附標記,未繪設車道線,未繪設快慢車道分隔線,有,衝出路外,酒醉（後）駕駛失控,Y000,YZ00,1,2,2013/2/21,環島西路一段,,金門縣金城鎮國慶飯店前路口,118.3184801,24.4172073,自用 小客車∕ ∕,小客車自用,27∕0∕,受傷,28****S代號1175,其他,有適當之駕照,經呼氣檢測超過0.80mg∕L或血液檢測超過0.16,汽車左側車身,酒醉（後）駕駛失控∕尚未發現肇事因素∕,酒醉（後）駕駛失控∕酒醉（後）駕駛失控∕,不明,不明,本國∕本國∕
10202,10202Y00020015,YZA1,10202YZ000020,2013,2,21,14,6,金門縣,金城鎮,,NA,民生路,,,NA,38,,,,,,NA,NA,NA,NA,NA,NA,NA,NA,NA,0,2,0,晴,日間自然光線,村里道路,40,直路,一般車道（未劃分快慢車道）,柏油,乾燥,無缺陷,無障礙物,良好,無號誌,無號誌,無標記,未繪設車道線,未繪設快慢車道分隔線,有,穿越道路中,未注意車前狀態,Y000,YZ00,1,2,2013/2/21,民生路38號,,金門縣金城鎮,118.3190184,24.43575,普通重型 機車∕行人 人∕,機車普通重型∕行人∕,23∕64∕,受傷∕受傷∕,52****V代號1176,其他∕非駕駛人及乘客∕,有適當之駕照∕非汽（機）車駕駛人∕,經檢測無酒精反應∕經檢測無酒精反應∕,機車前車頭∕非汽（機）車∕,未注意車前狀態∕未依規定行走行人穿越道、地下道、天橋而穿越道路∕,未注意車前狀態∕未注意車前狀態∕,其他∕其他∕,其他∕其他∕,本國∕本國∕
10202,10202Y00020011,YZA1,10202YZ000022,2013,2,21,23,18,金門縣,金城鎮,,NA,民生路,,,NA,50,,,,,憲兵隊前路段,NA,NA,NA,NA,NA,NA,NA,NA,NA,0,1,0,晴,夜間（或隧道、地下道、涵洞）有照明,村里道路,40,直路,一般車道（未劃分快慢車道）,柏油,乾燥,無缺陷,無障礙物,良好,無號誌,無號誌,無標記,未繪設車道線,快慢車道分隔線,有,其他,酒醉（後）駕駛失控,Y000,YZ00,1,2,2013/2/21,民生路50號,,金門縣金城鎮憲兵隊前路段,118.3190184,24.43575,自用 小客車∕自用 小貨車(含客、貨兩用)∕自用 小客車∕自用 小客車∕,小客車自用∕小貨車自用∕小客車自用∕小客車自用∕,25∕50∕49∕35∕,受傷∕未受傷∕未受傷∕未受傷∕,70****N代號1177∕6F****2代號1178∕6F****9代號1179∕91****8代號1180∕,其他∕其他∕其他∕其他∕,有適當之駕照∕有適當之駕照∕有適當之駕照∕有適當之駕照∕,經呼氣檢測超過0.80mg∕L或血液檢測超過0.16∕經觀察未飲酒∕經觀察未飲酒∕經觀察未飲酒∕,汽車前車頭∕汽車前車頭∕汽車前車頭∕汽車前車頭∕,酒醉（後）駕駛失控∕尚未發現肇事因素∕尚未發現肇事因素∕尚未發現肇事因素∕,酒醉（後）駕駛失控∕酒醉（後）駕駛失控∕酒醉（後）駕駛失控∕酒醉（後）駕駛失控∕,無業者∕其他∕其他∕其他∕,社交活動∕其他∕其他∕其他∕,本國∕本國∕本國∕本國∕
10202,10202Y00020017,YZA1,10202YZ000024,2013,2,22,11,20,金門縣,金寧鄉,,NA,大學路,,,NA,,,,,,往環島西路二段的路段,NA,NA,NA,NA,NA,NA,NA,NA,NA,0,1,0,晴,日間自然光線,村里道路,40,直路,一般車道（未劃分快慢車道）,柏油,乾燥,無缺陷,無障礙物,良好,無號誌,無號誌,寬式（50公分以上）,未繪設車道線,未繪設快慢車道分隔線,有,撞交通島,未注意車前狀態,Y000,YZ00,1,2,2013/2/22,大學路,,金門縣金寧鄉往環島西路二段的路段,118.325279,24.4466751,普通重型 機車∕ ∕,機車普通重型,21∕0∕,受傷,12****V代號1181,其他,有適當之駕照,經檢測無酒精反應,機車左側車身,未注意車前狀態∕尚未發現肇事因素∕,未注意車前狀態∕未注意車前狀態∕,大學（研究）生,上、下學,本國∕本國∕
10202,10202Y00020012,YZA1,10202YZ000025,2013,2,22,6,17,金門縣,金寧鄉,,NA,伯玉路,二,,NA,,,,,,00104號路燈桿附近,NA,NA,NA,NA,NA,NA,NA,NA,NA,0,1,0,晴,日間自然光線,村里道路,70,直路,路肩、路緣,水泥,乾燥,無缺陷,無障礙物,良好,無號誌,無號誌,無標記,未繪設車道線,快慢車道分隔線,有,撞路樹、電桿,未注意車前狀態,Y000,YZ00,1,2,2013/2/22,伯玉路二段,,金門縣金寧鄉00104號路燈桿附近,118.3416148,24.4414563,自用 小客車∕ ∕,小客車自用,31∕0∕,受傷,6F****6代號1182,其他,有適當之駕照,不明,汽車左前車頭（身）,未注意車前狀態∕尚未發現肇事因素∕,未注意車前狀態∕未注意車前狀態∕,其他,其他,本國∕本國∕
10202,10202Y00020014,YZA1,10202YZ000026,2013,2,23,7,58,金門縣,金城鎮,金水里,NA,西海路,二,,NA,,,珠水路,,,,NA,NA,NA,NA,NA,NA,NA,NA,NA,0,1,0,晴,日間自然光線,鄉道,50,四岔路,交岔路口內,柏油,乾燥,無缺陷,無障礙物,良好,閃光號誌,正常,無分向設施,未繪設車道線,未繪設快慢車道分隔線,有,側撞,未依規定讓車,Y000,YZ00,1,2,2013/2/23,西海路二段,珠水路,,118.2998287,24.41079517,自用 小客車∕普通重型 機車∕,小客車自用∕機車普通重型∕,36∕40∕,未受傷∕受傷∕,D9****1代號1183∕99****D代號1184∕,其他∕其他∕,有適當之駕照∕有適當之駕照∕,經檢測無酒精反應∕經檢測無酒精反應∕,汽車左前車頭（身）∕機車前車頭∕,未依規定讓車∕未依規定減速∕,未依規定讓車∕未依規定讓車∕,技術員及助理人員∕技術員及助理人員∕,上、下班∕上、下班∕,本國∕本國∕
10202,,YZA1,10202YZ000027,2013,2,23,16,0,金門縣,金城鎮,,NA,民生路,,,NA,,,,,,中興路口,NA,NA,NA,NA,NA,NA,NA,NA,NA,0,0,0,晴,NA,NA,40,NA,NA,NA,NA,NA,NA,NA,NA,NA,NA,NA,NA,NA,NA,NA,Y000,YZ00,1,4,2013/2/23,民生路,,金門縣金城鎮中興路口,118.3190184,24.43575,自用 小客車∕自用 小客車∕,小客車自用∕小客車自用∕,30∕25∕,,41****7代號1185∕DJ****6代號1186∕,,,,,,,,,本國∕本國∕
10202,10202Y00020023,YZA1,10202YZ000028,2013,2,24,15,29,金門縣,金城鎮,,NA,,,,NA,,,,,,金門城129號前,NA,NA,NA,NA,NA,NA,NA,NA,NA,0,1,0,晴,日間自然光線,村里道路,40,直路,一般車道（未劃分快慢車道）,其他鋪裝,乾燥,無缺陷,無障礙物,良好,無號誌,無號誌,無分向設施,未繪設車道線,未繪設快慢車道分隔線,無,撞橋樑、建築物,未注意車前狀態,Y000,YZ00,1,2,2013/2/24,金門縣金城鎮金門城129號前,,金門縣金城鎮金門城129號前,118.306221,24.401537,普通輕型 機車∕ ∕,機車普通輕型,44∕0∕,受傷,WZ****6代號1187,其他,駕照被吊（註）銷,經檢測無酒精反應,機車前車頭,未注意車前狀態∕尚未發現肇事因素∕,未注意車前狀態∕未注意車前狀態∕,不明,不明,本國∕本國∕
10202,10202Y00030008,YZA1,10202YZ000030,2013,2,24,20,45,金門縣,金城鎮,,NA,環島西路,一,,NA,,,北堤路,,,莒光橋上路段,NA,NA,NA,NA,NA,NA,NA,NA,NA,0,0,0,晴,夜間（或隧道、地下道、涵洞）有照明,村里道路,40,四岔路,交岔路口內,柏油,乾燥,無缺陷,無障礙物,良好,閃光號誌,正常,無分向設施,未繪設車道線,未繪設快慢車道分隔線,有,側撞,未依規定讓車,Y000,YZ00,1,3,2013/2/24,環島西路一段,北堤路,,118.3213944,24.42983234,自用 小客車∕自用 小客車∕,小客車自用∕小客車自用∕,25∕60∕,未受傷∕未受傷∕,75****K代號1188∕6F****8代號1189∕,其他∕其他∕,有適當之駕照∕有適當之駕照∕,經檢測無酒精反應∕經檢測無酒精反應∕,汽車左前車頭（身）∕汽車右側車身∕,未依規定讓車∕未依規定減速∕,未依規定讓車∕未依規定讓車∕,不明∕不明∕,不明∕不明∕,本國∕本國∕
10202,10202Y00020018,YZA1,10202YZ000031,2013,2,25,19,25,金門縣,金城鎮,,NA,民權路,,,NA,,,,,,192號前,NA,NA,NA,NA,NA,NA,NA,NA,NA,0,1,0,晴,夜間（或隧道、地下道、涵洞）有照明,村里道路,50,三岔路,交岔路口內,柏油,乾燥,無缺陷,無障礙物,良好,無號誌,無號誌,無分向設施,未繪設車道線,未繪設快慢車道分隔線,有,側撞,未依規定讓車,Y000,YZ00,1,2,2013/2/25,民權路,,金門縣金城鎮192號前,118.3168946,24.4355379,普通重型 機車∕普通重型 機車∕,機車普通重型∕機車普通重型∕,21∕20∕,未受傷∕受傷∕,17****V代號1190∕28****D代號1191∕,其他∕其他∕,有適當之駕照∕有適當之駕照∕,經檢測無酒精反應∕經檢測無酒精反應∕,機車右側車身∕機車前車頭∕,未依規定讓車∕未注意車前狀態∕,未依規定讓車∕未依規定讓車∕,不明∕不明∕,其他∕其他∕,本國∕本國∕
10202,10202Y00020016,YZA1,10202YZ000032,2013,2,21,14,32,金門縣,金城鎮,,NA,環島西路,一,,NA,,,,,,東門圓環,NA,NA,NA,NA,NA,NA,NA,NA,NA,0,1,0,晴,日間自然光線,村里道路,50,圓環,一般車道（未劃分快慢車道）,柏油,乾燥,無缺陷,無障礙物,良好,無號誌,無號誌,無分向設施,車道線（無標記）,未繪設快慢車道分隔線,有,其他,未依規定讓車,Y000,YZ00,1,2,2013/2/21,環島西路一段,,金門縣金城鎮東門圓環,118.3184801,24.4172073,普通重型 機車∕自用 小客車∕,機車普通重型∕小客車自用∕,19∕36∕,受傷∕未受傷∕,PZ****7代號1192∕01****V代號291∕,其他∕其他∕,有適當之駕照∕有適當之駕照∕,經檢測無酒精反應∕經檢測無酒精反應∕,機車左側車身∕汽車右前車頭（身）∕,未依規定讓車∕尚未發現肇事因素∕,未依規定讓車∕未依規定讓車∕,大學（研究）生∕其他∕,其他∕其他∕,本國∕本國∕
10202,10202Y00020021,YZA1,10202YZ000035,2013,2,28,17,4,金門縣,金寧鄉,,NA,,,,NA,,,,,,金寶來飯店後方產業道路十字路口,NA,NA,NA,NA,NA,NA,NA,NA,NA,0,1,0,晴,日間自然光線,村里道路,40,四岔路,交岔路口內,水泥,乾燥,無缺陷,無障礙物,良好,無號誌,無號誌,無分向設施,未繪設車道線,未繪設快慢車道分隔線,無,路口交岔撞,未依規定讓車,Y000,YZ00,1,2,2013/2/28,金門縣金寧鄉金寶來飯店後方產業道路十字路口,,金門縣金寧鄉金寶來飯店後方產業道路十字路口,118.312619,24.440298,普通重型 機車∕自用 小客車∕,機車普通重型∕小客車自用∕,20∕61∕,受傷∕未受傷∕,30****U代號1193∕03****2代號1194∕,其他∕其他∕,有適當之駕照∕有適當之駕照∕,經檢測無酒精反應∕經檢測無酒精反應∕,機車右側車身∕汽車前車頭∕,未依規定讓車∕未依規定減速∕,未依規定讓車∕未依規定讓車∕,其他∕其他∕,其他∕其他∕,本國∕本國∕
10203,10203Y00020001,YYA1,10203YY000002,2013,3,3,12,15,金門縣,金沙鎮,,NA,高陽路,,,NA,,,,,,警光會館路口,NA,NA,NA,NA,NA,NA,NA,NA,NA,0,1,0,晴,日間自然光線,村里道路,60,三岔路,交岔路口內,柏油,乾燥,無缺陷,無障礙物,良好,無號誌,無號誌,無分向設施,未繪設車道線,未繪設快慢車道分隔線,有,側撞,未保持行車安全距離,Y000,YY00,1,2,2013/3/3,高陽路,,金門縣金沙鎮警光會館路口,118.4078483,24.4727311,普通重型 機車∕自用 大貨車∕,機車普通重型∕大貨車自用∕,26∕24∕,受傷∕未受傷∕,PZ****3代號1195∕VU***7代號1196∕,其他∕其他∕,無照（已達考照年齡）∕有適當之駕照∕,經檢測無酒精反應∕經檢測無酒精反應∕,機車前車頭∕不明∕,未保持行車安全距離∕右轉彎未依規定∕,未保持行車安全距離∕未保持行車安全距離∕,農林漁牧工作者∕技術工∕,上、下班∕其他∕,本國∕本國∕
10203,10203Y00020003,YYA1,10203YY000003,2013,3,4,9,41,金門縣,金湖鎮,新市里,NA,復興路,,,NA,,,,,,金門醫院急診室前路口,NA,NA,NA,NA,NA,NA,NA,NA,NA,0,1,0,晴,日間自然光線,村里道路,40,三岔路,公車專用道,柏油,乾燥,無缺陷,無障礙物,良好,無號誌,無號誌,無分向設施,未繪設車道線,未繪設快慢車道分隔線,有,其他,起步未注意其他車（人）安全,Y000,YY00,1,2,2013/3/4,復興路,,金門縣金湖鎮新市里金門醫院急診室前路口,118.4161413,24.4412321,計程車 小客車∕普通重型 機車∕,小客車計程車∕機車普通重型∕,33∕50∕,未受傷∕受傷∕,12***5代號1197∕PZ****0代號1198∕,其他∕其他∕,有適當之駕照∕有適當之駕照∕,經檢測無酒精反應∕經檢測無酒精反應∕,汽車左側車身∕機車前車頭∕,起步未注意其他車（人）安全∕尚未發現肇事因素∕,起步未注意其他車（人）安全∕起步未注意其他車（人）安全∕,汽車、火車駕駛員及船員∕其他∕,其他∕其他∕,本國∕本國∕
10203,10203Y00020004,YYA1,10203YY000005,2013,3,5,14,40,金門縣,金沙鎮,,NA,環島東路,一,,NA,,,,,,金沙國小前路口,NA,NA,NA,NA,NA,NA,NA,NA,NA,0,2,0,晴,日間自然光線,村里道路,50,三岔路,交岔路口內,柏油,乾燥,無缺陷,無障礙物,良好,閃光號誌,正常,無分向設施,未繪設車道線,未繪設快慢車道分隔線,有,側撞,未依規定減速,Y000,YY00,1,2,2013/3/5,環島東路一段,,金門縣金沙鎮金沙國小前路口,118.4213083,24.4841071,自用 小貨車(含客、貨兩用)∕普通重型 機車∕,小貨車自用∕機車普通重型∕,31∕47∕,受傷∕受傷∕,01****X代號1199∕27****G代號1200∕,其他∕其他∕,有適當之駕照∕有適當之駕照∕,經檢測無酒精反應∕不明∕,汽車前車頭∕機車左側車身∕,未依規定減速∕未依規定讓車∕,未依規定減速∕未依規定減速∕,技術員及助理人員∕服務工作者∕,業務聯繫∕其他∕,本國∕本國∕
10203,10203Y00030001,YYA1,10203YY000011,2013,3,10,16,12,金門縣,金湖鎮,,NA,太湖路,三,,NA,,,,,,06646號燈桿路段,NA,NA,NA,NA,NA,NA,NA,NA,NA,0,0,0,晴,日間自然光線,村里道路,50,三岔路,交岔口附近,柏油,乾燥,無缺陷,無障礙物,良好,無號誌,無號誌,附標記,未繪設車道線,未繪設快慢車道分隔線,有,對向擦撞,使用手持行動電話失控,Y000,YY00,1,3,2013/3/10,太湖路三段,,金門縣金湖鎮06646號燈桿路段,118.4317691,24.4347503,自用 小貨車(含客、貨兩用)∕計程車 小客車∕,小貨車自用∕小客車計程車∕,36∕66∕,未受傷∕未受傷∕,01****X代號1201∕VX***9代號432∕,其他∕其他∕,有適當之駕照∕有適當之駕照∕,經檢測無酒精反應∕經檢測無酒精反應∕,汽車左前車頭（身）∕汽車左前車頭（身）∕,使用手持行動電話失控∕尚未發現肇事因素∕,使用手持行動電話失控∕使用手持行動電話失控∕,其他∕汽車、火車駕駛員及船員∕,其他∕其他∕,本國∕本國∕
10203,10203Y00020011,YYA1,10203YY000014,2013,3,12,10,55,金門縣,金湖鎮,,NA,瓊徑路,,,NA,,,,,,社福館路口,NA,NA,NA,NA,NA,NA,NA,NA,NA,0,2,0,晴,日間自然光線,村里道路,60,三岔路,交岔路口內,柏油,乾燥,無缺陷,無障礙物,良好,無號誌,無號誌,無分向設施,未繪設車道線,快慢車道分隔線,有,側撞,尚未發現肇事因素,Y000,YY00,1,2,2013/3/12,瓊徑路,,金門縣金湖鎮社福館路口,118.3837181,24.4489328,自用 小貨車(含客、貨兩用)∕普通重型 機車∕乘客 人,小貨車自用∕機車普通重型∕乘客,54∕18∕18,未受傷∕受傷∕受傷,6F****0代號1202∕70****V代號1203∕70****V代號1203,其他∕其他∕其他,有適當之駕照∕有適當之駕照∕非汽（機）車駕駛人,經檢測無酒精反應∕經檢測無酒精反應∕非駕駛人，未檢測,汽車右後車尾（身）∕機車前車頭∕非汽（機）車,尚未發現肇事因素∕未保持行車安全距離∕尚未發現肇事因素,尚未發現肇事因素∕尚未發現肇事因素∕尚未發現肇事因素,其他∕高中生∕高中生,運輸∕其他∕其他,本國∕本國∕本國
10203,10203Y00020012,YYA1,10203YY000017,2013,3,12,17,37,金門縣,金沙鎮,,NA,環島東路,,,NA,,,國中路,,,,NA,NA,NA,NA,NA,NA,NA,NA,NA,0,2,0,晴,日間自然光線,村里道路,50,四岔路,交岔口附近,柏油,乾燥,無缺陷,無障礙物,良好,無號誌,無號誌,附標記,未繪設車道線,未繪設快慢車道分隔線,有,追撞,未保持行車安全距離,Y000,YY00,1,2,2013/3/12,環島東路,國中路,,118.413583,24.48829004,普通重型 機車∕普通重型 機車∕,機車普通重型∕機車普通重型∕,55∕41∕,受傷∕受傷∕,63****C代號1204∕23****C代號1205∕,其他∕其他∕,有適當之駕照∕越級駕駛∕,經檢測無酒精反應∕經檢測無酒精反應∕,機車前車頭∕機車後車尾∕,未保持行車安全距離∕尚未發現肇事因素∕,未保持行車安全距離∕未保持行車安全距離∕,服務工作者∕服務工作者∕,上、下班∕上、下班∕,本國∕本國∕
10203,10203Y00030003,YYA1,10203YY000020,2013,3,15,5,50,金門縣,金沙鎮,,NA,沙青路,,,NA,,,勝利路,,,,NA,NA,NA,NA,NA,NA,NA,NA,NA,0,0,0,晴,晨或暮光,村里道路,50,四岔路,交岔路口內,柏油,乾燥,無缺陷,無障礙物,良好,無號誌,無號誌,無分向設施,未繪設車道線,未繪設快慢車道分隔線,無,其他,未依規定讓車,Y000,YY00,1,3,2013/3/15,沙青路,勝利路,,118.411061,24.49122383,自用 小客車∕自用 小客車∕,小客車自用∕小客車自用∕,40∕30∕,未受傷∕未受傷∕,NO****5代號1206∕8H****8代號1207∕,其他∕其他∕,有適當之駕照∕有適當之駕照∕,經檢測無酒精反應∕經檢測無酒精反應∕,汽車左側車身∕汽車左前車頭（身）∕,未依規定讓車∕未靠右行駛∕,未依規定讓車∕未依規定讓車∕,農林漁牧工作者∕服務工作者∕,其他∕購物∕,本國∕本國∕
10203,10203Y00030004,YYA1,10203YY000024,2013,3,15,22,25,金門縣,金湖鎮,新湖里,NA,市港路,,,NA,,,,,,52號前路段,NA,NA,NA,NA,NA,NA,NA,NA,NA,0,0,0,晴,夜間（或隧道、地下道、涵洞）有照明,村里道路,50,直路,慢車道,柏油,乾燥,無缺陷,無障礙物,良好,無號誌,無號誌,無標記,未繪設車道線,快慢車道分隔線,有,其他,不明原因肇事,Y000,YY00,1,3,2013/3/15,市港路,,金門縣金湖鎮新湖里52號前路段,118.4099121,24.4348324, ∕自用 小客車∕,∕小客車自用∕,0∕45∕,不明∕未受傷∕,∕WY****9代號1208∕,其他∕其他∕,不明∕有適當之駕照∕,不明∕不明∕,不明∕汽車左後車尾（身）∕,不明原因肇事∕尚未發現肇事因素∕,不明原因肇事∕不明原因肇事∕,不明∕其他∕,不明∕其他∕,本國∕本國∕
10203,10203Y00020034,YYA1,10203YY000025,2013,3,16,7,35,金門縣,金湖鎮,瓊林里,NA,瓊徑路,,,NA,,,,,,小徑圓環內,NA,NA,NA,NA,NA,NA,NA,NA,NA,0,1,0,晴,日間自然光線,村里道路,60,圓環,一般車道（未劃分快慢車道）,柏油,乾燥,無缺陷,無障礙物,良好,無號誌,無號誌,無分向設施,車道線（無標記）,未繪設快慢車道分隔線,有,其他,未依規定讓車,Y000,YY00,1,2,2013/3/16,瓊徑路,,金門縣金湖鎮瓊林里小徑圓環內,118.3837181,24.4489328,普通重型 機車∕自用 小客車∕,機車普通重型∕小客車自用∕,23∕48∕,受傷∕未受傷∕,67****W代號1209∕CW****7代號1210∕,其他∕其他∕,無照（已達考照年齡）∕有適當之駕照∕,經檢測無酒精反應∕經檢測無酒精反應∕,機車前車頭∕汽車右前車頭（身）∕,未依規定讓車∕未注意車前狀態∕,未依規定讓車∕未依規定讓車∕,其他∕其他∕,其他∕其他∕,本國∕本國∕
10203,,YYA1,10203YY000027,2013,3,15,7,45,金門縣,金湖鎮,新頭里,NA,,,,NA,6,,,,,,NA,NA,NA,NA,NA,NA,NA,NA,NA,0,1,0,晴,日間自然光線,村里道路,40,巷弄,一般車道（未劃分快慢車道）,柏油,乾燥,無缺陷,無障礙物,建築物,無號誌,無號誌,無分向設施,未繪設車道線,未繪設快慢車道分隔線,無,其他,起步未注意其他車（人）安全,Y000,YY00,3,2,2013/3/15,金門縣金湖鎮新頭里6,,金門縣金湖鎮新頭里,118.421679,24.4317931,普通重型 機車∕自用 小貨車(含客、貨兩用)∕,機車普通重型∕小貨車自用∕,30∕26∕,受傷∕未受傷∕,09****S代號1211∕19****S代號1212∕,其他∕其他∕,有適當之駕照∕有適當之駕照∕,不明∕不明∕,機車前車頭∕汽車前車頭∕,起步未注意其他車（人）安全∕尚未發現肇事因素∕,起步未注意其他車（人）安全∕起步未注意其他車（人）安全∕,服務工作者∕農林漁牧工作者∕,上、下班∕上、下班∕,本國∕本國∕
10203,10203Y00020021,YYA1,10203YY000033,2013,3,18,18,30,金門縣,金沙鎮,,NA,環島北路,四,,NA,,,,,,金沙二橋往金沙假日飯店路口,NA,NA,NA,NA,NA,NA,NA,NA,NA,0,1,0,霧或煙,夜間（或隧道、地下道、涵洞）有照明,村里道路,60,三岔路,交岔路口內,柏油,乾燥,無缺陷,無障礙物,良好,無號誌,無號誌,附標記,未繪設車道線,未繪設快慢車道分隔線,有,側撞,右轉彎未依規定,Y000,YY00,1,2,2013/3/18,環島北路四段,,金門縣金沙鎮金沙二橋往金沙假日飯店路口,118.4045085,24.4840105,自用 小貨車(含客、貨兩用)∕普通重型 機車∕,小貨車自用∕機車普通重型∕,45∕22∕,未受傷∕受傷∕,03****7代號1213∕12****T代號1214∕,其他∕其他∕,駕照被吊（註）銷∕有適當之駕照∕,經檢測無酒精反應∕經檢測無酒精反應∕,汽車右側車身∕機車前車頭∕,右轉彎未依規定∕未注意車前狀態∕,右轉彎未依規定∕右轉彎未依規定∕,服務工作者∕大學（研究）生∕,業務聯繫∕上、下學∕,本國∕本國∕
10203,10203Y00020023,YYA1,10203YY000035,2013,3,21,7,46,金門縣,金沙鎮,,NA,高陽路,,,NA,,,環島北路,,,,NA,NA,NA,NA,NA,NA,NA,NA,NA,0,1,0,晴,日間自然光線,村里道路,60,三岔路,交岔路口內,柏油,乾燥,無缺陷,無障礙物,良好,無號誌,無號誌,無分向設施,未繪設車道線,未繪設快慢車道分隔線,有,追撞,未保持行車安全距離,Y000,YY00,1,2,2013/3/21,高陽路,環島北路,,118.3887036,24.46664488,普通重型 機車∕自用 小客車∕,機車普通重型∕小客車自用∕,39∕30∕,受傷∕未受傷∕,35****D代號1215∕6F****5代號1216∕,其他∕其他∕,有適當之駕照∕有適當之駕照∕,經檢測無酒精反應∕經檢測無酒精反應∕,機車前車頭∕汽車右後車尾（身）∕,未保持行車安全距離∕尚未發現肇事因素∕,未保持行車安全距離∕未保持行車安全距離∕,技術工∕服務工作者∕,上、下班∕上、下班∕,本國∕本國∕
10203,10203Y00010001,YYA1,10203YY000037,2013,3,21,18,29,金門縣,金沙鎮,,NA,,,,NA,,,,,,榮湖往后水頭路段,NA,NA,NA,NA,NA,NA,NA,NA,NA,1,1,0,晴,夜間（或隧道、地下道、涵洞）有照明,村里道路,40,彎曲路及附近,一般車道（未劃分快慢車道）,柏油,乾燥,無缺陷,無障礙物,彎道,無號誌,無號誌,無標記,未繪設車道線,未繪設快慢車道分隔線,有,衝出路外,超速失控,Y000,YY00,1,1,2013/3/21,金門縣金沙鎮榮湖往后水頭路段,,金門縣金沙鎮榮湖往后水頭路段,118.4137179,24.4821177,普通重型 機車∕ ∕乘客 人,機車普通重型乘客,19∕0∕16,受傷24小時內死亡,16****A代號69716****A代號697,其他其他,有適當之駕照非汽（機）車駕駛人,經檢測無酒精反應非駕駛人，未檢測,機車前車頭非汽（機）車,超速失控∕尚未發現肇事因素∕尚未發現肇事因素,超速失控∕超速失控∕超速失控,農林漁牧工作者高中生,社交活動社交活動,本國∕本國∕本國