年月,總編號,處理單位,處理編號,年,月,日,時,分,縣市,區,村里,鄰,街道,段,巷,弄,號,公尺處,街道.1,段.1,側,附近,道路,公里,公尺處.1,向,車道,平交道,公里.1,公尺處.2,附近.1,死,受傷,X2.30,天候,光線,道路類別,速限,道路型態,事故位置,路面鋪裝,路面狀態,路面缺陷,障礙物,視距,號誌種類,號誌動作,分向設施,快車道或一般車道間,快慢車道間,路面邊線,事故類型及型態,主要肇因,警局,分局,案件類別,事故類別,日期,道路1,道路2,概略位置,lon,lat,車種,當事者區分.類別.,年齡,受傷程度,車輛牌照號碼,車輛用途,駕駛資格情形,飲酒情形,車輛撞擊部位最初,肇事因素個別,肇事因素主要,職.業,旅次目的,國籍
10203,10203Y00020046,YYA1,10203YY000041,2013,3,24,11,41,金門縣,金沙鎮,,NA,沙青路,,,NA,,,,,,青嶼路段01972號路燈桿,NA,NA,NA,NA,NA,NA,NA,NA,NA,0,1,0,陰,日間自然光線,村里道路,50,彎曲路及附近,一般車道（未劃分快慢車道）,柏油,濕潤,無缺陷,無障礙物,良好,無號誌,無號誌,附標記,未繪設車道線,未繪設快慢車道分隔線,有,同向擦撞,未依規定減速,Y000,YY00,1,2,2013/3/24,沙青路,,金門縣金沙鎮青嶼路段01972號路燈桿,118.4130838,24.5066188,普通重型 機車∕自用 小客車∕,機車普通重型∕小客車自用∕,72∕39∕,受傷∕未受傷∕,07****V代號1217∕WY****8代號1218∕,其他∕其他∕,有適當之駕照∕有適當之駕照∕,無法檢測∕經檢測無酒精反應∕,機車前車頭∕汽車左前車頭（身）∕,未依規定減速∕尚未發現肇事因素∕,未依規定減速∕未依規定減速∕,其他∕其他∕,其他∕其他∕,本國∕本國∕
10203,10203Y00030005,YYA1,10203YY000043,2013,3,26,7,53,金門縣,金湖鎮,,NA,太湖路,,,NA,,,三多路,,,,NA,NA,NA,NA,NA,NA,NA,NA,NA,0,0,0,陰,日間自然光線,村里道路,50,四岔路,交岔路口內,柏油,乾燥,無缺陷,無障礙物,良好,閃光號誌,正常,無分向設施,未繪設車道線,未繪設快慢車道分隔線,有,路口交岔撞,未依規定讓車,Y000,YY00,1,3,2013/3/26,太湖路,三多路,,118.432002,24.43468829,自用 小貨車(含客、貨兩用)∕自用 小客車∕,小貨車自用∕小客車自用∕,39∕83∕,未受傷∕未受傷∕,74****Y代號1219∕37****8代號547∕,其他∕其他∕,有適當之駕照∕有適當之駕照∕,經呼氣檢測0.41至0.55mg∕L或血液檢測0.081至0.11∕經檢測無酒精反應∕,汽車右側車身∕汽車左前車頭（身）∕,未依規定讓車∕未依規定減速∕,未依規定讓車∕未依規定讓車∕,機械設備操作工及組裝工∕無業者∕,上、下班∕其他∕,本國∕本國∕
10203,10203Y00020027,YYA1,10203YY000045,2013,3,26,12,20,金門縣,金湖鎮,,NA,太湖路,二,,NA,,,,,,00627號路燈桿處,NA,NA,NA,NA,NA,NA,NA,NA,NA,0,1,0,晴,日間自然光線,村里道路,50,直路,一般車道（未劃分快慢車道）,柏油,乾燥,無缺陷,無障礙物,良好,無號誌,無號誌,附標記,未繪設車道線,未繪設快慢車道分隔線,有,其他,未注意車前狀態,Y000,YY00,1,2,2013/3/26,太湖路二段,,金門縣金湖鎮00627號路燈桿處,118.4170143,24.4394812,自用 小客車∕自用 小客車∕自用 小客車,小客車自用∕小客車自用∕小客車自用,37∕37∕28,受傷∕未受傷∕未受傷,WY****9代號1220∕05****X代號1221∕09****2代號1153,其他∕其他∕其他,有適當之駕照∕有適當之駕照∕有適當之駕照,經檢測無酒精反應∕經觀察未飲酒∕經觀察未飲酒,汽車左前車頭（身）∕汽車左前車頭（身）∕汽車前車頭,未注意車前狀態∕違規停車或暫停不當而肇事∕違規停車或暫停不當而肇事,未注意車前狀態∕未注意車前狀態∕未注意車前狀態,家庭主婦（夫）∕不明∕大學（研究）生,購物∕不明∕不明,本國∕本國∕本國
10203,10203Y00020029,YYA1,10203YY000047,2013,3,26,20,16,金門縣,金湖鎮,,NA,太湖路,三,,NA,,,,,,00642號路燈桿處,NA,NA,NA,NA,NA,NA,NA,NA,NA,0,2,0,暴雨,夜間（或隧道、地下道、涵洞）有照明,村里道路,50,多岔路,交岔口附近,柏油,濕潤,無缺陷,無障礙物,其他,行車管制號誌（附設行人專用號誌）,正常,附標記,未繪設車道線,未繪設快慢車道分隔線,有,撞路樹、電桿,未依規定減速,Y000,YY00,1,2,2013/3/26,太湖路三段,,金門縣金湖鎮00642號路燈桿處,118.4317691,24.4347503,自用 小客車∕ ∕乘客 人,小客車自用乘客,70∕0∕46,受傷受傷,49****B代號122249****B代號1222,其他其他,有適當之駕照非汽（機）車駕駛人,經檢測無酒精反應非駕駛人，未檢測,汽車前車頭非汽（機）車,未依規定減速∕尚未發現肇事因素∕尚未發現肇事因素,未依規定減速∕未依規定減速∕未依規定減速,不明家庭主婦（夫）,不明不明,本國∕本國∕非本國
10203,10203Y00030006,YYA1,10203YY000051,2013,3,28,19,30,金門縣,金湖鎮,,NA,環島東路,三,,NA,,,黃海路,,,,NA,NA,NA,NA,NA,NA,NA,NA,NA,0,0,0,雨,夜間（或隧道、地下道、涵洞）有照明,村里道路,60,圓環,一般車道（未劃分快慢車道）,柏油,濕潤,無缺陷,無障礙物,其他,無號誌,無號誌,無分向設施,車道線（無標記）,未繪設快慢車道分隔線,有,撞交通島,未注意車前狀態,Y000,YY00,1,3,2013/3/28,環島東路三段,黃海路,,118.436691,24.46477621,自用 小客車∕ ∕,小客車自用,44∕0∕,未受傷,WY****0代號1223,其他,有適當之駕照,經檢測無酒精反應,汽車前車頭,未注意車前狀態∕尚未發現肇事因素∕,未注意車前狀態∕未注意車前狀態∕,服務工作者,業務聯繫,本國∕本國∕
10203,10203Y00020032,YYA1,10203YY000057,2013,3,30,20,48,金門縣,金湖鎮,,NA,黃海路,,,NA,Mar-90,,,,,,NA,NA,NA,NA,NA,NA,NA,NA,NA,0,1,0,雨,夜間（或隧道、地下道、涵洞）無照明,村里道路,50,四岔路,交岔口附近,柏油,濕潤,無缺陷,無障礙物,其他,無號誌,無號誌,附標記,未繪設車道線,未繪設快慢車道分隔線,有,穿越道路中,未注意車前狀態,Y000,YY00,1,2,2013/3/30,黃海路90-3號,,金門縣金湖鎮,118.4256931,24.452032,自用 小客車∕行人 人∕,小客車自用∕行人∕,52∕64∕,未受傷∕受傷∕,6F****7代號1224,其他∕非駕駛人及乘客∕,有適當之駕照∕非汽（機）車駕駛人∕,經檢測無酒精反應∕非駕駛人，未檢測∕,汽車左前車頭（身）∕非汽（機）車∕,未注意車前狀態∕未依規定行走行人穿越道、地下道、天橋而穿越道路∕,未注意車前狀態∕未注意車前狀態∕,其他∕其他∕,其他∕其他∕,本國∕本國∕
10203,10203Y00020002,YZA1,10203YZ000001,2013,3,3,15,32,金門縣,金城鎮,,NA,光前路,,,NA,,,,,,華僑之家前路口,NA,NA,NA,NA,NA,NA,NA,NA,NA,0,1,0,晴,日間自然光線,村里道路,40,三岔路,交岔路口內,柏油,乾燥,無缺陷,無障礙物,良好,無號誌,無號誌,無分向設施,未繪設車道線,未繪設快慢車道分隔線,有,側撞,未依規定讓車,Y000,YZ00,1,2,2013/3/3,光前路,,金門縣金城鎮華僑之家前路口,118.3142468,24.4339885,普通輕型 機車∕自用 小客車∕,機車普通輕型∕小客車自用∕,19∕26∕,受傷∕未受傷∕,DZ****0代號1225∕6F****1代號1226∕,其他∕其他∕,有適當之駕照∕有適當之駕照∕,經檢測無酒精反應∕經檢測無酒精反應∕,機車前車頭∕汽車右前車頭（身）∕,未依規定讓車∕未依規定減速∕,未依規定讓車∕未依規定讓車∕,大學（研究）生∕其他∕,其他∕其他∕,本國∕本國∕
10203,10203Y00020039,YZA1,10203YZ000004,2013,3,4,14,5,金門縣,金寧鄉,,NA,伯玉路,二,,NA,420,,,,,,NA,NA,NA,NA,NA,NA,NA,NA,NA,0,4,0,晴,日間自然光線,縣道,70,三岔路,公車專用道,柏油,乾燥,無缺陷,無障礙物,良好,無號誌,無號誌,無標記,未繪設車道線,快慢車道分隔線,有,側撞,未依規定讓車,Y000,YZ00,1,2,2013/3/4,伯玉路二段420號,,金門縣金寧鄉,118.3416148,24.4414563,自用 小貨車(含客、貨兩用)∕自用 小客車∕乘客 人∕乘客 人∕乘客 人,小貨車自用∕小客車自用∕乘客∕乘客∕乘客,70∕61∕71∕67∕1,未受傷∕受傷∕受傷∕受傷∕受傷,04****7代號1227∕WY****8代號1228∕WY****8代號1228∕WY****8代號1228∕WY****8代號1228,其他∕其他∕其他∕其他∕其他,有適當之駕照∕有適當之駕照∕非汽（機）車駕駛人∕非汽（機）車駕駛人∕非汽（機）車駕駛人,經檢測無酒精反應∕經檢測無酒精反應∕非駕駛人，未檢測∕非駕駛人，未檢測∕非駕駛人，未檢測,汽車前車頭∕汽車前車頭∕非汽（機）車∕非汽（機）車∕非汽（機）車,未依規定讓車∕未依規定減速∕尚未發現肇事因素∕尚未發現肇事因素∕尚未發現肇事因素,未依規定讓車∕未依規定讓車∕未依規定讓車∕未依規定讓車∕未依規定讓車,技術工∕家庭主婦（夫）∕其他∕不明∕未就學兒童,其他∕其他∕其他∕其他∕其他,本國∕本國∕本國∕本國∕本國
10203,10203Y00020005,YZA1,10203YZ000006,2013,3,5,21,22,金門縣,金城鎮,,NA,民生路,,,NA,,,,,,37之2號前,NA,NA,NA,NA,NA,NA,NA,NA,NA,0,1,0,晴,夜間（或隧道、地下道、涵洞）有照明,村里道路,40,直路,一般車道（未劃分快慢車道）,柏油,乾燥,無缺陷,無障礙物,良好,無號誌,無號誌,無分向設施,未繪設車道線,未繪設快慢車道分隔線,有,側撞,左轉彎未依規定,Y000,YZ00,1,2,2013/3/5,民生路,,金門縣金城鎮37之2號前,118.3190184,24.43575,普通重型 機車∕普通重型 機車∕,機車普通重型∕機車普通重型∕,18∕27∕,未受傷∕受傷∕,39****R代號1229∕78****F代號1230∕,其他∕其他∕,有適當之駕照∕有適當之駕照∕,經檢測無酒精反應∕經檢測無酒精反應∕,機車左側車身∕機車前車頭∕,左轉彎未依規定∕違規超車∕,左轉彎未依規定∕左轉彎未依規定∕,不明∕不明∕,其他∕其他∕,本國∕本國∕
10203,10203Y00020045,YZA1,10203YZ000007,2013,3,8,7,10,金門縣,金城鎮,,NA,環島西路,一,,NA,275,,,,,,NA,NA,NA,NA,NA,NA,NA,NA,NA,0,2,0,晴,日間自然光線,村里道路,40,直路,一般車道（未劃分快慢車道）,柏油,乾燥,無缺陷,無障礙物,良好,無號誌,無號誌,附標記,未繪設車道線,未繪設快慢車道分隔線,有,其他,酒醉（後）駕駛失控,Y000,YZ00,1,2,2013/3/8,環島西路一段275號,,金門縣金城鎮,118.3184801,24.4172073,普通重型 機車∕ ∕乘客 人,機車普通重型乘客,35∕0∕7,受傷受傷,PZ****3代號1231PZ****3代號1231,其他其他,無照（已達考照年齡）非汽（機）車駕駛人,經呼氣檢測超過0.80mg∕L或血液檢測超過0.16非駕駛人，未檢測,機車前車頭非汽（機）車,酒醉（後）駕駛失控∕尚未發現肇事因素∕尚未發現肇事因素,酒醉（後）駕駛失控∕酒醉（後）駕駛失控∕酒醉（後）駕駛失控,家庭主婦（夫）小學生,上、下學上、下學,本國∕本國∕本國
10203,10203Y00020006,YZA1,10203YZ000008,2013,3,8,12,26,金門縣,金城鎮,,NA,民權路,,,NA,,,,,,122巷口,NA,NA,NA,NA,NA,NA,NA,NA,NA,0,1,0,晴,日間自然光線,村里道路,50,三岔路,交岔路口內,柏油,乾燥,無缺陷,無障礙物,良好,無號誌,無號誌,無分向設施,未繪設車道線,快慢車道分隔線,有,側撞,迴轉未依規定,Y000,YZ00,1,2,2013/3/8,民權路,,金門縣金城鎮122巷口,118.3168946,24.4355379,自用 小客車∕普通重型 機車∕,小客車自用∕機車普通重型∕,31∕20∕,未受傷∕受傷∕,6F****7代號1232∕27****F代號1233∕,其他∕其他∕,有適當之駕照∕有適當之駕照∕,經檢測無酒精反應∕經檢測無酒精反應∕,汽車右前車頭（身）∕機車前車頭∕,迴轉未依規定∕未注意車前狀態∕,迴轉未依規定∕迴轉未依規定∕,其他∕大學（研究）生∕,其他∕社交活動∕,本國∕本國∕
10203,10203Y00020007,YZA1,10203YZ000009,2013,3,9,8,56,金門縣,金寧鄉,,NA,瓊安路,,,NA,,,,,,后沙路段07357號燈桿附近,NA,NA,NA,NA,NA,NA,NA,NA,NA,0,1,0,晴,日間自然光線,村里道路,60,彎曲路及附近,一般車道（未劃分快慢車道）,柏油,乾燥,無缺陷,無障礙物,良好,無號誌,無號誌,無標記,未繪設車道線,未繪設快慢車道分隔線,有,對向擦撞,未保持行車安全間隔,Y000,YZ00,1,2,2013/3/9,瓊安路,,金門縣金寧鄉后沙路段07357號燈桿附近,118.343873,24.4603508,公營公車 大客車∕自用 大貨車∕,公營公車∕大貨車自用∕,60∕35∕,受傷∕未受傷∕,VU***9代號1234∕VV***0代號1235∕,其他∕其他∕,有適當之駕照∕有適當之駕照∕,經檢測無酒精反應∕經檢測無酒精反應∕,汽車左前車頭（身）∕汽車左前車頭（身）∕,未保持行車安全間隔∕尚未發現肇事因素∕,未保持行車安全間隔∕未保持行車安全間隔∕,其他∕其他∕,運輸∕上、下班∕,本國∕本國∕
10203,10203Y00020008,YZA1,10203YZ000010,2013,3,10,12,27,金門縣,烈嶼鄉,上岐村,NA,,,,NA,89,,,,,,NA,NA,NA,NA,NA,NA,NA,NA,NA,0,1,0,晴,日間自然光線,村里道路,40,四岔路,交岔路口內,其他鋪裝,乾燥,無缺陷,無障礙物,建築物,無號誌,無號誌,無分向設施,未繪設車道線,未繪設快慢車道分隔線,無,路口交岔撞,未依規定讓車,Y000,YZ00,1,2,2013/3/10,金門縣烈嶼鄉上岐村89,,金門縣烈嶼鄉上岐村,118.226347,24.4161602,普通重型 機車∕自用 小貨車(含客、貨兩用)∕,機車普通重型∕小貨車自用∕,27∕33∕,受傷∕未受傷∕,3J****0代號1236∕05****X代號1237∕,其他∕其他∕,有適當之駕照∕有適當之駕照∕,經檢測無酒精反應∕經檢測無酒精反應∕,機車前車頭∕汽車左前車頭（身）∕,未依規定讓車∕未依規定減速∕,未依規定讓車∕未依規定讓車∕,不明∕不明∕,不明∕不明∕,本國∕本國∕
10203,10203Y00030002,YZA1,10203YZ000012,2013,3,10,17,18,金門縣,金城鎮,,NA,民權路,,226,3,15,,,,,,NA,NA,NA,NA,NA,NA,NA,NA,NA,0,0,0,晴,日間自然光線,村里道路,40,四岔路,交岔路口內,柏油,乾燥,無缺陷,無障礙物,良好,無號誌,無號誌,無分向設施,未繪設車道線,未繪設快慢車道分隔線,有,路口交岔撞,未依規定減速,Y000,YZ00,1,3,2013/3/10,民權路226巷3弄15號,,金門縣金城鎮,118.3193849,24.4396401,自用 小客車∕自用 小客車∕,小客車自用∕小客車自用∕,41∕25∕,未受傷∕未受傷∕,6F****0代號1238∕05****X代號1239∕,其他∕其他∕,有適當之駕照∕有適當之駕照∕,經檢測無酒精反應∕經檢測無酒精反應∕,汽車前車頭∕汽車左前車頭（身）∕,未依規定減速∕未依規定讓車∕,未依規定減速∕未依規定減速∕,不明∕不明∕,不明∕不明∕,本國∕本國∕
10203,10203Y00020009,YZA1,10203YZ000013,2013,3,11,15,20,金門縣,金城鎮,,NA,珠浦西路,,84,NA,17,,,,,,NA,NA,NA,NA,NA,NA,NA,NA,NA,0,1,0,晴,日間自然光線,村里道路,40,四岔路,交岔路口內,柏油,乾燥,無缺陷,無障礙物,建築物,無號誌,無號誌,無分向設施,未繪設車道線,未繪設快慢車道分隔線,無,路口交岔撞,未依規定讓車,Y000,YZ00,1,2,2013/3/11,珠浦西路84巷17號,,金門縣金城鎮,118.3147803,24.4384226,普通重型 機車∕自用 小客車∕,機車普通重型∕小客車自用∕,24∕78∕,受傷∕未受傷∕,05****D代號1240∕6D****8代號1241∕,其他∕其他∕,有適當之駕照∕有適當之駕照∕,經檢測無酒精反應∕經檢測無酒精反應∕,機車前車頭∕汽車左側車身∕,未依規定讓車∕未依規定減速∕,未依規定讓車∕未依規定讓車∕,服務工作者∕無業者∕,其他∕其他∕,本國∕本國∕
10203,10203Y00020010,YZA1,10203YZ000015,2013,3,12,7,36,金門縣,金城鎮,,NA,環島西路,一,,NA,,,,,,東門圓環,NA,NA,NA,NA,NA,NA,NA,NA,NA,0,1,0,晴,日間自然光線,縣道,30,圓環,一般車道（未劃分快慢車道）,柏油,乾燥,無缺陷,無障礙物,良好,無號誌,無號誌,無分向設施,車道線（無標記）,未繪設快慢車道分隔線,有,其他,未依規定讓車,Y000,YZ00,1,2,2013/3/12,環島西路一段,,金門縣金城鎮東門圓環,118.3184801,24.4172073,自用 小客車∕普通重型 機車∕,小客車自用∕機車普通重型∕,27∕37∕,未受傷∕受傷∕,6F****7代號1242∕59****L代號1243∕,其他∕其他∕,有適當之駕照∕有適當之駕照∕,經檢測無酒精反應∕經檢測無酒精反應∕,汽車左前車頭（身）∕機車後車尾∕,未依規定讓車∕尚未發現肇事因素∕,未依規定讓車∕未依規定讓車∕,服務工作者∕專業人員∕,其他∕上、下班∕,本國∕本國∕
10203,,YZA1,10203YZ000016,2013,3,12,16,35,金門縣,金寧鄉,,NA,,,,NA,,,,,,榜林圓環,NA,NA,NA,NA,NA,NA,NA,NA,NA,0,0,0,晴,NA,NA,60,NA,NA,NA,NA,NA,NA,NA,NA,NA,NA,NA,NA,NA,NA,NA,Y000,YZ00,1,4,2013/3/12,金門縣金寧鄉榜林圓環,,金門縣金寧鄉榜林圓環,118.330294,24.438568,自用 小客車∕自用 小客車∕,小客車自用∕小客車自用∕,35∕39∕,,39****L代號1244∕74****F代號1245∕,,,,,,,,,本國∕本國∕
10203,10203Y00020013,YZA1,10203YZ000018,2013,3,13,12,12,金門縣,金城鎮,西門里,NA,光前路,,,NA,147,,,,,,NA,NA,NA,NA,NA,NA,NA,NA,NA,0,1,0,晴,日間自然光線,鄉道,40,三岔路,交岔口附近,柏油,乾燥,無缺陷,無障礙物,良好,無號誌,無號誌,附標記,未繪設車道線,未繪設快慢車道分隔線,有,追撞,酒醉（後）駕駛失控,Y000,YZ00,1,2,2013/3/13,光前路147號,,金門縣金城鎮西門里,118.3142468,24.4339885,普通重型 機車∕腳踏自行車 慢車∕,機車普通重型∕腳踏自行車∕,62∕47∕,未受傷∕受傷∕,PZ****8代號775,其他∕其他∕,有適當之駕照∕非汽（機）車駕駛人∕,經呼氣檢測0.26至0.40mg∕L或血液檢測0.051至0.08∕非駕駛人，未檢測∕,機車前車頭∕非汽（機）車∕,酒醉（後）駕駛失控∕尚未發現肇事因素∕,酒醉（後）駕駛失控∕酒醉（後）駕駛失控∕,技術工∕專業人員∕,上、下班∕上、下班∕,本國∕本國∕
10203,10203Y00020033,YZA1,10203YZ000019,2013,3,12,21,17,金門縣,金寧鄉,,NA,瓊安路,,,NA,,,,,,后沙路段,NA,NA,NA,NA,NA,NA,NA,NA,NA,0,1,0,晴,夜間（或隧道、地下道、涵洞）有照明,縣道,50,彎曲路及附近,一般車道（未劃分快慢車道）,柏油,乾燥,無缺陷,無障礙物,良好,無號誌,無號誌,無標記,未繪設車道線,未繪設快慢車道分隔線,有,撞路樹、電桿,酒醉（後）駕駛失控,Y000,YZ00,1,2,2013/3/12,瓊安路,,金門縣金寧鄉后沙路段,118.343873,24.4603508,普通重型 機車∕ ∕,機車普通重型,49∕0∕,受傷,28****J代號1246,其他,有適當之駕照,經呼氣檢測超過0.80mg∕L或血液檢測超過0.16,機車前車頭,酒醉（後）駕駛失控∕尚未發現肇事因素∕,酒醉（後）駕駛失控∕酒醉（後）駕駛失控∕,技術工,其他,本國∕本國∕
10203,10203Y00020014,YZA1,10203YZ000021,2013,3,14,17,44,金門縣,金寧鄉,,NA,桃園路,,,NA,,,,,,盤果路口附近,NA,NA,NA,NA,NA,NA,NA,NA,NA,0,2,0,晴,日間自然光線,村里道路,60,四岔路,交岔口附近,柏油,乾燥,無缺陷,無障礙物,良好,行車管制號誌,正常,附標記,車道線（無標記）,未繪設快慢車道分隔線,有,側撞,未依規定讓車,Y000,YZ00,1,2,2013/3/14,桃園路,,金門縣金寧鄉盤果路口附近,118.3446627,24.4317794,自用 小客車∕普通重型 機車∕乘客 人,小客車自用∕機車普通重型∕乘客,56∕19∕18,未受傷∕受傷∕受傷,05****2代號1247∕02****N代號1248∕02****N代號1248,其他∕其他∕其他,有適當之駕照∕有適當之駕照∕非汽（機）車駕駛人,經檢測無酒精反應∕經檢測無酒精反應∕非駕駛人，未檢測,汽車左前車頭（身）∕機車右側車身∕非汽（機）車,未依規定讓車∕未注意車前狀態∕尚未發現肇事因素,未依規定讓車∕未依規定讓車∕未依規定讓車,其他∕高中生∕高中生,上、下班∕上、下學∕上、下學,本國∕本國∕本國
10203,10203Y00020015,YZA1,10203YZ000023,2013,3,15,9,35,金門縣,金城鎮,西門里,NA,環島西路,二,3,NA,,,,,,,NA,NA,NA,NA,NA,NA,NA,NA,NA,0,3,0,晴,日間自然光線,鄉道,40,四岔路,交岔口附近,柏油,乾燥,無缺陷,無障礙物,良好,無號誌,無號誌,附標記,未繪設車道線,未繪設快慢車道分隔線,有,追撞,未保持行車安全距離,Y000,YZ00,1,2,2013/3/15,環島西路二段3巷,,金門縣金城鎮西門里,118.3148723,24.4566699,普通重型 機車∕普通重型 機車∕乘客 人,機車普通重型∕機車普通重型∕乘客,19∕56∕19,受傷∕受傷∕受傷,5F****1代號1249∕55****B代號1250∕5F****1代號1249,其他∕其他∕其他,有適當之駕照∕有適當之駕照∕非汽（機）車駕駛人,經檢測無酒精反應∕經檢測無酒精反應∕非駕駛人，未檢測,機車前車頭∕機車後車尾∕非汽（機）車,未保持行車安全距離∕右轉彎未依規定∕尚未發現肇事因素,未保持行車安全距離∕未保持行車安全距離∕未保持行車安全距離,大學（研究）生∕技術員及助理人員∕大學（研究）生,社交活動∕社交活動∕社交活動,本國∕本國∕本國
10203,10203Y00020016,YZA1,10203YZ000026,2013,3,16,7,50,金門縣,金寧鄉,,NA,,,,NA,,,,,,埔後115號旁十字路口,NA,NA,NA,NA,NA,NA,NA,NA,NA,0,2,0,晴,日間自然光線,村里道路,40,四岔路,交岔路口內,柏油,乾燥,無缺陷,無障礙物,良好,無號誌,無號誌,無分向設施,未繪設車道線,未繪設快慢車道分隔線,有,路口交岔撞,未依規定讓車,Y000,YZ00,1,2,2013/3/16,金門縣金寧鄉埔後115號旁十字路口,,金門縣金寧鄉埔後115號旁十字路口,118.317029,24.442928,普通重型 機車∕普通輕型 機車∕,機車普通重型∕機車普通輕型∕,51∕53∕,受傷∕受傷∕,PZ****8代號1251∕WZ****6代號1252∕,其他∕其他∕,無照（已達考照年齡）∕有適當之駕照∕,經檢測無酒精反應∕經檢測無酒精反應∕,機車前車頭∕機車右側車身∕,未依規定讓車∕未依規定減速∕,未依規定讓車∕未依規定讓車∕,其他∕其他∕,上、下班∕其他∕,本國∕本國∕
10203,10203Y00020017,YZA1,10203YZ000028,2013,3,16,13,12,金門縣,金寧鄉,,NA,伯玉路,一,,NA,222,,,,,,NA,NA,NA,NA,NA,NA,NA,NA,NA,0,2,0,晴,日間自然光線,村里道路,60,直路,一般車道（未劃分快慢車道）,柏油,乾燥,無缺陷,無障礙物,良好,無號誌,無號誌,無標記,未繪設車道線,快慢車道分隔線,有,側撞,左轉彎未依規定,Y000,YZ00,1,2,2013/3/16,伯玉路一段222號,,金門縣金寧鄉,118.3267756,24.4346914,普通重型 機車∕自用 小客車∕乘客 人,機車普通重型∕小客車自用∕乘客,19∕58∕19,受傷∕未受傷∕受傷,51****F代號1253∕6F****6代號1254∕51****F代號1253,其他∕其他∕其他,有適當之駕照∕有適當之駕照∕非汽（機）車駕駛人,經檢測無酒精反應∕經檢測無酒精反應∕非駕駛人，未檢測,機車前車頭∕汽車右側車身∕非汽（機）車,左轉彎未依規定∕未注意車前狀態∕尚未發現肇事因素,左轉彎未依規定∕左轉彎未依規定∕左轉彎未依規定,大學（研究）生∕其他∕大學（研究）生,其他∕其他∕其他,本國∕本國∕本國
10203,10203Y00020018,YZA1,10203YZ000029,2013,3,16,16,14,金門縣,烈嶼鄉,,NA,九井路,,,NA,,,,,,西宅路段,NA,NA,NA,NA,NA,NA,NA,NA,NA,0,1,0,晴,日間自然光線,村里道路,50,直路,一般車道（未劃分快慢車道）,柏油,乾燥,無缺陷,無障礙物,良好,無號誌,無號誌,無標記,未繪設車道線,未繪設快慢車道分隔線,有,撞護欄（樁）,未注意車前狀態,Y000,YZ00,1,2,2013/3/16,九井路,,金門縣烈嶼鄉西宅路段,118.2439073,24.4317335,普通輕型 機車∕ ∕,機車普通輕型,82∕0∕,受傷,WZ****1代號1255,其他,有適當之駕照,經檢測無酒精反應,機車前車頭,未注意車前狀態∕尚未發現肇事因素∕,未注意車前狀態∕未注意車前狀態∕,不明,不明,本國∕本國∕
10203,10203Y00020019,YZA1,10203YZ000030,2013,3,17,8,5,金門縣,金城鎮,西門里,NA,民生路,,,NA,,,民權路,,,,NA,NA,NA,NA,NA,NA,NA,NA,NA,0,1,0,晴,日間自然光線,村里道路,50,四岔路,交岔路口內,柏油,乾燥,無缺陷,無障礙物,良好,行車管制號誌（附設行人專用號誌）,正常,無分向設施,未繪設車道線,未繪設快慢車道分隔線,有,側撞,未依規定讓車,Y000,YZ00,1,2,2013/3/17,民生路,民權路,,118.318387,24.437086,自用 小客車∕普通重型 機車∕,小客車自用∕機車普通重型∕,37∕23∕,未受傷∕受傷∕,WY****6代號1256∕31****C代號1257∕,其他∕其他∕,有適當之駕照∕有適當之駕照∕,經檢測無酒精反應∕經檢測無酒精反應∕,汽車右後車尾（身）∕機車前車頭∕,未依規定讓車∕未依規定減速∕,未依規定讓車∕未依規定讓車∕,不明∕不明∕,不明∕不明∕,本國∕本國∕
10203,10203Y00020020,YZA1,10203YZ000031,2013,3,17,8,40,金門縣,金城鎮,,NA,民族路,,,NA,,,環島西路,一,,,NA,NA,NA,NA,NA,NA,NA,NA,NA,0,1,0,晴,日間自然光線,村里道路,50,三岔路,交岔路口內,柏油,乾燥,無缺陷,無障礙物,良好,無號誌,無號誌,無分向設施,未繪設車道線,未繪設快慢車道分隔線,有,側撞,未依規定讓車,Y000,YZ00,1,2,2013/3/17,民族路,環島西路一段,,118.321341,24.430973,普通重型 機車∕計程車 小客車∕,機車普通重型∕小客車計程車∕,79∕53∕,受傷∕未受傷∕,BF****8代號1258∕10***5代號654∕,其他∕其他∕,有適當之駕照∕有適當之駕照∕,經檢測無酒精反應∕經檢測無酒精反應∕,機車前車頭∕汽車左前車頭（身）∕,未依規定讓車∕未依規定減速∕,未依規定讓車∕未依規定讓車∕,不明∕不明∕,不明∕業務聯繫∕,本國∕本國∕
10203,10203Y00020040,YZA1,10203YZ000032,2013,3,18,18,15,金門縣,金城鎮,,NA,西海路,三,,NA,,,,,,石雕公園前路口,NA,NA,NA,NA,NA,NA,NA,NA,NA,0,1,0,晴,晨或暮光,村里道路,50,三岔路,交岔口附近,柏油,乾燥,無缺陷,無障礙物,良好,無號誌,無號誌,附標記,未繪設車道線,未繪設快慢車道分隔線,有,側撞,違規超車,Y000,YZ00,1,2,2013/3/18,西海路三段,,金門縣金城鎮石雕公園前路口,118.3124964,24.4226194,自用 小客車∕普通重型 機車∕,小客車自用∕機車普通重型∕,59∕63∕,未受傷∕受傷∕,80****N代號1259∕3J****2代號1260∕,其他∕其他∕,有適當之駕照∕有適當之駕照∕,經檢測無酒精反應∕經檢測無酒精反應∕,汽車右後車尾（身）∕機車左側車身∕,違規超車∕左轉彎未依規定∕,違規超車∕違規超車∕,不明∕不明∕,其他∕其他∕,本國∕本國∕