年月,總編號,處理單位,處理編號,年,月,日,時,分,縣市,區,村里,鄰,街道,段,巷,弄,號,公尺處,街道.1,段.1,側,附近,道路,公里,公尺處.1,向,車道,平交道,公里.1,公尺處.2,附近.1,死,受傷,X2.30,天候,光線,道路類別,速限,道路型態,事故位置,路面鋪裝,路面狀態,路面缺陷,障礙物,視距,號誌種類,號誌動作,分向設施,快車道或一般車道間,快慢車道間,路面邊線,事故類型及型態,主要肇因,警局,分局,案件類別,事故類別,日期,道路1,道路2,概略位置,lon,lat,車種,當事者區分.類別.,年齡,受傷程度,車輛牌照號碼,車輛用途,駕駛資格情形,飲酒情形,車輛撞擊部位最初,肇事因素個別,肇事因素主要,職.業,旅次目的,國籍
10203,10203Y00020022,YZA1,10203YZ000034,2013,3,20,15,46,金門縣,金寧鄉,湖下村,NA,,,,NA,,,,,,湖下212之5號前路段,NA,NA,NA,NA,NA,NA,NA,NA,NA,0,1,0,晴,日間自然光線,鄉道,40,三岔路,交岔路口內,水泥,乾燥,有坑洞,道路工事（程）中,彎道,無號誌,無號誌,無分向設施,未繪設車道線,未繪設快慢車道分隔線,無,佇立路邊（外）,酒醉（後）駕駛失控,Y000,YZ00,1,2,2013/3/20,金門縣金寧鄉湖下村湖下212之5號前路段,,金門縣金寧鄉湖下村湖下212之5號前路段,118.3054517,24.4580428,自用 小貨車(含客、貨兩用)∕行人 人∕,小貨車自用∕行人∕,48∕60∕,未受傷∕受傷∕,6F****9代號1261,其他∕非駕駛人及乘客∕,有適當之駕照∕非汽（機）車駕駛人∕,經呼氣檢測超過0.80mg∕L或血液檢測超過0.16∕非駕駛人，未檢測∕,汽車左前車頭（身）∕非汽（機）車∕,酒醉（後）駕駛失控∕其他引起事故之疏失或行為∕,酒醉（後）駕駛失控∕酒醉（後）駕駛失控∕,技術員及助理人員∕無業者∕,業務聯繫∕其他∕,本國∕本國∕
10203,10203Y00020024,YZA1,10203YZ000036,2013,3,21,16,15,金門縣,金寧鄉,,NA,伯玉路,一,,NA,233-2,,,,,金鼎大賣場前,NA,NA,NA,NA,NA,NA,NA,NA,NA,0,2,0,晴,日間自然光線,村里道路,60,直路,一般車道（未劃分快慢車道）,柏油,乾燥,無缺陷,無障礙物,良好,無號誌,無號誌,無標記,未繪設車道線,快慢車道分隔線,有,追撞,未保持行車安全距離,Y000,YZ00,1,2,2013/3/21,伯玉路一段233-2號,,金門縣金寧鄉金鼎大賣場前,118.3267756,24.4346914,普通重型 機車∕普通輕型 機車∕,機車普通重型∕機車普通輕型∕,17∕85∕,受傷∕受傷∕,68****T代號1262∕WZ****0代號1263∕,其他∕其他∕,無照（未達考照年齡）∕有適當之駕照∕,經檢測無酒精反應∕經檢測無酒精反應∕,機車前車頭∕機車後車尾∕,未保持行車安全距離∕變換車道或方向不當∕,未保持行車安全距離∕未保持行車安全距離∕,其他∕無業者∕,其他∕其他∕,本國∕本國∕
10203,10203Y00020035,YZA1,10203YZ000038,2013,3,22,7,50,金門縣,金城鎮,,NA,民族路,,,NA,,,,,,103號前路段,NA,NA,NA,NA,NA,NA,NA,NA,NA,0,1,0,晴,日間自然光線,村里道路,50,直路,一般車道（未劃分快慢車道）,柏油,乾燥,無缺陷,無障礙物,良好,無號誌,無號誌,無標記,車道線（無標記）,未繪設快慢車道分隔線,有,穿越道路中,未注意車前狀態,Y000,YZ00,1,2,2013/3/22,民族路,,金門縣金城鎮103號前路段,118.3157499,24.4302723,普通重型 機車∕行人 人∕,機車普通重型∕行人∕,44∕74∕,未受傷∕受傷∕,PZ****2代號1264,其他∕非駕駛人及乘客∕,有適當之駕照∕非汽（機）車駕駛人∕,經檢測無酒精反應∕非駕駛人，未檢測∕,機車左側車身∕非汽（機）車∕,未注意車前狀態∕穿越道路未注意左右來車∕,未注意車前狀態∕未注意車前狀態∕,非技術工及體力工∕家庭主婦（夫）∕,上、下班∕其他∕,本國∕本國∕
10203,10203Y00020043,YZA1,10203YZ000039,2013,3,22,11,57,金門縣,金寧鄉,,NA,林湖路,,,NA,,,,,,路燈桿00502號前路口,NA,NA,NA,NA,NA,NA,NA,NA,NA,0,3,0,晴,日間自然光線,村里道路,50,三岔路,交岔路口內,柏油,乾燥,無缺陷,無障礙物,良好,無號誌,無號誌,無標記,未繪設車道線,未繪設快慢車道分隔線,有,側撞,違規超車,Y000,YZ00,1,2,2013/3/22,林湖路,,金門縣金寧鄉路燈桿00502號前路口,118.330303,24.4320985,普通重型 機車∕普通輕型 機車∕乘客 人,機車普通重型∕機車普通輕型∕乘客,20∕64∕19,受傷∕受傷∕受傷,83****C代號1265∕WZ****3代號1266∕83****C代號1265,其他∕其他∕其他,有適當之駕照∕有適當之駕照∕非汽（機）車駕駛人,經檢測無酒精反應∕經檢測無酒精反應∕非駕駛人，未檢測,機車前車頭∕機車左側車身∕非汽（機）車,違規超車∕尚未發現肇事因素∕尚未發現肇事因素,違規超車∕違規超車∕違規超車,大學（研究）生∕非技術工及體力工∕大學（研究）生,其他∕上、下班∕其他,本國∕本國∕本國
10203,10203Y00020025,YZA1,10203YZ000040,2013,3,22,18,4,金門縣,金寧鄉,,NA,,,,NA,,,,,,埔後191號旁路口,NA,NA,NA,NA,NA,NA,NA,NA,NA,0,1,0,晴,日間自然光線,村里道路,40,四岔路,交岔路口內,柏油,乾燥,無缺陷,無障礙物,良好,無號誌,無號誌,無分向設施,未繪設車道線,未繪設快慢車道分隔線,有,路口交岔撞,未依規定讓車,Y000,YZ00,1,2,2013/3/22,金門縣金寧鄉埔後191號旁路口,,金門縣金寧鄉埔後191號旁路口,118.317029,24.442928,普通重型 機車∕自用 小客車∕,機車普通重型∕小客車自用∕,20∕30∕,受傷∕未受傷∕,35****N代號1267∕05****X代號1268∕,其他∕其他∕,有適當之駕照∕有適當之駕照∕,經檢測無酒精反應∕經檢測無酒精反應∕,機車右側車身∕汽車左前車頭（身）∕,未依規定讓車∕未依規定減速∕,未依規定讓車∕未依規定讓車∕,大學（研究）生∕無業者∕,上、下學∕購物∕,本國∕本國∕
10203,10203Y00020026,YZA1,10203YZ000042,2013,3,24,8,46,金門縣,金城鎮,,NA,西海路,三,,NA,,,,,,03696號燈桿前,NA,NA,NA,NA,NA,NA,NA,NA,NA,0,1,0,晴,日間自然光線,村里道路,50,三岔路,交岔口附近,柏油,乾燥,無缺陷,無障礙物,良好,無號誌,無號誌,附標記,未繪設車道線,未繪設快慢車道分隔線,有,同向擦撞,違規超車,Y000,YZ00,1,2,2013/3/24,西海路三段,,金門縣金城鎮03696號燈桿前,118.3124964,24.4226194,自用 小貨車(含客、貨兩用)∕普通重型 機車∕,小貨車自用∕機車普通重型∕,24∕48∕,未受傷∕受傷∕,29****S代號1269∕PZ****8代號1270∕,其他∕其他∕,有適當之駕照∕有適當之駕照∕,經檢測無酒精反應∕經檢測無酒精反應∕,汽車右前車頭（身）∕機車左側車身∕,違規超車∕尚未發現肇事因素∕,違規超車∕違規超車∕,不明∕不明∕,其他∕其他∕,本國∕本國∕
10203,10203Y00020044,YZA1,10203YZ000044,2013,3,26,11,25,金門縣,烈嶼鄉,,NA,,,,NA,,,,,,庵下09419號燈桿前路段,NA,NA,NA,NA,NA,NA,NA,NA,NA,0,2,0,陰,日間自然光線,鄉道,40,四岔路,交岔口附近,柏油,乾燥,無缺陷,無障礙物,良好,無號誌,無號誌,無標記,未繪設車道線,未繪設快慢車道分隔線,有,對向擦撞,未依規定減速,Y000,YZ00,1,2,2013/3/26,金門縣烈嶼鄉庵下09419號燈桿前路段,,金門縣烈嶼鄉庵下09419號燈桿前路段,118.2492897,24.4416945,普通重型 機車∕普通重型 機車∕,機車普通重型∕機車普通重型∕,48∕39∕,受傷∕受傷∕,NY****6代號1271∕72****B代號1272∕,其他∕其他∕,有適當之駕照∕有適當之駕照∕,經檢測無酒精反應∕經檢測無酒精反應∕,機車前車頭∕機車前車頭∕,未依規定減速∕尚未發現肇事因素∕,未依規定減速∕未依規定減速∕,技術工∕技術工∕,其他∕其他∕,本國∕本國∕
10203,10203Y00020028,YZA1,10203YZ000046,2013,3,26,19,30,金門縣,金城鎮,,NA,民族路,,,NA,,,,,,127號漁會超市前路段,NA,NA,NA,NA,NA,NA,NA,NA,NA,0,2,0,雨,夜間（或隧道、地下道、涵洞）有照明,村里道路,40,直路,一般車道（未劃分快慢車道）,柏油,濕潤,無缺陷,無障礙物,其他,無號誌,無號誌,無標記,車道線（無標記）,未繪設快慢車道分隔線,有,同向通行中,未注意車前狀態,Y000,YZ00,1,2,2013/3/26,民族路,,金門縣金城鎮127號漁會超市前路段,118.3157499,24.4302723,普通重型 機車∕行人 人∕,機車普通重型∕行人∕,21∕36∕,受傷∕受傷∕,32****L代號1273,其他∕非駕駛人及乘客∕,有適當之駕照∕非汽（機）車駕駛人∕,經檢測無酒精反應∕非駕駛人，未檢測∕,機車前車頭∕非汽（機）車∕,未注意車前狀態∕尚未發現肇事因素∕,未注意車前狀態∕未注意車前狀態∕,大學（研究）生∕家庭主婦（夫）∕,其他∕其他∕,本國∕本國∕
10203,10203Y00010002,YZA1,10203YZ000048,2013,3,26,23,18,金門縣,金寧鄉,,NA,環島北路,,,NA,,,,,,鎮西段07203號燈桿附近,NA,NA,NA,NA,NA,NA,NA,NA,NA,1,0,0,雨,夜間（或隧道、地下道、涵洞）有照明,村里道路,60,彎曲路及附近,一般車道（未劃分快慢車道）,柏油,濕潤,無缺陷,無障礙物,良好,無號誌,無號誌,無標記,未繪設車道線,未繪設快慢車道分隔線,有,撞路樹、電桿,酒醉（後）駕駛失控,Y000,YZ00,1,1,2013/3/26,環島北路,,金門縣金寧鄉鎮西段07203號燈桿附近,118.322662,24.441264,自用 小客車∕ ∕,小客車自用,39∕0∕,24小時內死亡,07****2代號1274,其他,有適當之駕照,經呼氣檢測超過0.80mg∕L或血液檢測超過0.16,汽車前車頭,酒醉（後）駕駛失控∕尚未發現肇事因素∕,酒醉（後）駕駛失控∕酒醉（後）駕駛失控∕,不明,其他,本國∕本國∕
10203,10203Y00020030,YZA1,10203YZ000049,2013,3,27,13,22,金門縣,金寧鄉,,NA,,,,NA,,,,,,埔後供水站附近路段,NA,NA,NA,NA,NA,NA,NA,NA,NA,0,2,0,晴,日間自然光線,村里道路,40,四岔路,交岔路口內,水泥,乾燥,無缺陷,無障礙物,良好,無號誌,無號誌,無分向設施,未繪設車道線,未繪設快慢車道分隔線,無,路口交岔撞,未依規定讓車,Y000,YZ00,1,2,2013/3/27,金門縣金寧鄉埔後供水站附近路段,,金門縣金寧鄉埔後供水站附近路段,118.317029,24.442928,普通重型 機車∕普通重型 機車∕,機車普通重型∕機車普通重型∕,22∕47∕,受傷∕受傷∕,31****T代號1275∕JS****5代號1276∕,其他∕其他∕,有適當之駕照∕有適當之駕照∕,經檢測無酒精反應∕經檢測無酒精反應∕,機車前車頭∕機車左側車身∕,未依規定讓車∕未依規定減速∕,未依規定讓車∕未依規定讓車∕,大學（研究）生∕售貨員∕,上、下學∕購物∕,本國∕本國∕
10203,10203Y00020031,YZA1,10203YZ000050,2013,3,28,12,5,金門縣,金城鎮,,NA,民權路,,,NA,182,,,,,,NA,NA,NA,NA,NA,NA,NA,NA,NA,0,2,0,晴,日間自然光線,村里道路,50,直路,一般車道（未劃分快慢車道）,柏油,乾燥,無缺陷,無障礙物,良好,無號誌,無號誌,無標記,未繪設車道線,未繪設快慢車道分隔線,有,側撞,未依規定讓車,Y000,YZ00,1,2,2013/3/28,民權路182號,,金門縣金城鎮,118.3192898,24.4381016,普通重型 機車∕普通重型 機車∕,機車普通重型∕機車普通重型∕,49∕21∕,受傷∕受傷∕,29****G代號1277∕36****Y代號1278∕,其他∕其他∕,有適當之駕照∕有適當之駕照∕,經檢測無酒精反應∕經檢測無酒精反應∕,機車右側車身∕機車前車頭∕,未依規定讓車∕未依規定減速∕,未依規定讓車∕未依規定讓車∕,事務工作者∕大學（研究）生∕,其他∕其他∕,本國∕本國∕
10203,10203Y00020041,YZA1,10203YZ000052,2013,3,29,2,30,金門縣,金寧鄉,,NA,桃園路,,,NA,,,,,,05807燈桿旁路段,NA,NA,NA,NA,NA,NA,NA,NA,NA,0,1,0,雨,夜間（或隧道、地下道、涵洞）有照明,村里道路,60,彎曲路及附近,一般車道（未劃分快慢車道）,柏油,濕潤,無缺陷,無障礙物,良好,無號誌,無號誌,附標記,未繪設車道線,未繪設快慢車道分隔線,有,衝出路外,酒醉（後）駕駛失控,Y000,YZ00,1,2,2013/3/29,桃園路,,金門縣金寧鄉05807燈桿旁路段,118.3446627,24.4317794,自用 小客車∕ ∕,小客車自用,25∕0∕,受傷,05****V代號1279,其他,有適當之駕照,經呼氣檢測0.56至0.80mg∕L或血液檢測0.111至0.16,汽車右前車頭（身）,酒醉（後）駕駛失控∕尚未發現肇事因素∕,酒醉（後）駕駛失控∕酒醉（後）駕駛失控∕,服務工作者,其他,本國∕本國∕
10203,10203Y00020036,YZA1,10203YZ000053,2013,3,29,20,33,金門縣,金寧鄉,湖埔村,NA,,,,NA,,,,,,埔後65號前路口,NA,NA,NA,NA,NA,NA,NA,NA,NA,0,2,0,陰,夜間（或隧道、地下道、涵洞）有照明,村里道路,40,四岔路,交岔路口內,柏油,乾燥,無缺陷,無障礙物,良好,無號誌,無號誌,無分向設施,未繪設車道線,未繪設快慢車道分隔線,有,路口交岔撞,未依規定讓車,Y000,YZ00,1,2,2013/3/29,金門縣金寧鄉湖埔村埔後65號前路口,,金門縣金寧鄉湖埔村埔後65號前路口,118.317029,24.442928,自用 小客車∕普通重型 機車∕乘客 人,小客車自用∕機車普通重型∕乘客,44∕19∕19,未受傷∕受傷∕受傷,3A****3代號1280∕69****P代號1281∕69****P代號1281,其他∕其他∕其他,有適當之駕照∕有適當之駕照∕非汽（機）車駕駛人,經檢測無酒精反應∕經檢測無酒精反應∕非駕駛人，未檢測,汽車右前車頭（身）∕機車前車頭∕非汽（機）車,未依規定讓車∕未依規定減速∕尚未發現肇事因素,未依規定讓車∕未依規定讓車∕未依規定讓車,警察人員∕大學（研究）生∕大學（研究）生,上、下班∕社交活動∕社交活動,本國∕本國∕本國
10203,10203Y00020037,YZA1,10203YZ000054,2013,3,30,9,16,金門縣,金城鎮,,NA,珠浦西路,,50,14,1,,,,,,NA,NA,NA,NA,NA,NA,NA,NA,NA,0,1,0,晴,日間自然光線,村里道路,50,三岔路,交岔路口內,水泥,乾燥,無缺陷,無障礙物,路上停放車輛,無號誌,無號誌,無標記,未繪設車道線,未繪設快慢車道分隔線,有,其他,起步未注意其他車（人）安全,Y000,YZ00,1,2,2013/3/30,珠浦西路50巷14弄1號,,金門縣金城鎮,118.3147803,24.4384226,普通重型 機車∕普通重型 機車∕,機車普通重型∕機車普通重型∕,64∕25∕,未受傷∕受傷∕,06****B代號1282∕68****V代號1283∕,其他∕其他∕,有適當之駕照∕有適當之駕照∕,經檢測無酒精反應∕經檢測無酒精反應∕,機車左側車身∕機車前車頭∕,起步未注意其他車（人）安全∕尚未發現肇事因素∕,起步未注意其他車（人）安全∕起步未注意其他車（人）安全∕,不明∕不明∕,不明∕不明∕,本國∕本國∕
10203,10203Y00020038,YZA1,10203YZ000055,2013,3,30,15,20,金門縣,金寧鄉,,NA,瓊安路,,,NA,,,林堡路,,,路口,NA,NA,NA,NA,NA,NA,NA,NA,NA,0,1,0,雨,日間自然光線,村里道路,50,四岔路,交岔路口內,柏油,濕潤,無缺陷,無障礙物,良好,閃光號誌,正常,無分向設施,未繪設車道線,未繪設快慢車道分隔線,有,路口交岔撞,未依規定讓車,Y000,YZ00,1,2,2013/3/30,瓊安路,林堡路,,118.3406248,24.4608902,普通輕型 機車∕普通重型 機車∕,機車普通輕型∕機車普通重型∕,69∕40∕,受傷∕未受傷∕,WZ****1代號1284∕86****V代號1285∕,其他∕其他∕,有適當之駕照∕有適當之駕照∕,經檢測無酒精反應∕經檢測無酒精反應∕,機車右側車身∕機車前車頭∕,未依規定讓車∕未依規定減速∕,未依規定讓車∕未依規定讓車∕,家庭主婦（夫）∕家庭主婦（夫）∕,其他∕其他∕,本國∕非本國∕
10203,10203Y00020042,YZA1,10203YZ000056,2013,3,30,14,55,金門縣,金寧鄉,,NA,,,,NA,,,,,,下埔下90號金寶來飯店前路口,NA,NA,NA,NA,NA,NA,NA,NA,NA,0,1,0,陰,日間自然光線,村里道路,40,四岔路,交岔口附近,水泥,乾燥,無缺陷,無障礙物,良好,無號誌,無號誌,無分向設施,未繪設車道線,未繪設快慢車道分隔線,無,追撞,未保持行車安全距離,Y000,YZ00,1,2,2013/3/30,金門縣金寧鄉下埔下90號金寶來飯店前路口,,金門縣金寧鄉下埔下90號金寶來飯店前路口,118.3126857,24.4442026,普通重型 機車∕自用 小客車∕,機車普通重型∕小客車自用∕,20∕34∕,受傷∕未受傷∕,IC****3代號395∕6F****3代號1286∕,其他∕其他∕,有適當之駕照∕有適當之駕照∕,經檢測無酒精反應∕經檢測無酒精反應∕,機車前車頭∕汽車後車尾∕,未保持行車安全距離∕尚未發現肇事因素∕,未保持行車安全距離∕未保持行車安全距離∕,大學（研究）生∕不明∕,其他∕不明∕,本國∕本國∕
10204,10204Y00020001,YYA1,10204YY000001,2013,4,1,7,58,金門縣,金湖鎮,新市里,NA,復興路,,,NA,2,,,,,署立金門醫院右側出入口處,NA,NA,NA,NA,NA,NA,NA,NA,NA,0,1,0,晴,日間自然光線,村里道路,40,三岔路,交岔路口內,柏油,乾燥,無缺陷,無障礙物,良好,無號誌,無號誌,無分向設施,未繪設車道線,未繪設快慢車道分隔線,有,倒車撞,倒車未依規定,Y000,YY00,1,2,2013/4/1,復興路2號,,金門縣金湖鎮新市里署立金門醫院右側出入口處,118.4161413,24.4412321,自用 小客車∕普通重型 機車∕,小客車自用∕機車普通重型∕,34∕52∕,未受傷∕受傷∕,9J****5代號1287∕45****G代號1288∕,其他∕其他∕,有適當之駕照∕有適當之駕照∕,經檢測無酒精反應∕經檢測無酒精反應∕,汽車左後車尾（身）∕機車右側車身∕,倒車未依規定∕未注意車前狀態∕,倒車未依規定∕倒車未依規定∕,其他∕家庭主婦（夫）∕,上、下班∕其他∕,本國∕本國∕
10204,10204Y00020005,YYA1,10204YY000007,2013,4,3,18,45,金門縣,金湖鎮,,NA,環島北路,三,,NA,,,瓊徑路,,,,NA,NA,NA,NA,NA,NA,NA,NA,NA,0,1,0,雨,夜間（或隧道、地下道、涵洞）有照明,村里道路,60,三岔路,交岔路口內,柏油,濕潤,無缺陷,無障礙物,良好,閃光號誌,正常,無分向設施,未繪設車道線,未繪設快慢車道分隔線,有,追撞,未保持行車安全距離,Y000,YY00,1,2,2013/4/3,環島北路三段,瓊徑路,,118.3759138,24.45751572,普通重型 機車∕自用 小客車∕,機車普通重型∕小客車自用∕,20∕47∕,受傷∕未受傷∕,69****V代號1289∕03****7代號1290∕,其他∕其他∕,有適當之駕照∕有適當之駕照∕,經檢測無酒精反應∕經檢測無酒精反應∕,機車右側車身∕不明∕,未保持行車安全距離∕右轉彎未依規定∕,未保持行車安全距離∕未保持行車安全距離∕,大學（研究）生∕其他∕,上、下學∕其他∕,本國∕本國∕
10204,10204Y00030001,YYA1,10204YY000010,2013,4,4,11,40,金門縣,金湖鎮,,NA,,,,NA,,,,,,金門航空站前路段,NA,NA,NA,NA,NA,NA,NA,NA,NA,0,0,0,雨,日間自然光線,村里道路,50,彎曲路及附近,一般車道（未劃分快慢車道）,柏油,濕潤,無缺陷,無障礙物,良好,無號誌,無號誌,無分向設施,車道線（附標記）,未繪設快慢車道分隔線,有,同向擦撞,未注意車前狀態,Y000,YY00,1,3,2013/4/4,金門縣金湖鎮金門航空站前路段,,金門縣金湖鎮金門航空站前路段,118.3634816,24.4311257,自用 小客車∕自用 小客車∕,小客車自用∕小客車自用∕,59∕45∕,未受傷∕未受傷∕,QR****2代號1291∕5T****0代號1292∕,其他∕其他∕,有適當之駕照∕有適當之駕照∕,經檢測無酒精反應∕經檢測無酒精反應∕,汽車右前車頭（身）∕汽車左後車尾（身）∕,未注意車前狀態∕違規停車或暫停不當而肇事∕,未注意車前狀態∕未注意車前狀態∕,其他∕其他∕,其他∕其他∕,本國∕本國∕
10204,,YYA1,10204YY000013,2013,4,9,13,0,金門縣,金湖鎮,瓊林里,NA,伯玉路,三,,NA,,,,,,與中山路路口,NA,NA,NA,NA,NA,NA,NA,NA,NA,0,0,0,雨,日間自然光線,村里道路,70,四岔路,交岔路口內,柏油,濕潤,無缺陷,無障礙物,良好,行車管制號誌,正常,無分向設施,未繪設車道線,未繪設快慢車道分隔線,有,路口交岔撞,違反號誌管制或指揮,Y000,YY00,1,4,2013/4/9,伯玉路三段,,金門縣金湖鎮瓊林里與中山路路口,118.3646755,24.4460136,救護車 特種車∕營業用 小貨車(含客、貨兩用)∕,救護車∕小貨車營業用∕,36∕31∕,未受傷∕未受傷∕,04****V代號1293∕35****3代號1294∕,其他∕其他∕,有適當之駕照∕有適當之駕照∕,經檢測無酒精反應∕經檢測無酒精反應∕,汽車左前車頭（身）∕汽車右前車頭（身）∕,違反號誌管制或指揮∕未依規定讓車∕,違反號誌管制或指揮∕違反號誌管制或指揮∕,其他∕其他∕,其他∕運輸∕,本國∕本國∕
10204,10204Y00020012,YYA1,10204YY000015,2013,4,11,9,25,金門縣,金湖鎮,,NA,環島北路,三,,NA,,,,,,屠宰場路段07104號路燈桿處,NA,NA,NA,NA,NA,NA,NA,NA,NA,0,1,0,雨,日間自然光線,村里道路,60,直路,一般車道（未劃分快慢車道）,柏油,濕潤,無缺陷,無障礙物,良好,無號誌,無號誌,附標記,未繪設車道線,未繪設快慢車道分隔線,有,追撞,尚未發現肇事因素,Y000,YY00,1,2,2013/4/11,環島北路三段,,金門縣金湖鎮屠宰場路段07104號路燈桿處,118.388325,24.466263,自用 小貨車(含客、貨兩用)∕普通輕型 機車∕,小貨車自用∕機車普通輕型∕,56∕60∕,未受傷∕受傷∕,09****2代號1295∕WZ****0代號1296∕,其他∕其他∕,有適當之駕照∕有適當之駕照∕,經檢測無酒精反應∕經檢測無酒精反應∕,汽車後車尾∕機車前車頭∕,尚未發現肇事因素∕未注意車前狀態∕,尚未發現肇事因素∕尚未發現肇事因素∕,服務工作者∕不明∕,業務聯繫∕不明∕,本國∕本國∕
10204,10204Y00030003,YYA1,10204YY000017,2013,4,12,15,25,金門縣,金湖鎮,,NA,,,,NA,,,,,,航廈前路段,NA,NA,NA,NA,NA,NA,NA,NA,NA,0,0,0,晴,日間自然光線,村里道路,40,直路,一般車道（未劃分快慢車道）,柏油,乾燥,無缺陷,無障礙物,良好,無號誌,無號誌,無分向設施,車道線（無標記）,未繪設快慢車道分隔線,有,其他,變換車道或方向不當,Y000,YY00,1,3,2013/4/12,金門縣金湖鎮航廈前路段,,金門縣金湖鎮航廈前路段,118.4279933,24.4376913,自用 小客車∕計程車 小客車∕,小客車自用∕小客車計程車∕,33∕47∕,未受傷∕未受傷∕,9C****1代號1297∕VX***1代號1298∕,其他∕其他∕,有適當之駕照∕有適當之駕照∕,經檢測無酒精反應∕經檢測無酒精反應∕,汽車右側車身∕汽車前車頭∕,變換車道或方向不當∕起步未注意其他車（人）安全∕,變換車道或方向不當∕變換車道或方向不當∕,汽車、火車駕駛員及船員∕汽車、火車駕駛員及船員∕,運輸∕運輸∕,本國∕本國∕
10204,10204Y00020014,YYA1,10204YY000018,2013,4,12,18,55,金門縣,金湖鎮,,NA,太湖路,一,,NA,,,,,,辣匠前路段,NA,NA,NA,NA,NA,NA,NA,NA,NA,0,1,0,晴,晨或暮光,村里道路,50,三岔路,交岔路口內,柏油,乾燥,無缺陷,無障礙物,良好,無號誌,無號誌,無標記,未繪設車道線,未繪設快慢車道分隔線,有,側撞,未依規定讓車,Y000,YY00,1,2,2013/4/12,太湖路一段,,金門縣金湖鎮辣匠前路段,118.4047483,24.4473343,普通重型 機車∕普通重型 機車∕自用 小客車,機車普通重型∕機車普通重型∕小客車自用,40∕44∕21,未受傷∕受傷∕未受傷,31****Z代號1299∕73****A代號1300∕05****X代號1301,其他∕其他∕其他,有適當之駕照∕有適當之駕照∕有適當之駕照,經檢測無酒精反應∕經檢測無酒精反應∕經觀察未飲酒,機車前車頭∕機車前車頭∕汽車左側車身,未依規定讓車∕未注意車前狀態∕違規停車或暫停不當而肇事,未依規定讓車∕未依規定讓車∕未依規定讓車,服務工作者∕技術工∕大學（研究）生,社交活動∕上、下班∕購物,本國∕本國∕本國
10204,10204Y00020016,YYA1,10204YY000022,2013,4,15,14,27,金門縣,金湖鎮,,NA,環島東路,五,,NA,,,,,,西埔段環東五052號路燈,NA,NA,NA,NA,NA,NA,NA,NA,NA,0,2,0,晴,日間自然光線,村里道路,60,直路,一般車道（未劃分快慢車道）,柏油,乾燥,無缺陷,無障礙物,良好,無號誌,無號誌,無標記,未繪設車道線,未繪設快慢車道分隔線,有,路上翻車、摔倒,未注意車前狀態,Y000,YY00,1,2,2013/4/15,環島東路五段,,金門縣金湖鎮西埔段環東五052號路燈,118.446814,24.4338343,普通重型 機車∕ ∕乘客 人,機車普通重型乘客,35∕0∕29,受傷受傷,3H****3代號13023H****3代號1302,其他其他,有適當之駕照非汽（機）車駕駛人,經檢測無酒精反應經檢測無酒精反應,機車左側車身非汽（機）車,未注意車前狀態∕尚未發現肇事因素∕尚未發現肇事因素,未注意車前狀態∕未注意車前狀態∕未注意車前狀態,其他其他,觀光旅遊觀光旅遊,本國∕本國∕本國
10204,,YYA1,10204YY000023,2013,4,16,12,20,金門縣,金湖鎮,新市里里,NA,復興路,,,NA,14,,,,,,NA,NA,NA,NA,NA,NA,NA,NA,NA,0,0,0,晴,NA,NA,50,NA,NA,NA,NA,NA,NA,NA,NA,NA,NA,NA,NA,NA,NA,NA,Y000,YY00,1,4,2013/4/16,復興路14號,,金門縣金湖鎮新市里里,118.4161413,24.4412321,自用 小客車∕自用 小客車∕,小客車自用∕小客車自用∕,49∕34∕,,04****2代號1303∕AA*****8代號1304∕,,,,,,,,,本國∕本國∕
10204,,YYA1,10204YY000024,2013,4,16,12,20,金門縣,金湖鎮,新市里,NA,復興路,,,NA,14,,,,,,NA,NA,NA,NA,NA,NA,NA,NA,NA,0,0,0,NA,NA,NA,0,NA,NA,NA,NA,NA,NA,NA,NA,NA,NA,NA,NA,NA,NA,NA,Y000,YY00,4,4,2013/4/16,復興路14號,,金門縣金湖鎮新市里,118.4161413,24.4412321,NA,NA,NA,NA,NA,NA,NA,NA,NA,NA,NA,NA,NA,NA
10204,10204Y00020018,YYA1,10204YY000030,2013,4,18,7,55,金門縣,金湖鎮,,NA,,,,NA,,,,,,塔后43號前,NA,NA,NA,NA,NA,NA,NA,NA,NA,0,1,0,晴,日間自然光線,村里道路,40,直路,一般車道（未劃分快慢車道）,柏油,乾燥,無缺陷,無障礙物,良好,無號誌,無號誌,無分向設施,未繪設車道線,未繪設快慢車道分隔線,有,對向擦撞,未保持行車安全間隔,Y000,YY00,1,2,2013/4/18,金門縣金湖鎮塔后43號前,,金門縣金湖鎮塔后43號前,118.4101054,24.4411037,普通重型 機車∕自用 小客車∕,機車普通重型∕小客車自用∕,55∕38∕,受傷∕未受傷∕,17****D代號1305∕6F****8代號1306∕,其他∕其他∕,有適當之駕照∕有適當之駕照∕,經檢測無酒精反應∕經檢測無酒精反應∕,機車前車頭∕汽車左前車頭（身）∕,未保持行車安全間隔∕尚未發現肇事因素∕,未保持行車安全間隔∕未保持行車安全間隔∕,服務工作者∕不明∕,不明∕上、下班∕,本國∕本國∕
10204,10204Y00020020,YYA1,10204YY000034,2013,4,21,12,53,金門縣,金湖鎮,正義里,NA,環島南路,三,,NA,,,,,,環保公園前,NA,NA,NA,NA,NA,NA,NA,NA,NA,0,1,0,晴,日間自然光線,村里道路,60,直路,一般車道（未劃分快慢車道）,柏油,乾燥,無缺陷,無障礙物,良好,無號誌,無號誌,無標記,車道線（無標記）,未繪設快慢車道分隔線,有,路上翻車、摔倒,車輪脫落或輪胎爆裂,Y000,YY00,1,2,2013/4/21,環島南路三段,,金門縣金湖鎮正義里環保公園前,118.3757827,24.4398961,普通重型 機車∕ ∕乘客 人,機車普通重型乘客,25∕0∕29,未受傷受傷,AA*****1代號1307AA*****1代號1307,其他其他,有適當之駕照非汽（機）車駕駛人,經檢測無酒精反應非駕駛人，未檢測,機車右側車身不明,車輪脫落或輪胎爆裂∕尚未發現肇事因素∕尚未發現肇事因素,車輪脫落或輪胎爆裂∕車輪脫落或輪胎爆裂∕車輪脫落或輪胎爆裂,其他其他,其他其他,本國∕本國∕本國