年月,總編號,處理單位,處理編號,年,月,日,時,分,縣市,區,村里,鄰,街道,段,巷,弄,號,公尺處,街道.1,段.1,側,附近,道路,公里,公尺處.1,向,車道,平交道,公里.1,公尺處.2,附近.1,死,受傷,X2.30,天候,光線,道路類別,速限,道路型態,事故位置,路面鋪裝,路面狀態,路面缺陷,障礙物,視距,號誌種類,號誌動作,分向設施,快車道或一般車道間,快慢車道間,路面邊線,事故類型及型態,主要肇因,警局,分局,案件類別,事故類別,日期,道路1,道路2,概略位置,lon,lat,車種,當事者區分.類別.,年齡,受傷程度,車輛牌照號碼,車輛用途,駕駛資格情形,飲酒情形,車輛撞擊部位最初,肇事因素個別,肇事因素主要,職.業,旅次目的,國籍
10204,10204Y00020021,YYA1,10204YY000038,2013,4,24,17,0,金門縣,金湖鎮,,NA,復興路,,,NA,,,,,,署立醫院急診室路口,NA,NA,NA,NA,NA,NA,NA,NA,NA,0,1,0,晴,日間自然光線,村里道路,40,三岔路,交岔路口內,柏油,乾燥,無缺陷,無障礙物,良好,無號誌,無號誌,無分向設施,未繪設車道線,未繪設快慢車道分隔線,有,側撞,未依規定讓車,Y000,YY00,1,2,2013/4/24,復興路,,金門縣金湖鎮署立醫院急診室路口,118.4161413,24.4412321,自用 小客車∕普通重型 機車∕,小客車自用∕機車普通重型∕,26∕19∕,未受傷∕受傷∕,6F****6代號60∕20****C代號1308∕,其他∕其他∕,有適當之駕照∕有適當之駕照∕,經檢測無酒精反應∕經檢測無酒精反應∕,汽車左前車頭（身）∕機車前車頭∕,未依規定讓車∕未依規定減速∕,未依規定讓車∕未依規定讓車∕,汽車、火車駕駛員及船員∕高中生∕,運輸∕社交活動∕,本國∕本國∕
10204,10204Y00020022,YYA1,10204YY000039,2013,4,24,17,48,金門縣,金沙鎮,,NA,環島東路,,,NA,,,,,,屏東路口,NA,NA,NA,NA,NA,NA,NA,NA,NA,0,1,0,晴,日間自然光線,村里道路,60,三岔路,交岔路口內,柏油,乾燥,無缺陷,無障礙物,良好,無號誌,無號誌,無分向設施,未繪設車道線,未繪設快慢車道分隔線,有,側撞,違規超車,Y000,YY00,1,2,2013/4/24,環島東路,,金門縣金沙鎮屏東路口,118.4213083,24.4841071,自用 小客車∕普通重型 機車∕,小客車自用∕機車普通重型∕,37∕20∕,未受傷∕受傷∕,6F****5代號1309∕20****T代號1310∕,其他∕其他∕,有適當之駕照∕有適當之駕照∕,經檢測無酒精反應∕經檢測無酒精反應∕,汽車右前車頭（身）∕機車後車尾∕,違規超車∕尚未發現肇事因素∕,違規超車∕違規超車∕,服務工作者∕服務工作者∕,上、下班∕上、下班∕,本國∕本國∕
10204,10204Y00020023,YYA1,10204YY000043,2013,4,27,10,39,金門縣,金湖鎮,新市里,NA,太湖路,二,,NA,,,,,,自強路路口,NA,NA,NA,NA,NA,NA,NA,NA,NA,0,1,0,陰,日間自然光線,村里道路,50,四岔路,交岔路口內,柏油,乾燥,無缺陷,無障礙物,良好,閃光號誌,不正常,無分向設施,未繪設車道線,未繪設快慢車道分隔線,有,路口交岔撞,未依規定讓車,Y000,YY00,1,2,2013/4/27,太湖路二段,,金門縣金湖鎮新市里自強路路口,118.4170143,24.4394812,腳踏自行車 慢車∕遊覽車 大客車∕,腳踏自行車∕遊覽車∕,9∕48∕,受傷∕未受傷∕,∕19***L代號1311∕,其他∕其他∕,非汽（機）車駕駛人∕有適當之駕照∕,非駕駛人，未檢測∕經檢測無酒精反應∕,非汽（機）車∕汽車右側車身∕,未依規定讓車∕未依規定減速∕,未依規定讓車∕未依規定讓車∕,小學生∕汽車、火車駕駛員及船員∕,其他∕運輸∕,本國∕本國∕
10204,10204Y00020034,YYA1,10204YY000048,2013,4,30,17,2,金門縣,金湖鎮,,NA,中山路,,,NA,,,,,,台開工地路口,NA,NA,NA,NA,NA,NA,NA,NA,NA,0,1,0,晴,日間自然光線,村里道路,50,三岔路,交岔路口內,柏油,乾燥,無缺陷,無障礙物,良好,無號誌,無號誌,無分向設施,未繪設車道線,未繪設快慢車道分隔線,有,路上翻車、摔倒,未注意車前狀態,Y000,YY00,1,2,2013/4/30,中山路,,金門縣金湖鎮台開工地路口,118.364975,24.4413821,普通重型 機車∕ ∕,機車普通重型,21∕0∕,受傷,01****H代號1312,其他,有適當之駕照,經檢測無酒精反應,機車左側車身,未注意車前狀態∕尚未發現肇事因素∕,未注意車前狀態∕未注意車前狀態∕,大學（研究）生,觀光旅遊,本國∕本國∕
10204,10204Y00020002,YZA1,10204YZ000002,2013,4,2,8,2,金門縣,金城鎮,東門里,NA,珠浦東路,,,NA,3,,,,,,NA,NA,NA,NA,NA,NA,NA,NA,NA,0,2,0,晴,日間自然光線,鄉道,40,四岔路,交岔路口內,碎石,乾燥,無缺陷,無障礙物,其他,無號誌,無號誌,無分向設施,未繪設車道線,未繪設快慢車道分隔線,無,路口交岔撞,未依規定讓車,Y000,YZ00,1,2,2013/4/2,珠浦東路3號,,金門縣金城鎮東門里,118.3189755,24.4310564,普通重型 機車∕普通重型 機車∕,機車普通重型∕機車普通重型∕,51∕63∕,受傷∕受傷∕,99****W代號1313∕62****J代號237∕,其他∕其他∕,有適當之駕照∕無照（已達考照年齡）∕,經呼氣檢測0.16至0.25mg∕L或血液檢測0.031至0.05∕經觀察未飲酒∕,機車右側車身∕機車前車頭∕,未依規定讓車∕未依規定減速∕,未依規定讓車∕未依規定讓車∕,技術員及助理人員∕家庭主婦（夫）∕,購物∕購物∕,本國∕本國∕
10204,,YZA1,10204YZ000003,2013,4,2,14,45,金門縣,金城鎮,,NA,西海路,三,,NA,,,,,,水試所前路段,NA,NA,NA,NA,NA,NA,NA,NA,NA,0,0,0,晴,NA,NA,0,NA,NA,NA,NA,NA,NA,NA,NA,NA,NA,NA,NA,NA,NA,NA,Y000,YZ00,2,3,2013/4/2,西海路三段,,金門縣金城鎮水試所前路段,118.3124964,24.4226194, ∕自用 小客車∕,∕小客車自用∕,0∕26∕,,∕08****2代號1314∕,,,,,,,,,本國∕本國∕
10204,10204Y00020003,YZA1,10204YZ000004,2013,4,2,17,55,金門縣,金城鎮,西門里,NA,民權路,,,NA,236,,,,,,NA,NA,NA,NA,NA,NA,NA,NA,NA,0,1,0,晴,日間自然光線,村里道路,40,直路,一般車道（未劃分快慢車道）,柏油,乾燥,無缺陷,無障礙物,良好,無號誌,無號誌,附標記,未繪設車道線,未繪設快慢車道分隔線,有,其他,起步未注意其他車（人）安全,Y000,YZ00,1,2,2013/4/2,民權路236號,,金門縣金城鎮西門里,118.3198461,24.4387235,自用 小客車∕普通重型 機車∕,小客車自用∕機車普通重型∕,65∕24∕,未受傷∕受傷∕,G2****5代號1315∕60****D代號1316∕,其他∕其他∕,有適當之駕照∕有適當之駕照∕,經檢測無酒精反應∕經檢測無酒精反應∕,汽車左前車頭（身）∕機車右側車身∕,起步未注意其他車（人）安全∕未注意車前狀態∕,起步未注意其他車（人）安全∕起步未注意其他車（人）安全∕,民意代表、行政主管、企業主管及經理人員∕大學（研究）生∕,社交活動∕社交活動∕,本國∕本國∕
10204,10204Y00020004,YZA1,10204YZ000005,2013,4,2,21,24,金門縣,金城鎮,,NA,環島北路,一,,NA,,,,,,38巷口,NA,NA,NA,NA,NA,NA,NA,NA,NA,0,1,0,雨,夜間（或隧道、地下道、涵洞）有照明,村里道路,60,三岔路,交岔路口內,柏油,濕潤,無缺陷,無障礙物,良好,無號誌,無號誌,無標記,未繪設車道線,未繪設快慢車道分隔線,有,側撞,未依規定讓車,Y000,YZ00,1,2,2013/4/2,環島北路一段,,金門縣金城鎮38巷口,118.3283226,24.4462231,自用 小客車∕普通重型 機車∕,小客車自用∕機車普通重型∕,48∕20∕,未受傷∕受傷∕,6F****3代號1317∕87****T代號1318∕,其他∕其他∕,有適當之駕照∕有適當之駕照∕,經檢測無酒精反應∕經檢測無酒精反應∕,汽車右後車尾（身）∕機車前車頭∕,未依規定讓車∕未注意車前狀態∕,未依規定讓車∕未依規定讓車∕,不明∕大學（研究）生∕,其他∕其他∕,本國∕本國∕
10204,10204Y00020006,YZA1,10204YZ000006,2013,4,3,9,12,金門縣,金寧鄉,盤山村,NA,大學路,,,NA,,,,,,金門大學大學路,NA,NA,NA,NA,NA,NA,NA,NA,NA,0,1,0,晴,日間自然光線,村里道路,40,直路,一般車道（未劃分快慢車道）,柏油,乾燥,無缺陷,無障礙物,良好,無號誌,無號誌,附標記,未繪設車道線,未繪設快慢車道分隔線,有,同向擦撞,未保持行車安全間隔,Y000,YZ00,1,2,2013/4/3,大學路,,金門縣金寧鄉盤山村金門大學大學路,118.325279,24.4466751,普通重型 機車∕普通重型 機車∕,機車普通重型∕機車普通重型∕,20∕21∕,受傷∕未受傷∕,19****G代號1319∕10****T代號1320∕,其他∕其他∕,有適當之駕照∕有適當之駕照∕,經檢測無酒精反應∕經檢測無酒精反應∕,機車前車頭∕機車右側車身∕,未保持行車安全間隔∕尚未發現肇事因素∕,未保持行車安全間隔∕未保持行車安全間隔∕,大學（研究）生∕大學（研究）生∕,上、下學∕上、下學∕,本國∕本國∕
10204,10204Y00020008,YZA1,10204YZ000008,2013,4,3,19,49,金門縣,金寧鄉,,NA,桃園路,,,NA,,,,,,盤果路口,NA,NA,NA,NA,NA,NA,NA,NA,NA,0,2,0,雨,夜間（或隧道、地下道、涵洞）有照明,縣道,60,四岔路,交岔路口內,柏油,濕潤,無缺陷,無障礙物,良好,行車管制號誌,正常,無分向設施,未繪設車道線,未繪設快慢車道分隔線,有,側撞,未依規定讓車,Y000,YZ00,1,2,2013/4/3,桃園路,,金門縣金寧鄉盤果路口,118.3446627,24.4317794,計程車 小客車∕自用 小客車∕乘客 人,小客車計程車∕小客車自用∕乘客,56∕46∕16,未受傷∕受傷∕受傷,57***Q代號1321∕31****P代號1322∕31****P代號1322,其他∕其他∕其他,有適當之駕照∕有適當之駕照∕非汽（機）車駕駛人,經檢測無酒精反應∕經檢測無酒精反應∕非駕駛人，未檢測,汽車前車頭∕汽車前車頭∕非汽（機）車,未依規定讓車∕未注意車前狀態∕尚未發現肇事因素,未依規定讓車∕未依規定讓車∕未依規定讓車,汽車、火車駕駛員及船員∕技術員及助理人員∕高中生,其他∕其他∕其他,本國∕本國∕本國
10204,10204Y00020007,YZA1,10204YZ000009,2013,4,3,19,33,金門縣,金寧鄉,,NA,伯玉路,一,,NA,238,,,,,,NA,NA,NA,NA,NA,NA,NA,NA,NA,0,1,0,雨,夜間（或隧道、地下道、涵洞）有照明,村里道路,60,彎曲路及附近,一般車道（未劃分快慢車道）,柏油,濕潤,無缺陷,無障礙物,良好,無號誌,無號誌,附標記,未繪設車道線,未繪設快慢車道分隔線,有,其他,未保持行車安全距離,Y000,YZ00,1,2,2013/4/3,伯玉路一段238號,,金門縣金寧鄉,118.3267756,24.4346914,普通重型 機車∕自用 小客車∕,機車普通重型∕小客車自用∕,25∕25∕,未受傷∕受傷∕,3J****9代號1323∕65****7代號1324∕,其他∕其他∕,有適當之駕照∕有適當之駕照∕,經檢測無酒精反應∕經檢測無酒精反應∕,機車右側車身∕不明∕,未保持行車安全距離∕右轉彎未依規定∕,未保持行車安全距離∕未保持行車安全距離∕,不明∕不明∕,不明∕不明∕,本國∕本國∕
10204,10204Y00020009,YZA1,10204YZ000011,2013,4,8,17,21,金門縣,金寧鄉,,NA,伯玉路,一,,NA,,,,,,榜林圓環,NA,NA,NA,NA,NA,NA,NA,NA,NA,0,1,0,晴,日間自然光線,村里道路,40,圓環,一般車道（未劃分快慢車道）,柏油,乾燥,無缺陷,無障礙物,良好,無號誌,無號誌,無分向設施,車道線（無標記）,未繪設快慢車道分隔線,有,其他,未依規定讓車,Y000,YZ00,1,2,2013/4/8,伯玉路一段,,金門縣金寧鄉榜林圓環,118.3267756,24.4346914,普通重型 機車∕自用 小客車∕,機車普通重型∕小客車自用∕,64∕57∕,受傷∕未受傷∕,70****V代號1325∕6F****8代號1326∕,其他∕其他∕,有適當之駕照∕有適當之駕照∕,經檢測無酒精反應∕經檢測無酒精反應∕,機車前車頭∕汽車右側車身∕,未依規定讓車∕尚未發現肇事因素∕,未依規定讓車∕未依規定讓車∕,其他∕其他∕,其他∕其他∕,本國∕本國∕
10204,10204Y00020010,YZA1,10204YZ000012,2013,4,9,11,50,金門縣,金寧鄉,,NA,伯玉路,一,,NA,222,,,,,金門加油站前路段,NA,NA,NA,NA,NA,NA,NA,NA,NA,0,1,0,雨,日間自然光線,村里道路,60,直路,一般車道（未劃分快慢車道）,柏油,濕潤,無缺陷,無障礙物,良好,無號誌,無號誌,無標記,未繪設車道線,快慢車道分隔線,有,側撞,未依規定讓車,Y000,YZ00,1,2,2013/4/9,伯玉路一段222號,,金門縣金寧鄉金門加油站前路段,118.3267756,24.4346914,普通重型 機車∕自用 小客車∕,機車普通重型∕小客車自用∕,26∕20∕,受傷∕未受傷∕,15****U代號1327∕HM****2代號1328∕,其他∕其他∕,有適當之駕照∕有適當之駕照∕,經檢測無酒精反應∕經檢測無酒精反應∕,機車右側車身∕汽車前車頭∕,未依規定讓車∕未注意車前狀態∕,未依規定讓車∕未依規定讓車∕,其他∕其他∕,其他∕其他∕,本國∕本國∕
10204,10204Y00020011,YZA1,10204YZ000014,2013,4,9,17,20,金門縣,金寧鄉,,NA,環島北路,一,,NA,,,,,,07192號燈桿附近,NA,NA,NA,NA,NA,NA,NA,NA,NA,0,2,0,雨,日間自然光線,村里道路,50,三岔路,交岔口附近,柏油,濕潤,無缺陷,無障礙物,良好,無號誌,無號誌,無分向設施,未繪設車道線,未繪設快慢車道分隔線,有,穿越道路中,搶越行人穿越道,Y000,YZ00,1,2,2013/4/9,環島北路一段,,金門縣金寧鄉07192號燈桿附近,118.3283226,24.4462231,普通重型 機車∕行人 人∕,機車普通重型∕行人∕,55∕73∕,受傷∕受傷∕,19****F代號1329,其他∕非駕駛人及乘客∕,有適當之駕照∕非汽（機）車駕駛人∕,經呼氣檢測未超過0.15mg∕L或血液檢測未超過0.03∕非駕駛人，未檢測∕,機車前車頭∕非汽（機）車∕,搶越行人穿越道∕穿越道路未注意左右來車∕,搶越行人穿越道∕搶越行人穿越道∕,不明∕不明∕,其他∕其他∕,本國∕本國∕
10204,10204Y00020013,YZA1,10204YZ000016,2013,4,12,1,0,金門縣,金城鎮,,NA,環島西路,一,,NA,,,北堤路,,,,NA,NA,NA,NA,NA,NA,NA,NA,NA,0,2,0,陰,夜間（或隧道、地下道、涵洞）有照明,縣道,40,四岔路,交岔路口內,柏油,濕潤,無缺陷,無障礙物,良好,閃光號誌,正常,無分向設施,未繪設車道線,未繪設快慢車道分隔線,有,側撞,未依規定讓車,Y000,YZ00,1,2,2013/4/12,環島西路一段,北堤路,,118.3213944,24.42983234,自用 小客車∕自用 小客車∕乘客 人,小客車自用∕小客車自用∕乘客,48∕22∕54,受傷∕未受傷∕受傷,3P****2代號1330∕74****N代號1331∕3P****2代號1330,其他∕其他∕其他,有適當之駕照∕有適當之駕照∕非汽（機）車駕駛人,經檢測無酒精反應∕經呼氣檢測0.41至0.55mg∕L或血液檢測0.081至0.11∕非駕駛人，未檢測,汽車右前車頭（身）∕汽車右前車頭（身）∕非汽（機）車,未依規定讓車∕酒醉（後）駕駛失控∕尚未發現肇事因素,未依規定讓車∕未依規定讓車∕未依規定讓車,售貨員∕技術工∕售貨員,其他∕其他∕其他,本國∕本國∕本國
10204,,YZA1,10204YZ000019,2013,4,12,19,15,金門縣,金城鎮,,NA,環島北路,,,NA,,,,,,30號前,NA,NA,NA,NA,NA,NA,NA,NA,NA,0,0,0,晴,夜間（或隧道、地下道、涵洞）有照明,村里道路,50,直路,一般車道（未劃分快慢車道）,柏油,乾燥,無缺陷,無障礙物,良好,無號誌,無號誌,附標記,未繪設車道線,未繪設快慢車道分隔線,有,追撞,未注意車前狀態,Y000,YZ00,1,4,2013/4/12,環島北路,,金門縣金城鎮30號前,118.322662,24.441264,普通重型 機車∕自用 小客車∕,機車普通重型∕小客車自用∕,21∕34∕,未受傷∕未受傷∕,27****C代號1332∕6F****5代號1333∕,其他∕其他∕,有適當之駕照∕有適當之駕照∕,經檢測無酒精反應∕經檢測無酒精反應∕,機車右側車身∕汽車後車尾∕,未注意車前狀態∕尚未發現肇事因素∕,未注意車前狀態∕未注意車前狀態∕,不明∕不明∕,其他∕其他∕,本國∕本國∕
10204,10204Y00030002,YZA1,10204YZ000020,2013,4,12,14,16,金門縣,金城鎮,,NA,光前路,,,NA,109,,,,,,NA,NA,NA,NA,NA,NA,NA,NA,NA,0,0,0,晴,日間自然光線,村里道路,40,直路,一般車道（未劃分快慢車道）,柏油,乾燥,無缺陷,無障礙物,良好,無號誌,無號誌,無標記,車道線（無標記）,未繪設快慢車道分隔線,有,其他,酒醉（後）駕駛失控,Y000,YZ00,1,3,2013/4/12,光前路109號,,金門縣金城鎮,118.3142468,24.4339885,自用 小客車∕租賃車 小客車∕,小客車自用∕小客車租貸車∕,59∕44∕,未受傷∕未受傷∕,15****V代號1334∕WW****2代號1335∕,其他∕其他∕,有適當之駕照∕有適當之駕照∕,經呼氣檢測超過0.80mg∕L或血液檢測超過0.16∕經觀察未飲酒∕,汽車右前車頭（身）∕汽車左後車尾（身）∕,酒醉（後）駕駛失控∕違規停車或暫停不當而肇事∕,酒醉（後）駕駛失控∕酒醉（後）駕駛失控∕,專業人員∕不明∕,其他∕不明∕,本國∕本國∕
10204,10204Y00020015,YZA1,10204YZ000021,2013,4,14,17,20,金門縣,金城鎮,北門里,NA,莒光路,,,NA,87,,,,,,NA,NA,NA,NA,NA,NA,NA,NA,NA,0,1,0,晴,日間自然光線,村里道路,40,直路,一般車道（未劃分快慢車道）,水泥,乾燥,無缺陷,無障礙物,良好,無號誌,無號誌,無分向設施,未繪設車道線,未繪設快慢車道分隔線,無,對向擦撞,未靠右行駛,Y000,YZ00,1,2,2013/4/14,莒光路87號,,金門縣金城鎮北門里,118.3169343,24.432731,普通重型 機車∕普通重型 機車∕,機車普通重型∕機車普通重型∕,18∕51∕,未受傷∕受傷∕,87****F代號1336∕PZ****2代號1337∕,其他∕其他∕,無照（未達考照年齡）∕有適當之駕照∕,經檢測無酒精反應∕經檢測無酒精反應∕,機車前車頭∕機車前車頭∕,未靠右行駛∕尚未發現肇事因素∕,未靠右行駛∕未靠右行駛∕,高中生∕家庭主婦（夫）∕,社交活動∕觀光旅遊∕,本國∕本國∕
10204,10204Y00020017,YZA1,10204YZ000025,2013,4,17,10,5,金門縣,金城鎮,,NA,環島西路,一,,NA,,,北堤路,,,,NA,NA,NA,NA,NA,NA,NA,NA,NA,0,1,0,晴,日間自然光線,村里道路,50,四岔路,交岔路口內,柏油,乾燥,無缺陷,無障礙物,良好,行車管制號誌,正常,無分向設施,未繪設車道線,未繪設快慢車道分隔線,有,側撞,右轉彎未依規定,Y000,YZ00,1,2,2013/4/17,環島西路一段,北堤路,,118.3213944,24.42983234,自用 小貨車(含客、貨兩用)∕普通重型 機車∕,小貨車自用∕機車普通重型∕,26∕43∕,未受傷∕受傷∕,25****S代號1338∕10****U代號1339∕,其他∕其他∕,有適當之駕照∕有適當之駕照∕,經檢測無酒精反應∕經檢測無酒精反應∕,汽車右前車頭（身）∕機車左側車身∕,右轉彎未依規定∕未注意車前狀態∕,右轉彎未依規定∕右轉彎未依規定∕,不明∕不明∕,不明∕不明∕,本國∕本國∕
10204,10204Y00020036,YZA1,10204YZ000026,2013,4,17,7,55,金門縣,金寧鄉,,NA,伯玉路,二,,NA,,,,,,00210燈桿旁,NA,NA,NA,NA,NA,NA,NA,NA,NA,0,1,0,晴,日間自然光線,鄉道,70,直路,一般車道（未劃分快慢車道）,柏油,乾燥,無缺陷,無障礙物,良好,無號誌,無號誌,無標記,未繪設車道線,快慢車道分隔線,有,追撞,未注意車前狀態,Y000,YZ00,1,2,2013/4/17,伯玉路二段,,金門縣金寧鄉00210燈桿旁,118.3416148,24.4414563,普通重型 機車∕人力車 慢車∕,機車普通重型∕人力車∕,58∕78∕,未受傷∕受傷∕,80****V代號1340,其他∕其他∕,有適當之駕照∕非汽（機）車駕駛人∕,經檢測無酒精反應∕非駕駛人，未檢測∕,機車前車頭∕非汽（機）車∕,未注意車前狀態∕尚未發現肇事因素∕,未注意車前狀態∕未注意車前狀態∕,其他∕其他∕,其他∕其他∕,本國∕本國∕
10204,10204Y00020025,YZA1,10204YZ000027,2013,4,17,19,9,金門縣,金城鎮,東門里,NA,環島西路,一,,NA,,,,,,東門圓環,NA,NA,NA,NA,NA,NA,NA,NA,NA,0,1,0,晴,夜間（或隧道、地下道、涵洞）有照明,村里道路,40,圓環,一般車道（未劃分快慢車道）,柏油,乾燥,無缺陷,無障礙物,良好,無號誌,無號誌,無分向設施,車道線（無標記）,未繪設快慢車道分隔線,有,其他,未注意車前狀態,Y000,YZ00,1,2,2013/4/17,環島西路一段,,金門縣金城鎮東門里東門圓環,118.3184801,24.4172073,自用 小客車∕普通重型 機車∕,小客車自用∕機車普通重型∕,33∕20∕,未受傷∕受傷∕,08****7代號1341∕52****G代號1342∕,其他∕其他∕,有適當之駕照∕有適當之駕照∕,經檢測無酒精反應∕經檢測無酒精反應∕,汽車右側車身∕機車前車頭∕,未注意車前狀態∕尚未發現肇事因素∕,未注意車前狀態∕未注意車前狀態∕,服務工作者∕其他∕,其他∕其他∕,本國∕本國∕
10204,10204Y00020035,YZA1,10204YZ000028,2013,4,17,20,42,金門縣,金城鎮,,NA,環島西路,一,,NA,,,,,,吳厝路口,NA,NA,NA,NA,NA,NA,NA,NA,NA,0,1,0,霧或煙,夜間（或隧道、地下道、涵洞）有照明,村里道路,40,三岔路,交岔路口內,柏油,乾燥,無缺陷,無障礙物,良好,無號誌,無號誌,無分向設施,未繪設車道線,未繪設快慢車道分隔線,有,側撞,未依規定讓車,Y000,YZ00,1,2,2013/4/17,環島西路一段,,金門縣金城鎮吳厝路口,118.3184801,24.4172073,自用 小客車∕電動自行車 慢車∕,小客車自用∕電動自行車∕,39∕53∕,未受傷∕受傷∕,6F****8代號1343,其他∕其他∕,有適當之駕照∕非汽（機）車駕駛人∕,經檢測無酒精反應∕經呼氣檢測0.56至0.80mg∕L或血液檢測0.111至0.16∕,汽車左前車頭（身）∕非汽（機）車∕,未依規定讓車∕酒醉（後）駕駛失控∕,未依規定讓車∕未依規定讓車∕,不明∕技術員及助理人員∕,其他∕其他∕,本國∕本國∕
10204,10204Y00010001,YZA1,10204YZ000029,2013,4,18,5,30,金門縣,金寧鄉,盤山村,NA,伯玉路,二,,NA,,,,,,00196號燈桿前路段,NA,NA,NA,NA,NA,NA,NA,NA,NA,1,0,0,霧或煙,夜間（或隧道、地下道、涵洞）有照明,縣道,70,直路,路肩、路緣,柏油,乾燥,無缺陷,無障礙物,良好,無號誌,無號誌,無標記,未繪設車道線,快慢車道分隔線,有,撞路樹、電桿,酒醉（後）駕駛失控,Y000,YZ00,1,1,2013/4/18,伯玉路二段,,金門縣金寧鄉盤山村00196號燈桿前路段,118.3416148,24.4414563,普通重型 機車∕ ∕,機車普通重型,21∕0∕,24小時內死亡,63****F代號1344,其他,有適當之駕照,經呼氣檢測0.56至0.80mg∕L或血液檢測0.111至0.16,機車右側車身,酒醉（後）駕駛失控∕尚未發現肇事因素∕,酒醉（後）駕駛失控∕酒醉（後）駕駛失控∕,大學（研究）生,其他,本國∕本國∕
10204,10204Y00020019,YZA1,10204YZ000031,2013,4,18,10,5,金門縣,金寧鄉,盤山村,NA,大學路,,,NA,1,,,,,機車停車場旁路段,NA,NA,NA,NA,NA,NA,NA,NA,NA,0,1,0,霧或煙,日間自然光線,鄉道,40,直路,一般車道（未劃分快慢車道）,柏油,乾燥,無缺陷,無障礙物,良好,無號誌,無號誌,寬式（50公分以上）,未繪設車道線,未繪設快慢車道分隔線,有,路上翻車、摔倒,未注意車前狀態,Y000,YZ00,1,2,2013/4/18,大學路1號,,金門縣金寧鄉盤山村機車停車場旁路段,118.325279,24.4466751,普通重型 機車∕ ∕,機車普通重型,20∕0∕,受傷,97****W代號1345,其他,有適當之駕照,經檢測無酒精反應,機車左側車身,未注意車前狀態∕尚未發現肇事因素∕,未注意車前狀態∕未注意車前狀態∕,大學（研究）生,上、下學,本國∕本國∕
10204,10204Y00020024,YZA1,10204YZ000032,2013,4,13,19,30,金門縣,金城鎮,,NA,民權路,,,NA,114,,,,,,NA,NA,NA,NA,NA,NA,NA,NA,NA,0,1,0,陰,夜間（或隧道、地下道、涵洞）有照明,村里道路,40,直路,一般車道（未劃分快慢車道）,柏油,乾燥,無缺陷,無障礙物,良好,無號誌,無號誌,附標記,未繪設車道線,快慢車道分隔線,有,其他,未注意車前狀態,Y000,YZ00,1,2,2013/4/13,民權路114號,,金門縣金城鎮,118.3167956,24.4354592,普通重型 機車∕自用 小貨車(含客、貨兩用)∕,機車普通重型∕小貨車自用∕,67∕60∕,受傷∕未受傷∕,25****C代號1346∕WY****7代號1347∕,其他∕其他∕,有適當之駕照∕不明∕,經檢測無酒精反應∕不明∕,機車前車頭∕汽車左後車尾（身）∕,未注意車前狀態∕違規停車或暫停不當而肇事∕,未注意車前狀態∕未注意車前狀態∕,其他∕其他∕,其他∕其他∕,本國∕本國∕
10204,10204Y00020026,YZA1,10204YZ000033,2013,4,19,23,30,金門縣,金城鎮,古城里,NA,,,,NA,,,,,,58之2號前路段,NA,NA,NA,NA,NA,NA,NA,NA,NA,0,1,0,雨,夜間（或隧道、地下道、涵洞）有照明,村里道路,40,直路,一般車道（未劃分快慢車道）,柏油,濕潤,無缺陷,無障礙物,良好,無號誌,無號誌,無標記,未繪設車道線,未繪設快慢車道分隔線,有,撞工程施工,未注意車前狀態,Y000,YZ00,1,2,2013/4/19,金門縣金城鎮古城里58之2號前路段,,金門縣金城鎮古城里58之2號前路段,118.3166667,24.4166667,自用 小客車∕ ∕,小客車自用,37∕0∕,受傷,10****V代號1348,其他,有適當之駕照,無法檢測,汽車左前車頭（身）,未注意車前狀態∕尚未發現肇事因素∕,未注意車前狀態∕未注意車前狀態∕,不明,其他,本國∕本國∕
10204,10204Y00020027,YZA1,10204YZ000035,2013,4,22,19,8,金門縣,金城鎮,東門里,NA,環島西路,一,,NA,,,民族路,,,,NA,NA,NA,NA,NA,NA,NA,NA,NA,0,2,0,晴,夜間（或隧道、地下道、涵洞）有照明,鄉道,40,三岔路,交岔路口內,柏油,乾燥,無缺陷,無障礙物,良好,無號誌,無號誌,無分向設施,未繪設車道線,未繪設快慢車道分隔線,有,側撞,未依規定讓車,Y000,YZ00,1,2,2013/4/22,環島西路一段,民族路,,118.321341,24.430973,普通重型 機車∕普通重型 機車∕自用 小客車,機車普通重型∕機車普通重型∕小客車自用,45∕19∕38,受傷∕受傷∕未受傷,10****V代號1349∕26****F代號1350∕8F****6代號1351,其他∕其他∕其他,有適當之駕照∕有適當之駕照∕有適當之駕照,經檢測無酒精反應∕經檢測無酒精反應∕經檢測無酒精反應,機車前車頭∕機車前車頭∕汽車左前車頭（身）,未依規定讓車∕未依規定減速∕尚未發現肇事因素,未依規定讓車∕未依規定讓車∕未依規定讓車,技術員及助理人員∕高中生∕家庭主婦（夫）,社交活動∕上、下班∕社交活動,本國∕本國∕本國