年月,總編號,處理單位,處理編號,年,月,日,時,分,縣市,區,村里,鄰,街道,段,巷,弄,號,公尺處,街道.1,段.1,側,附近,道路,公里,公尺處.1,向,車道,平交道,公里.1,公尺處.2,附近.1,死,受傷,X2.30,天候,光線,道路類別,速限,道路型態,事故位置,路面鋪裝,路面狀態,路面缺陷,障礙物,視距,號誌種類,號誌動作,分向設施,快車道或一般車道間,快慢車道間,路面邊線,事故類型及型態,主要肇因,警局,分局,案件類別,事故類別,日期,道路1,道路2,概略位置,lon,lat,車種,當事者區分.類別.,年齡,受傷程度,車輛牌照號碼,車輛用途,駕駛資格情形,飲酒情形,車輛撞擊部位最初,肇事因素個別,肇事因素主要,職.業,旅次目的,國籍
10204,10204Y00020028,YZA1,10204YZ000036,2013,4,23,19,43,金門縣,金寧鄉,,NA,環島北路,二,,NA,,,,,,07147號路燈桿前路段,NA,NA,NA,NA,NA,NA,NA,NA,NA,0,1,0,晴,夜間（或隧道、地下道、涵洞）有照明,村里道路,60,直路,一般車道（未劃分快慢車道）,柏油,乾燥,無缺陷,無障礙物,良好,無號誌,無號誌,無標記,未繪設車道線,未繪設快慢車道分隔線,有,路上翻車、摔倒,未注意車前狀態,Y000,YZ00,1,2,2013/4/23,環島北路二段,,金門縣金寧鄉07147號路燈桿前路段,118.3537405,24.452631,普通重型 機車∕ ∕,機車普通重型,20∕0∕,受傷,38****K代號1352,其他,有適當之駕照,經檢測無酒精反應,機車左側車身,未注意車前狀態∕尚未發現肇事因素∕,未注意車前狀態∕未注意車前狀態∕,大學（研究）生,其他,本國∕本國∕
10204,10204Y00030004,YZA1,10204YZ000037,2013,4,23,23,32,金門縣,金城鎮,,NA,北堤路,,,NA,,,,,,迴龍宮前路段,NA,NA,NA,NA,NA,NA,NA,NA,NA,0,0,0,晴,夜間（或隧道、地下道、涵洞）有照明,村里道路,50,三岔路,交岔口附近,柏油,乾燥,無缺陷,無障礙物,良好,無號誌,無號誌,附標記,未繪設車道線,未繪設快慢車道分隔線,有,其他,未注意車前狀態,Y000,YZ00,1,3,2013/4/23,北堤路,,金門縣金城鎮迴龍宮前路段,118.3167419,24.4294062,自用 小客車∕普通重型 機車∕,小客車自用∕機車普通重型∕,27∕46∕,未受傷∕未受傷∕,02****7代號1353∕30****D代號1354∕,其他∕其他∕,有適當之駕照∕有適當之駕照∕,不明∕經檢測無酒精反應∕,汽車右前車頭（身）∕機車左側車身∕,未注意車前狀態∕違規停車或暫停不當而肇事∕,未注意車前狀態∕未注意車前狀態∕,不明∕不明∕,不明∕不明∕,本國∕本國∕
10204,10204Y00020029,YZA1,10204YZ000040,2013,4,24,15,45,金門縣,金城鎮,,NA,西海路,三,,NA,,,,,,水試所前路口,NA,NA,NA,NA,NA,NA,NA,NA,NA,0,1,0,晴,日間自然光線,村里道路,50,四岔路,交岔路口內,柏油,乾燥,無缺陷,無障礙物,良好,無號誌,無號誌,無分向設施,未繪設車道線,未繪設快慢車道分隔線,有,追撞,未保持行車安全距離,Y000,YZ00,1,2,2013/4/24,西海路三段,,金門縣金城鎮水試所前路口,118.3124964,24.4226194,自用 小客車∕自用 小客車∕,小客車自用∕小客車自用∕,29∕39∕,未受傷∕受傷∕,6F****0代號1355∕17****V代號1356∕,其他∕其他∕,有適當之駕照∕有適當之駕照∕,經檢測無酒精反應∕經檢測無酒精反應∕,汽車前車頭∕汽車後車尾∕,未保持行車安全距離∕其他引起事故之違規或不當行為∕,未保持行車安全距離∕未保持行車安全距離∕,其他∕其他∕,其他∕其他∕,本國∕本國∕
10204,10204Y00020030,YZA1,10204YZ000041,2013,4,25,14,20,金門縣,金城鎮,,NA,伯玉路,一,80,18,30,,,,,,NA,NA,NA,NA,NA,NA,NA,NA,NA,0,1,0,陰,日間自然光線,村里道路,40,三岔路,交岔路口內,柏油,乾燥,無缺陷,無障礙物,良好,無號誌,無號誌,無分向設施,未繪設車道線,未繪設快慢車道分隔線,無,側撞,未依規定讓車,Y000,YZ00,1,2,2013/4/25,伯玉路一段80巷18弄30號,,金門縣金城鎮,118.3267756,24.4346914,普通重型 機車∕普通輕型 機車∕,機車普通重型∕機車普通輕型∕,52∕47∕,未受傷∕受傷∕,52****D代號1357∕EV****6代號1358∕,其他∕其他∕,有適當之駕照∕有適當之駕照∕,經檢測無酒精反應∕經檢測無酒精反應∕,機車前車頭∕機車右側車身∕,未依規定讓車∕未依規定減速∕,未依規定讓車∕未依規定讓車∕,服務工作者∕技術員及助理人員∕,業務聯繫∕業務聯繫∕,本國∕本國∕
10204,10204Y00020031,YZA1,10204YZ000042,2013,4,26,13,35,金門縣,金城鎮,,NA,民生路,,,NA,,,,,,縣政府前,NA,NA,NA,NA,NA,NA,NA,NA,NA,0,1,0,晴,日間自然光線,村里道路,40,三岔路,交岔路口內,柏油,乾燥,無缺陷,無障礙物,良好,無號誌,無號誌,無分向設施,未繪設車道線,未繪設快慢車道分隔線,有,其他,未保持行車安全距離,Y000,YZ00,1,2,2013/4/26,民生路,,金門縣金城鎮縣政府前,118.3190184,24.43575,普通重型 機車∕普通重型 機車∕,機車普通重型∕機車普通重型∕,27∕53∕,未受傷∕受傷∕,YF****3代號1359∕PZ****6代號1360∕,其他∕其他∕,有適當之駕照∕有適當之駕照∕,經檢測無酒精反應∕經檢測無酒精反應∕,不明∕不明∕,未保持行車安全距離∕右轉彎未依規定∕,未保持行車安全距離∕未保持行車安全距離∕,其他∕其他∕,其他∕其他∕,本國∕本國∕
10204,10204Y00030005,YZA1,10204YZ000045,2013,4,27,11,35,金門縣,金寧鄉,,NA,伯玉路,二,,NA,,,,,,聖祖貢糖停車場,NA,NA,NA,NA,NA,NA,NA,NA,NA,0,0,0,陰,日間自然光線,其他,20,其他,其他,水泥,乾燥,無缺陷,無障礙物,良好,無號誌,無號誌,無分向設施,未繪設車道線,未繪設快慢車道分隔線,無,倒車撞,倒車未依規定,Y000,YZ00,1,3,2013/4/27,伯玉路二段,,金門縣金寧鄉聖祖貢糖停車場,118.3416148,24.4414563,自用 小客車∕自用 小客車∕,小客車自用∕小客車自用∕,26∕25∕,未受傷∕未受傷∕,12****V代號1361∕03****7代號1362∕,其他∕其他∕,有適當之駕照∕有適當之駕照∕,經檢測無酒精反應∕經檢測無酒精反應∕,汽車左後車尾（身）∕汽車右前車頭（身）∕,倒車未依規定∕未注意車前狀態∕,倒車未依規定∕倒車未依規定∕,售貨員∕售貨員∕,其他∕業務聯繫∕,本國∕本國∕
10204,10204Y00020032,YZA1,10204YZ000046,2013,4,28,9,35,金門縣,金城鎮,,NA,環島北路,,,NA,,,,,,文化局前路口,NA,NA,NA,NA,NA,NA,NA,NA,NA,0,1,0,陰,日間自然光線,村里道路,50,直路,一般車道（未劃分快慢車道）,柏油,濕潤,無缺陷,無障礙物,良好,無號誌,無號誌,附標記,未繪設車道線,未繪設快慢車道分隔線,有,其他,起步未注意其他車（人）安全,Y000,YZ00,1,2,2013/4/28,環島北路,,金門縣金城鎮文化局前路口,118.322662,24.441264,自用 小客車∕普通重型 機車∕,小客車自用∕機車普通重型∕,35∕19∕,未受傷∕受傷∕,20****S代號1363∕99****X代號1364∕,其他∕其他∕,有適當之駕照∕有適當之駕照∕,經檢測無酒精反應∕經檢測無酒精反應∕,汽車左側車身∕機車前車頭∕,起步未注意其他車（人）安全∕尚未發現肇事因素∕,起步未注意其他車（人）安全∕起步未注意其他車（人）安全∕,不明∕不明∕,其他∕其他∕,本國∕本國∕
10204,10204Y00020033,YZA1,10204YZ000047,2013,4,28,12,50,金門縣,金城鎮,,NA,中興路,,,NA,77,,,,,,NA,NA,NA,NA,NA,NA,NA,NA,NA,0,1,0,晴,日間自然光線,村里道路,40,直路,一般車道（未劃分快慢車道）,水泥,乾燥,無缺陷,無障礙物,良好,無號誌,無號誌,無分向設施,未繪設車道線,未繪設快慢車道分隔線,無,穿越道路中,未注意車前狀態,Y000,YZ00,1,2,2013/4/28,中興路77號,,金門縣金城鎮,118.3174872,24.433102,普通重型 機車∕行人 人∕,機車普通重型∕行人∕,20∕51∕,未受傷∕受傷∕,02****C代號1365,其他∕非駕駛人及乘客∕,有適當之駕照∕非汽（機）車駕駛人∕,經檢測無酒精反應∕非駕駛人，未檢測∕,機車前車頭∕非汽（機）車∕,未注意車前狀態∕穿越道路未注意左右來車∕,未注意車前狀態∕未注意車前狀態∕,其他∕其他∕,其他∕其他∕,本國∕本國∕
10205,10205Y00020004,YYA1,10205YY000001,2013,5,1,7,50,金門縣,金湖鎮,,NA,環島南路,四,,NA,,,瓊徑路,,,成功路口,NA,NA,NA,NA,NA,NA,NA,NA,NA,0,1,0,晴,日間自然光線,村里道路,50,三岔路,交岔路口內,柏油,乾燥,無缺陷,無障礙物,良好,行車管制號誌,正常,無分向設施,未繪設車道線,未繪設快慢車道分隔線,有,追撞,右轉彎未依規定,Y000,YY00,1,2,2013/5/1,環島南路四段,瓊徑路,,118.3917905,24.44048713,自用 小客車∕普通重型 機車∕,小客車自用∕機車普通重型∕,41∕31∕,未受傷∕受傷∕,3H****3代號509∕69****J代號1366∕,其他∕其他∕,有適當之駕照∕有適當之駕照∕,經檢測無酒精反應∕經檢測無酒精反應∕,汽車右前車頭（身）∕機車左側車身∕,右轉彎未依規定∕未保持行車安全距離∕,右轉彎未依規定∕右轉彎未依規定∕,服務工作者∕服務工作者∕,上、下班∕上、下班∕,本國∕本國∕
10205,10205Y00020006,YYA1,10205YY000008,2013,5,8,12,35,金門縣,金湖鎮,,NA,金港路,,,NA,,,,,,05745號路燈桿路段,NA,NA,NA,NA,NA,NA,NA,NA,NA,0,2,0,晴,日間自然光線,村里道路,50,直路,路肩、路緣,柏油,乾燥,無缺陷,無障礙物,良好,無號誌,無號誌,附標記,未繪設車道線,未繪設快慢車道分隔線,有,撞路樹、電桿,未注意車前狀態,Y000,YY00,1,2,2013/5/8,金港路,,金門縣金湖鎮05745號路燈桿路段,118.4341546,24.4172342,計程車 小客車∕ ∕乘客 人,小客車計程車乘客,54∕0∕27,受傷受傷,VX***0代號1367VX***0代號1367,其他其他,有適當之駕照非汽（機）車駕駛人,經檢測無酒精反應非駕駛人，未檢測,汽車右側車身非汽（機）車,未注意車前狀態∕尚未發現肇事因素∕尚未發現肇事因素,未注意車前狀態∕未注意車前狀態∕未注意車前狀態,其他其他,其他其他,本國∕本國∕本國
10205,10205Y00020020,YYA1,10205YY000023,2013,5,19,0,58,金門縣,金沙鎮,,NA,蘭洋路,,,NA,,,,,,浦邊牌樓路段,NA,NA,NA,NA,NA,NA,NA,NA,NA,0,1,0,晴,夜間（或隧道、地下道、涵洞）無照明,村里道路,50,四岔路,交岔路口內,柏油,乾燥,無缺陷,無障礙物,建築物,無號誌,無號誌,無分向設施,未繪設車道線,未繪設快慢車道分隔線,有,路口交岔撞,未依規定減速,Y000,YY00,1,2,2013/5/19,蘭洋路,,金門縣金沙鎮浦邊牌樓路段,118.3898548,24.4781702,自用 小客車∕普通重型 機車∕,小客車自用∕機車普通重型∕,40∕48∕,未受傷∕受傷∕,6B****5代號1368∕85****F代號1369∕,其他∕其他∕,有適當之駕照∕有適當之駕照∕,經檢測無酒精反應∕經檢測無酒精反應∕,汽車左前車頭（身）∕機車前車頭∕,未依規定減速∕未依規定讓車∕,未依規定減速∕未依規定減速∕,技術工∕保安工作者（不含警察人員）∕,社交活動∕其他∕,本國∕本國∕
10205,,YYA1,10205YY000027,2013,5,20,20,14,金門縣,金湖鎮,,NA,環島南路,四,,NA,,,,,,聖祖貢糖前路段,NA,NA,NA,NA,NA,NA,NA,NA,NA,0,0,0,雨,夜間（或隧道、地下道、涵洞）無照明,村里道路,50,直路,一般車道（未劃分快慢車道）,柏油,濕潤,無缺陷,無障礙物,良好,無號誌,無號誌,無標記,未繪設車道線,未繪設快慢車道分隔線,有,追撞,未保持行車安全距離,Y000,YY00,1,4,2013/5/20,環島南路四段,,金門縣金湖鎮聖祖貢糖前路段,118.40101,24.438041,自用 小客車∕自用 小貨車(含客、貨兩用)∕,小客車自用∕小貨車自用∕,23∕28∕,未受傷∕未受傷∕,03****2代號1370∕WY****7代號1371∕,其他∕其他∕,有適當之駕照∕有適當之駕照∕,經檢測無酒精反應∕經檢測無酒精反應∕,汽車左前車頭（身）∕汽車右後車尾（身）∕,未保持行車安全距離∕尚未發現肇事因素∕,未保持行車安全距離∕未保持行車安全距離∕,售貨員∕事務工作者∕,其他∕社交活動∕,本國∕本國∕
10205,10205Y00020023,YYA1,10205YY000028,2013,5,21,16,18,金門縣,金沙鎮,,NA,環島東路,一,,NA,,,,,,01185號路燈桿處舊金沙加油站,NA,NA,NA,NA,NA,NA,NA,NA,NA,0,1,0,雨,日間自然光線,村里道路,60,直路,一般車道（未劃分快慢車道）,柏油,濕潤,無缺陷,無障礙物,良好,無號誌,無號誌,附標記,未繪設車道線,未繪設快慢車道分隔線,有,路上翻車、摔倒,未注意車前狀態,Y000,YY00,1,2,2013/5/21,環島東路一段,,金門縣金沙鎮01185號路燈桿處舊金沙加油站,118.4213083,24.4841071,普通重型 機車∕ ∕,機車普通重型,38∕0∕,受傷,NC****8代號1372,其他,越級駕駛,經檢測無酒精反應,機車右側車身,未注意車前狀態∕尚未發現肇事因素∕,未注意車前狀態∕未注意車前狀態∕,不明,不明,本國∕本國∕
10205,10205Y00020025,YYA1,10205YY000033,2013,5,22,13,45,金門縣,金湖鎮,,NA,太湖路,二,,NA,,,,,,武德新莊26號前,NA,NA,NA,NA,NA,NA,NA,NA,NA,0,1,0,晴,日間自然光線,村里道路,50,直路,一般車道（未劃分快慢車道）,柏油,乾燥,無缺陷,無障礙物,良好,行車管制號誌,正常,附標記,未繪設車道線,未繪設快慢車道分隔線,有,追撞,未保持行車安全距離,Y000,YY00,1,2,2013/5/22,太湖路二段,,金門縣金湖鎮武德新莊26號前,118.4170143,24.4394812,普通重型 機車∕自用 小客車∕,機車普通重型∕小客車自用∕,38∕46∕,受傷∕未受傷∕,11****U代號1373∕WY****7代號1374∕,其他∕其他∕,駕照被吊扣∕有適當之駕照∕,不明∕經檢測無酒精反應∕,機車前車頭∕汽車右後車尾（身）∕,未保持行車安全距離∕尚未發現肇事因素∕,未保持行車安全距離∕未保持行車安全距離∕,不明∕不明∕,不明∕不明∕,本國∕本國∕
10205,10205Y00020026,YYA1,10205YY000034,2013,5,22,16,15,金門縣,金湖鎮,,NA,環島南路,四,,NA,,,,,,陶瓷廠路段05062號路燈桿前,NA,NA,NA,NA,NA,NA,NA,NA,NA,0,2,0,晴,日間自然光線,村里道路,50,直路,慢車道,柏油,乾燥,無缺陷,無障礙物,良好,無號誌,無號誌,附標記,未繪設車道線,快慢車道分隔線,有,同向通行中,未注意車前狀態,Y000,YY00,1,2,2013/5/22,環島南路四段,,金門縣金湖鎮陶瓷廠路段05062號路燈桿前,118.40101,24.438041,普通重型 機車∕行人 人∕,機車普通重型∕行人∕,19∕57∕,受傷∕受傷∕,NR****8代號1375,其他∕非駕駛人及乘客∕,有適當之駕照∕非汽（機）車駕駛人∕,經檢測無酒精反應∕非駕駛人，未檢測∕,機車前車頭∕非汽（機）車∕,未注意車前狀態∕其他引起事故之疏失或行為∕,未注意車前狀態∕未注意車前狀態∕,大學（研究）生∕其他∕,其他∕其他∕,本國∕本國∕
10205,,YYA1,10205YY000035,2013,5,22,16,15,金門縣,金湖鎮,,NA,環島南路,四,,NA,,,,,,陶瓷廠路段05062號路燈桿前,NA,NA,NA,NA,NA,NA,NA,NA,NA,0,0,0,NA,NA,NA,0,NA,NA,NA,NA,NA,NA,NA,NA,NA,NA,NA,NA,NA,NA,NA,Y000,YY00,4,2,2013/5/22,環島南路四段,,金門縣金湖鎮陶瓷廠路段05062號路燈桿前,118.40101,24.438041,NA,NA,NA,NA,NA,NA,NA,NA,NA,NA,NA,NA,NA,NA
10205,,YYA1,10205YY000039,2013,5,24,13,33,金門縣,金湖鎮,新市里,NA,復興路,,,NA,10,,,,,,NA,NA,NA,NA,NA,NA,NA,NA,NA,0,0,0,晴,日間自然光線,村里道路,40,直路,一般車道（未劃分快慢車道）,柏油,乾燥,無缺陷,無障礙物,良好,無號誌,無號誌,無標記,未繪設車道線,未繪設快慢車道分隔線,有,倒車撞,倒車未依規定,Y000,YY00,1,4,2013/5/24,復興路10號,,金門縣金湖鎮新市里,118.4161413,24.4412321,自用 小客車∕普通重型 機車∕,小客車自用∕機車普通重型∕,47∕33∕,未受傷∕未受傷∕,6F****9代號1376∕97****T代號1377∕,其他∕其他∕,有適當之駕照∕有適當之駕照∕,經檢測無酒精反應∕非駕駛人，未檢測∕,汽車後車尾∕機車前車頭∕,倒車未依規定∕尚未發現肇事因素∕,倒車未依規定∕倒車未依規定∕,其他∕其他∕,其他∕其他∕,本國∕本國∕
10205,,YYA1,10205YY000041,2013,5,26,17,2,金門縣,金沙鎮,,NA,蘭洋路,,,NA,,,,,,環島北路左轉蘭洋路第2支路燈前,NA,NA,NA,NA,NA,NA,NA,NA,NA,0,0,0,晴,日間自然光線,村里道路,50,直路,一般車道（未劃分快慢車道）,柏油,乾燥,無缺陷,無障礙物,良好,無號誌,無號誌,無標記,未繪設車道線,未繪設快慢車道分隔線,有,撞路樹、電桿,未注意車前狀態,Y000,YY00,1,4,2013/5/26,蘭洋路,,金門縣金沙鎮環島北路左轉蘭洋路第2支路燈前,118.3898548,24.4781702,營業用 小貨車(含客、貨兩用)∕ ∕,小貨車營業用,22∕0∕,未受傷,01***R代號1378,其他,有適當之駕照,經檢測無酒精反應,汽車右前車頭（身）,未注意車前狀態∕尚未發現肇事因素∕,未注意車前狀態∕未注意車前狀態∕,汽車、火車駕駛員及船員,運輸,本國∕本國∕
10205,10205Y00020032,YYA1,10205YY000042,2013,5,27,7,17,金門縣,金湖鎮,,NA,太湖路,一,,NA,,,,,,00613號路燈桿前路段,NA,NA,NA,NA,NA,NA,NA,NA,NA,0,1,0,陰,日間自然光線,村里道路,50,三岔路,交岔口附近,柏油,濕潤,無缺陷,無障礙物,良好,無號誌,無號誌,附標記,未繪設車道線,未繪設快慢車道分隔線,有,追撞,未保持行車安全距離,Y000,YY00,1,2,2013/5/27,太湖路一段,,金門縣金湖鎮00613號路燈桿前路段,118.4047483,24.4473343,普通重型 機車∕計程車 小客車∕,機車普通重型∕小客車計程車∕,19∕53∕,受傷∕未受傷∕,50****V代號1379∕06***5代號1380∕,其他∕其他∕,有適當之駕照∕有適當之駕照∕,經檢測無酒精反應∕經檢測無酒精反應∕,機車前車頭∕汽車右後車尾（身）∕,未保持行車安全距離∕尚未發現肇事因素∕,未保持行車安全距離∕未保持行車安全距離∕,高中生∕汽車、火車駕駛員及船員∕,上、下學∕其他∕,本國∕本國∕
10205,10205Y00020033,YYA1,10205YY000043,2013,5,27,14,38,金門縣,金湖鎮,,NA,瓊徑路,,,NA,,,,,,00557號路燈桿前路段,NA,NA,NA,NA,NA,NA,NA,NA,NA,0,1,0,雨,日間自然光線,村里道路,50,直路,慢車道,柏油,濕潤,無缺陷,其他障礙物,其他,無號誌,無號誌,附標記,未繪設車道線,快慢車道分隔線,有,撞路樹、電桿,未注意車前狀態,Y000,YY00,NA,NA,2013/5/27,瓊徑路,,金門縣金湖鎮00557號路燈桿前路段,118.3837181,24.4489328,普通輕型 機車∕ ∕,機車普通輕型,60∕0∕,受傷,WZ****7代號1381,其他,有適當之駕照,經檢測無酒精反應,機車前車頭,未注意車前狀態∕尚未發現肇事因素∕,未注意車前狀態∕未注意車前狀態∕,其他,其他,本國∕本國∕
10205,10205Y00020034,YYA1,10205YY000044,2013,5,27,16,30,金門縣,金湖鎮,,NA,太湖路,二,,NA,,,,,,武德新莊15號前路口,NA,NA,NA,NA,NA,NA,NA,NA,NA,0,2,0,陰,日間自然光線,村里道路,50,三岔路,交岔路口內,柏油,濕潤,無缺陷,無障礙物,良好,無號誌,無號誌,無分向設施,未繪設車道線,未繪設快慢車道分隔線,有,穿越道路中,搶越行人穿越道,Y000,YY00,1,2,2013/5/27,太湖路二段,,金門縣金湖鎮武德新莊15號前路口,118.4170143,24.4394812,普通重型 機車∕行人 人∕,機車普通重型∕行人∕,19∕81∕,受傷∕受傷∕,39****E代號921,其他∕非駕駛人及乘客∕,有適當之駕照∕非汽（機）車駕駛人∕,經檢測無酒精反應∕非駕駛人，未檢測∕,機車前車頭∕非汽（機）車∕,搶越行人穿越道∕穿越道路未注意左右來車∕,搶越行人穿越道∕搶越行人穿越道∕,高中生∕無業者∕,上、下學∕其他∕,本國∕本國∕
10205,10205Y00020038,YYA1,10205YY000053,2013,5,31,6,25,金門縣,金沙鎮,汶沙里,NA,環島北路,四,,NA,,,,,,金沙自來水廠前路段,NA,NA,NA,NA,NA,NA,NA,NA,NA,0,1,0,霧或煙,晨或暮光,村里道路,60,三岔路,一般車道（未劃分快慢車道）,柏油,乾燥,無缺陷,無障礙物,良好,無號誌,無號誌,無標記,車道線（無標記）,未繪設快慢車道分隔線,有,撞動物,動物竄出,Y000,YY00,1,2,2013/5/31,環島北路四段,,金門縣金沙鎮汶沙里金沙自來水廠前路段,118.4045085,24.4840105, ∕普通重型 機車∕,∕機車普通重型∕,0∕52∕,∕受傷∕,∕51****C代號1382∕,∕其他∕,∕有適當之駕照∕,∕經檢測無酒精反應∕,∕機車右側車身∕,動物竄出∕未注意車前狀態∕,動物竄出∕動物竄出∕,∕其他∕,∕其他∕,本國∕本國∕
10205,10205Y00020039,YYA1,10205YY000055,2013,5,31,17,45,金門縣,金沙鎮,,NA,環島東路,二,,NA,,,,,,與安東路口,NA,NA,NA,NA,NA,NA,NA,NA,NA,0,3,0,晴,日間自然光線,村里道路,60,三岔路,交岔路口內,柏油,乾燥,無缺陷,無障礙物,良好,無號誌,無號誌,無分向設施,未繪設車道線,未繪設快慢車道分隔線,有,路上翻車、摔倒,未依規定減速,Y000,YY00,1,2,2013/5/31,環島東路二段,,金門縣金沙鎮與安東路口,118.4328094,24.4713308,普通重型 機車∕ ∕乘客 人∕乘客 人∕,機車普通重型乘客∕乘客∕,60∕0∕24∕3∕,受傷受傷∕受傷∕,PZ****7代號1383PZ****7代號1383∕PZ****7代號1383∕,其他其他∕其他∕,有適當之駕照非汽（機）車駕駛人∕非汽（機）車駕駛人∕,經檢測無酒精反應經檢測無酒精反應∕經觀察未飲酒∕,機車左側車身非汽（機）車∕非汽（機）車∕,未依規定減速∕尚未發現肇事因素∕尚未發現肇事因素∕尚未發現肇事因素∕,未依規定減速∕未依規定減速∕未依規定減速∕未依規定減速∕,無業者其他∕未就學兒童∕,其他其他∕其他∕,本國∕本國∕本國∕本國∕
10205,10205Y00020001,YZA1,10205YZ000002,2013,5,3,9,16,金門縣,金城鎮,,NA,民生路,,,NA,3,,,,,,NA,NA,NA,NA,NA,NA,NA,NA,NA,0,1,0,晴,日間自然光線,村里道路,40,三岔路,交岔路口內,柏油,乾燥,無缺陷,無障礙物,良好,無號誌,無號誌,無分向設施,未繪設車道線,未繪設快慢車道分隔線,有,側撞,未依規定讓車,Y000,YZ00,1,2,2013/5/3,民生路3號,,金門縣金城鎮,118.3190184,24.43575,普通重型 機車∕普通輕型 機車∕,機車普通重型∕機車普通輕型∕,45∕63∕,未受傷∕受傷∕,98****K代號1384∕ZN****7代號1385∕,其他∕其他∕,有適當之駕照∕有適當之駕照∕,經檢測無酒精反應∕經檢測無酒精反應∕,機車後車尾∕機車前車頭∕,未依規定讓車∕未依規定減速∕,未依規定讓車∕未依規定讓車∕,其他∕無業者∕,其他∕其他∕,本國∕本國∕
10205,10205Y00020002,YZA1,10205YZ000003,2013,5,3,13,5,金門縣,金寧鄉,,NA,林湖路,,,NA,,,,,,盈春閣餐廳停車場前路口,NA,NA,NA,NA,NA,NA,NA,NA,NA,0,2,0,陰,日間自然光線,縣道,50,三岔路,交岔口附近,柏油,乾燥,無缺陷,無障礙物,良好,無號誌,無號誌,無標記,未繪設車道線,未繪設快慢車道分隔線,有,其他,起步未注意其他車（人）安全,Y000,YZ00,1,2,2013/5/3,林湖路,,金門縣金寧鄉盈春閣餐廳停車場前路口,118.330303,24.4320985,自用 小客車∕普通重型 機車∕乘客 人,小客車自用∕機車普通重型∕乘客,56∕22∕21,未受傷∕受傷∕受傷,6F****3代號1386∕59****T代號1387∕59****T代號1387,其他∕其他∕其他,有適當之駕照∕有適當之駕照∕非汽（機）車駕駛人,經檢測無酒精反應∕經檢測無酒精反應∕非駕駛人，未檢測,汽車右前車頭（身）∕機車左側車身∕非汽（機）車,起步未注意其他車（人）安全∕尚未發現肇事因素∕尚未發現肇事因素,起步未注意其他車（人）安全∕起步未注意其他車（人）安全∕起步未注意其他車（人）安全,事務工作者∕大學（研究）生∕大學（研究）生,上、下班∕上、下學∕上、下學,本國∕本國∕本國
10205,,YZA1,10205YZ000004,2013,5,3,17,6,金門縣,金寧鄉,榜林村,NA,桃園路,,,NA,,,,,,東洲32號前路段,NA,NA,NA,NA,NA,NA,NA,NA,NA,0,0,0,NA,NA,NA,0,NA,NA,NA,NA,NA,NA,NA,NA,NA,NA,NA,NA,NA,NA,NA,Y000,YZ00,1,4,2013/5/3,桃園路,,金門縣金寧鄉榜林村東洲32號前路段,118.3446627,24.4317794,自用 小客車∕普通重型 機車∕,小客車自用∕機車普通重型∕,56∕19∕,,22****3代號1388∕AA*****8代號1389∕,,,,,,,,,本國∕本國∕
10205,,YZA1,10205YZ000005,2013,5,4,11,0,金門縣,金城鎮,,NA,民生路,,45,8,3月1日,,,,,,NA,NA,NA,NA,NA,NA,NA,NA,NA,0,0,0,晴,NA,NA,40,NA,NA,NA,NA,NA,NA,NA,NA,NA,NA,NA,NA,NA,NA,NA,Y000,YZ00,1,4,2013/5/4,民生路45巷8弄3-1號,,金門縣金城鎮,118.3190184,24.43575,自用 小貨車(含客、貨兩用)∕自用 小客車∕,小貨車自用∕小客車自用∕,22∕35∕,,6F****6代號1390∕6F****8代號1391∕,,,,,,,,,本國∕本國∕
10205,10205Y00020014,YZA1,10205YZ000006,2013,5,7,10,37,金門縣,金寧鄉,,NA,桃園路,,,NA,1,,,,,金門酒廠前路段,NA,NA,NA,NA,NA,NA,NA,NA,NA,0,2,0,晴,日間自然光線,鄉道,60,三岔路,交岔路口內,柏油,乾燥,無缺陷,無障礙物,良好,行車管制號誌,正常,無分向設施,車道線（無標記）,未繪設快慢車道分隔線,有,側撞,未依規定讓車,Y000,YZ00,1,2,2013/5/7,桃園路1號,,金門縣金寧鄉金門酒廠前路段,118.304865,24.399458,自用 小客車∕普通重型 機車∕乘客 人,小客車自用∕機車普通重型∕乘客,43∕19∕19,未受傷∕受傷∕受傷,08****V代號1392∕00****F代號1393∕00****F代號1393,其他∕其他∕其他,有適當之駕照∕有適當之駕照∕非汽（機）車駕駛人,經檢測無酒精反應∕經檢測無酒精反應∕非駕駛人，未檢測,汽車右前車頭（身）∕機車前車頭∕非汽（機）車,未依規定讓車∕未注意車前狀態∕尚未發現肇事因素,未依規定讓車∕未依規定讓車∕未依規定讓車,不明∕不明∕不明,不明∕不明∕不明,本國∕本國∕本國
10205,10205Y00020007,YZA1,10205YZ000007,2013,5,8,14,20,金門縣,金城鎮,,NA,民權路,,70,2,1月1日,,,,,,NA,NA,NA,NA,NA,NA,NA,NA,NA,0,3,0,晴,日間自然光線,村里道路,40,四岔路,交岔路口內,其他鋪裝,乾燥,無缺陷,無障礙物,建築物,無號誌,無號誌,無分向設施,未繪設車道線,未繪設快慢車道分隔線,無,路口交岔撞,未依規定讓車,Y000,YZ00,1,2,2013/5/8,民權路70巷2弄1-1號,,金門縣金城鎮,118.3120733,24.4331197,電動自行車 慢車∕普通重型 機車∕乘客 人,電動自行車∕機車普通重型∕乘客,15∕71∕63,受傷∕受傷∕受傷,∕22****G代號1394∕22****G代號1394,其他∕其他∕其他,非汽（機）車駕駛人∕有適當之駕照∕非汽（機）車駕駛人,經檢測無酒精反應∕經檢測無酒精反應∕非駕駛人，未檢測,非汽（機）車∕機車前車頭∕非汽（機）車,未依規定讓車∕未依規定減速∕尚未發現肇事因素,未依規定讓車∕未依規定讓車∕未依規定讓車,國中生∕無業者∕無業者,其他∕其他∕其他,本國∕本國∕本國