年月,總編號,處理單位,處理編號,年,月,日,時,分,縣市,區,村里,鄰,街道,段,巷,弄,號,公尺處,街道.1,段.1,側,附近,道路,公里,公尺處.1,向,車道,平交道,公里.1,公尺處.2,附近.1,死,受傷,X2.30,天候,光線,道路類別,速限,道路型態,事故位置,路面鋪裝,路面狀態,路面缺陷,障礙物,視距,號誌種類,號誌動作,分向設施,快車道或一般車道間,快慢車道間,路面邊線,事故類型及型態,主要肇因,警局,分局,案件類別,事故類別,日期,道路1,道路2,概略位置,lon,lat,車種,當事者區分.類別.,年齡,受傷程度,車輛牌照號碼,車輛用途,駕駛資格情形,飲酒情形,車輛撞擊部位最初,肇事因素個別,肇事因素主要,職.業,旅次目的,國籍
10205,10205Y00020005,YZA1,10205YZ000009,2013,5,3,19,25,金門縣,金城鎮,,NA,環島西路,一,,NA,1月8日,,民族路,,,,NA,NA,NA,NA,NA,NA,NA,NA,NA,0,2,0,陰,夜間（或隧道、地下道、涵洞）有照明,村里道路,40,三岔路,交岔路口內,柏油,濕潤,無缺陷,無障礙物,良好,無號誌,無號誌,無分向設施,未繪設車道線,未繪設快慢車道分隔線,有,側撞,未依規定讓車,Y000,YZ00,1,2,2013/5/3,環島西路一段1-8號,民族路,,118.321341,24.430973,普通重型 機車∕普通重型 機車∕,機車普通重型∕機車普通重型∕,48∕34∕,受傷∕受傷∕,72****A代號1395∕79****E代號1396∕,其他∕其他∕,有適當之駕照∕有適當之駕照∕,經檢測無酒精反應∕經檢測無酒精反應∕,機車前車頭∕機車前車頭∕,未依規定讓車∕未依規定減速∕,未依規定讓車∕未依規定讓車∕,其他∕其他∕,其他∕其他∕,本國∕本國∕
10205,10205Y00020003,YZA1,10205YZ000010,2013,5,7,15,50,金門縣,金城鎮,,NA,環島西路,一,,NA,101,,,,,,NA,NA,NA,NA,NA,NA,NA,NA,NA,0,2,0,晴,日間自然光線,村里道路,50,直路,一般車道（未劃分快慢車道）,柏油,乾燥,無缺陷,無障礙物,良好,無號誌,無號誌,無標記,未繪設車道線,未繪設快慢車道分隔線,有,其他,起步未注意其他車（人）安全,Y000,YZ00,1,2,2013/5/7,環島西路一段101號,,金門縣金城鎮,118.3184801,24.4172073,普通重型 機車∕普通重型 機車∕,機車普通重型∕機車普通重型∕,57∕49∕,受傷∕受傷∕,28****K代號1397∕01****G代號1398∕,其他∕其他∕,越級駕駛∕有適當之駕照∕,經檢測無酒精反應∕經檢測無酒精反應∕,機車左側車身∕機車右側車身∕,起步未注意其他車（人）安全∕未注意車前狀態∕,起步未注意其他車（人）安全∕起步未注意其他車（人）安全∕,其他∕其他∕,其他∕其他∕,本國∕本國∕
10205,10205Y00020008,YZA1,10205YZ000011,2013,5,11,8,49,金門縣,金寧鄉,,NA,頂林路,,,NA,,,,,,和平紀念公園前路段,NA,NA,NA,NA,NA,NA,NA,NA,NA,0,1,0,陰,日間自然光線,村里道路,40,直路,一般車道（未劃分快慢車道）,柏油,乾燥,無缺陷,無障礙物,良好,無號誌,無號誌,無標記,未繪設車道線,未繪設快慢車道分隔線,有,其他,違規停車或暫停不當而肇事,Y000,YZ00,1,2,2013/5/11,頂林路,,金門縣金寧鄉和平紀念公園前路段,118.3246113,24.4625018,其他車 其他車∕普通重型 機車∕,其他車∕機車普通重型∕,56∕30∕,未受傷∕受傷∕,∕32****G代號1399∕,其他∕其他∕,有適當之駕照∕有適當之駕照∕,經檢測無酒精反應∕經檢測無酒精反應∕,汽車前車頭∕機車前車頭∕,違規停車或暫停不當而肇事∕未注意車前狀態∕,違規停車或暫停不當而肇事∕違規停車或暫停不當而肇事∕,技術工∕大學（研究）生∕,上、下班∕上、下學∕,本國∕本國∕
10205,10205Y00020015,YZA1,10205YZ000012,2013,5,11,18,6,金門縣,金城鎮,,NA,民權路,,,NA,,,民生路,,,,NA,NA,NA,NA,NA,NA,NA,NA,NA,0,1,0,陰,晨或暮光,村里道路,50,四岔路,交岔路口內,柏油,濕潤,無缺陷,無障礙物,良好,行車管制號誌,正常,無分向設施,未繪設車道線,未繪設快慢車道分隔線,有,側撞,未依規定讓車,Y000,YZ00,1,2,2013/5/11,民權路,民生路,,118.318387,24.437086,普通重型 機車∕自用 小客車∕,機車普通重型∕小客車自用∕,61∕30∕,受傷∕未受傷∕,XP****7代號1400∕18****V代號1401∕,其他∕其他∕,有適當之駕照∕有適當之駕照∕,經檢測無酒精反應∕經檢測無酒精反應∕,機車右側車身∕汽車前車頭∕,未依規定讓車∕未注意車前狀態∕,未依規定讓車∕未依規定讓車∕,不明∕不明∕,不明∕不明∕,本國∕本國∕
10205,10205Y00020016,YZA1,10205YZ000013,2013,5,11,19,16,金門縣,金城鎮,,NA,環島北路,一,,NA,,,,,,林湖路口,NA,NA,NA,NA,NA,NA,NA,NA,NA,0,2,0,陰,夜間（或隧道、地下道、涵洞）有照明,村里道路,60,三岔路,交岔路口內,柏油,濕潤,無缺陷,無障礙物,良好,無號誌,無號誌,寬式（50公分以上）,未繪設車道線,未繪設快慢車道分隔線,有,側撞,未依規定讓車,Y000,YZ00,1,2,2013/5/11,環島北路一段,,金門縣金城鎮林湖路口,118.3283226,24.4462231,普通重型 機車∕普通重型 機車∕,機車普通重型∕機車普通重型∕,53∕37∕,受傷∕受傷∕,49****A代號1402∕PZ****6代號791∕,其他∕其他∕,有適當之駕照∕駕照被吊（註）銷∕,經檢測無酒精反應∕經呼氣檢測0.26至0.40mg∕L或血液檢測0.051至0.08∕,機車前車頭∕機車前車頭∕,未依規定讓車∕未依規定減速∕,未依規定讓車∕未依規定讓車∕,非技術工及體力工∕事務工作者∕,上、下班∕其他∕,本國∕本國∕
10205,10205Y00020009,YZA1,10205YZ000014,2013,5,11,17,25,金門縣,烈嶼鄉,林湖村,NA,九井路,,,NA,,,,,,九宮碼頭路段,NA,NA,NA,NA,NA,NA,NA,NA,NA,0,2,0,陰,日間自然光線,鄉道,40,彎曲路及附近,一般車道（未劃分快慢車道）,柏油,濕潤,無缺陷,無障礙物,彎道,無號誌,無號誌,附標記,未繪設車道線,未繪設快慢車道分隔線,有,路上翻車、摔倒,未依規定減速,Y000,YZ00,1,2,2013/5/11,九井路,,金門縣烈嶼鄉林湖村九宮碼頭路段,118.2439073,24.4317335,普通重型 機車∕ ∕乘客 人,機車普通重型乘客,19∕0∕19,受傷受傷,80****F代號92880****F代號928,其他其他,有適當之駕照非汽（機）車駕駛人,經檢測無酒精反應非駕駛人，未檢測,機車左側車身非汽（機）車,未依規定減速∕尚未發現肇事因素∕尚未發現肇事因素,未依規定減速∕未依規定減速∕未依規定減速,大學（研究）生大學（研究）生,社交活動社交活動,本國∕本國∕本國
10205,10205Y00030003,YZA1,10205YZ000015,2013,5,12,16,40,金門縣,金城鎮,,NA,民權路,,,NA,,,,,,03101號路燈桿前路段,NA,NA,NA,NA,NA,NA,NA,NA,NA,0,0,0,雨,日間自然光線,村里道路,60,直路,一般車道（未劃分快慢車道）,柏油,濕潤,無缺陷,無障礙物,良好,無號誌,無號誌,無標記,未繪設車道線,未繪設快慢車道分隔線,有,追撞,未保持行車安全距離,Y000,YZ00,1,3,2013/5/12,民權路,,金門縣金城鎮03101號路燈桿前路段,118.3168946,24.4355379,自用 小貨車(含客、貨兩用)∕自用 小客車∕,小貨車自用∕小客車自用∕,24∕25∕,未受傷∕未受傷∕,23****S代號1403∕26****S代號1404∕,其他∕其他∕,有適當之駕照∕有適當之駕照∕,經檢測無酒精反應∕經檢測無酒精反應∕,汽車前車頭∕汽車後車尾∕,未保持行車安全距離∕尚未發現肇事因素∕,未保持行車安全距離∕未保持行車安全距離∕,不明∕不明∕,不明∕不明∕,本國∕本國∕
10205,10205Y00020017,YZA1,10205YZ000016,2013,5,14,7,50,金門縣,金寧鄉,,NA,,,,NA,,,,,,埔後135號後方路口,NA,NA,NA,NA,NA,NA,NA,NA,NA,0,1,0,晴,日間自然光線,村里道路,40,四岔路,交岔路口內,柏油,乾燥,無缺陷,無障礙物,良好,無號誌,無號誌,無分向設施,未繪設車道線,未繪設快慢車道分隔線,有,路口交岔撞,未依規定讓車,Y000,YZ00,1,2,2013/5/14,金門縣金寧鄉埔後135號後方路口,,金門縣金寧鄉埔後135號後方路口,118.317029,24.442928,普通重型 機車∕自用 小客車∕,機車普通重型∕小客車自用∕,53∕58∕,受傷∕未受傷∕,PZ****3代號1405∕WY****6代號1406∕,其他∕其他∕,有適當之駕照∕有適當之駕照∕,經檢測無酒精反應∕經檢測無酒精反應∕,機車左側車身∕汽車前車頭∕,未依規定讓車∕未依規定減速∕,未依規定讓車∕未依規定讓車∕,技術工∕其他∕,其他∕其他∕,本國∕本國∕
10205,10205Y00020019,YZA1,10205YZ000017,2013,5,16,19,8,金門縣,金城鎮,,NA,北堤路,,,NA,,,,,,03508號燈桿附近,NA,NA,NA,NA,NA,NA,NA,NA,NA,0,1,0,雨,夜間（或隧道、地下道、涵洞）有照明,村里道路,40,直路,一般車道（未劃分快慢車道）,柏油,濕潤,無缺陷,無障礙物,良好,無號誌,無號誌,附標記,未繪設車道線,未繪設快慢車道分隔線,有,同向通行中,未注意車前狀態,Y000,YZ00,1,2,2013/5/16,北堤路,,金門縣金城鎮03508號燈桿附近,118.3167419,24.4294062,自用 小貨車(含客、貨兩用)∕行人 人∕,小貨車自用∕行人∕,51∕28∕,未受傷∕受傷∕,6F****3代號1407,其他∕非駕駛人及乘客∕,有適當之駕照∕非汽（機）車駕駛人∕,經檢測無酒精反應∕非駕駛人，未檢測∕,汽車前車頭∕非汽（機）車∕,未注意車前狀態∕其他引起事故之疏失或行為∕,未注意車前狀態∕未注意車前狀態∕,不明∕不明∕,其他∕其他∕,本國∕本國∕
10205,10205Y00030001,YZA1,10205YZ000018,2013,5,16,21,11,金門縣,金城鎮,北門里,NA,民生路,,,NA,,,中興路,,,,NA,NA,NA,NA,NA,NA,NA,NA,NA,0,0,0,陰,晨或暮光,村里道路,40,四岔路,交岔路口內,柏油,濕潤,無缺陷,無障礙物,良好,閃光號誌,正常,無分向設施,未繪設車道線,未繪設快慢車道分隔線,有,側撞,未依規定讓車,Y000,YZ00,1,3,2013/5/16,民生路,中興路,,118.319696,24.43433386,自用 小客車∕自用 小客車∕,小客車自用∕小客車自用∕,41∕54∕,未受傷∕未受傷∕,6F****1代號1408∕14****V代號1409∕,其他∕其他∕,有適當之駕照∕有適當之駕照∕,經檢測無酒精反應∕經檢測無酒精反應∕,汽車右前車頭（身）∕汽車左側車身∕,未依規定讓車∕未依規定減速∕,未依規定讓車∕未依規定讓車∕,技術員及助理人員∕無業者∕,社交活動∕社交活動∕,本國∕本國∕
10205,10205Y00020010,YZA1,10205YZ000019,2013,5,17,16,33,金門縣,金城鎮,,NA,民權路,,,NA,,,,,,金城新莊3巷口,NA,NA,NA,NA,NA,NA,NA,NA,NA,0,1,0,晴,日間自然光線,村里道路,40,三岔路,交岔路口內,柏油,乾燥,無缺陷,其他障礙物,良好,無號誌,無號誌,無標記,未繪設車道線,未繪設快慢車道分隔線,有,側撞,違規超車,Y000,YZ00,1,2,2013/5/17,民權路,,金門縣金城鎮金城新莊3巷口,118.3168946,24.4355379,普通重型 機車∕普通重型 機車∕,機車普通重型∕機車普通重型∕,20∕21∕,未受傷∕受傷∕,AA*****8代號1410∕97****C代號1411∕,其他∕其他∕,有適當之駕照∕有適當之駕照∕,經檢測無酒精反應∕經檢測無酒精反應∕,機車前車頭∕機車左側車身∕,違規超車∕左轉彎未依規定∕,違規超車∕違規超車∕,大學（研究）生∕大學（研究）生∕,其他∕其他∕,本國∕本國∕
10205,10205Y00030002,YZA1,10205YZ000020,2013,5,16,22,0,金門縣,金城鎮,,NA,民族路,,,NA,270,,,,,,NA,NA,NA,NA,NA,NA,NA,NA,NA,0,0,0,晴,夜間（或隧道、地下道、涵洞）有照明,村里道路,40,三岔路,交岔口附近,柏油,濕潤,無缺陷,無障礙物,良好,無號誌,無號誌,無標記,未繪設車道線,未繪設快慢車道分隔線,有,其他,不明原因肇事,Y000,YZ00,1,3,2013/5/16,民族路270號,,金門縣金城鎮,118.3157499,24.4302723, ∕自用 小客車∕,∕小客車自用∕,0∕44∕,不明∕未受傷∕,∕6F****5代號1412∕,其他∕其他∕,不明∕有適當之駕照∕,不明∕經觀察未飲酒∕,不明∕汽車前車頭∕,不明原因肇事∕尚未發現肇事因素∕,不明原因肇事∕不明原因肇事∕,不明∕不明∕,不明∕不明∕,本國∕本國∕
10205,10205Y00020011,YZA1,10205YZ000022,2013,5,17,17,45,金門縣,金城鎮,,NA,民權路,,,NA,,,,,,珠浦北路路口,NA,NA,NA,NA,NA,NA,NA,NA,NA,0,1,0,晴,日間自然光線,村里道路,40,四岔路,交岔路口內,柏油,乾燥,無缺陷,無障礙物,良好,行車管制號誌（附設行人專用號誌）,正常,無分向設施,車道線（無標記）,未繪設快慢車道分隔線,有,側撞,左轉彎未依規定,Y000,YZ00,1,2,2013/5/17,民權路,,金門縣金城鎮珠浦北路路口,118.3168946,24.4355379,普通重型 機車∕自用 小客車∕,機車普通重型∕小客車自用∕,75∕66∕,受傷∕未受傷∕,22****B代號1413∕YN****5代號1414∕,其他∕其他∕,有適當之駕照∕有適當之駕照∕,經檢測無酒精反應∕經檢測無酒精反應∕,機車左側車身∕汽車前車頭∕,左轉彎未依規定∕未注意車前狀態∕,左轉彎未依規定∕左轉彎未依規定∕,無業者∕其他∕,其他∕上、下班∕,本國∕本國∕
10205,10205Y00020012,YZA1,10205YZ000024,2013,5,18,11,42,金門縣,金城鎮,,NA,民權路,,70,NA,,,,,,棒球場後方,NA,NA,NA,NA,NA,NA,NA,NA,NA,0,1,0,晴,日間自然光線,村里道路,30,彎曲路及附近,一般車道（未劃分快慢車道）,柏油,乾燥,無缺陷,其他障礙物,其他,無號誌,無號誌,無分向設施,未繪設車道線,未繪設快慢車道分隔線,無,對向擦撞,未保持行車安全間隔,Y000,YZ00,1,2,2013/5/18,民權路70巷,,金門縣金城鎮棒球場後方,118.3133925,24.4329739,自用 小貨車(含客、貨兩用)∕普通輕型 機車∕,小貨車自用∕機車普通輕型∕,59∕73∕,未受傷∕受傷∕,45****T代號1415∕WZ****3代號1416∕,其他∕其他∕,有適當之駕照∕有適當之駕照∕,經檢測無酒精反應∕經檢測無酒精反應∕,汽車左側車身∕機車左側車身∕,未保持行車安全間隔∕未保持行車安全間隔∕,未保持行車安全間隔∕未保持行車安全間隔∕,其他∕其他∕,其他∕其他∕,本國∕本國∕
10205,10205Y00020013,YZA1,10205YZ000025,2013,5,18,22,0,金門縣,烈嶼鄉,,NA,,,,NA,,,,,,庵頂往西宅路段09433號路燈桿,NA,NA,NA,NA,NA,NA,NA,NA,NA,0,1,1,陰,夜間（或隧道、地下道、涵洞）有照明,村里道路,40,坡路,一般車道（未劃分快慢車道）,水泥,乾燥,無缺陷,無障礙物,良好,無號誌,無號誌,無分向設施,未繪設車道線,未繪設快慢車道分隔線,有,同向通行中,酒醉（後）駕駛失控,Y000,YZ00,1,2,2013/5/18,金門縣烈嶼鄉庵頂往西宅路段09433號路燈桿,,金門縣烈嶼鄉庵頂往西宅路段09433號路燈桿,118.248416,24.428949,普通重型 機車∕行人 人∕,機車普通重型∕行人∕,20∕30∕,受傷∕2-30日內死亡∕,37****J代號1417,其他∕非駕駛人及乘客∕,有適當之駕照∕非汽（機）車駕駛人∕,經呼氣檢測超過0.80mg∕L或血液檢測超過0.16∕非駕駛人，未檢測∕,機車前車頭∕非汽（機）車∕,酒醉（後）駕駛失控∕尚未發現肇事因素∕,酒醉（後）駕駛失控∕酒醉（後）駕駛失控∕,其他∕其他∕,其他∕其他∕,本國∕本國∕
10205,,YZA1,10205YZ000026,2013,5,19,12,12,金門縣,金城鎮,東門里,NA,伯玉路,一,240,NA,,,,,,00524號路燈桿,NA,NA,NA,NA,NA,NA,NA,NA,NA,0,0,0,晴,NA,NA,0,NA,NA,NA,NA,NA,NA,NA,NA,NA,NA,NA,NA,NA,NA,NA,Y000,YZ00,1,4,2013/5/19,伯玉路一段240巷,,金門縣金城鎮東門里00524號路燈桿,118.3267756,24.4346914,計程車 小客車∕自用 小客車∕,小客車計程車∕小客車自用∕,54∕31∕,,57***Q代號1418∕6F****0代號1419∕,,,,,,,,,本國∕本國∕
10205,10205Y00020024,YZA1,10205YZ000029,2013,5,21,21,40,金門縣,金城鎮,,NA,民生路,,11,NA,,,,,,,NA,NA,NA,NA,NA,NA,NA,NA,NA,0,1,0,雨,夜間（或隧道、地下道、涵洞）有照明,村里道路,40,四岔路,交岔路口內,柏油,濕潤,無缺陷,無障礙物,良好,無號誌,無號誌,無分向設施,未繪設車道線,未繪設快慢車道分隔線,有,側撞,迴轉未依規定,Y000,YZ00,1,2,2013/5/21,民生路11巷,,金門縣金城鎮,118.3190184,24.43575,計程車 小客車∕普通重型 機車∕乘客 人,小客車計程車∕機車普通重型∕乘客,68∕23∕21,未受傷∕受傷∕未受傷,55***Q代號1420∕71****D代號1421∕71****D代號1421,其他∕其他∕其他,有適當之駕照∕有適當之駕照∕非汽（機）車駕駛人,經檢測無酒精反應∕經檢測無酒精反應∕非駕駛人，未檢測,汽車左前車頭（身）∕機車右側車身∕非汽（機）車,迴轉未依規定∕未注意車前狀態∕尚未發現肇事因素,迴轉未依規定∕迴轉未依規定∕迴轉未依規定,服務工作者∕大學（研究）生∕大學（研究）生,其他∕其他∕其他,本國∕本國∕本國
10205,10205Y00020022,YZA1,10205YZ000030,2013,5,20,20,45,金門縣,金寧鄉,,NA,林湖路,,,NA,下后垵15,,,,,,NA,NA,NA,NA,NA,NA,NA,NA,NA,0,1,0,雨,夜間（或隧道、地下道、涵洞）有照明,村里道路,50,四岔路,交岔路口內,柏油,濕潤,無缺陷,無障礙物,良好,無號誌,無號誌,無分向設施,未繪設車道線,未繪設快慢車道分隔線,有,路上翻車、摔倒,酒醉（後）駕駛失控,Y000,YZ00,1,2,2013/5/20,金門縣金寧鄉下后垵15號,,金門縣金寧鄉,118.329902,24.425928,普通重型 機車∕ ∕,機車普通重型,49∕0∕,受傷,63****C代號1422,其他,有適當之駕照,經呼氣檢測超過0.80mg∕L或血液檢測超過0.16,機車右側車身,酒醉（後）駕駛失控∕尚未發現肇事因素∕,酒醉（後）駕駛失控∕酒醉（後）駕駛失控∕,其他,其他,本國∕本國∕
10205,10205Y00020018,YZA1,10205YZ000031,2013,5,16,16,50,金門縣,金城鎮,,NA,,,,NA,,,,,,小古崗44號旁產業道路,NA,NA,NA,NA,NA,NA,NA,NA,NA,0,1,0,暴雨,日間自然光線,村里道路,40,直路,一般車道（未劃分快慢車道）,柏油,濕潤,無缺陷,無障礙物,良好,無號誌,無號誌,無分向設施,未繪設車道線,未繪設快慢車道分隔線,有,其他,未注意車前狀態,Y000,YZ00,1,2,2013/5/16,金門縣金城鎮小古崗44號旁產業道路,,金門縣金城鎮小古崗44號旁產業道路,118.318585,24.3971444,載重車 軍車∕行人 人∕,軍車載重車∕行人∕,24∕52∕,未受傷∕受傷∕,軍E*****1代號1423,其他∕非駕駛人及乘客∕,有適當之駕照∕非汽（機）車駕駛人∕,經檢測無酒精反應∕非駕駛人，未檢測∕,汽車左前車頭（身）∕非汽（機）車∕,未注意車前狀態∕尚未發現肇事因素∕,未注意車前狀態∕未注意車前狀態∕,其他∕其他∕,其他∕其他∕,本國∕本國∕
10205,10205Y00020021,YZA1,10205YZ000032,2013,5,20,14,40,金門縣,金城鎮,,NA,環島西路,一,250,NA,,,,,,口,NA,NA,NA,NA,NA,NA,NA,NA,NA,0,1,0,晴,日間自然光線,鄉道,50,四岔路,交岔路口內,柏油,乾燥,無缺陷,無障礙物,良好,無號誌,無號誌,無分向設施,未繪設車道線,未繪設快慢車道分隔線,有,追撞,右轉彎未依規定,Y000,YZ00,1,2,2013/5/20,環島西路一段250巷,,金門縣金城鎮口,118.3184801,24.4172073,自用 小貨車(含客、貨兩用)∕自用 小貨車(含客、貨兩用)∕,小貨車自用∕小貨車自用∕,70∕25∕,受傷∕未受傷∕,6F****2代號393∕25****S代號1338∕,其他∕其他∕,有適當之駕照∕有適當之駕照∕,經檢測無酒精反應∕經檢測無酒精反應∕,汽車後車尾∕汽車右前車頭（身）∕,右轉彎未依規定∕未保持行車安全距離∕,右轉彎未依規定∕右轉彎未依規定∕,其他∕其他∕,其他∕其他∕,本國∕本國∕
10205,10205Y00020027,YZA1,10205YZ000036,2013,5,23,18,6,金門縣,金城鎮,東門里,NA,民族路,,,NA,227,,,,,,NA,NA,NA,NA,NA,NA,NA,NA,NA,0,1,0,晴,日間自然光線,村里道路,40,四岔路,交岔路口內,柏油,乾燥,無缺陷,無障礙物,良好,無號誌,無號誌,無分向設施,車道線（無標記）,未繪設快慢車道分隔線,有,同向擦撞,左轉彎未依規定,Y000,YZ00,1,2,2013/5/23,民族路227號,,金門縣金城鎮東門里,118.3157499,24.4302723,自用 小客車∕普通重型 機車∕,小客車自用∕機車普通重型∕,50∕23∕,未受傷∕受傷∕,WY****1代號1424∕75****V代號1425∕,其他∕其他∕,有適當之駕照∕有適當之駕照∕,經檢測無酒精反應∕經檢測無酒精反應∕,汽車左前車頭（身）∕機車前車頭∕,左轉彎未依規定∕未注意車前狀態∕,左轉彎未依規定∕左轉彎未依規定∕,技術員及助理人員∕技術員及助理人員∕,上、下班∕上、下班∕,本國∕本國∕
10205,10205Y00020028,YZA1,10205YZ000037,2013,5,23,18,38,金門縣,金城鎮,西門里,NA,環島北路,,,NA,,,,,,07225號路燈桿前,NA,NA,NA,NA,NA,NA,NA,NA,NA,0,1,0,晴,夜間（或隧道、地下道、涵洞）有照明,村里道路,60,直路,一般車道（未劃分快慢車道）,柏油,乾燥,無缺陷,無障礙物,良好,無號誌,無號誌,附標記,未繪設車道線,未繪設快慢車道分隔線,有,追撞,未保持行車安全距離,Y000,YZ00,1,2,2013/5/23,環島北路,,金門縣金城鎮西門里07225號路燈桿前,118.322662,24.441264,普通重型 機車∕腳踏自行車 慢車∕,機車普通重型∕腳踏自行車∕,18∕57∕,未受傷∕受傷∕,87****F代號1336,其他∕其他∕,無照（未達考照年齡）∕非汽（機）車駕駛人∕,經檢測無酒精反應∕非駕駛人，未檢測∕,機車右側車身∕非汽（機）車∕,未保持行車安全距離∕尚未發現肇事因素∕,未保持行車安全距離∕未保持行車安全距離∕,高中生∕無業者∕,上、下學∕社交活動∕,本國∕本國∕
10205,10205Y00020029,YZA1,10205YZ000038,2013,5,24,10,41,金門縣,金寧鄉,,NA,,,,NA,,,,,,埔後供水站附近路口,NA,NA,NA,NA,NA,NA,NA,NA,NA,0,1,0,晴,日間自然光線,村里道路,40,四岔路,交岔路口內,柏油,乾燥,無缺陷,無障礙物,良好,無號誌,無號誌,無分向設施,未繪設車道線,未繪設快慢車道分隔線,有,路口交岔撞,未依規定讓車,Y000,YZ00,1,2,2013/5/24,金門縣金寧鄉埔後供水站附近路口,,金門縣金寧鄉埔後供水站附近路口,118.317029,24.442928,自用 小客車∕普通重型 機車∕,小客車自用∕機車普通重型∕,54∕41∕,未受傷∕受傷∕,DH****6代號1426∕52****E代號1427∕,其他∕其他∕,有適當之駕照∕有適當之駕照∕,經檢測無酒精反應∕經檢測無酒精反應∕,汽車右前車頭（身）∕機車前車頭∕,未依規定讓車∕未依規定減速∕,未依規定讓車∕未依規定讓車∕,其他∕其他∕,其他∕業務聯繫∕,本國∕本國∕
10205,,YZA1,10205YZ000040,2013,5,24,17,48,金門縣,金城鎮,西門里,NA,民權路,,,NA,,,,,,金城新莊7巷口,NA,NA,NA,NA,NA,NA,NA,NA,NA,0,0,0,NA,NA,NA,0,NA,NA,NA,NA,NA,NA,NA,NA,NA,NA,NA,NA,NA,NA,NA,Y000,YZ00,1,4,2013/5/24,民權路,,金門縣金城鎮西門里金城新莊7巷口,118.3168946,24.4355379,自用 小客車∕自用 小客車∕自用 小客車,小客車自用∕小客車自用∕小客車自用,28∕45∕56,,6F****7代號1428∕WY****8代號1429∕03****X代號1430,,,,,,,,,本國∕本國∕本國
10205,10205Y00030004,YZA1,10205YZ000045,2013,5,28,8,40,金門縣,金寧鄉,,NA,伯玉路,一,,NA,,,,,,龍門大鎮旁產業道路路口,NA,NA,NA,NA,NA,NA,NA,NA,NA,0,0,0,晴,日間自然光線,村里道路,40,四岔路,交岔路口內,水泥,乾燥,無缺陷,無障礙物,良好,無號誌,無號誌,無分向設施,未繪設車道線,未繪設快慢車道分隔線,無,路口交岔撞,未依規定讓車,Y000,YZ00,1,3,2013/5/28,伯玉路一段,,金門縣金寧鄉龍門大鎮旁產業道路路口,118.3267756,24.4346914,自用 小客車∕自用 小客車∕,小客車自用∕小客車自用∕,28∕35∕,未受傷∕未受傷∕,5B****5代號1431∕6F****8代號1432∕,其他∕其他∕,有適當之駕照∕有適當之駕照∕,經檢測無酒精反應∕經檢測無酒精反應∕,汽車右前車頭（身）∕汽車左前車頭（身）∕,未依規定讓車∕未依規定減速∕,未依規定讓車∕未依規定讓車∕,不明∕不明∕,不明∕不明∕,本國∕本國∕
10205,10205Y00020030,YZA1,10205YZ000046,2013,5,26,16,2,金門縣,金寧鄉,,NA,大學路,,,NA,,,,,,理工大樓旁,NA,NA,NA,NA,NA,NA,NA,NA,NA,0,1,0,晴,日間自然光線,村里道路,40,三岔路,交岔路口內,水泥,乾燥,無缺陷,無障礙物,良好,無號誌,無號誌,無標記,未繪設車道線,未繪設快慢車道分隔線,有,其他,未依規定讓車,Y000,YZ00,1,2,2013/5/26,大學路,,金門縣金寧鄉理工大樓旁,118.325279,24.4466751,自用 小客車∕普通重型 機車∕,小客車自用∕機車普通重型∕,29∕21∕,未受傷∕受傷∕,06****X代號1433∕20****E代號1434∕,其他∕其他∕,有適當之駕照∕有適當之駕照∕,經檢測無酒精反應∕經檢測無酒精反應∕,汽車右前車頭（身）∕機車前車頭∕,未依規定讓車∕未注意車前狀態∕,未依規定讓車∕未依規定讓車∕,其他∕大學（研究）生∕,其他∕其他∕,本國∕本國∕
10205,,YZA1,10205YZ000047,2013,5,26,16,24,金門縣,金城鎮,,NA,珠浦西路,,6,2,10,,,,,旁路口,NA,NA,NA,NA,NA,NA,NA,NA,NA,0,0,0,晴,NA,NA,40,NA,NA,NA,NA,NA,NA,NA,NA,NA,NA,NA,NA,NA,NA,NA,Y000,YZ00,1,4,2013/5/26,珠浦西路6巷2弄10號,,金門縣金城鎮旁路口,118.3147803,24.4384226,自用 小貨車(含客、貨兩用)∕自用 小客車∕,小貨車自用∕小客車自用∕,29∕37∕,,85****J代號1435∕5H****0代號1436∕,,,,,,,,,本國∕本國∕
10205,10205Y00020031,YZA1,10205YZ000048,2013,5,26,17,54,金門縣,金城鎮,,NA,西海路,二,,NA,21,,,,,,NA,NA,NA,NA,NA,NA,NA,NA,NA,0,1,0,晴,日間自然光線,村里道路,50,直路,一般車道（未劃分快慢車道）,柏油,乾燥,無缺陷,無障礙物,良好,無號誌,無號誌,無標記,未繪設車道線,未繪設快慢車道分隔線,有,其他,起步未注意其他車（人）安全,Y000,YZ00,1,2,2013/5/26,西海路二段21號,,金門縣金城鎮,118.3041626,24.4144371,普通重型 機車∕自用 小客車∕,機車普通重型∕小客車自用∕,29∕58∕,受傷∕未受傷∕,76****F代號1437∕WY****3代號1438∕,其他∕其他∕,有適當之駕照∕有適當之駕照∕,經檢測無酒精反應∕經檢測無酒精反應∕,機車前車頭∕汽車右側車身∕,起步未注意其他車（人）安全∕未注意車前狀態∕,起步未注意其他車（人）安全∕起步未注意其他車（人）安全∕,其他∕其他∕,上、下班∕其他∕,本國∕本國∕