年月,總編號,處理單位,處理編號,年,月,日,時,分,縣市,區,村里,鄰,街道,段,巷,弄,號,公尺處,街道.1,段.1,側,附近,道路,公里,公尺處.1,向,車道,平交道,公里.1,公尺處.2,附近.1,死,受傷,X2.30,天候,光線,道路類別,速限,道路型態,事故位置,路面鋪裝,路面狀態,路面缺陷,障礙物,視距,號誌種類,號誌動作,分向設施,快車道或一般車道間,快慢車道間,路面邊線,事故類型及型態,主要肇因,警局,分局,案件類別,事故類別,日期,道路1,道路2,概略位置,lon,lat,車種,當事者區分.類別.,年齡,受傷程度,車輛牌照號碼,車輛用途,駕駛資格情形,飲酒情形,車輛撞擊部位最初,肇事因素個別,肇事因素主要,職.業,旅次目的,國籍
10205,10205Y00020040,YZA1,10205YZ000049,2013,5,29,13,25,金門縣,金寧鄉,,NA,環島北路,一,,NA,162,,,,,,NA,NA,NA,NA,NA,NA,NA,NA,NA,0,1,0,晴,日間自然光線,縣道,60,直路,一般車道（未劃分快慢車道）,柏油,乾燥,無缺陷,無障礙物,良好,無號誌,無號誌,無標記,未繪設車道線,未繪設快慢車道分隔線,有,對向擦撞,未依規定減速,Y000,YZ00,1,2,2013/5/29,環島北路一段162號,,金門縣金寧鄉,118.3283226,24.4462231,自用 小貨車(含客、貨兩用)∕普通重型 機車∕,小貨車自用∕機車普通重型∕,55∕53∕,未受傷∕受傷∕,02****X代號1439∕80****C代號1440∕,其他∕其他∕,有適當之駕照∕有適當之駕照∕,經檢測無酒精反應∕不明∕,汽車左前車頭（身）∕機車左側車身∕,未依規定減速∕尚未發現肇事因素∕,未依規定減速∕未依規定減速∕,技術工∕事務工作者∕,業務聯繫∕上、下班∕,本國∕本國∕
10205,10205Y00020035,YZA1,10205YZ000050,2013,5,28,17,27,金門縣,金寧鄉,,NA,,,,NA,,,,,,埔後191前路口,NA,NA,NA,NA,NA,NA,NA,NA,NA,0,1,0,晴,日間自然光線,村里道路,40,四岔路,交岔路口內,柏油,乾燥,無缺陷,無障礙物,良好,無號誌,無號誌,無分向設施,未繪設車道線,未繪設快慢車道分隔線,有,路口交岔撞,未依規定讓車,Y000,YZ00,1,2,2013/5/28,金門縣金寧鄉埔後191前路口,,金門縣金寧鄉埔後191前路口,118.317029,24.442928,普通重型 機車∕租賃車 小客車∕,機車普通重型∕小客車租貸車∕,24∕49∕,受傷∕未受傷∕,2H****1代號1441∕00****J代號1442∕,其他∕其他∕,有適當之駕照∕有適當之駕照∕,經檢測無酒精反應∕經檢測無酒精反應∕,機車前車頭∕汽車左前車頭（身）∕,未依規定讓車∕未依規定減速∕,未依規定讓車∕未依規定讓車∕,大學（研究）生∕服務工作者∕,其他∕其他∕,本國∕本國∕
10205,10205Y00020036,YZA1,10205YZ000051,2013,5,29,23,16,金門縣,金寧鄉,,NA,伯玉路,二,,NA,,,,,,中山林路段,NA,NA,NA,NA,NA,NA,NA,NA,NA,0,2,0,晴,夜間（或隧道、地下道、涵洞）有照明,鄉道,60,直路,一般車道（未劃分快慢車道）,柏油,乾燥,無缺陷,無障礙物,良好,無號誌,無號誌,附標記,未繪設車道線,快慢車道分隔線,有,追撞,未保持行車安全距離,Y000,YZ00,1,2,2013/5/29,伯玉路二段,,金門縣金寧鄉中山林路段,118.3416148,24.4414563,自用 小客車∕自用 小客車∕,小客車自用∕小客車自用∕,55∕32∕,受傷∕受傷∕,Q2****6代號1443∕11****S代號1444∕,幼童專用車∕幼童專用車∕,有適當之駕照∕有適當之駕照∕,不明∕經檢測無酒精反應∕,汽車左前車頭（身）∕汽車左後車尾（身）∕,未保持行車安全距離∕尚未發現肇事因素∕,未保持行車安全距離∕未保持行車安全距離∕,技術員及助理人員∕技術員及助理人員∕,觀光旅遊∕觀光旅遊∕,本國∕本國∕
10205,10205Y00020041,YZA1,10205YZ000056,2013,5,29,8,25,金門縣,金寧鄉,,NA,桃園路,,,NA,,,,,,05907號燈桿前路段,NA,NA,NA,NA,NA,NA,NA,NA,NA,0,1,0,晴,日間自然光線,鄉道,60,直路,一般車道（未劃分快慢車道）,柏油,乾燥,無缺陷,無障礙物,良好,無號誌,無號誌,附標記,車道線（附標記）,未繪設快慢車道分隔線,有,路上翻車、摔倒,酒醉（後）駕駛失控,Y000,YZ00,1,2,2013/5/29,桃園路,,金門縣金寧鄉05907號燈桿前路段,118.3446627,24.4317794,普通重型 機車∕ ∕,機車普通重型,25∕0∕,受傷,51****W代號1445,其他,有適當之駕照,經呼氣檢測0.26至0.40mg∕L或血液檢測0.051至0.08,機車右側車身,酒醉（後）駕駛失控∕尚未發現肇事因素∕,酒醉（後）駕駛失控∕酒醉（後）駕駛失控∕,其他,其他,本國∕本國∕
10205,10205Y00020037,YZA1,10205YZ000057,2013,5,30,11,18,金門縣,金城鎮,,NA,,,,NA,,,,,,金門城酒鄉金門城前路段,NA,NA,NA,NA,NA,NA,NA,NA,NA,0,1,0,晴,日間自然光線,村里道路,40,直路,一般車道（未劃分快慢車道）,其他鋪裝,乾燥,無缺陷,無障礙物,良好,無號誌,無號誌,無分向設施,未繪設車道線,未繪設快慢車道分隔線,無,側撞,右轉彎未依規定,Y000,YZ00,1,2,2013/5/30,金門縣金城鎮金門城酒鄉金門城前路段,,金門縣金城鎮金門城酒鄉金門城前路段,118.306221,24.401537,自用 小客車∕普通重型 機車∕,小客車自用∕機車普通重型∕,49∕53∕,未受傷∕受傷∕,6F****7代號1446∕PZ****8代號1447∕,其他∕其他∕,有適當之駕照∕有適當之駕照∕,經檢測無酒精反應∕經檢測無酒精反應∕,汽車右後車尾（身）∕機車前車頭∕,右轉彎未依規定∕未保持行車安全距離∕,右轉彎未依規定∕右轉彎未依規定∕,無業者∕其他∕,其他∕其他∕,本國∕本國∕
10205,10205Y00030005,YZA1,10205YZ000058,2013,5,31,8,10,金門縣,金城鎮,,NA,民生路,,,NA,,,,,,70號台電大樓,NA,NA,NA,NA,NA,NA,NA,NA,NA,0,0,0,晴,日間自然光線,村里道路,40,彎曲路及附近,一般車道（未劃分快慢車道）,柏油,乾燥,無缺陷,路上有停車,路上停放車輛,無號誌,無號誌,無分向設施,未繪設車道線,未繪設快慢車道分隔線,無,對向擦撞,未靠右行駛,Y000,YZ00,1,3,2013/5/31,民生路,,金門縣金城鎮70號台電大樓,118.3190184,24.43575,自用 小客車∕自用 小客車∕,小客車自用∕小客車自用∕,40∕29∕,未受傷∕未受傷∕,56****E代號1448∕22****S代號1449∕,其他∕其他∕,有適當之駕照∕有適當之駕照∕,經檢測無酒精反應∕經檢測無酒精反應∕,汽車左前車頭（身）∕汽車左前車頭（身）∕,未靠右行駛∕未注意車前狀態∕,未靠右行駛∕未靠右行駛∕,不明∕不明∕,其他∕其他∕,本國∕本國∕
10206,10206Y00020003,YYA1,10206YY000004,2013,6,2,2,30,金門縣,金湖鎮,,NA,伯玉路,四,,NA,,,,,,小徑環圓往開瑄國小方向00010號路燈附近,NA,NA,NA,NA,NA,NA,NA,NA,NA,0,2,0,陰,夜間（或隧道、地下道、涵洞）有照明,村里道路,70,直路,路肩、路緣,柏油,乾燥,無缺陷,無障礙物,良好,無號誌,無號誌,附標記,未繪設車道線,快慢車道分隔線,有,衝出路外,酒醉（後）駕駛失控,Y000,YY00,1,2,2013/6/2,伯玉路四段,,金門縣金湖鎮小徑環圓往開瑄國小方向00010號路燈附近,118.3798588,24.4470039,普通重型 機車∕ ∕乘客 人,機車普通重型乘客,22∕0∕21,受傷受傷,30****U代號145030****U代號1450,其他其他,有適當之駕照非汽（機）車駕駛人,經呼氣檢測超過0.80mg∕L或血液檢測超過0.16經呼氣檢測超過0.80mg∕L或血液檢測超過0.16,機車右側車身非汽（機）車,酒醉（後）駕駛失控∕尚未發現肇事因素∕尚未發現肇事因素,酒醉（後）駕駛失控∕酒醉（後）駕駛失控∕酒醉（後）駕駛失控,無業者無業者,其他其他,本國∕本國∕本國
10206,,YYA1,10206YY000007,2013,6,2,15,8,金門縣,金湖鎮,,NA,士校路,,,NA,,,,,,金門高職前,NA,NA,NA,NA,NA,NA,NA,NA,NA,0,0,0,晴,日間自然光線,村里道路,50,三岔路,交岔路口內,柏油,乾燥,無缺陷,無障礙物,良好,無號誌,無號誌,無標記,未繪設車道線,未繪設快慢車道分隔線,有,對撞,逆向行駛,Y000,YY00,1,4,2013/6/2,士校路,,金門縣金湖鎮金門高職前,118.4271704,24.4453138,自用 小貨車(含客、貨兩用)∕自用 大貨車∕,小貨車自用∕大貨車自用∕,64∕41∕,未受傷∕未受傷∕,85****Q代號1451∕25***H代號1452∕,其他∕其他∕,有適當之駕照∕有適當之駕照∕,經檢測無酒精反應∕經檢測無酒精反應∕,汽車前車頭∕汽車前車頭∕,逆向行駛∕尚未發現肇事因素∕,逆向行駛∕逆向行駛∕,服務工作者∕服務工作者∕,業務聯繫∕業務聯繫∕,本國∕本國∕
10206,10206Y00020005,YYA1,10206YY000011,2013,6,3,21,50,金門縣,金湖鎮,,NA,黃海路,,,NA,,,,,,舊南雄醫院前路段01564號路燈桿處,NA,NA,NA,NA,NA,NA,NA,NA,NA,0,1,0,晴,夜間（或隧道、地下道、涵洞）有照明,村里道路,50,直路,一般車道（未劃分快慢車道）,柏油,乾燥,無缺陷,無障礙物,良好,無號誌,無號誌,附標記,未繪設車道線,未繪設快慢車道分隔線,有,撞路樹、電桿,未依規定減速,Y000,YY00,1,2,2013/6/3,黃海路,,金門縣金湖鎮舊南雄醫院前路段01564號路燈桿處,118.4256931,24.452032,自用 小貨車(含客、貨兩用)∕ ∕,小貨車自用,30∕0∕,受傷,00****V代號1453,其他,有適當之駕照,經檢測無酒精反應,汽車前車頭,未依規定減速∕尚未發現肇事因素∕,未依規定減速∕未依規定減速∕,技術工,上、下班,本國∕本國∕
10206,10206Y00020010,YYA1,10206YY000017,2013,6,12,21,30,金門縣,金湖鎮,,NA,環島東路,三,,NA,,,,,,鵲山教練場前路段,NA,NA,NA,NA,NA,NA,NA,NA,NA,0,4,0,雨,夜間（或隧道、地下道、涵洞）有照明,村里道路,60,四岔路,交岔口附近,柏油,濕潤,無缺陷,無障礙物,良好,無號誌,無號誌,附標記,未繪設車道線,未繪設快慢車道分隔線,有,對向擦撞,逆向行駛,Y000,YY00,1,2,2013/6/12,環島東路三段,,金門縣金湖鎮鵲山教練場前路段,118.4412269,24.4597558,自用 小客車∕自用 小客車∕乘客 人∕乘客 人∕,小客車自用∕小客車自用∕乘客∕乘客∕,35∕47∕23∕18∕,受傷∕受傷∕受傷∕受傷∕,7J****6代號1454∕WY****7代號1455∕WY****7代號1455∕WY****7代號1455∕,其他∕其他∕其他∕其他∕,有適當之駕照∕有適當之駕照∕非汽（機）車駕駛人∕非汽（機）車駕駛人∕,經呼氣檢測0.16至0.25mg∕L或血液檢測0.031至0.05∕經檢測無酒精反應∕非駕駛人，未檢測∕非駕駛人，未檢測∕,汽車前車頭∕汽車前車頭∕非汽（機）車∕非汽（機）車∕,逆向行駛∕尚未發現肇事因素∕尚未發現肇事因素∕尚未發現肇事因素∕,逆向行駛∕逆向行駛∕逆向行駛∕逆向行駛∕,技術工∕家庭主婦（夫）∕技術員及助理人員∕高中生∕,不明∕其他∕其他∕其他∕,本國∕本國∕本國∕本國∕
10206,10206Y00020011,YYA1,10206YY000018,2013,6,13,10,50,金門縣,金湖鎮,,NA,環島南路,三,,NA,,,,,,05830號路燈桿,NA,NA,NA,NA,NA,NA,NA,NA,NA,0,2,0,晴,日間自然光線,村里道路,60,直路,一般車道（未劃分快慢車道）,柏油,乾燥,無缺陷,無障礙物,良好,無號誌,無號誌,無標記,車道線（無標記）,未繪設快慢車道分隔線,有,路上翻車、摔倒,未注意車前狀態,Y000,YY00,1,2,2013/6/13,環島南路三段,,金門縣金湖鎮05830號路燈桿,118.3757827,24.4398961,普通重型 機車∕ ∕乘客 人,機車普通重型乘客,56∕0∕61,受傷受傷,3J****2代號14563J****2代號1456,其他其他,有適當之駕照非汽（機）車駕駛人,經檢測無酒精反應非駕駛人，未檢測,機車右側車身非汽（機）車,未注意車前狀態∕尚未發現肇事因素∕尚未發現肇事因素,未注意車前狀態∕未注意車前狀態∕未注意車前狀態,家庭主婦（夫）家庭主婦（夫）,社交活動社交活動,本國∕本國∕本國
10206,10206Y00020012,YYA1,10206YY000019,2013,6,13,14,2,金門縣,金湖鎮,,NA,市港路,,,NA,66,,,,,,NA,NA,NA,NA,NA,NA,NA,NA,NA,0,1,0,陰,日間自然光線,村里道路,50,四岔路,交岔路口內,柏油,乾燥,無缺陷,無障礙物,良好,無號誌,無號誌,無分向設施,未繪設車道線,未繪設快慢車道分隔線,有,路口交岔撞,未依規定讓車,Y000,YY00,1,2,2013/6/13,市港路66號,,金門縣金湖鎮,118.4099121,24.4348324,自用 小貨車(含客、貨兩用)∕普通重型 機車∕,小貨車自用∕機車普通重型∕,25∕49∕,未受傷∕受傷∕,19****6代號1457∕77****C代號1458∕,其他∕其他∕,有適當之駕照∕有適當之駕照∕,經檢測無酒精反應∕經檢測無酒精反應∕,汽車左後車尾（身）∕機車前車頭∕,未依規定讓車∕未依規定減速∕,未依規定讓車∕未依規定讓車∕,服務工作者∕農林漁牧工作者∕,業務聯繫∕購物∕,本國∕本國∕
10206,10206Y00030002,YYA1,10206YY000020,2013,6,14,7,50,金門縣,金湖鎮,,NA,雙瓊路,,,NA,,,,,,一門三節,NA,NA,NA,NA,NA,NA,NA,NA,NA,0,0,0,晴,日間自然光線,村里道路,50,三岔路,交岔路口內,柏油,乾燥,無缺陷,無障礙物,建築物,無號誌,無號誌,無分向設施,未繪設車道線,未繪設快慢車道分隔線,有,側撞,未靠右行駛,Y000,YY00,1,3,2013/6/14,雙瓊路,,金門縣金湖鎮一門三節,118.3660576,24.4501741,計程車 小客車∕自用 小客車∕,小客車計程車∕小客車自用∕,44∕36∕,未受傷∕未受傷∕,VX***9代號1459∕WY****5代號1460∕,其他∕其他∕,有適當之駕照∕有適當之駕照∕,不明∕經檢測無酒精反應∕,汽車前車頭∕汽車左前車頭（身）∕,未靠右行駛∕尚未發現肇事因素∕,未靠右行駛∕未靠右行駛∕,農林漁牧工作者∕農林漁牧工作者∕,上、下班∕上、下班∕,本國∕本國∕
10206,,YYA1,10206YY000021,2013,6,14,11,0,金門縣,金湖鎮,,NA,,,,NA,,,,,,夏興親青小吃店,NA,NA,NA,NA,NA,NA,NA,NA,NA,0,0,0,晴,日間自然光線,村里道路,40,直路,一般車道（未劃分快慢車道）,柏油,乾燥,無缺陷,無障礙物,坡道,無號誌,無號誌,無分向設施,未繪設車道線,未繪設快慢車道分隔線,有,倒車撞,倒車未依規定,Y000,YY00,1,4,2013/6/14,金門縣金湖鎮夏興親青小吃店,,金門縣金湖鎮夏興親青小吃店,118.394702,24.439238,自用 小貨車(含客、貨兩用)∕自用 小客車∕,小貨車自用∕小客車自用∕,49∕61∕,未受傷∕未受傷∕,20****S代號1461∕K3****1代號1462∕,其他∕其他∕,無照（已達考照年齡）∕有適當之駕照∕,經檢測無酒精反應∕經檢測無酒精反應∕,汽車後車尾∕汽車左前車頭（身）∕,倒車未依規定∕尚未發現肇事因素∕,倒車未依規定∕倒車未依規定∕,事務工作者∕服務工作者∕,運輸∕業務聯繫∕,本國∕本國∕
10206,10206Y00020014,YYA1,10206YY000022,2013,6,14,12,4,金門縣,金湖鎮,,NA,黃海路,,,NA,97,,,,,,NA,NA,NA,NA,NA,NA,NA,NA,NA,0,1,0,晴,日間自然光線,村里道路,50,三岔路,交岔路口內,柏油,乾燥,無缺陷,無障礙物,良好,無號誌,無號誌,無分向設施,未繪設車道線,未繪設快慢車道分隔線,有,側撞,未依規定讓車,Y000,YY00,1,2,2013/6/14,黃海路97號,,金門縣金湖鎮,118.4256931,24.452032,自用 小客車∕普通重型 機車∕,小客車自用∕機車普通重型∕,29∕21∕,未受傷∕受傷∕,86****V代號1042∕53****T代號1463∕,其他∕其他∕,有適當之駕照∕有適當之駕照∕,經檢測無酒精反應∕經檢測無酒精反應∕,汽車左前車頭（身）∕機車前車頭∕,未依規定讓車∕未依規定減速∕,未依規定讓車∕未依規定讓車∕,其他∕其他∕,其他∕其他∕,本國∕本國∕
10206,10206Y00020015,YYA1,10206YY000023,2013,6,14,19,12,金門縣,金沙鎮,,NA,環島北路,三,,NA,,,,,,與環中路口處,NA,NA,NA,NA,NA,NA,NA,NA,NA,0,1,0,雨,夜間（或隧道、地下道、涵洞）有照明,村里道路,60,三岔路,交岔路口內,柏油,濕潤,無缺陷,無障礙物,良好,閃光號誌,無動作,無分向設施,未繪設車道線,未繪設快慢車道分隔線,有,側撞,未依規定讓車,Y000,YY00,1,2,2013/6/14,環島北路三段,,金門縣金沙鎮與環中路口處,118.388325,24.466263,自用 小貨車(含客、貨兩用)∕普通重型 機車∕,小貨車自用∕機車普通重型∕,53∕30∕,未受傷∕受傷∕,76****K代號1154∕33****K代號1464∕,其他∕其他∕,有適當之駕照∕有適當之駕照∕,經檢測無酒精反應∕經檢測無酒精反應∕,不明∕不明∕,未依規定讓車∕未依規定減速∕,未依規定讓車∕未依規定讓車∕,其他∕其他∕,其他∕其他∕,本國∕本國∕
10206,10206Y00020016,YYA1,10206YY000026,2013,6,15,11,40,金門縣,金湖鎮,,NA,太湖路,二,,NA,,,,,,復國寺前路口,NA,NA,NA,NA,NA,NA,NA,NA,NA,0,1,0,晴,日間自然光線,村里道路,50,三岔路,交岔路口內,柏油,乾燥,無缺陷,無障礙物,良好,無號誌,無號誌,無分向設施,未繪設車道線,未繪設快慢車道分隔線,有,側撞,未依規定讓車,Y000,YY00,1,2,2013/6/15,太湖路二段,,金門縣金湖鎮復國寺前路口,118.4170143,24.4394812,普通重型 機車∕自用 小貨車(含客、貨兩用)∕,機車普通重型∕小貨車自用∕,57∕57∕,受傷∕未受傷∕,3J****7代號1465∕6F****8代號1466∕,其他∕其他∕,有適當之駕照∕有適當之駕照∕,經檢測無酒精反應∕經檢測無酒精反應∕,機車前車頭∕汽車右側車身∕,未依規定讓車∕未依規定減速∕,未依規定讓車∕未依規定讓車∕,其他∕其他∕,其他∕其他∕,本國∕本國∕
10206,10206Y00020018,YYA1,10206YY000029,2013,6,17,16,24,金門縣,金湖鎮,,NA,環島南路,五,,NA,,,,,,白龍橋路段,NA,NA,NA,NA,NA,NA,NA,NA,NA,0,2,0,晴,日間自然光線,村里道路,60,直路,路肩、路緣,柏油,乾燥,無缺陷,無障礙物,良好,無號誌,無號誌,附標記,未繪設車道線,未繪設快慢車道分隔線,有,撞護欄（樁）,未注意車前狀態,Y000,YY00,1,2,2013/6/17,環島南路五段,,金門縣金湖鎮白龍橋路段,118.4239844,24.4324232,普通重型 機車∕ ∕乘客 人,機車普通重型乘客,23∕0∕22,受傷受傷,NL****8代號1467NL****8代號1467,其他其他,有適當之駕照非汽（機）車駕駛人,經檢測無酒精反應非駕駛人，未檢測,機車右側車身非汽（機）車,未注意車前狀態∕尚未發現肇事因素∕尚未發現肇事因素,未注意車前狀態∕未注意車前狀態∕未注意車前狀態,其他其他,觀光旅遊觀光旅遊,本國∕本國∕本國
10206,10206Y00020019,YYA1,10206YY000030,2013,6,17,20,49,金門縣,金湖鎮,,NA,市港路,,,NA,,,,,,05334號路燈桿前,NA,NA,NA,NA,NA,NA,NA,NA,NA,0,2,0,晴,夜間（或隧道、地下道、涵洞）有照明,村里道路,50,直路,慢車道,柏油,乾燥,無缺陷,無障礙物,其他,無號誌,無號誌,附標記,未繪設車道線,快慢車道分隔線,有,同向通行中,未注意車前狀態,Y000,YY00,NA,NA,2013/6/17,市港路,,金門縣金湖鎮05334號路燈桿前,118.4099121,24.4348324,普通重型 機車∕行人 人∕,機車普通重型∕行人∕,20∕56∕,受傷∕受傷∕,92****V代號1468,其他∕非駕駛人及乘客∕,有適當之駕照∕非汽（機）車駕駛人∕,經檢測無酒精反應∕非駕駛人，未檢測∕,機車右側車身∕非汽（機）車∕,未注意車前狀態∕其他引起事故之疏失或行為∕,未注意車前狀態∕未注意車前狀態∕,無業者∕家庭主婦（夫）∕,其他∕其他∕,本國∕本國∕
10206,10206Y00020020,YYA1,10206YY000031,2013,6,18,9,57,金門縣,金湖鎮,山外里,NA,黃海路,,,NA,,,,,,下莊路口,NA,NA,NA,NA,NA,NA,NA,NA,NA,0,1,0,晴,日間自然光線,村里道路,60,四岔路,交岔路口內,柏油,乾燥,無缺陷,無障礙物,良好,行車管制號誌,正常,無分向設施,未繪設車道線,未繪設快慢車道分隔線,有,追撞,右轉彎未依規定,Y000,YY00,1,2,2013/6/18,黃海路,,金門縣金湖鎮山外里下莊路口,118.4256931,24.452032,自用 小貨車(含客、貨兩用)∕普通重型 機車∕,小貨車自用∕機車普通重型∕,49∕24∕,未受傷∕受傷∕,WY****0代號1469∕96****V代號1470∕,其他∕其他∕,有適當之駕照∕有適當之駕照∕,經檢測無酒精反應∕經檢測無酒精反應∕,不明∕不明∕,右轉彎未依規定∕未保持行車安全距離∕,右轉彎未依規定∕右轉彎未依規定∕,其他∕其他∕,其他∕其他∕,本國∕本國∕
10206,10206Y00020023,YYA1,10206YY000033,2013,6,24,16,23,金門縣,金沙鎮,汶沙里,NA,沙青路,,,NA,,,,,,沙青路與忠孝新村路口處,NA,NA,NA,NA,NA,NA,NA,NA,NA,0,2,0,雨,日間自然光線,村里道路,60,三岔路,交岔路口內,柏油,濕潤,無缺陷,無障礙物,良好,無號誌,無號誌,無分向設施,未繪設車道線,未繪設快慢車道分隔線,有,追撞,右轉彎未依規定,Y000,YY00,1,2,2013/6/24,沙青路,,金門縣金沙鎮汶沙里沙青路與忠孝新村路口處,118.4130838,24.5066188,自用 小客車∕普通重型 機車∕乘客 人,小客車自用∕機車普通重型∕乘客,22∕29∕29,未受傷∕受傷∕受傷,06****V代號1471∕AD*****1代號1472∕AD*****1代號1472,其他∕其他∕其他,有適當之駕照∕有適當之駕照∕非汽（機）車駕駛人,經檢測無酒精反應∕經檢測無酒精反應∕非駕駛人，未檢測,汽車後車尾∕機車前車頭∕非汽（機）車,右轉彎未依規定∕未保持行車安全距離∕尚未發現肇事因素,右轉彎未依規定∕右轉彎未依規定∕右轉彎未依規定,其他∕其他∕其他,其他∕其他∕其他,本國∕本國∕本國
10206,10206Y00020024,YYA1,10206YY000035,2013,6,25,12,0,金門縣,金湖鎮,,NA,環島南路,三,,NA,,,,,,機場圓環內,NA,NA,NA,NA,NA,NA,NA,NA,NA,0,1,0,雨,日間自然光線,村里道路,50,圓環,一般車道（未劃分快慢車道）,柏油,濕潤,無缺陷,無障礙物,良好,無號誌,無號誌,無分向設施,車道線（無標記）,未繪設快慢車道分隔線,有,其他,未依規定讓車,Y000,YY00,1,2,2013/6/25,環島南路三段,,金門縣金湖鎮機場圓環內,118.3757827,24.4398961,自用 小客車∕普通重型 機車∕,小客車自用∕機車普通重型∕,51∕20∕,未受傷∕受傷∕,59****5代號1473∕59****D代號1474∕,其他∕其他∕,有適當之駕照∕有適當之駕照∕,經檢測無酒精反應∕經檢測無酒精反應∕,汽車左前車頭（身）∕機車前車頭∕,未依規定讓車∕未注意車前狀態∕,未依規定讓車∕未依規定讓車∕,其他∕其他∕,其他∕其他∕,本國∕本國∕
10206,10206Y00020026,YYA1,10206YY000038,2013,6,26,17,40,金門縣,金湖鎮,,NA,太湖路,三,,NA,,,,,,老人活動中心路段,NA,NA,NA,NA,NA,NA,NA,NA,NA,0,1,0,晴,日間自然光線,村里道路,50,直路,一般車道（未劃分快慢車道）,柏油,乾燥,無缺陷,無障礙物,良好,無號誌,無號誌,無標記,未繪設車道線,未繪設快慢車道分隔線,有,其他,未注意車前狀態,Y000,YY00,1,2,2013/6/26,太湖路三段,,金門縣金湖鎮老人活動中心路段,118.4317691,24.4347503,普通重型 機車∕ ∕,機車普通重型,48∕0∕,受傷,27****C代號1475,其他,有適當之駕照,經檢測無酒精反應,機車右側車身,未注意車前狀態∕尚未發現肇事因素∕,未注意車前狀態∕未注意車前狀態∕,服務工作者,上、下班,本國∕本國∕
10206,,YYA1,10206YY000039,2013,6,26,19,40,金門縣,金沙鎮,光前里,NA,環島東路,一,,NA,,,,,,01188路燈前 舊加油站前路段,NA,NA,NA,NA,NA,NA,NA,NA,NA,0,0,0,晴,夜間（或隧道、地下道、涵洞）有照明,村里道路,50,三岔路,交岔口附近,柏油,乾燥,無缺陷,其他障礙物,樹木、農作物,無號誌,無號誌,無標記,未繪設車道線,未繪設快慢車道分隔線,有,撞路樹、電桿,路況危險無安全（警告）設施,Y000,YY00,1,4,2013/6/26,環島東路一段,,金門縣金沙鎮光前里01188路燈前 舊加油站前路段,118.4213083,24.4841071, ∕自用 小客車∕,∕小客車自用∕,0∕26∕,∕未受傷∕,∕97****7代號1476∕,∕其他∕,∕有適當之駕照∕,∕經檢測無酒精反應∕,∕汽車前車頭∕,路況危險無安全（警告）設施∕未注意車前狀態∕,路況危險無安全（警告）設施∕路況危險無安全（警告）設施∕,∕其他∕,∕其他∕,本國∕本國∕
10206,10206Y00030003,YYA1,10206YY000040,2013,6,27,10,30,金門縣,金湖鎮,新湖里,NA,,,,NA,,,,,,湖前95之5號前路口,NA,NA,NA,NA,NA,NA,NA,NA,NA,0,0,0,晴,日間自然光線,村里道路,40,四岔路,交岔路口內,水泥,乾燥,無缺陷,無障礙物,良好,無號誌,無號誌,無分向設施,未繪設車道線,未繪設快慢車道分隔線,無,倒車撞,倒車未依規定,Y000,YY00,1,3,2013/6/27,金門縣金湖鎮新湖里湖前95之5號前路口,,金門縣金湖鎮新湖里湖前95之5號前路口,118.417239,24.439798,自用 小客車∕自用 小客車∕,小客車自用∕小客車自用∕,34∕35∕,未受傷∕未受傷∕,93****E代號1477∕23****S代號1478∕,其他∕其他∕,有適當之駕照∕有適當之駕照∕,經檢測無酒精反應∕經檢測無酒精反應∕,汽車左後車尾（身）∕汽車左側車身∕,倒車未依規定∕尚未發現肇事因素∕,倒車未依規定∕倒車未依規定∕,其他∕其他∕,其他∕其他∕,本國∕本國∕
10206,10206Y00020001,YZA1,10206YZ000001,2013,6,1,9,8,金門縣,金城鎮,,NA,,,,NA,,,,,,富康一村9巷1號旁路口,NA,NA,NA,NA,NA,NA,NA,NA,NA,0,1,0,晴,日間自然光線,村里道路,40,四岔路,交岔路口內,水泥,乾燥,無缺陷,無障礙物,良好,無號誌,無號誌,無分向設施,未繪設車道線,未繪設快慢車道分隔線,無,路口交岔撞,未依規定讓車,Y000,YZ00,1,2,2013/6/1,金門縣金城鎮富康一村9巷1號旁路口,,金門縣金城鎮富康一村9巷1號旁路口,118.320257,24.437578,普通重型 機車∕自用 小貨車(含客、貨兩用)∕,機車普通重型∕小貨車自用∕,54∕58∕,受傷∕未受傷∕,08****F代號1479∕6F****0代號1480∕,其他∕其他∕,有適當之駕照∕有適當之駕照∕,經檢測無酒精反應∕經檢測無酒精反應∕,機車前車頭∕汽車右側車身∕,未依規定讓車∕未依規定減速∕,未依規定讓車∕未依規定讓車∕,其他∕其他∕,其他∕其他∕,本國∕本國∕
10206,10206Y00030004,YZA1,10206YZ000002,2013,6,1,17,15,金門縣,金寧鄉,,NA,慈湖路,一,,NA,12,,,,,,NA,NA,NA,NA,NA,NA,NA,NA,NA,0,0,0,晴,日間自然光線,鄉道,50,直路,一般車道（未劃分快慢車道）,柏油,乾燥,無缺陷,無障礙物,良好,無號誌,無號誌,無標記,未繪設車道線,未繪設快慢車道分隔線,有,其他,酒醉（後）駕駛失控,Y000,YZ00,1,3,2013/6/1,慈湖路一段12號,,金門縣金寧鄉,118.3117387,24.4416084,自用 小客車∕自用 小客車∕,小客車自用∕小客車自用∕,27∕59∕,未受傷∕未受傷∕,73****G代號1103∕15****V代號1117∕,其他∕其他∕,有適當之駕照∕有適當之駕照∕,經呼氣檢測超過0.80mg∕L或血液檢測超過0.16∕經觀察未飲酒∕,汽車前車頭∕汽車左側車身∕,酒醉（後）駕駛失控∕尚未發現肇事因素∕,酒醉（後）駕駛失控∕酒醉（後）駕駛失控∕,技術員及助理人員∕專業人員∕,社交活動∕其他∕,本國∕本國∕