年月,總編號,處理單位,處理編號,年,月,日,時,分,縣市,區,村里,鄰,街道,段,巷,弄,號,公尺處,街道.1,段.1,側,附近,道路,公里,公尺處.1,向,車道,平交道,公里.1,公尺處.2,附近.1,死,受傷,X2.30,天候,光線,道路類別,速限,道路型態,事故位置,路面鋪裝,路面狀態,路面缺陷,障礙物,視距,號誌種類,號誌動作,分向設施,快車道或一般車道間,快慢車道間,路面邊線,事故類型及型態,主要肇因,警局,分局,案件類別,事故類別,日期,道路1,道路2,概略位置,lon,lat,車種,當事者區分.類別.,年齡,受傷程度,車輛牌照號碼,車輛用途,駕駛資格情形,飲酒情形,車輛撞擊部位最初,肇事因素個別,肇事因素主要,職.業,旅次目的,國籍
10206,10206Y00020002,YZA1,10206YZ000003,2013,6,1,17,57,金門縣,金城鎮,,NA,民生路,,,NA,,,,,,333號前路口,NA,NA,NA,NA,NA,NA,NA,NA,NA,0,3,0,晴,日間自然光線,村里道路,40,四岔路,交岔路口內,柏油,乾燥,無缺陷,無障礙物,良好,無號誌,無號誌,無分向設施,未繪設車道線,未繪設快慢車道分隔線,有,側撞,未依規定讓車,Y000,YZ00,1,2,2013/6/1,民生路,,金門縣金城鎮333號前路口,118.3190184,24.43575,普通重型 機車∕普通重型 機車∕乘客 人,機車普通重型∕機車普通重型∕乘客,39∕20∕19,受傷∕受傷∕受傷,52****A代號1481∕3J****9代號1482∕3J****9代號1482,其他∕其他∕其他,駕照被吊（註）銷∕有適當之駕照∕非汽（機）車駕駛人,經檢測無酒精反應∕經檢測無酒精反應∕非駕駛人，未檢測,機車前車頭∕機車左側車身∕非汽（機）車,未依規定讓車∕未依規定減速∕尚未發現肇事因素,未依規定讓車∕未依規定讓車∕未依規定讓車,其他∕大學（研究）生∕高中生,其他∕其他∕其他,本國∕本國∕本國
10206,,YZA1,10206YZ000005,2013,6,2,12,30,金門縣,金城鎮,金城新莊村,NA,,,7,NA,1月1日,,,,,路口,NA,NA,NA,NA,NA,NA,NA,NA,NA,0,0,0,晴,日間自然光線,村里道路,40,四岔路,交岔路口內,柏油,乾燥,無缺陷,其他障礙物,建築物,無號誌,無號誌,無分向設施,未繪設車道線,未繪設快慢車道分隔線,有,路口交岔撞,未依規定讓車,Y000,YZ00,1,4,2013/6/2,,,金門縣金城鎮金城新莊村路口,118.319856,24.437936,普通重型 機車∕自用 小客車∕,機車普通重型∕小客車自用∕,41∕59∕,未受傷∕未受傷∕,65****F代號1483∕WY****3代號1484∕,其他∕其他∕,有適當之駕照∕有適當之駕照∕,經檢測無酒精反應∕經檢測無酒精反應∕,機車前車頭∕汽車左前車頭（身）∕,未依規定讓車∕未依規定減速∕,未依規定讓車∕未依規定讓車∕,其他∕其他∕,其他∕其他∕,本國∕本國∕
10206,10206Y00030001,YZA1,10206YZ000006,2013,6,2,15,36,金門縣,金城鎮,,NA,珠浦北路,,,NA,Jan-34,,,,,停車格內,NA,NA,NA,NA,NA,NA,NA,NA,NA,0,0,0,晴,日間自然光線,村里道路,40,直路,一般車道（未劃分快慢車道）,其他鋪裝,乾燥,無缺陷,無障礙物,良好,無號誌,無號誌,無分向設施,未繪設車道線,未繪設快慢車道分隔線,無,其他,不明原因肇事,Y000,YZ00,1,3,2013/6/2,珠浦北路34-1號,,金門縣金城鎮停車格內,118.3172552,24.4337778, ∕自用 小客車∕,∕小客車自用∕,0∕35∕,未受傷∕未受傷∕,∕6F****9代號1485∕,其他∕其他∕,不明∕有適當之駕照∕,不明∕經觀察未飲酒∕,不明∕汽車後車尾∕,不明原因肇事∕尚未發現肇事因素∕,不明原因肇事∕不明原因肇事∕,不明∕不明∕,不明∕不明∕,本國∕本國∕
10206,10206Y00020004,YZA1,10206YZ000008,2013,6,3,20,32,金門縣,金寧鄉,,NA,環島北路,一,,NA,,,,,,07191號燈桿前路段,NA,NA,NA,NA,NA,NA,NA,NA,NA,0,2,0,陰,夜間（或隧道、地下道、涵洞）有照明,縣道,60,直路,一般車道（未劃分快慢車道）,柏油,乾燥,無缺陷,無障礙物,良好,無號誌,無號誌,無標記,未繪設車道線,未繪設快慢車道分隔線,有,同向通行中,未注意車前狀態,Y000,YZ00,1,2,2013/6/3,環島北路一段,,金門縣金寧鄉07191號燈桿前路段,118.3283226,24.4462231,普通重型 機車∕行人 人∕,機車普通重型∕行人∕,22∕20∕,受傷∕受傷∕,L3****5代號1486,其他∕非駕駛人及乘客∕,有適當之駕照∕非汽（機）車駕駛人∕,經檢測無酒精反應∕非駕駛人，未檢測∕,機車右側車身∕非汽（機）車∕,未注意車前狀態∕尚未發現肇事因素∕,未注意車前狀態∕未注意車前狀態∕,大學（研究）生∕大學（研究）生∕,其他∕其他∕,本國∕本國∕
10206,10206Y00020006,YZA1,10206YZ000009,2013,6,4,16,27,金門縣,金寧鄉,,NA,環島北路,二,,NA,,,,,,07165燈桿前路段,NA,NA,NA,NA,NA,NA,NA,NA,NA,0,1,0,晴,日間自然光線,縣道,60,四岔路,交岔路口內,柏油,乾燥,無缺陷,無障礙物,良好,無號誌,無號誌,無分向設施,未繪設車道線,未繪設快慢車道分隔線,有,路上翻車、摔倒,未注意車前狀態,Y000,YZ00,1,2,2013/6/4,環島北路二段,,金門縣金寧鄉07165燈桿前路段,118.3537405,24.452631,普通重型 機車∕ ∕,機車普通重型,23∕0∕,受傷,16****J代號1487,其他,有適當之駕照,經檢測無酒精反應,機車右側車身,未注意車前狀態∕尚未發現肇事因素∕,未注意車前狀態∕未注意車前狀態∕,大學（研究）生,其他,本國∕本國∕
10206,10206Y00020034,YZA1,10206YZ000010,2013,6,4,16,55,金門縣,金城鎮,,NA,民權路,,122,NA,,,,,,口,NA,NA,NA,NA,NA,NA,NA,NA,NA,0,1,0,雨,日間自然光線,村里道路,40,三岔路,交岔路口內,柏油,濕潤,無缺陷,無障礙物,良好,無號誌,無號誌,無分向設施,未繪設車道線,未繪設快慢車道分隔線,有,側撞,未依規定讓車,Y000,YZ00,1,2,2013/6/4,民權路122巷,,金門縣金城鎮口,118.3165347,24.4358149,自用 小客車∕普通重型 機車∕,小客車自用∕機車普通重型∕,26∕21∕,未受傷∕受傷∕,6F****9代號1488∕86****F代號1489∕,其他∕其他∕,有適當之駕照∕有適當之駕照∕,經檢測無酒精反應∕經檢測無酒精反應∕,汽車右前車頭（身）∕機車前車頭∕,未依規定讓車∕未依規定減速∕,未依規定讓車∕未依規定讓車∕,其他∕其他∕,其他∕其他∕,本國∕本國∕
10206,,YZA1,10206YZ000012,2013,6,8,9,20,金門縣,金城鎮,,NA,環島北路,一,,NA,,,,,,文化局前路段,NA,NA,NA,NA,NA,NA,NA,NA,NA,0,0,0,晴,NA,NA,60,NA,NA,NA,NA,NA,NA,NA,NA,NA,NA,NA,NA,NA,NA,NA,Y000,YZ00,1,4,2013/6/8,環島北路一段,,金門縣金城鎮文化局前路段,118.3283226,24.4462231,自用 小客車∕自用 小貨車(含客、貨兩用)∕,小客車自用∕小貨車自用∕,55∕27∕,,WY****8代號1490∕6F****1代號1491∕,,,,,,,,,本國∕本國∕
10206,10206Y00020008,YZA1,10206YZ000013,2013,6,8,18,49,金門縣,金寧鄉,,NA,伯玉路,二,,NA,,,,,,356號前路段,NA,NA,NA,NA,NA,NA,NA,NA,NA,0,2,0,晴,夜間（或隧道、地下道、涵洞）有照明,村里道路,60,三岔路,交岔路口內,水泥,乾燥,無缺陷,無障礙物,良好,無號誌,無號誌,無標記,未繪設車道線,快慢車道分隔線,有,側撞,右轉彎未依規定,Y000,YZ00,1,2,2013/6/8,伯玉路二段,,金門縣金寧鄉356號前路段,118.3416148,24.4414563,自用 小客車∕普通重型 機車∕乘客 人,小客車自用∕機車普通重型∕乘客,48∕20∕20,未受傷∕受傷∕受傷,AA*****0代號1492∕33****V代號1493∕33****V代號1493,其他∕其他∕其他,有適當之駕照∕有適當之駕照∕非汽（機）車駕駛人,經檢測無酒精反應∕經檢測無酒精反應∕非駕駛人，未檢測,汽車右前車頭（身）∕機車前車頭∕非汽（機）車,右轉彎未依規定∕未依規定減速∕尚未發現肇事因素,右轉彎未依規定∕右轉彎未依規定∕右轉彎未依規定,其他∕其他∕其他,其他∕其他∕其他,本國∕本國∕本國
10206,10206Y00020007,YZA1,10206YZ000014,2013,6,8,9,5,金門縣,金寧鄉,榜林村,NA,,,,NA,,,,,,榜林32號前路段,NA,NA,NA,NA,NA,NA,NA,NA,NA,0,2,0,晴,日間自然光線,村里道路,50,彎曲路及附近,一般車道（未劃分快慢車道）,柏油,乾燥,無缺陷,無障礙物,良好,無號誌,無號誌,無標記,未繪設車道線,未繪設快慢車道分隔線,有,撞橋樑、建築物,未依規定減速,Y000,YZ00,1,2,2013/6/8,金門縣金寧鄉榜林村榜林32號前路段,,金門縣金寧鄉榜林村榜林32號前路段,118.329691,24.436387,普通重型 機車∕ ∕乘客 人,機車普通重型乘客,78∕0∕70,受傷受傷,53****U代號149453****U代號1494,其他其他,有適當之駕照非汽（機）車駕駛人,經檢測無酒精反應非駕駛人，未檢測,機車右側車身非汽（機）車,未依規定減速∕尚未發現肇事因素∕尚未發現肇事因素,未依規定減速∕未依規定減速∕未依規定減速,不明不明,不明不明,本國∕本國∕本國
10206,10206Y00020033,YZA1,10206YZ000015,2013,6,11,11,45,金門縣,金城鎮,古城里,NA,,,,NA,,,,,,金門城產業道路03829號燈桿前路段,NA,NA,NA,NA,NA,NA,NA,NA,NA,0,1,0,晴,日間自然光線,村里道路,40,彎曲路及附近,一般車道（未劃分快慢車道）,柏油,乾燥,無缺陷,無障礙物,良好,無號誌,無號誌,無分向設施,未繪設車道線,未繪設快慢車道分隔線,有,路上翻車、摔倒,酒醉（後）駕駛失控,Y000,YZ00,1,2,2013/6/11,金門縣金城鎮古城里金門城產業道路03829號燈桿前路段,,金門縣金城鎮古城里金門城產業道路03829號燈桿前路段,118.306221,24.401537,普通重型 機車∕ ∕,機車普通重型,61∕0∕,受傷,PZ****9代號1495,其他,有適當之駕照,經呼氣檢測超過0.80mg∕L或血液檢測超過0.16,機車前車頭,酒醉（後）駕駛失控∕尚未發現肇事因素∕,酒醉（後）駕駛失控∕酒醉（後）駕駛失控∕,其他,其他,本國∕本國∕
10206,10206Y00020009,YZA1,10206YZ000016,2013,6,11,20,20,金門縣,金城鎮,,NA,珠浦北路,,,NA,,,,,,34號前,NA,NA,NA,NA,NA,NA,NA,NA,NA,0,1,0,晴,夜間（或隧道、地下道、涵洞）有照明,村里道路,40,直路,一般車道（未劃分快慢車道）,其他鋪裝,乾燥,無缺陷,無障礙物,路上停放車輛,無號誌,無號誌,無分向設施,未繪設車道線,未繪設快慢車道分隔線,有,對向擦撞,未靠右行駛,Y000,YZ00,1,2,2013/6/11,珠浦北路,,金門縣金城鎮34號前,118.3172552,24.4337778,普通重型 機車∕普通重型 機車∕,機車普通重型∕機車普通重型∕,19∕24∕,未受傷∕受傷∕,11****G代號1496∕27****F代號1497∕,其他∕其他∕,有適當之駕照∕有適當之駕照∕,經檢測無酒精反應∕經呼氣檢測0.56至0.80mg∕L或血液檢測0.111至0.16∕,機車左側車身∕機車前車頭∕,未靠右行駛∕酒醉（後）駕駛失控∕,未靠右行駛∕未靠右行駛∕,不明∕不明∕,其他∕其他∕,本國∕本國∕
10206,10206Y00020013,YZA1,10206YZ000024,2013,6,14,7,25,金門縣,金城鎮,,NA,民權路,,,NA,,,民生路,,,,NA,NA,NA,NA,NA,NA,NA,NA,NA,0,1,0,晴,日間自然光線,村里道路,50,四岔路,交岔口附近,柏油,乾燥,無缺陷,無障礙物,良好,行車管制號誌,正常,附標記,車道線（無標記）,未繪設快慢車道分隔線,有,其他,未注意車前狀態,Y000,YZ00,1,2,2013/6/14,民權路,民生路,,118.318387,24.437086,自用 小客車∕電動輔助自行車 慢車∕,小客車自用∕電動輔助自行車∕,48∕85∕,未受傷∕受傷∕,6F****6代號1498,其他∕其他∕,有適當之駕照∕非汽（機）車駕駛人∕,經檢測無酒精反應∕經檢測無酒精反應∕,汽車右前車頭（身）∕非汽（機）車∕,未注意車前狀態∕變換車道或方向不當∕,未注意車前狀態∕未注意車前狀態∕,技術工∕無業者∕,上、下班∕其他∕,本國∕本國∕
10206,10206Y00020017,YZA1,10206YZ000027,2013,6,16,19,22,金門縣,金寧鄉,,NA,,,,NA,,,,,,頂埔下03285號路燈桿前路口,NA,NA,NA,NA,NA,NA,NA,NA,NA,0,1,0,晴,日間自然光線,村里道路,40,四岔路,交岔路口內,柏油,乾燥,無缺陷,無障礙物,良好,無號誌,無號誌,無分向設施,未繪設車道線,未繪設快慢車道分隔線,有,路口交岔撞,未依規定讓車,Y000,YZ00,1,2,2013/6/16,金門縣金寧鄉頂埔下03285號路燈桿前路口,,金門縣金寧鄉頂埔下03285號路燈桿前路口,118.3099021,24.4474013,自用 小客車∕普通重型 機車∕,小客車自用∕機車普通重型∕,62∕20∕,未受傷∕受傷∕,21****S代號1499∕GD****7代號1500∕,其他∕其他∕,有適當之駕照∕有適當之駕照∕,經檢測無酒精反應∕經檢測無酒精反應∕,汽車右前車頭（身）∕機車前車頭∕,未依規定讓車∕未依規定減速∕,未依規定讓車∕未依規定讓車∕,其他∕不明∕,不明∕不明∕,本國∕本國∕
10206,10206Y00020030,YZA1,10206YZ000028,2013,6,16,18,40,金門縣,金城鎮,,NA,民生路,,,NA,60,,,,,縣政府前路口,NA,NA,NA,NA,NA,NA,NA,NA,NA,0,1,0,晴,日間自然光線,村里道路,50,三岔路,交岔路口內,柏油,乾燥,無缺陷,無障礙物,良好,無號誌,無號誌,無分向設施,未繪設車道線,未繪設快慢車道分隔線,有,側撞,未依規定讓車,Y000,YZ00,1,2,2013/6/16,民生路60號,,金門縣金城鎮縣政府前路口,118.3190184,24.43575,自用 小客車∕普通輕型 機車∕,小客車自用∕機車普通輕型∕,47∕22∕,未受傷∕受傷∕,6F****1代號1501∕TR****1代號1502∕,其他∕其他∕,有適當之駕照∕有適當之駕照∕,經檢測無酒精反應∕經檢測無酒精反應∕,汽車右側車身∕機車前車頭∕,未依規定讓車∕未依規定減速∕,未依規定讓車∕未依規定讓車∕,不明∕不明∕,上、下班∕不明∕,本國∕本國∕
10206,10206Y00020021,YZA1,10206YZ000032,2013,6,23,20,0,金門縣,金城鎮,,NA,民生路,,,NA,,,民權路,,,路口,NA,NA,NA,NA,NA,NA,NA,NA,NA,0,1,0,陰,夜間（或隧道、地下道、涵洞）有照明,村里道路,40,四岔路,交岔路口內,柏油,乾燥,無缺陷,無障礙物,良好,無號誌,無號誌,無分向設施,未繪設車道線,未繪設快慢車道分隔線,有,側撞,未依規定讓車,Y000,YZ00,1,2,2013/6/23,民生路,民權路,,118.318387,24.437086,自用 小客車∕普通重型 機車∕,小客車自用∕機車普通重型∕,32∕41∕,未受傷∕受傷∕,18****S代號1503∕PZ****9代號1504∕,其他∕其他∕,有適當之駕照∕有適當之駕照∕,經檢測無酒精反應∕經呼氣檢測超過0.80mg∕L或血液檢測超過0.16∕,汽車右側車身∕機車右側車身∕,未依規定讓車∕未依規定減速∕,未依規定讓車∕未依規定讓車∕,其他∕其他∕,其他∕其他∕,本國∕本國∕
10206,10206Y00020031,YZA1,10206YZ000034,2013,6,25,8,7,金門縣,金城鎮,金水里,NA,西海路,二,,NA,,,珠水路,,,,NA,NA,NA,NA,NA,NA,NA,NA,NA,0,1,0,晴,日間自然光線,鄉道,50,四岔路,交岔路口內,柏油,乾燥,無缺陷,無障礙物,良好,閃光號誌,正常,無分向設施,未繪設車道線,未繪設快慢車道分隔線,有,路口交岔撞,未依規定讓車,Y000,YZ00,1,2,2013/6/25,西海路二段,珠水路,,118.2998287,24.41079517,普通重型 機車∕自用 小貨車(含客、貨兩用)∕,機車普通重型∕小貨車自用∕,34∕28∕,受傷∕未受傷∕,58****G代號1505∕WY****2代號1506∕,其他∕其他∕,有適當之駕照∕有適當之駕照∕,經檢測無酒精反應∕經檢測無酒精反應∕,機車前車頭∕汽車左前車頭（身）∕,未依規定讓車∕未依規定減速∕,未依規定讓車∕未依規定讓車∕,技術員及助理人員∕技術員及助理人員∕,上、下班∕上、下班∕,本國∕本國∕
10206,10206Y00020025,YZA1,10206YZ000036,2013,6,25,12,15,金門縣,金城鎮,,NA,伯玉路,一,,NA,,,,,,靠近東門圓環路段,NA,NA,NA,NA,NA,NA,NA,NA,NA,0,1,0,雨,日間自然光線,村里道路,60,直路,慢車道,柏油,濕潤,無缺陷,無障礙物,良好,無號誌,無號誌,無標記,未繪設車道線,快慢車道分隔線,有,路上翻車、摔倒,未注意車前狀態,Y000,YZ00,1,2,2013/6/25,伯玉路一段,,金門縣金城鎮靠近東門圓環路段,118.3267756,24.4346914,普通輕型 機車∕ ∕,機車普通輕型,22∕0∕,受傷,52****B代號1507,其他,有適當之駕照,經檢測無酒精反應,機車前車頭,未注意車前狀態∕尚未發現肇事因素∕,未注意車前狀態∕未注意車前狀態∕,大學（研究）生,其他,本國∕本國∕
10206,10206Y00020022,YZA1,10206YZ000037,2013,6,24,2,40,金門縣,金城鎮,,NA,民生路,,,NA,,,,,,54巷口,NA,NA,NA,NA,NA,NA,NA,NA,NA,0,1,0,陰,夜間（或隧道、地下道、涵洞）有照明,村里道路,40,三岔路,交岔路口內,柏油,濕潤,無缺陷,無障礙物,良好,無號誌,無號誌,無分向設施,未繪設車道線,未繪設快慢車道分隔線,有,路上翻車、摔倒,未依規定減速,Y000,YZ00,1,2,2013/6/24,民生路,,金門縣金城鎮54巷口,118.3190184,24.43575,普通重型 機車∕ ∕乘客 人,機車普通重型乘客,20∕0∕20,未受傷受傷,66****Z代號150866****Z代號1508,其他其他,有適當之駕照非汽（機）車駕駛人,無法檢測經呼氣檢測超過0.80mg∕L或血液檢測超過0.16,機車左側車身非汽（機）車,未依規定減速∕尚未發現肇事因素∕尚未發現肇事因素,未依規定減速∕未依規定減速∕未依規定減速,大學（研究）生大學（研究）生,不明不明,本國∕本國∕本國
10206,,YZA1,10206YZ000041,2013,6,28,0,30,金門縣,金城鎮,,NA,西海路,三,,NA,,,,,,向陽及第前路段,NA,NA,NA,NA,NA,NA,NA,NA,NA,0,0,0,NA,NA,NA,0,NA,NA,NA,NA,NA,NA,NA,NA,NA,NA,NA,NA,NA,NA,NA,Y000,YZ00,1,3,2013/6/28,西海路三段,,金門縣金城鎮向陽及第前路段,118.3124964,24.4226194,普通重型 機車∕ ∕,機車普通重型,60∕0∕,,PZ****1代號1509,,,,,,,,,本國∕本國∕
10206,10206Y00020032,YZA1,10206YZ000042,2013,6,28,15,50,金門縣,金城鎮,,NA,環島西路,一,,NA,,,,,,東門圓環,NA,NA,NA,NA,NA,NA,NA,NA,NA,0,1,0,晴,日間自然光線,村里道路,40,圓環,一般車道（未劃分快慢車道）,柏油,乾燥,無缺陷,無障礙物,良好,無號誌,無號誌,無分向設施,車道線（附標記）,未繪設快慢車道分隔線,有,穿越道路中,未依規定行走行人穿越道、地下道、天橋而穿越道路,Y000,YZ00,1,2,2013/6/28,環島西路一段,,金門縣金城鎮東門圓環,118.3184801,24.4172073,行人 人∕自用 小客車∕,行人∕小客車自用∕,31∕54∕,受傷∕未受傷∕,∕06****V代號123∕,非駕駛人及乘客∕其他∕,非汽（機）車駕駛人∕有適當之駕照∕,非駕駛人，未檢測∕經檢測無酒精反應∕,非汽（機）車∕汽車左前車頭（身）∕,未依規定行走行人穿越道、地下道、天橋而穿越道路∕未注意車前狀態∕,未依規定行走行人穿越道、地下道、天橋而穿越道路∕未依規定行走行人穿越道、地下道、天橋而穿越道路∕,專業人員∕技術員及助理人員∕,社交活動∕社交活動∕,本國∕本國∕
10206,10206Y00020027,YZA1,10206YZ000043,2013,6,29,7,53,金門縣,金寧鄉,榜林村,26,伯玉路,一,,NA,222,,,,,,NA,NA,NA,NA,NA,NA,NA,NA,NA,0,2,0,晴,日間自然光線,縣道,60,直路,一般車道（未劃分快慢車道）,柏油,乾燥,無缺陷,無障礙物,良好,無號誌,無號誌,無標記,未繪設車道線,快慢車道分隔線,有,側撞,左轉彎未依規定,Y000,YZ00,1,2,2013/6/29,伯玉路一段222號,,金門縣金寧鄉榜林村,118.3267756,24.4346914,普通輕型 機車∕普通重型 機車∕,機車普通輕型∕機車普通重型∕,76∕22∕,受傷∕受傷∕,WZ****0代號1510∕90****T代號1511∕,其他∕其他∕,有適當之駕照∕有適當之駕照∕,經檢測無酒精反應∕經檢測無酒精反應∕,機車後車尾∕機車前車頭∕,左轉彎未依規定∕未注意車前狀態∕,左轉彎未依規定∕左轉彎未依規定∕,無業者∕售貨員∕,其他∕上、下班∕,本國∕本國∕
10206,10206Y00020028,YZA1,10206YZ000044,2013,6,29,11,38,金門縣,金寧鄉,榜林村,NA,伯玉路,一,,NA,213之1,,,,,,NA,NA,NA,NA,NA,NA,NA,NA,NA,0,2,0,晴,日間自然光線,縣道,60,直路,一般車道（未劃分快慢車道）,柏油,乾燥,無缺陷,無障礙物,良好,無號誌,無號誌,附標記,未繪設車道線,快慢車道分隔線,有,其他,起步未注意其他車（人）安全,Y000,YZ00,1,2,2013/6/29,伯玉路一段213-1號,,金門縣金寧鄉榜林村,118.3267756,24.4346914,普通輕型 機車∕普通重型 機車∕,機車普通輕型∕機車普通重型∕,76∕20∕,受傷∕受傷∕,WZ****5代號1512∕AD*****5代號1513∕,其他∕其他∕,有適當之駕照∕有適當之駕照∕,經檢測無酒精反應∕經檢測無酒精反應∕,機車左側車身∕機車前車頭∕,起步未注意其他車（人）安全∕未注意車前狀態∕,起步未注意其他車（人）安全∕起步未注意其他車（人）安全∕,技術員及助理人員∕技術員及助理人員∕,業務聯繫∕業務聯繫∕,本國∕本國∕
10206,10206Y00030005,YZA1,10206YZ000045,2013,6,30,12,45,金門縣,金寧鄉,,NA,,,,NA,,,,,,埔後115號後方路口,NA,NA,NA,NA,NA,NA,NA,NA,NA,0,0,0,晴,日間自然光線,村里道路,40,四岔路,交岔路口內,柏油,乾燥,無缺陷,無障礙物,良好,無號誌,無號誌,無分向設施,未繪設車道線,未繪設快慢車道分隔線,有,路口交岔撞,未依規定讓車,Y000,YZ00,1,3,2013/6/30,金門縣金寧鄉埔後115號後方路口,,金門縣金寧鄉埔後115號後方路口,118.317029,24.442928,自用 小客車∕自用 小客車∕,小客車自用∕小客車自用∕,30∕35∕,未受傷∕未受傷∕,6F****5代號1514∕L2****8代號1515∕,其他∕其他∕,有適當之駕照∕有適當之駕照∕,經檢測無酒精反應∕經檢測無酒精反應∕,汽車右後車尾（身）∕汽車右前車頭（身）∕,未依規定讓車∕未依規定減速∕,未依規定讓車∕未依規定讓車∕,不明∕不明∕,不明∕不明∕,本國∕本國∕
10206,10206Y00020029,YZA1,10206YZ000046,2013,6,30,18,25,金門縣,金城鎮,,NA,,,,NA,,,,,,山前路段,NA,NA,NA,NA,NA,NA,NA,NA,NA,0,2,0,晴,日間自然光線,鄉道,40,彎曲路及附近,一般車道（未劃分快慢車道）,柏油,乾燥,無缺陷,無障礙物,良好,無號誌,無號誌,無標記,未繪設車道線,未繪設快慢車道分隔線,有,對向擦撞,超速失控,Y000,YZ00,1,2,2013/6/30,金門縣金城鎮山前路段,,金門縣金城鎮山前路段,118.315014,24.416687,自用 小客車∕普通重型 機車∕,小客車自用∕機車普通重型∕,27∕44∕,受傷∕受傷∕,6F****3代號1516∕BP****1代號1517∕,其他∕其他∕,有適當之駕照∕有適當之駕照∕,經檢測無酒精反應∕經檢測無酒精反應∕,汽車右側車身∕機車前車頭∕,超速失控∕尚未發現肇事因素∕,超速失控∕超速失控∕,服務工作者∕技術工∕,業務聯繫∕上、下班∕,本國∕本國∕
10207,10207Y00020024,YYA1,10207YY000003,2013,7,1,19,30,金門縣,金湖鎮,,NA,,,,NA,,,,,,武德新莊161號前,NA,NA,NA,NA,NA,NA,NA,NA,NA,0,0,1,晴,夜間（或隧道、地下道、涵洞）有照明,其他,40,廣場,其他,其他鋪裝,乾燥,無缺陷,無障礙物,良好,無號誌,無號誌,無分向設施,未繪設車道線,未繪設快慢車道分隔線,無,撞護欄（樁）,未注意車前狀態,Y000,YY00,1,2,2013/7/1,金門縣金湖鎮武德新莊161號前,,金門縣金湖鎮武德新莊161號前,118.41389,24.439779,普通輕型 機車∕ ∕,機車普通輕型,19∕0∕,2-30日內死亡,WZ****0代號1518,其他,無照（已達考照年齡）,不明,機車前車頭,未注意車前狀態∕尚未發現肇事因素∕,未注意車前狀態∕未注意車前狀態∕,高中生,其他,本國∕本國∕
10207,10207Y00020027,YYA1,10207YY000009,2013,7,6,11,20,金門縣,金湖鎮,,NA,山外街,,,NA,43,,,,東,旁路口,NA,NA,NA,NA,NA,NA,NA,NA,NA,0,1,0,晴,日間自然光線,村里道路,40,四岔路,交岔路口內,水泥,乾燥,無缺陷,路上有停車,路上停放車輛,無號誌,無號誌,無分向設施,未繪設車道線,未繪設快慢車道分隔線,有,路口交岔撞,未依規定減速,Y000,YY00,1,2,2013/7/6,山外街43號,,金門縣金湖鎮旁路口,118.4150445,24.4434669,自用 小客車∕普通重型 機車∕自用 小貨車(含客、貨兩用),小客車自用∕機車普通重型∕小貨車自用,30∕51∕69,未受傷∕受傷∕未受傷,SB****8代號1519∕22****G代號1520∕WY****2代號1521,其他∕其他∕其他,有適當之駕照∕有適當之駕照∕有適當之駕照,經檢測無酒精反應∕經檢測無酒精反應∕不明,汽車左前車頭（身）∕機車右側車身∕不明,未依規定減速∕未依規定讓車∕違規停車或暫停不當而肇事,未依規定減速∕未依規定減速∕未依規定減速,專業人員∕不明∕不明,社交活動∕購物∕不明,本國∕本國∕本國
10207,10207Y00020028,YYA1,10207YY000010,2013,7,6,21,30,金門縣,金沙鎮,,NA,環島北路,三,,NA,,,,,,下塘頭路口,NA,NA,NA,NA,NA,NA,NA,NA,NA,0,1,0,晴,夜間（或隧道、地下道、涵洞）有照明,村里道路,60,三岔路,交岔路口內,柏油,乾燥,無缺陷,無障礙物,良好,無號誌,無號誌,無分向設施,未繪設車道線,未繪設快慢車道分隔線,有,追撞,未保持行車安全距離,Y000,YY00,1,2,2013/7/6,環島北路三段,,金門縣金沙鎮下塘頭路口,118.388325,24.466263,自用 小客車∕普通輕型 機車∕,小客車自用∕機車普通輕型∕,29∕30∕,未受傷∕受傷∕,05****V代號1522∕WZ****7代號1523∕,其他∕其他∕,有適當之駕照∕有適當之駕照∕,經檢測無酒精反應∕經檢測無酒精反應∕,汽車右前車頭（身）∕機車左側車身∕,未保持行車安全距離∕左轉彎未依規定∕,未保持行車安全距離∕未保持行車安全距離∕,不明∕服務工作者∕,不明∕上、下班∕,本國∕本國∕
10207,10207Y00020005,YYA1,10207YY000012,2013,7,7,14,38,金門縣,金沙鎮,,NA,,,,NA,,,,,,環中路往高坑路段,NA,NA,NA,NA,NA,NA,NA,NA,NA,0,1,0,雨,日間自然光線,村里道路,40,直路,一般車道（未劃分快慢車道）,柏油,泥濘,無缺陷,無障礙物,樹木、農作物,無號誌,無號誌,無標記,未繪設車道線,未繪設快慢車道分隔線,有,撞路樹、電桿,尚未發現肇事因素,Y000,YY00,1,2,2013/7/7,金門縣金沙鎮環中路往高坑路段,,金門縣金沙鎮環中路往高坑路段,118.3912208,24.4595516, ∕普通重型 機車∕,∕機車普通重型∕,0∕38∕,∕受傷∕,∕PZ****8代號1524∕,∕其他∕,∕有適當之駕照∕,∕經檢測無酒精反應∕,∕機車前車頭∕,尚未發現肇事因素∕未注意車前狀態∕,尚未發現肇事因素∕尚未發現肇事因素∕,∕其他∕,∕其他∕,本國∕本國∕