年月,總編號,處理單位,處理編號,年,月,日,時,分,縣市,區,村里,鄰,街道,段,巷,弄,號,公尺處,街道.1,段.1,側,附近,道路,公里,公尺處.1,向,車道,平交道,公里.1,公尺處.2,附近.1,死,受傷,X2.30,天候,光線,道路類別,速限,道路型態,事故位置,路面鋪裝,路面狀態,路面缺陷,障礙物,視距,號誌種類,號誌動作,分向設施,快車道或一般車道間,快慢車道間,路面邊線,事故類型及型態,主要肇因,警局,分局,案件類別,事故類別,日期,道路1,道路2,概略位置,lon,lat,車種,當事者區分.類別.,年齡,受傷程度,車輛牌照號碼,車輛用途,駕駛資格情形,飲酒情形,車輛撞擊部位最初,肇事因素個別,肇事因素主要,職.業,旅次目的,國籍
10207,,YYA1,10207YY000013,2013,7,7,15,14,金門縣,金沙鎮,官嶼里,NA,,,,NA,,,,,,塘頭2號前,NA,NA,NA,NA,NA,NA,NA,NA,NA,0,0,0,晴,日間自然光線,其他,40,廣場,其他,其他鋪裝,乾燥,無缺陷,無障礙物,良好,無號誌,無號誌,無分向設施,未繪設車道線,未繪設快慢車道分隔線,無,倒車撞,倒車未依規定,Y000,YY00,1,4,2013/7/7,金門縣金沙鎮官嶼里塘頭2號前,,金門縣金沙鎮官嶼里塘頭2號前,118.4143898,24.5154859,自用 小貨車(含客、貨兩用)∕自用 小客車∕,小貨車自用∕小客車自用∕,48∕43∕,未受傷∕未受傷∕,6F****6代號1525∕WY****2代號1526∕,其他∕其他∕,有適當之駕照∕非汽（機）車駕駛人∕,經檢測無酒精反應∕非駕駛人，未檢測∕,汽車右後車尾（身）∕汽車左後車尾（身）∕,倒車未依規定∕尚未發現肇事因素∕,倒車未依規定∕倒車未依規定∕,技術工∕不明∕,其他∕其他∕,本國∕本國∕
10207,10207Y00020006,YYA1,10207YY000014,2013,7,8,7,38,金門縣,金湖鎮,,NA,伯玉路,三,,NA,,,中山路,,,,NA,NA,NA,NA,NA,NA,NA,NA,NA,0,1,0,晴,日間自然光線,村里道路,70,四岔路,交岔路口內,柏油,乾燥,無缺陷,無障礙物,良好,行車管制號誌,正常,無分向設施,未繪設車道線,未繪設快慢車道分隔線,有,同向擦撞,未保持行車安全間隔,Y000,YY00,1,2,2013/7/8,伯玉路三段,中山路,,118.3650088,24.44601623,普通重型 機車∕普通重型 機車∕,機車普通重型∕機車普通重型∕,18∕45∕,未受傷∕受傷∕,AA*****3代號1527∕2J****5代號1528∕,其他∕其他∕,有適當之駕照∕有適當之駕照∕,經檢測無酒精反應∕經檢測無酒精反應∕,機車右側車身∕機車左側車身∕,未保持行車安全間隔∕尚未發現肇事因素∕,未保持行車安全間隔∕未保持行車安全間隔∕,大學（研究）生∕非技術工及體力工∕,上、下學∕上、下班∕,本國∕本國∕
10207,,YYA1,10207YY000015,2013,7,8,9,35,金門縣,金湖鎮,料羅里,NA,金港路,,,NA,,,,,,金港路新興街路口前,NA,NA,NA,NA,NA,NA,NA,NA,NA,0,0,0,晴,日間自然光線,村里道路,60,三岔路,交岔路口內,柏油,乾燥,無缺陷,無障礙物,良好,無號誌,無號誌,無標記,未繪設車道線,未繪設快慢車道分隔線,有,追撞,未保持行車安全距離,Y000,YY00,1,4,2013/7/8,金港路,,金門縣金湖鎮料羅里金港路新興街路口前,118.4341546,24.4172342,自用 小貨車(含客、貨兩用)∕自用 小貨車(含客、貨兩用)∕,小貨車自用∕小貨車自用∕,26∕47∕,未受傷∕未受傷∕,08****7代號1529∕6F****2代號1530∕,其他∕其他∕,有適當之駕照∕有適當之駕照∕,經檢測無酒精反應∕經檢測無酒精反應∕,汽車前車頭∕汽車後車尾∕,未保持行車安全距離∕尚未發現肇事因素∕,未保持行車安全距離∕未保持行車安全距離∕,其他∕其他∕,其他∕其他∕,本國∕本國∕
10207,10207Y00020030,YYA1,10207YY000016,2013,7,8,9,48,金門縣,金湖鎮,,NA,環島南路,五,,NA,,,士校路,,,,NA,NA,NA,NA,NA,NA,NA,NA,NA,0,1,0,晴,日間自然光線,村里道路,50,四岔路,交岔口附近,柏油,乾燥,無缺陷,無障礙物,良好,行車管制號誌,正常,無標記,未繪設車道線,未繪設快慢車道分隔線,有,同向擦撞,尚未發現肇事因素,Y000,YY00,1,2,2013/7/8,環島南路五段,士校路,,118.418513,24.434034,營業用 大貨車∕普通重型 機車∕,大貨車營業用∕機車普通重型∕,60∕60∕,未受傷∕受傷∕,86***G代號1531∕31****G代號413∕,其他∕其他∕,有適當之駕照∕有適當之駕照∕,經檢測無酒精反應∕經檢測無酒精反應∕,汽車右側車身∕機車左側車身∕,尚未發現肇事因素∕未注意車前狀態∕,尚未發現肇事因素∕尚未發現肇事因素∕,汽車、火車駕駛員及船員∕其他∕,運輸∕其他∕,本國∕本國∕
10207,10207Y00020031,YYA1,10207YY000017,2013,7,9,17,32,金門縣,金湖鎮,,NA,環島北路,三,,NA,,,瓊徑路,,,,NA,NA,NA,NA,NA,NA,NA,NA,NA,0,1,0,晴,日間自然光線,村里道路,50,三岔路,交岔路口內,柏油,乾燥,無缺陷,無障礙物,良好,閃光號誌,正常,無分向設施,未繪設車道線,未繪設快慢車道分隔線,有,側撞,未依規定讓車,Y000,YY00,1,2,2013/7/9,環島北路三段,瓊徑路,,118.3759138,24.45751572,自用 小客車∕普通重型 機車∕,小客車自用∕機車普通重型∕,52∕22∕,未受傷∕受傷∕,AA*****0代號1532∕01****C代號1533∕,其他∕其他∕,有適當之駕照∕有適當之駕照∕,經檢測無酒精反應∕不明∕,汽車左前車頭（身）∕機車前車頭∕,未依規定讓車∕未依規定減速∕,未依規定讓車∕未依規定讓車∕,其他∕其他∕,上、下班∕其他∕,本國∕本國∕
10207,10207Y00020032,YYA1,10207YY000018,2013,7,10,7,30,金門縣,金湖鎮,,NA,瓊徑路,,,NA,,,,,,小徑圓環,NA,NA,NA,NA,NA,NA,NA,NA,NA,0,3,0,晴,日間自然光線,村里道路,50,圓環,一般車道（未劃分快慢車道）,柏油,乾燥,無缺陷,無障礙物,良好,無號誌,無號誌,無分向設施,車道線（無標記）,未繪設快慢車道分隔線,有,其他,未注意車前狀態,Y000,YY00,1,2,2013/7/10,瓊徑路,,金門縣金湖鎮小徑圓環,118.3837181,24.4489328,普通重型 機車∕普通輕型 機車∕乘客 人,機車普通重型∕機車普通輕型∕乘客,23∕64∕24,受傷∕受傷∕受傷,CL****8代號1534∕63****B代號1535∕CL****8代號1534,其他∕其他∕其他,有適當之駕照∕有適當之駕照∕非汽（機）車駕駛人,經檢測無酒精反應∕經檢測無酒精反應∕非駕駛人，未檢測,機車前車頭∕機車左側車身∕非汽（機）車,未注意車前狀態∕未依規定讓車∕尚未發現肇事因素,未注意車前狀態∕未注意車前狀態∕未注意車前狀態,大學（研究）生∕大學（研究）生∕其他,其他∕其他∕其他,本國∕本國∕本國
10207,,YYA1,10207YY000023,2013,7,9,18,20,金門縣,金湖鎮,,NA,太湖路,一,,NA,,,,,,,NA,NA,NA,NA,NA,NA,NA,NA,NA,0,0,0,晴,NA,NA,40,NA,NA,NA,NA,NA,NA,NA,NA,NA,NA,NA,NA,NA,NA,NA,Y000,YY00,1,4,2013/7/9,太湖路一段,,金門縣金湖鎮,118.4047483,24.4473343,自用 小客車∕ ∕,小客車自用,23∕0∕,,CO****0代號1536,,,,,,,,,本國∕本國∕
10207,10207Y00020036,YYA1,10207YY000024,2013,7,12,10,50,金門縣,金湖鎮,,NA,伯玉路,四,,NA,,,,,,00077號路燈桿前,NA,NA,NA,NA,NA,NA,NA,NA,NA,0,1,0,晴,日間自然光線,村里道路,70,直路,一般車道（未劃分快慢車道）,柏油,乾燥,無缺陷,無障礙物,良好,無號誌,無號誌,無標記,未繪設車道線,快慢車道分隔線,有,路上翻車、摔倒,未注意車前狀態,Y000,YY00,1,2,2013/7/12,伯玉路四段,,金門縣金湖鎮00077號路燈桿前,118.3798588,24.4470039,普通重型 機車∕ ∕,機車普通重型,50∕0∕,受傷,76****F代號1537,其他,有適當之駕照,經檢測無酒精反應,機車右側車身,未注意車前狀態∕尚未發現肇事因素∕,未注意車前狀態∕未注意車前狀態∕,事務工作者,不明,本國∕本國∕
10207,,YYA1,10207YY000032,2013,7,19,20,30,金門縣,金湖鎮,,NA,,,,NA,,,,,,塔后133號前路段,NA,NA,NA,NA,NA,NA,NA,NA,NA,0,0,0,雨,夜間（或隧道、地下道、涵洞）無照明,村里道路,40,直路,路肩、路緣,水泥,濕潤,無缺陷,無障礙物,良好,無號誌,無號誌,無分向設施,未繪設車道線,未繪設快慢車道分隔線,無,倒車撞,倒車未依規定,Y000,YY00,1,4,2013/7/19,金門縣金湖鎮塔后133號前路段,,金門縣金湖鎮塔后133號前路段,118.4101054,24.4411037,自用 小客車∕自用 小客車∕,小客車自用∕小客車自用∕,57∕42∕,未受傷∕未受傷∕,AA*****7代號1538∕5J****0代號1539∕,其他∕非駕駛人及乘客∕,有適當之駕照∕非汽（機）車駕駛人∕,經檢測無酒精反應∕非駕駛人，未檢測∕,汽車右後車尾（身）∕汽車左側車身∕,倒車未依規定∕尚未發現肇事因素∕,倒車未依規定∕倒車未依規定∕,其他∕其他∕,其他∕其他∕,本國∕本國∕
10207,,YYA1,10207YY000033,2013,7,20,0,5,金門縣,金湖鎮,,NA,環島北路,三,,NA,,,,,,屠宰場路段柱0133路燈桿處,NA,NA,NA,NA,NA,NA,NA,NA,NA,0,0,0,雨,NA,NA,60,NA,NA,NA,NA,NA,NA,NA,NA,NA,NA,NA,NA,NA,NA,NA,Y000,YY00,1,4,2013/7/20,環島北路三段,,金門縣金湖鎮屠宰場路段柱0133路燈桿處,118.388325,24.466263,自用 小客車∕ ∕,小客車自用,23∕0∕,,15****V代號1540,,,,,,,,,本國∕本國∕
10207,10207Y00020011,YYA1,10207YY000034,2013,7,21,12,30,金門縣,金湖鎮,,NA,伯玉路,四,,NA,,,,,,00007路燈近小徑圓環,NA,NA,NA,NA,NA,NA,NA,NA,NA,0,2,0,晴,日間自然光線,村里道路,70,三岔路,快車道,柏油,乾燥,無缺陷,無障礙物,良好,無號誌,無號誌,無標記,未繪設車道線,快慢車道分隔線,有,側撞,左轉彎未依規定,Y000,YY00,1,2,2013/7/21,伯玉路四段,,金門縣金湖鎮00007路燈近小徑圓環,118.3798588,24.4470039,自用 小貨車(含客、貨兩用)∕普通重型 機車∕,小貨車自用∕機車普通重型∕,46∕19∕,受傷∕受傷∕,7F****0代號1541∕09****F代號1542∕,其他∕其他∕,有適當之駕照∕有適當之駕照∕,經觀察未飲酒∕經觀察未飲酒∕,汽車左前車頭（身）∕機車前車頭∕,左轉彎未依規定∕違規超車∕,左轉彎未依規定∕左轉彎未依規定∕,其他∕其他∕,其他∕其他∕,本國∕本國∕
10207,,YYA1,10207YY000040,2013,7,16,19,56,金門縣,金沙鎮,,NA,,,,NA,,,,,,斗號里公所至環島北路路段,NA,NA,NA,NA,NA,NA,NA,NA,NA,0,0,0,晴,NA,NA,40,NA,NA,NA,NA,NA,NA,NA,NA,NA,NA,NA,NA,NA,NA,NA,Y000,YY00,1,4,2013/7/16,金門縣金沙鎮斗號里公所至環島北路路段,,金門縣金沙鎮斗號里公所至環島北路路段,118.322662,24.441264,自用 小客車∕ ∕,小客車自用,54∕0∕,,3Q****7代號1543,,,,,,,,,本國∕本國∕
10207,10207Y00020016,YYA1,10207YY000042,2013,7,25,3,10,金門縣,金沙鎮,,NA,環島東路,二,,NA,,,,,,0290號路燈桿路段,NA,NA,NA,NA,NA,NA,NA,NA,NA,0,1,0,晴,夜間（或隧道、地下道、涵洞）有照明,村里道路,60,直路,路肩、路緣,柏油,乾燥,無缺陷,無障礙物,其他,無號誌,無號誌,無標記,未繪設車道線,未繪設快慢車道分隔線,有,衝出路外,未注意車前狀態,Y000,YY00,1,2,2013/7/25,環島東路二段,,金門縣金沙鎮0290號路燈桿路段,118.4328094,24.4713308,自用 小客車∕ ∕,小客車自用,30∕0∕,受傷,B8****6代號1544,其他,有適當之駕照,經檢測無酒精反應,汽車右前車頭（身）,未注意車前狀態∕尚未發現肇事因素∕,未注意車前狀態∕未注意車前狀態∕,其他,其他,本國∕本國∕
10207,10207Y00020017,YYA1,10207YY000044,2013,7,26,12,42,金門縣,金沙鎮,,NA,高陽路,,,NA,,,,,,高陽路斗門路口處,NA,NA,NA,NA,NA,NA,NA,NA,NA,0,1,0,晴,日間自然光線,村里道路,60,四岔路,交岔路口內,柏油,乾燥,無缺陷,無障礙物,良好,無號誌,無號誌,無分向設施,未繪設車道線,未繪設快慢車道分隔線,有,撞護欄（樁）,未注意車前狀態,Y000,YY00,1,2,2013/7/26,高陽路,,金門縣金沙鎮高陽路斗門路口處,118.4078483,24.4727311,自用 小客車∕ ∕,小客車自用,58∕0∕,受傷,6F****6代號130,其他,有適當之駕照,經檢測無酒精反應,汽車前車頭,未注意車前狀態∕尚未發現肇事因素∕,未注意車前狀態∕未注意車前狀態∕,其他,其他,本國∕本國∕
10207,10207Y00020018,YYA1,10207YY000045,2013,7,27,6,8,金門縣,金湖鎮,,NA,太湖路,一,,NA,,,,,,阿滿姨檳榔攤附近,NA,NA,NA,NA,NA,NA,NA,NA,NA,0,1,0,晴,日間自然光線,村里道路,50,直路,路肩、路緣,柏油,乾燥,無缺陷,無障礙物,良好,無號誌,無號誌,無標記,未繪設車道線,未繪設快慢車道分隔線,有,同向通行中,未注意車前狀態,Y000,YY00,1,2,2013/7/27,太湖路一段,,金門縣金湖鎮阿滿姨檳榔攤附近,118.4047483,24.4473343,普通重型 機車∕行人 人∕,機車普通重型∕行人∕,52∕101∕,未受傷∕受傷∕,PZ****1代號1545,其他∕非駕駛人及乘客∕,越級駕駛∕非汽（機）車駕駛人∕,經檢測無酒精反應∕非駕駛人，未檢測∕,機車前車頭∕非汽（機）車∕,未注意車前狀態∕尚未發現肇事因素∕,未注意車前狀態∕未注意車前狀態∕,技術員及助理人員∕無業者∕,上、下班∕其他∕,本國∕本國∕
10207,,YYA1,10207YY000046,2013,7,26,16,28,金門縣,金沙鎮,,NA,沙青路,,,NA,,,,,,01984路燈近官澳村莊,NA,NA,NA,NA,NA,NA,NA,NA,NA,0,0,0,晴,日間自然光線,村里道路,60,三岔路,交岔路口內,柏油,乾燥,無缺陷,無障礙物,良好,無號誌,無號誌,無分向設施,未繪設車道線,未繪設快慢車道分隔線,有,側撞,未依規定讓車,Y000,YY00,1,4,2013/7/26,沙青路,,金門縣金沙鎮01984路燈近官澳村莊,118.4130838,24.5066188,自用 小客車∕自用 小貨車(含客、貨兩用)∕,小客車自用∕小貨車自用∕,66∕50∕,未受傷∕未受傷∕,WY****8代號1546∕Q7****2代號1547∕,其他∕其他∕,有適當之駕照∕有適當之駕照∕,經檢測無酒精反應∕經檢測無酒精反應∕,汽車右前車頭（身）∕汽車前車頭∕,未依規定讓車∕未注意車前狀態∕,未依規定讓車∕未依規定讓車∕,其他∕其他∕,其他,本國∕本國∕
10207,,YYA1,10207YY000047,2013,7,26,16,52,金門縣,金湖鎮,新湖里,NA,環島南路,五,,NA,,,前港路,,,路口,NA,NA,NA,NA,NA,NA,NA,NA,NA,0,0,0,晴,日間自然光線,村里道路,40,三岔路,交岔口附近,柏油,乾燥,突出（高低）不平,道路工事（程）中,良好,無號誌,無號誌,無分向設施,未繪設車道線,未繪設快慢車道分隔線,有,撞工程施工,其他引起事故之疏失或行為,Y000,YY00,1,4,2013/7/26,環島南路五段,前港路,,118.4149742,24.43469901,動力機械 其他車∕普通重型 機車∕乘客 人,動力機械∕機車普通重型∕乘客,41∕71∕47,未受傷∕未受傷∕未受傷,∕CK****9代號1548∕CK****9代號1548,其他∕其他∕其他,不明∕有適當之駕照∕非汽（機）車駕駛人,經檢測無酒精反應∕經檢測無酒精反應∕非駕駛人，未檢測,汽車左側車身∕機車前車頭∕,其他引起事故之疏失或行為∕尚未發現肇事因素∕,其他引起事故之疏失或行為∕其他引起事故之疏失或行為∕其他引起事故之疏失或行為,其他∕家庭主婦（夫）∕其他,其他∕其他∕其他,本國∕本國∕本國
10207,10207Y00020039,YYA1,10207YY000049,2013,7,28,0,31,金門縣,金湖鎮,,NA,伯玉路,四,,NA,,,,,,總鑫太陽能店家前路段,NA,NA,NA,NA,NA,NA,NA,NA,NA,0,1,0,晴,夜間（或隧道、地下道、涵洞）有照明,村里道路,70,直路,一般車道（未劃分快慢車道）,柏油,乾燥,無缺陷,無障礙物,良好,無號誌,無號誌,無標記,未繪設車道線,快慢車道分隔線,有,路上翻車、摔倒,酒醉（後）駕駛失控,Y000,YY00,1,2,2013/7/28,伯玉路四段,,金門縣金湖鎮總鑫太陽能店家前路段,118.3798588,24.4470039,普通重型 機車∕ ∕,機車普通重型,27∕0∕,受傷,31****D代號364,其他,無照（已達考照年齡）,經呼氣檢測超過0.80mg∕L或血液檢測超過0.16,機車左側車身,酒醉（後）駕駛失控∕尚未發現肇事因素∕,酒醉（後）駕駛失控∕酒醉（後）駕駛失控∕,其他,其他,本國∕本國∕
10207,10207Y00030002,YYA1,10207YY000050,2013,7,29,9,16,金門縣,金湖鎮,,NA,中山路,,,NA,,,,,,尚義機場航廈前,NA,NA,NA,NA,NA,NA,NA,NA,NA,0,0,0,晴,日間自然光線,專用道路,50,直路,一般車道（未劃分快慢車道）,水泥,乾燥,無缺陷,無障礙物,良好,無號誌,無號誌,無分向設施,車道線（無標記）,未繪設快慢車道分隔線,有,側撞,起步未注意其他車（人）安全,Y000,YY00,1,3,2013/7/29,中山路,,金門縣金湖鎮尚義機場航廈前,118.364975,24.4413821,自用 小客車∕自用 小客車∕,小客車自用∕小客車自用∕,40∕51∕,未受傷∕未受傷∕,KW****5代號1549∕6F****0代號1550∕,其他∕其他∕,有適當之駕照∕有適當之駕照∕,經呼氣檢測0.16至0.25mg∕L或血液檢測0.031至0.05∕經檢測無酒精反應∕,汽車左前車頭（身）∕汽車右側車身∕,起步未注意其他車（人）安全∕變換車道或方向不當∕,起步未注意其他車（人）安全∕起步未注意其他車（人）安全∕,技術工∕服務工作者∕,其他∕其他∕,本國∕本國∕
10207,10207Y00020021,YYA1,10207YY000052,2013,7,30,7,5,金門縣,金沙鎮,汶沙里,NA,,,,NA,,,,,,忠孝新村511號旁路口,NA,NA,NA,NA,NA,NA,NA,NA,NA,0,1,0,晴,日間自然光線,村里道路,40,四岔路,交岔路口內,其他鋪裝,乾燥,無缺陷,無障礙物,建築物,無號誌,無號誌,無分向設施,未繪設車道線,未繪設快慢車道分隔線,無,路口交岔撞,未依規定讓車,Y000,YY00,1,2,2013/7/30,金門縣金沙鎮汶沙里忠孝新村511號旁路口,,金門縣金沙鎮汶沙里忠孝新村511號旁路口,118.413013,24.493643,普通重型 機車∕自用 小客車∕,機車普通重型∕小客車自用∕,41∕33∕,受傷∕未受傷∕,58****D代號1551∕12****V代號1552∕,其他∕其他∕,有適當之駕照∕有適當之駕照∕,經檢測無酒精反應∕經檢測無酒精反應∕,機車前車頭∕汽車左前車頭（身）∕,未依規定讓車∕未注意車前狀態∕,未依規定讓車∕未依規定讓車∕,家庭主婦（夫）∕農林漁牧工作者∕,其他∕其他∕,本國∕本國∕
10207,10207Y00030003,YYA1,10207YY000054,2013,7,31,7,49,金門縣,金湖鎮,,NA,環島北路,三,,NA,,,,,,0131路燈前,NA,NA,NA,NA,NA,NA,NA,NA,NA,0,0,0,晴,日間自然光線,村里道路,60,直路,一般車道（未劃分快慢車道）,柏油,乾燥,無缺陷,無障礙物,良好,無號誌,無號誌,無標記,未繪設車道線,未繪設快慢車道分隔線,有,追撞,違規超車,Y000,YY00,1,3,2013/7/31,環島北路三段,,金門縣金湖鎮0131路燈前,118.388325,24.466263,自用 小貨車(含客、貨兩用)∕自用 小客車∕,小貨車自用∕小客車自用∕,35∕31∕,未受傷∕未受傷∕,MQ****3代號1553∕02****2代號1554∕,其他∕其他∕,有適當之駕照∕有適當之駕照∕,經檢測無酒精反應∕經檢測無酒精反應∕,汽車後車尾∕汽車前車頭∕,違規超車∕未注意車前狀態∕,違規超車∕違規超車∕,其他∕其他∕,其他∕其他∕,本國∕本國∕
10207,10207Y00020023,YYA1,10207YY000056,2013,7,31,15,58,金門縣,金湖鎮,,NA,,,,NA,,,,,,金門航空站航廈前路段,NA,NA,NA,NA,NA,NA,NA,NA,NA,0,1,0,晴,日間自然光線,村里道路,50,直路,一般車道（未劃分快慢車道）,柏油,乾燥,無缺陷,無障礙物,良好,無號誌,無號誌,無標記,車道線（無標記）,未繪設快慢車道分隔線,無,穿越道路中,未依規定行走行人穿越道、地下道、天橋而穿越道路,Y000,YY00,1,2,2013/7/31,金門縣金湖鎮金門航空站航廈前路段,,金門縣金湖鎮金門航空站航廈前路段,118.3634816,24.4311257,行人 人∕普通重型 機車∕,行人∕機車普通重型∕,62∕55∕,受傷∕未受傷∕,∕07****U代號1555∕,非駕駛人及乘客∕其他∕,非汽（機）車駕駛人∕有適當之駕照∕,經檢測無酒精反應∕經檢測無酒精反應∕,非汽（機）車∕機車前車頭∕,未依規定行走行人穿越道、地下道、天橋而穿越道路∕未注意車前狀態∕,未依規定行走行人穿越道、地下道、天橋而穿越道路∕未依規定行走行人穿越道、地下道、天橋而穿越道路∕,家庭主婦（夫）∕技術工∕,社交活動∕社交活動∕,本國∕本國∕
10207,10207Y00020041,YYA1,10207YY000058,2013,7,31,9,50,金門縣,金湖鎮,,NA,中興路,,,NA,16,,,,,,NA,NA,NA,NA,NA,NA,NA,NA,NA,0,1,0,晴,日間自然光線,村里道路,50,直路,一般車道（未劃分快慢車道）,柏油,乾燥,無缺陷,路上有停車,良好,無號誌,無號誌,無分向設施,未繪設車道線,未繪設快慢車道分隔線,有,其他,未注意車前狀態,Y000,YY00,1,2,2013/7/31,中興路16號,,金門縣金湖鎮,118.4152504,24.4408064,普通輕型 機車∕腳踏自行車 慢車∕自用 小貨車(含客、貨兩用),機車普通輕型∕腳踏自行車∕小貨車自用,34∕69∕28,未受傷∕受傷∕未受傷,WZ****1代號1556WY****2代號1557,其他∕其他∕其他,無照（已達考照年齡）∕非汽（機）車駕駛人∕有適當之駕照,經檢測無酒精反應∕非駕駛人，未檢測∕不明,機車前車頭∕非汽（機）車∕不明,未注意車前狀態∕未注意車前狀態∕違規停車或暫停不當而肇事,未注意車前狀態∕未注意車前狀態∕未注意車前狀態,不明∕服務工作者∕技術員及助理人員,購物∕其他∕運輸,本國∕本國∕本國
10207,,YZA1,10207YZ000001,2013,7,1,8,35,金門縣,金城鎮,,NA,西海路,三,72,1,7,,,,,,NA,NA,NA,NA,NA,NA,NA,NA,NA,0,0,0,晴,NA,NA,40,NA,NA,NA,NA,NA,NA,NA,NA,NA,NA,NA,NA,NA,NA,NA,Y000,YZ00,1,4,2013/7/1,西海路三段72巷1弄7號,,金門縣金城鎮,118.3124964,24.4226194,自用 小客車∕自用 小客車∕,小客車自用∕小客車自用∕,33∕36∕,,J9****1代號1558∕6F****8代號1559∕,,,,,,,,,本國∕本國∕
10207,10207Y00020001,YZA1,10207YZ000002,2013,7,1,7,16,金門縣,烈嶼鄉,,NA,,,,NA,,,,,,海濱公園路段09682號路燈桿附近,NA,NA,NA,NA,NA,NA,NA,NA,NA,0,2,0,晴,日間自然光線,村里道路,40,直路,一般車道（未劃分快慢車道）,柏油,乾燥,無缺陷,無障礙物,良好,無號誌,無號誌,無標記,未繪設車道線,未繪設快慢車道分隔線,有,其他,未注意車前狀態,Y000,YZ00,1,2,2013/7/1,金門縣烈嶼鄉海濱公園路段09682號路燈桿附近,,金門縣烈嶼鄉海濱公園路段09682號路燈桿附近,118.4000276,24.4435686,普通輕型 機車∕自用 小貨車(含客、貨兩用)∕乘客 人,機車普通輕型∕小貨車自用∕乘客,81∕68∕59,受傷∕未受傷∕受傷,WZ****7代號1560∕WY****3代號1561∕WZ****7代號1560,其他∕其他∕其他,有適當之駕照∕有適當之駕照∕非汽（機）車駕駛人,經檢測無酒精反應∕經檢測無酒精反應∕非駕駛人，未檢測,不明∕不明∕非汽（機）車,未注意車前狀態∕尚未發現肇事因素∕尚未發現肇事因素,未注意車前狀態∕未注意車前狀態∕未注意車前狀態,無業者∕其他∕無業者,其他∕上、下班∕其他,本國∕本國∕本國
10207,10207Y00020002,YZA1,10207YZ000004,2013,7,2,16,20,金門縣,金城鎮,,NA,環島西路,一,,NA,,,,,,金山路口,NA,NA,NA,NA,NA,NA,NA,NA,NA,0,3,0,晴,日間自然光線,村里道路,40,三岔路,交岔路口內,柏油,乾燥,無缺陷,無障礙物,良好,無號誌,無號誌,無分向設施,未繪設車道線,未繪設快慢車道分隔線,有,側撞,未依規定讓車,Y000,YZ00,1,2,2013/7/2,環島西路一段,,金門縣金城鎮金山路口,118.3184801,24.4172073,普通重型 機車∕普通重型 機車∕乘客 人,機車普通重型∕機車普通重型∕乘客,20∕31∕16,受傷∕受傷∕受傷,55****W代號1562∕05****A代號1563∕55****W代號1562,其他∕其他∕其他,有適當之駕照∕有適當之駕照∕非汽（機）車駕駛人,經檢測無酒精反應∕經檢測無酒精反應∕非駕駛人，未檢測,機車前車頭∕機車左側車身∕非汽（機）車,未依規定讓車∕未依規定減速∕尚未發現肇事因素,未依規定讓車∕未依規定讓車∕未依規定讓車,大學（研究）生∕服務工作者∕國中生,上、下班∕業務聯繫∕上、下班,本國∕本國∕本國
10207,10207Y00020003,YZA1,10207YZ000005,2013,7,3,7,59,金門縣,金寧鄉,,NA,桃園路,,,NA,,,,,,金門酒廠警衛室前路段,NA,NA,NA,NA,NA,NA,NA,NA,NA,0,1,0,晴,日間自然光線,村里道路,50,三岔路,交岔路口內,柏油,乾燥,無缺陷,無障礙物,良好,行車管制號誌,正常,無分向設施,未繪設車道線,未繪設快慢車道分隔線,有,側撞,未依規定讓車,Y000,YZ00,1,2,2013/7/3,桃園路,,金門縣金寧鄉金門酒廠警衛室前路段,118.3446627,24.4317794,自用 小客車∕普通重型 機車∕,小客車自用∕機車普通重型∕,54∕19∕,未受傷∕受傷∕,03****V代號1564∕73****D代號1565∕,其他∕其他∕,有適當之駕照∕有適當之駕照∕,經檢測無酒精反應∕經檢測無酒精反應∕,汽車右前車頭（身）∕機車前車頭∕,未依規定讓車∕未注意車前狀態∕,未依規定讓車∕未依規定讓車∕,服務工作者∕大學（研究）生∕,上、下班∕上、下班∕,本國∕本國∕
10207,10207Y00020004,YZA1,10207YZ000006,2013,7,3,13,10,金門縣,金城鎮,,NA,環島西路,一,,NA,,,,,,賢城路口,NA,NA,NA,NA,NA,NA,NA,NA,NA,0,1,0,晴,日間自然光線,村里道路,40,四岔路,交岔路口內,柏油,乾燥,無缺陷,無障礙物,良好,閃光號誌,正常,無分向設施,未繪設車道線,未繪設快慢車道分隔線,有,路口交岔撞,未依規定讓車,Y000,YZ00,1,2,2013/7/3,環島西路一段,,金門縣金城鎮賢城路口,118.3184801,24.4172073,自用 小貨車(含客、貨兩用)∕普通輕型 機車∕,小貨車自用∕機車普通輕型∕,35∕41∕,未受傷∕受傷∕,WY****1代號1566∕DY****0代號1567∕,其他∕其他∕,有適當之駕照∕有適當之駕照∕,經檢測無酒精反應∕經呼氣檢測未超過0.15mg∕L或血液檢測未超過0.03∕,汽車前車頭∕機車左側車身∕,未依規定讓車∕未依規定減速∕,未依規定讓車∕未依規定讓車∕,技術工∕不明∕,不明∕不明∕,本國∕本國∕
10207,10207Y00020025,YZA1,10207YZ000007,2013,7,3,13,40,金門縣,金寧鄉,,NA,伯玉路,二,680,NA,212,,,,,,NA,NA,NA,NA,NA,NA,NA,NA,NA,0,1,0,晴,日間自然光線,村里道路,40,直路,一般車道（未劃分快慢車道）,柏油,乾燥,無缺陷,無障礙物,良好,無號誌,無號誌,無分向設施,未繪設車道線,未繪設快慢車道分隔線,有,其他,起步未注意其他車（人）安全,Y000,YZ00,1,2,2013/7/3,伯玉路二段680巷212號,,金門縣金寧鄉,118.3437237,24.4437698,自用 小客車∕自用 小客車∕,小客車自用∕小客車自用∕,63∕31∕,未受傷∕受傷∕,HU****1代號1568∕71****G代號1569∕,其他∕其他∕,有適當之駕照∕有適當之駕照∕,經檢測無酒精反應∕經檢測無酒精反應∕,汽車右前車頭（身）∕汽車左前車頭（身）∕,起步未注意其他車（人）安全∕未注意車前狀態∕,起步未注意其他車（人）安全∕起步未注意其他車（人）安全∕,技術工∕其他∕,上、下班∕其他∕,本國∕本國∕