年月,總編號,處理單位,處理編號,年,月,日,時,分,縣市,區,村里,鄰,街道,段,巷,弄,號,公尺處,街道.1,段.1,側,附近,道路,公里,公尺處.1,向,車道,平交道,公里.1,公尺處.2,附近.1,死,受傷,X2.30,天候,光線,道路類別,速限,道路型態,事故位置,路面鋪裝,路面狀態,路面缺陷,障礙物,視距,號誌種類,號誌動作,分向設施,快車道或一般車道間,快慢車道間,路面邊線,事故類型及型態,主要肇因,警局,分局,案件類別,事故類別,日期,道路1,道路2,概略位置,lon,lat,車種,當事者區分.類別.,年齡,受傷程度,車輛牌照號碼,車輛用途,駕駛資格情形,飲酒情形,車輛撞擊部位最初,肇事因素個別,肇事因素主要,職.業,旅次目的,國籍
10207,10207Y00020026,YZA1,10207YZ000008,2013,7,3,17,0,金門縣,金寧鄉,,NA,環島北路,一,,NA,,,大學路,,,,NA,NA,NA,NA,NA,NA,NA,NA,NA,0,1,0,晴,日間自然光線,村里道路,60,三岔路,交岔口附近,柏油,乾燥,無缺陷,無障礙物,良好,行車管制號誌,正常,附標記,未繪設車道線,未繪設快慢車道分隔線,有,追撞,未保持行車安全距離,Y000,YZ00,1,2,2013/7/3,環島北路一段,大學路,,118.326867,24.44495544,自用 小貨車(含客、貨兩用)∕自用 小貨車(含客、貨兩用)∕自用 小客車∕乘客 人∕,小貨車自用∕小貨車自用∕小客車自用∕乘客∕,37∕52∕68∕49∕,未受傷∕未受傷∕未受傷∕受傷∕,10****L代號1570∕6F****3代號1571∕6F****2代號1572∕6F****3代號1571∕,其他∕其他∕其他∕其他∕,有適當之駕照∕有適當之駕照∕有適當之駕照∕非汽（機）車駕駛人∕,經檢測無酒精反應∕經檢測無酒精反應∕經檢測無酒精反應∕非駕駛人，未檢測∕,汽車前車頭∕汽車後車尾∕汽車後車尾∕非汽（機）車∕,未保持行車安全距離∕尚未發現肇事因素∕尚未發現肇事因素∕尚未發現肇事因素∕,未保持行車安全距離∕未保持行車安全距離∕未保持行車安全距離∕未保持行車安全距離∕,其他∕其他∕其他∕其他∕,其他∕其他∕其他∕其他∕,本國∕本國∕本國∕本國∕
10207,10207Y00020029,YZA1,10207YZ000011,2013,7,7,10,30,金門縣,金城鎮,北門里,NA,民生路,,,NA,34,,,,,,NA,NA,NA,NA,NA,NA,NA,NA,NA,0,2,0,晴,日間自然光線,鄉道,40,三岔路,交岔口附近,柏油,乾燥,無缺陷,無障礙物,良好,無號誌,無號誌,附標記,未繪設車道線,快慢車道分隔線,有,其他,未注意車前狀態,Y000,YZ00,NA,NA,2013/7/7,民生路34號,,金門縣金城鎮北門里,118.3190184,24.43575,普通重型 機車∕普通重型 機車∕自用 小客車,機車普通重型∕機車普通重型∕小客車自用,25∕50∕45,受傷∕受傷∕未受傷,MF****7代號1573∕59****C代號1574∕01****7代號1575,其他∕其他∕其他,有適當之駕照∕有適當之駕照∕有適當之駕照,經檢測無酒精反應∕經檢測無酒精反應∕經檢測無酒精反應,機車右側車身∕機車前車頭∕汽車左後車尾（身）,未注意車前狀態∕未保持行車安全距離∕尚未發現肇事因素,未注意車前狀態∕未注意車前狀態∕未注意車前狀態,技術員及助理人員∕技術員及助理人員∕技術員及助理人員,上、下班∕社交活動∕社交活動,本國∕本國∕本國
10207,10207Y00030004,YZA1,10207YZ000019,2013,7,10,9,59,金門縣,金城鎮,,NA,環島西路,一,,NA,,,,,,靠近北堤路口,NA,NA,NA,NA,NA,NA,NA,NA,NA,0,0,0,晴,日間自然光線,村里道路,40,四岔路,交岔口附近,柏油,乾燥,無缺陷,無障礙物,良好,無號誌,無號誌,無標記,未繪設車道線,未繪設快慢車道分隔線,有,追撞,未保持行車安全距離,Y000,YZ00,1,3,2013/7/10,環島西路一段,,金門縣金城鎮靠近北堤路口,118.3184801,24.4172073,遊覽車 大客車∕自用 小客車∕,遊覽車∕小客車自用∕,37∕62∕,未受傷∕未受傷∕,A2***6代號1576∕WY****7代號1577∕,其他∕其他∕,有適當之駕照∕有適當之駕照∕,經檢測無酒精反應∕經檢測無酒精反應∕,汽車前車頭∕汽車後車尾∕,未保持行車安全距離∕尚未發現肇事因素∕,未保持行車安全距離∕未保持行車安全距離∕,汽車、火車駕駛員及船員∕不明∕,觀光旅遊∕不明∕,本國∕本國∕
10207,10207Y00020034,YZA1,10207YZ000020,2013,7,10,21,46,金門縣,金城鎮,西門里,NA,民生路,,,NA,,,民權路,,,,NA,NA,NA,NA,NA,NA,NA,NA,NA,0,1,0,晴,夜間（或隧道、地下道、涵洞）有照明,村里道路,40,四岔路,交岔路口內,柏油,乾燥,無缺陷,無障礙物,良好,閃光號誌,正常,無分向設施,未繪設車道線,未繪設快慢車道分隔線,有,側撞,未依規定讓車,Y000,YZ00,1,2,2013/7/10,民生路,民權路,,118.318387,24.437086,腳踏自行車 慢車∕普通重型 機車∕,腳踏自行車∕機車普通重型∕,19∕21∕,受傷∕未受傷∕,∕79****F代號1578∕,其他∕其他∕,非汽（機）車駕駛人∕有適當之駕照∕,非駕駛人，未檢測∕經檢測無酒精反應∕,非汽（機）車∕機車前車頭∕,未依規定讓車∕左轉彎未依規定∕,未依規定讓車∕未依規定讓車∕,大學（研究）生∕大學（研究）生∕,社交活動∕社交活動∕,本國∕本國∕
10207,10207Y00020035,YZA1,10207YZ000021,2013,7,11,14,16,金門縣,金城鎮,,NA,珠浦北路,,,NA,38,,,,,中正國小大門前,NA,NA,NA,NA,NA,NA,NA,NA,NA,0,1,0,晴,日間自然光線,村里道路,40,直路,一般車道（未劃分快慢車道）,柏油,乾燥,無缺陷,無障礙物,良好,無號誌,無號誌,附標記,未繪設車道線,未繪設快慢車道分隔線,有,其他,開啟車門不當而肇事,Y000,YZ00,1,2,2013/7/11,珠浦北路38號,,金門縣金城鎮中正國小大門前,118.316849,24.434284,自用 小客車∕普通重型 機車∕,小客車自用∕機車普通重型∕,49∕54∕,未受傷∕受傷∕,34****5代號1579∕28****F代號1580∕,其他∕其他∕,有適當之駕照∕越級駕駛∕,經檢測無酒精反應∕經檢測無酒精反應∕,汽車左側車身∕機車前車頭∕,開啟車門不當而肇事∕尚未發現肇事因素∕,開啟車門不當而肇事∕開啟車門不當而肇事∕,專業人員∕家庭主婦（夫）∕,社交活動∕觀光旅遊∕,本國∕本國∕
10207,,YZA1,10207YZ000022,2013,7,11,14,30,金門縣,金寧鄉,,NA,瓊安路,,,NA,,,,,,安岐路段07436號路燈桿旁,NA,NA,NA,NA,NA,NA,NA,NA,NA,0,0,0,晴,NA,NA,40,NA,NA,NA,NA,NA,NA,NA,NA,NA,NA,NA,NA,NA,NA,NA,Y000,YZ00,1,4,2013/7/11,瓊安路,,金門縣金寧鄉安岐路段07436號路燈桿旁,118.343873,24.4603508,自用 大貨車∕ ∕,大貨車自用,36∕0∕,,VQ***0代號1581,,,,,,,,,本國∕本國∕
10207,10207Y00020033,YZA1,10207YZ000025,2013,7,10,7,40,金門縣,金寧鄉,,NA,瓊安路,,,NA,嚨口80,,,,,路口,NA,NA,NA,NA,NA,NA,NA,NA,NA,0,1,0,晴,日間自然光線,村里道路,50,四岔路,交岔路口內,柏油,乾燥,無缺陷,無障礙物,良好,無號誌,無號誌,無分向設施,未繪設車道線,未繪設快慢車道分隔線,有,路口交岔撞,未依規定讓車,Y000,YZ00,1,2,2013/7/10,金門縣金寧鄉嚨口80號,,金門縣金寧鄉路口,118.3523516,24.463443,普通輕型 機車∕自用 小客車∕,機車普通輕型∕小客車自用∕,79∕31∕,受傷∕未受傷∕,WZ****0代號1582∕56****8代號1583∕,其他∕其他∕,有適當之駕照∕有適當之駕照∕,經檢測無酒精反應∕經檢測無酒精反應∕,機車左側車身∕汽車前車頭∕,未依規定讓車∕未依規定減速∕,未依規定讓車∕未依規定讓車∕,不明∕不明∕,不明∕上、下班∕,本國∕本國∕
10207,10207Y00020037,YZA1,10207YZ000026,2013,7,12,16,10,金門縣,金寧鄉,,NA,環島西路,二,,NA,,,,,,東坑往西浦頭路段0862號路燈桿,NA,NA,NA,NA,NA,NA,NA,NA,NA,0,1,0,晴,日間自然光線,村里道路,40,彎曲路及附近,一般車道（未劃分快慢車道）,柏油,乾燥,無缺陷,無障礙物,良好,無號誌,無號誌,附標記,未繪設車道線,未繪設快慢車道分隔線,有,撞路樹、電桿,未依規定減速,Y000,YZ00,1,2,2013/7/12,環島西路二段,,金門縣金寧鄉東坑往西浦頭路段0862號路燈桿,118.3148723,24.4566699,自用 小貨車(含客、貨兩用)∕ ∕,小貨車自用,26∕0∕,受傷,81****K代號1584,其他,有適當之駕照,經檢測無酒精反應,汽車右前車頭（身）,未依規定減速∕尚未發現肇事因素∕,未依規定減速∕未依規定減速∕,事務工作者,業務聯繫,本國∕本國∕
10207,10207Y00020007,YZA1,10207YZ000027,2013,7,14,17,0,金門縣,金城鎮,東門里,NA,伯玉路,一,,NA,15,,,,,,NA,NA,NA,NA,NA,NA,NA,NA,NA,0,1,0,晴,日間自然光線,村里道路,50,直路,一般車道（未劃分快慢車道）,柏油,乾燥,無缺陷,無障礙物,良好,無號誌,無號誌,附標記,未繪設車道線,快慢車道分隔線,有,其他,左轉彎未依規定,Y000,YZ00,1,2,2013/7/14,伯玉路一段15號,,金門縣金城鎮東門里,118.3267756,24.4346914,自用 小客車∕普通重型 機車∕,小客車自用∕機車普通重型∕,51∕19∕,未受傷∕受傷∕,AD*****0代號1585∕77****C代號1586∕,其他∕其他∕,有適當之駕照∕有適當之駕照∕,無法檢測∕無法檢測∕,汽車左側車身∕機車前車頭∕,左轉彎未依規定∕未注意車前狀態∕,左轉彎未依規定∕左轉彎未依規定∕,不明∕不明∕,其他∕其他∕,本國∕本國∕
10207,10207Y00020008,YZA1,10207YZ000028,2013,7,15,17,46,金門縣,金城鎮,東門里,NA,伯玉路,一,,NA,,,桃園路,,,,NA,NA,NA,NA,NA,NA,NA,NA,NA,0,1,0,陰,日間自然光線,縣道,60,四岔路,交岔路口內,柏油,乾燥,無缺陷,無障礙物,良好,行車管制號誌,正常,無分向設施,未繪設車道線,未繪設快慢車道分隔線,有,側撞,未注意車前狀態,Y000,YZ00,1,2,2013/7/15,伯玉路一段,桃園路,,118.3245732,24.4324356,普通重型 機車∕自用 小客車∕,機車普通重型∕小客車自用∕,58∕45∕,受傷∕未受傷∕,PZ****2代號1587∕WY****8代號1588∕,其他∕其他∕,有適當之駕照∕有適當之駕照∕,經檢測無酒精反應∕經檢測無酒精反應∕,機車左側車身∕汽車右後車尾（身）∕,未注意車前狀態∕尚未發現肇事因素∕,未注意車前狀態∕未注意車前狀態∕,技術工∕服務工作者∕,上、下班∕其他∕,本國∕本國∕
10207,10207Y00020009,YZA1,10207YZ000029,2013,7,16,11,30,金門縣,烈嶼鄉,,NA,,,,NA,,,,,,西宅忠仁亭前路段,NA,NA,NA,NA,NA,NA,NA,NA,NA,0,2,0,雨,日間自然光線,村里道路,40,四岔路,交岔路口內,柏油,濕潤,無缺陷,其他障礙物,良好,無號誌,無號誌,無分向設施,未繪設車道線,未繪設快慢車道分隔線,有,路口交岔撞,未依規定讓車,Y000,YZ00,1,2,2013/7/16,金門縣烈嶼鄉西宅忠仁亭前路段,,金門縣烈嶼鄉西宅忠仁亭前路段,118.248416,24.428949,自用 小貨車(含客、貨兩用)∕普通重型 機車∕乘客 人,小貨車自用∕機車普通重型∕乘客,55∕15∕15,未受傷∕受傷∕受傷,13****V代號1589∕PZ****5代號1590∕PZ****5代號1590,其他∕其他∕其他,有適當之駕照∕無照（未達考照年齡）∕非汽（機）車駕駛人,經檢測無酒精反應∕經檢測無酒精反應∕非駕駛人，未檢測,汽車右側車身∕機車前車頭∕非汽（機）車,未依規定讓車∕未依規定減速∕尚未發現肇事因素,未依規定讓車∕未依規定讓車∕未依規定讓車,事務工作者∕國中生∕國中生,業務聯繫∕其他∕其他,本國∕本國∕本國
10207,,YZA1,10207YZ000030,2013,7,16,18,7,金門縣,金城鎮,北門里,NA,民生路,,,NA,,,中興路,,,,NA,NA,NA,NA,NA,NA,NA,NA,NA,0,0,0,NA,NA,NA,0,NA,NA,NA,NA,NA,NA,NA,NA,NA,NA,NA,NA,NA,NA,NA,Y000,YZ00,1,4,2013/7/16,民生路,中興路,,118.319696,24.43433386,自用 小貨車(含客、貨兩用)∕自用 小客車∕,小貨車自用∕小客車自用∕,38∕32∕,,92****P代號1591∕12****S代號1592∕,,,,,,,,,本國∕本國∕
10207,10207Y00020010,YZA1,10207YZ000031,2013,7,19,8,7,金門縣,金城鎮,西門里,NA,民權路,,,NA,,,環島西路,二,,,NA,NA,NA,NA,NA,NA,NA,NA,NA,0,2,0,晴,日間自然光線,村里道路,40,四岔路,交岔路口內,柏油,濕潤,無缺陷,無障礙物,良好,行車管制號誌,正常,無分向設施,未繪設車道線,未繪設快慢車道分隔線,有,追撞,未注意車前狀態,Y000,YZ00,1,2,2013/7/19,民權路,環島西路二段,,118.3210727,24.4399025,普通輕型 機車∕普通重型 機車∕,機車普通輕型∕機車普通重型∕,69∕27∕,受傷∕受傷∕,WZ****2代號1593∕06****U代號1594∕,其他∕其他∕,有適當之駕照∕有適當之駕照∕,經檢測無酒精反應∕經檢測無酒精反應∕,機車前車頭∕機車後車尾∕,未注意車前狀態∕尚未發現肇事因素∕,未注意車前狀態∕未注意車前狀態∕,無業者∕技術員及助理人員∕,社交活動∕上、下班∕,本國∕本國∕
10207,10207Y00020013,YZA1,10207YZ000035,2013,7,21,20,0,金門縣,金寧鄉,,NA,伯玉路,一,,NA,,,,,,00213號燈桿前路段,NA,NA,NA,NA,NA,NA,NA,NA,NA,0,1,0,晴,夜間（或隧道、地下道、涵洞）有照明,縣道,70,直路,慢車道,柏油,乾燥,無缺陷,無障礙物,良好,無號誌,無號誌,無標記,未繪設車道線,快慢車道分隔線,有,追撞,酒醉（後）駕駛失控,Y000,YZ00,1,2,2013/7/21,伯玉路一段,,金門縣金寧鄉00213號燈桿前路段,118.3267756,24.4346914,普通重型 機車∕自用 小貨車(含客、貨兩用)∕,機車普通重型∕小貨車自用∕,39∕27∕,受傷∕未受傷∕,25****G代號1595∕06****X代號1596∕,其他∕其他∕,有適當之駕照∕有適當之駕照∕,經呼氣檢測0.41至0.55mg∕L或血液檢測0.081至0.11∕經觀察未飲酒∕,機車前車頭∕汽車左後車尾（身）∕,酒醉（後）駕駛失控∕拋錨未採安全措施∕,酒醉（後）駕駛失控∕酒醉（後）駕駛失控∕,技術工∕技術工∕,上、下班∕其他∕,本國∕本國∕
10207,10207Y00020012,YZA1,10207YZ000036,2013,7,21,13,43,金門縣,金寧鄉,安美里,NA,瓊安路,,,NA,,,,,,西堡段07429號燈桿,NA,NA,NA,NA,NA,NA,NA,NA,NA,0,1,0,晴,日間自然光線,村里道路,50,直路,一般車道（未劃分快慢車道）,柏油,乾燥,無缺陷,無障礙物,良好,無號誌,無號誌,無標記,未繪設車道線,未繪設快慢車道分隔線,有,撞路樹、電桿,未注意車前狀態,Y000,YZ00,1,2,2013/7/21,瓊安路,,金門縣金寧鄉安美里西堡段07429號燈桿,118.343873,24.4603508,普通重型 機車∕ ∕,機車普通重型,52∕0∕,受傷,PZ****1代號1597,其他,有適當之駕照,經檢測無酒精反應,機車左側車身,未注意車前狀態∕尚未發現肇事因素∕,未注意車前狀態∕未注意車前狀態∕,技術工,其他,本國∕本國∕
10207,10207Y00020015,YZA1,10207YZ000037,2013,7,22,18,10,金門縣,金寧鄉,榜林村,NA,伯玉路,二,,NA,,,,,,00200號路燈桿前,NA,NA,NA,NA,NA,NA,NA,NA,NA,0,1,0,晴,日間自然光線,縣道,60,直路,一般車道（未劃分快慢車道）,柏油,乾燥,無缺陷,無障礙物,良好,無號誌,無號誌,附標記,未繪設車道線,快慢車道分隔線,有,追撞,未保持行車安全距離,Y000,YZ00,1,2,2013/7/22,伯玉路二段,,金門縣金寧鄉榜林村00200號路燈桿前,118.3416148,24.4414563,自用 小客車∕普通重型 機車∕,小客車自用∕機車普通重型∕,27∕51∕,未受傷∕受傷∕,9D****5代號1598∕98****L代號1599∕,其他∕其他∕,有適當之駕照∕有適當之駕照∕,經檢測無酒精反應∕經檢測無酒精反應∕,汽車右前車頭（身）∕機車後車尾∕,未保持行車安全距離∕尚未發現肇事因素∕,未保持行車安全距離∕未保持行車安全距離∕,技術員及助理人員∕家庭主婦（夫）∕,社交活動∕社交活動∕,本國∕本國∕
10207,10207Y00020014,YZA1,10207YZ000038,2013,7,22,8,30,金門縣,金寧鄉,榜林村,NA,環島南路,,,NA,,,,,,中心教練場0709號燈桿,NA,NA,NA,NA,NA,NA,NA,NA,NA,0,1,0,晴,日間自然光線,村里道路,50,直路,一般車道（未劃分快慢車道）,柏油,乾燥,無缺陷,無障礙物,良好,無號誌,無號誌,無標記,未繪設車道線,未繪設快慢車道分隔線,有,側撞,迴轉未依規定,Y000,YZ00,1,2,2013/7/22,環島南路,,金門縣金寧鄉榜林村中心教練場0709號燈桿,118.3757827,24.4398961,普通重型 機車∕自用 大貨車∕,機車普通重型∕大貨車自用∕,21∕57∕,受傷∕未受傷∕,22****M代號1600∕VU***3代號1601∕,其他∕其他∕,有適當之駕照∕有適當之駕照∕,經檢測無酒精反應∕經檢測無酒精反應∕,機車前車頭∕汽車右前車頭（身）∕,迴轉未依規定∕未注意車前狀態∕,迴轉未依規定∕迴轉未依規定∕,大學（研究）生∕技術工∕,社交活動∕上、下班∕,本國∕本國∕
10207,,YZA1,10207YZ000039,2013,7,24,13,3,金門縣,金城鎮,,NA,環島北路,一,38,2,11,,,,,旁十字路口,NA,NA,NA,NA,NA,NA,NA,NA,NA,0,0,0,晴,NA,NA,40,NA,NA,NA,NA,NA,NA,NA,NA,NA,NA,NA,NA,NA,NA,NA,Y000,YZ00,1,4,2013/7/24,環島北路一段38巷2弄11號,,金門縣金城鎮旁十字路口,118.3283226,24.4462231,自用 小客車∕自用 小客車∕,小客車自用∕小客車自用∕,32∕61∕,,06****X代號1602∕6F****1代號1603∕,,,,,,,,,本國∕本國∕
10207,10207Y00030001,YZA1,10207YZ000041,2013,7,24,15,5,金門縣,金城鎮,,NA,,,,NA,,,,,,珠山14之1號,NA,NA,NA,NA,NA,NA,NA,NA,NA,0,0,0,晴,日間自然光線,村里道路,30,巷弄,一般車道（未劃分快慢車道）,其他鋪裝,乾燥,無缺陷,路上有停車,良好,無號誌,無號誌,無分向設施,未繪設車道線,未繪設快慢車道分隔線,無,其他,違規停車或暫停不當而肇事,Y000,YZ00,1,3,2013/7/24,金門縣金城鎮珠山14之1號,,金門縣金城鎮珠山14之1號,118.3166667,24.4166667,自用 小客車∕普通重型 機車∕,小客車自用∕機車普通重型∕,54∕23∕,未受傷∕未受傷∕,71****X代號1604∕MX****2代號1605∕,其他∕其他∕,有適當之駕照∕有適當之駕照∕,經檢測無酒精反應∕經檢測無酒精反應∕,汽車左前車頭（身）∕機車前車頭∕,違規停車或暫停不當而肇事∕未注意車前狀態∕,違規停車或暫停不當而肇事∕違規停車或暫停不當而肇事∕,不明∕不明∕,不明∕不明∕,本國∕本國∕
10207,,YZA1,10207YZ000043,2013,7,26,11,30,金門縣,金城鎮,古城里,NA,,,,NA,83之4號,,,,,,NA,NA,NA,NA,NA,NA,NA,NA,NA,0,0,0,NA,NA,NA,0,NA,NA,NA,NA,NA,NA,NA,NA,NA,NA,NA,NA,NA,NA,NA,Y000,YZ00,1,4,2013/7/26,金門縣金城鎮古城里83-4號號,,金門縣金城鎮古城里,118.3166667,24.4166667,自用 小貨車(含客、貨兩用)∕自用 小客車∕,小貨車自用∕小客車自用∕,33∕59∕,,WY****5代號1606∕6F****3代號1607∕,,,,,,,,,本國∕本國∕
10207,10207Y00020019,YZA1,10207YZ000048,2013,7,27,16,47,金門縣,金城鎮,,NA,,,,NA,,,,,,延平路03921號燈桿前路口,NA,NA,NA,NA,NA,NA,NA,NA,NA,0,2,0,晴,日間自然光線,村里道路,40,四岔路,交岔路口內,柏油,乾燥,無缺陷,無障礙物,良好,無號誌,無號誌,無分向設施,未繪設車道線,未繪設快慢車道分隔線,有,路口交岔撞,未依規定讓車,Y000,YZ00,1,2,2013/7/27,金門縣金城鎮延平路03921號燈桿前路口,,金門縣金城鎮延平路03921號燈桿前路口,118.304405,24.424809,自用 小客車∕自用 小客車∕乘客 人∕乘客 人∕,小客車自用∕小客車自用∕乘客∕乘客∕,30∕31∕43∕30∕,未受傷∕未受傷∕受傷∕受傷∕,AA*****8代號1608∕6F****0代號1609∕AA*****8代號1608∕6F****0代號1609∕,其他∕其他∕其他∕其他∕,有適當之駕照∕有適當之駕照∕非汽（機）車駕駛人∕非汽（機）車駕駛人∕,經檢測無酒精反應∕經檢測無酒精反應∕非駕駛人，未檢測∕非駕駛人，未檢測∕,汽車右側車身∕汽車前車頭∕非汽（機）車∕非汽（機）車∕,未依規定讓車∕未依規定減速∕尚未發現肇事因素∕尚未發現肇事因素∕,未依規定讓車∕未依規定讓車∕未依規定讓車∕未依規定讓車∕,事務工作者∕技術工∕事務工作者∕家庭主婦（夫）∕,其他∕觀光旅遊∕其他∕觀光旅遊∕,本國∕本國∕本國∕本國∕
10207,10207Y00020020,YZA1,10207YZ000051,2013,7,29,16,10,金門縣,金寧鄉,,NA,大學路,,53,NA,1,,,,,,NA,NA,NA,NA,NA,NA,NA,NA,NA,0,1,0,晴,日間自然光線,村里道路,40,直路,一般車道（未劃分快慢車道）,水泥,乾燥,無缺陷,其他障礙物,良好,無號誌,無號誌,無分向設施,未繪設車道線,未繪設快慢車道分隔線,無,路上翻車、摔倒,未注意車前狀態,Y000,YZ00,1,2,2013/7/29,大學路53巷1號,,金門縣金寧鄉,118.325279,24.4466751,普通重型 機車∕ ∕,機車普通重型,21∕0∕,受傷,52****G代號1610,其他,有適當之駕照,經檢測無酒精反應,機車右側車身,未注意車前狀態∕尚未發現肇事因素∕,未注意車前狀態∕未注意車前狀態∕,大學（研究）生,其他,本國∕本國∕
10207,10207Y00010001,YZA1,10207YZ000053,2013,7,30,19,45,金門縣,烈嶼鄉,,NA,,,,NA,,,,,,消防分隊往前埔09370號路燈桿前路段,NA,NA,NA,NA,NA,NA,NA,NA,NA,1,0,0,晴,夜間（或隧道、地下道、涵洞）有照明,村里道路,40,直路,一般車道（未劃分快慢車道）,柏油,乾燥,無缺陷,無障礙物,良好,無號誌,無號誌,無標記,未繪設車道線,未繪設快慢車道分隔線,有,其他,未注意車前狀態,Y000,YZ00,1,1,2013/7/30,金門縣烈嶼鄉消防分隊往前埔09370號路燈桿前路段,,金門縣烈嶼鄉消防分隊往前埔09370號路燈桿前路段,118.2351552,24.428221,自用 小貨車(含客、貨兩用)∕普通重型 機車∕其他人 人,小貨車自用∕機車普通重型∕其他人,62∕76∕69,未受傷∕24小時內死亡∕未受傷,WY****6代號1611∕FM****0代號1612∕,其他∕其他∕非駕駛人及乘客,有適當之駕照∕有適當之駕照∕非汽（機）車駕駛人,經檢測無酒精反應∕不明∕非駕駛人，未檢測,汽車前車頭∕機車前車頭∕非汽（機）車,未注意車前狀態∕未注意車前狀態∕其他引起事故之疏失或行為,未注意車前狀態∕未注意車前狀態∕未注意車前狀態,汽車、火車駕駛員及船員∕不明∕其他,其他∕其他∕其他,本國∕本國∕本國
10207,10207Y00020040,YZA1,10207YZ000055,2013,7,28,15,15,金門縣,金寧鄉,,NA,環島西路,二,,NA,,,,,,埔後03285號燈桿前,NA,NA,NA,NA,NA,NA,NA,NA,NA,0,2,0,晴,日間自然光線,村里道路,50,四岔路,交岔路口內,柏油,乾燥,無缺陷,無障礙物,良好,無號誌,無號誌,無分向設施,未繪設車道線,未繪設快慢車道分隔線,無,路口交岔撞,未依規定讓車,Y000,YZ00,NA,NA,2013/7/28,環島西路二段,,金門縣金寧鄉埔後03285號燈桿前,118.3148723,24.4566699,自用 小客車∕普通重型 機車∕,小客車自用∕機車普通重型∕,42∕23∕,受傷∕受傷∕,52****M代號1613∕CL****8代號1614∕,其他∕其他∕,有適當之駕照∕有適當之駕照∕,經檢測無酒精反應∕經檢測無酒精反應∕,汽車右側車身∕機車前車頭∕,未依規定讓車∕未依規定減速∕,未依規定讓車∕未依規定讓車∕,不明∕不明∕,其他∕其他∕,本國∕本國∕
10207,10207Y00020042,YZA1,10207YZ000057,2013,7,31,11,40,金門縣,金寧鄉,,NA,頂林路,,,NA,,,,,,07550號燈桿前,NA,NA,NA,NA,NA,NA,NA,NA,NA,0,1,0,晴,日間自然光線,村里道路,50,四岔路,交岔口附近,柏油,乾燥,無缺陷,無障礙物,良好,無號誌,無號誌,無標記,未繪設車道線,未繪設快慢車道分隔線,有,撞路樹、電桿,酒醉（後）駕駛失控,Y000,YZ00,1,2,2013/7/31,頂林路,,金門縣金寧鄉07550號燈桿前,118.3246113,24.4625018,自用 小客車∕ ∕,小客車自用,41∕0∕,受傷,6F****2代號1615,其他,有適當之駕照,經呼氣檢測超過0.80mg∕L或血液檢測超過0.16,汽車右前車頭（身）,酒醉（後）駕駛失控∕尚未發現肇事因素∕,酒醉（後）駕駛失控∕酒醉（後）駕駛失控∕,不明,其他,本國∕本國∕
10207,10207Y00020038,YZA1,10207YZ000059,2013,7,26,23,40,金門縣,金城鎮,賢庵里,NA,西海路,三,,NA,,,,,,浯江飯店旁03696號燈桿,NA,NA,NA,NA,NA,NA,NA,NA,NA,0,1,0,晴,夜間（或隧道、地下道、涵洞）有照明,鄉道,50,彎曲路及附近,一般車道（未劃分快慢車道）,柏油,乾燥,無缺陷,無障礙物,良好,無號誌,無號誌,附標記,未繪設車道線,未繪設快慢車道分隔線,有,衝出路外,酒醉（後）駕駛失控,Y000,YZ00,1,2,2013/7/26,西海路三段,,金門縣金城鎮賢庵里浯江飯店旁03696號燈桿,118.3124964,24.4226194,普通重型 機車∕ ∕,機車普通重型,35∕0∕,受傷,CB****3代號1616,其他,有適當之駕照,經呼氣檢測超過0.80mg∕L或血液檢測超過0.16,機車前車頭,酒醉（後）駕駛失控∕尚未發現肇事因素∕,酒醉（後）駕駛失控∕酒醉（後）駕駛失控∕,技術員及助理人員,不明,本國∕本國∕
10207,10207Y00020022,YZA1,10207YZ000060,2013,7,30,18,25,金門縣,金寧鄉,榜林村,NA,伯玉路,一,,NA,232-4,,,,,,NA,NA,NA,NA,NA,NA,NA,NA,NA,0,2,0,晴,夜間（或隧道、地下道、涵洞）有照明,鄉道,60,四岔路,交岔口附近,柏油,乾燥,無缺陷,無障礙物,良好,閃光號誌,正常,附標記,未繪設車道線,快慢車道分隔線,有,追撞,未保持行車安全距離,Y000,YZ00,1,2,2013/7/30,伯玉路一段232-4號,,金門縣金寧鄉榜林村,118.3267756,24.4346914,普通重型 機車∕普通重型 機車∕,機車普通重型∕機車普通重型∕,22∕30∕,受傷∕受傷∕,32****V代號1617∕13****B代號1618∕,其他∕其他∕,有適當之駕照∕有適當之駕照∕,經檢測無酒精反應∕經檢測無酒精反應∕,機車前車頭∕機車後車尾∕,未保持行車安全距離∕尚未發現肇事因素∕,未保持行車安全距離∕未保持行車安全距離∕,大學（研究）生∕技術員及助理人員∕,社交活動∕上、下班∕,本國∕本國∕