年月,總編號,處理單位,處理編號,年,月,日,時,分,縣市,區,村里,鄰,街道,段,巷,弄,號,公尺處,街道.1,段.1,側,附近,道路,公里,公尺處.1,向,車道,平交道,公里.1,公尺處.2,附近.1,死,受傷,X2.30,天候,光線,道路類別,速限,道路型態,事故位置,路面鋪裝,路面狀態,路面缺陷,障礙物,視距,號誌種類,號誌動作,分向設施,快車道或一般車道間,快慢車道間,路面邊線,事故類型及型態,主要肇因,警局,分局,案件類別,事故類別,日期,道路1,道路2,概略位置,lon,lat,車種,當事者區分.類別.,年齡,受傷程度,車輛牌照號碼,車輛用途,駕駛資格情形,飲酒情形,車輛撞擊部位最初,肇事因素個別,肇事因素主要,職.業,旅次目的,國籍
10208,10208Y00030001,YYA1,10208YY000001,2013,8,1,9,27,金門縣,金湖鎮,,NA,,,,NA,,,,,,尚義機場貨運站第7停車格,NA,NA,NA,NA,NA,NA,NA,NA,NA,0,0,0,晴,日間自然光線,專用道路,40,其他,其他,水泥,乾燥,無缺陷,無障礙物,良好,無號誌,無號誌,無分向設施,未繪設車道線,未繪設快慢車道分隔線,無,倒車撞,倒車未依規定,Y000,YY00,1,3,2013/8/1,金門縣金湖鎮尚義機場貨運站第7停車格,,金門縣金湖鎮尚義機場貨運站第7停車格,118.376631,24.437699,營業用 大貨車∕自用 小貨車(含客、貨兩用)∕,大貨車營業用∕小貨車自用∕,26∕34∕,未受傷∕未受傷∕,LA****3代號1619∕RA*****2代號1620∕,其他∕其他∕,有適當之駕照∕有適當之駕照∕,經呼氣檢測0.16至0.25mg∕L或血液檢測0.031至0.05∕經檢測無酒精反應∕,汽車右後車尾（身）∕汽車右後車尾（身）∕,倒車未依規定∕尚未發現肇事因素∕,倒車未依規定∕倒車未依規定∕,汽車、火車駕駛員及船員∕其他∕,運輸∕運輸∕,本國∕本國∕
10208,,YYA1,10208YY000004,2013,8,2,7,32,金門縣,金湖鎮,,NA,環島南路,,,NA,,,,,,塔后段2號前,NA,NA,NA,NA,NA,NA,NA,NA,NA,0,0,0,NA,NA,NA,0,NA,NA,NA,NA,NA,NA,NA,NA,NA,NA,NA,NA,NA,NA,NA,Y000,YY00,1,4,2013/8/2,環島南路,,金門縣金湖鎮塔后段2號前,118.3757827,24.4398961,自用 小客車∕自用 小客車∕,小客車自用∕小客車自用∕,37∕48∕,,OM****1代號1621∕HL****2代號1622∕,,,,,,,,,本國∕本國∕
10208,,YYA1,10208YY000007,2013,8,5,17,5,金門縣,金沙鎮,,NA,,,,NA,,,,,,獅山砲陣地停車場,NA,NA,NA,NA,NA,NA,NA,NA,NA,0,0,0,晴,日間自然光線,其他,40,其他,其他,無鋪裝,乾燥,無缺陷,無障礙物,良好,閃光號誌,無號誌,無分向設施,未繪設車道線,未繪設快慢車道分隔線,無,其他,未注意車前狀態,Y000,YY00,1,4,2013/8/5,金門縣金沙鎮獅山砲陣地停車場,,金門縣金沙鎮獅山砲陣地停車場,118.436121,24.5051831,租賃車 小客車∕租賃車 小客車∕,小客車租貸車∕小客車租貸車∕,41∕46∕,未受傷∕未受傷∕,39****6代號1623∕RA*****7代號1624∕,其他∕其他∕,有適當之駕照∕非汽（機）車駕駛人∕,經檢測無酒精反應∕非駕駛人，未檢測∕,汽車右前車頭（身）∕汽車左側車身∕,未注意車前狀態∕尚未發現肇事因素∕,未注意車前狀態∕未注意車前狀態∕,其他∕其他∕,觀光旅遊∕觀光旅遊∕,本國∕本國∕
10208,,YYA1,10208YY000017,2013,8,10,9,26,金門縣,金湖鎮,山外里,NA,光武路,,,NA,27,,,,,,NA,NA,NA,NA,NA,NA,NA,NA,NA,0,0,0,晴,日間自然光線,村里道路,40,直路,一般車道（未劃分快慢車道）,柏油,乾燥,無缺陷,無障礙物,良好,無號誌,無號誌,無分向設施,未繪設車道線,未繪設快慢車道分隔線,有,倒車撞,其他引起事故之故障,Y000,YY00,1,4,2013/8/10,光武路27號,,金門縣金湖鎮山外里,118.4281481,24.4509306,自用 小貨車(含客、貨兩用)∕自用 小貨車(含客、貨兩用)∕,小貨車自用∕小貨車自用∕,54∕59∕,未受傷∕未受傷∕,6F****7代號1625∕WY****2代號1626∕,裝載危險物品車∕其他∕,有適當之駕照∕非汽（機）車駕駛人∕,非駕駛人，未檢測∕非駕駛人，未檢測∕,汽車右後車尾（身）∕汽車左後車尾（身）∕,其他引起事故之故障∕尚未發現肇事因素∕,其他引起事故之故障∕其他引起事故之故障∕,其他∕其他∕,其他∕其他∕,本國∕本國∕
10208,,YYA1,10208YY000018,2013,8,10,17,8,金門縣,金沙鎮,,NA,環島東路,一,,NA,,,,,,金沙國小前路段,NA,NA,NA,NA,NA,NA,NA,NA,NA,0,0,0,NA,NA,NA,0,NA,NA,NA,NA,NA,NA,NA,NA,NA,NA,NA,NA,NA,NA,NA,Y000,YY00,1,4,2013/8/10,環島東路一段,,金門縣金沙鎮金沙國小前路段,118.4213083,24.4841071,自用 小客車∕自用 小客車∕自用 小客車,小客車自用∕小客車自用∕小客車自用,24∕41∕26,,AC*****0代號1627∕07****X代號1628∕UO****5代號1629,,,,,,,,,本國∕本國∕本國
10208,10208Y00020015,YYA1,10208YY000020,2013,8,11,15,46,金門縣,金沙鎮,光前里,NA,環島東路,二,,NA,,,,,,玉章路路口,NA,NA,NA,NA,NA,NA,NA,NA,NA,0,1,0,晴,日間自然光線,村里道路,60,三岔路,交岔路口內,柏油,乾燥,無缺陷,無障礙物,良好,無號誌,無號誌,無分向設施,未繪設車道線,未繪設快慢車道分隔線,有,側撞,迴轉未依規定,Y000,YY00,1,2,2013/8/11,環島東路二段,,金門縣金沙鎮光前里玉章路路口,118.4328094,24.4713308,普通重型 機車∕自用 大貨車∕,機車普通重型∕大貨車自用∕,19∕28∕,受傷∕未受傷∕,PZ****9代號1630∕89***U代號1631∕,其他∕其他∕,有適當之駕照∕有適當之駕照∕,經檢測無酒精反應∕經檢測無酒精反應∕,機車左側車身∕汽車前車頭∕,迴轉未依規定∕未保持行車安全距離∕,迴轉未依規定∕迴轉未依規定∕,其他∕汽車、火車駕駛員及船員∕,其他∕運輸∕,本國∕本國∕
10208,10208Y00020017,YYA1,10208YY000022,2013,8,12,14,31,金門縣,金湖鎮,新市里,NA,中正路,,,NA,,,,,,77號前路口,NA,NA,NA,NA,NA,NA,NA,NA,NA,0,1,0,晴,日間自然光線,村里道路,40,四岔路,交岔路口內,柏油,乾燥,無缺陷,無障礙物,建築物,無號誌,無號誌,無分向設施,未繪設車道線,未繪設快慢車道分隔線,有,路口交岔撞,未依規定讓車,Y000,YY00,1,2,2013/8/12,中正路,,金門縣金湖鎮新市里77號前路口,118.4156249,24.4409009,普通重型 機車∕自用 小客車∕,機車普通重型∕小客車自用∕,76∕32∕,受傷∕未受傷∕,75****E代號1632∕18****V代號1633∕,其他∕其他∕,有適當之駕照∕有適當之駕照∕,經檢測無酒精反應∕經檢測無酒精反應∕,機車右側車身∕汽車前車頭∕,未依規定讓車∕未依規定減速∕,未依規定讓車∕未依規定讓車∕,無業者∕其他∕,購物∕其他∕,本國∕本國∕
10208,10208Y00020018,YYA1,10208YY000023,2013,8,12,15,34,金門縣,金湖鎮,山外里,NA,,,,NA,,,,,,黃海路南機路路口,NA,NA,NA,NA,NA,NA,NA,NA,NA,0,1,0,晴,日間自然光線,村里道路,60,三岔路,交岔路口內,柏油,乾燥,無缺陷,無障礙物,良好,無號誌,無號誌,無分向設施,未繪設車道線,未繪設快慢車道分隔線,有,路上翻車、摔倒,左轉彎未依規定,Y000,YY00,1,2,2013/8/12,金門縣金湖鎮山外里黃海路南機路路口,,金門縣金湖鎮山外里黃海路南機路路口,118.43907,24.4451895,普通重型 機車∕ ∕,機車普通重型,58∕0∕,受傷,PZ****8代號1634,其他,駕照被吊（註）銷,經檢測無酒精反應,機車左側車身,左轉彎未依規定∕尚未發現肇事因素∕,左轉彎未依規定∕左轉彎未依規定∕,其他,其他,本國∕本國∕
10208,10208Y00020019,YYA1,10208YY000024,2013,8,13,11,45,金門縣,金湖鎮,,NA,金港路,,,NA,,,,,,媽祖公園路口,NA,NA,NA,NA,NA,NA,NA,NA,NA,0,2,0,晴,日間自然光線,村里道路,40,四岔路,交岔路口內,柏油,乾燥,無缺陷,無障礙物,良好,無號誌,無號誌,無分向設施,未繪設車道線,未繪設快慢車道分隔線,有,路口交岔撞,未依規定讓車,Y000,YY00,1,2,2013/8/13,金港路,,金門縣金湖鎮媽祖公園路口,118.4341546,24.4172342,普通重型 機車∕營業用 小貨車(含客、貨兩用)∕乘客 人,機車普通重型∕小貨車營業用∕乘客,20∕33∕21,受傷∕未受傷∕受傷,M9****0代號1635∕02***R代號1636∕M9****0代號1635,其他∕其他∕其他,有適當之駕照∕有適當之駕照∕非汽（機）車駕駛人,經檢測無酒精反應∕經檢測無酒精反應∕非駕駛人，未檢測,機車前車頭∕汽車左側車身∕不明,未依規定讓車∕未依規定減速∕尚未發現肇事因素,未依規定讓車∕未依規定讓車∕未依規定讓車,大學（研究）生∕汽車、火車駕駛員及船員∕大學（研究）生,觀光旅遊∕運輸∕觀光旅遊,本國∕本國∕本國
10208,,YYA1,10208YY000025,2013,8,13,22,39,金門縣,金湖鎮,,NA,黃海路,,,NA,,,,,,公車站,NA,NA,NA,NA,NA,NA,NA,NA,NA,0,0,0,NA,NA,NA,0,NA,NA,NA,NA,NA,NA,NA,NA,NA,NA,NA,NA,NA,NA,NA,Y000,YY00,1,4,2013/8/13,黃海路,,金門縣金湖鎮公車站,118.4256931,24.452032,自用 小客車∕自用 小客車∕,小客車自用∕小客車自用∕,25∕32∕,,20****S代號1135∕00****V代號1637∕,,,,,,,,,本國∕本國∕
10208,,YYA1,10208YY000026,2013,8,14,7,50,金門縣,金沙鎮,,NA,,,,NA,,,,,,忠孝新村53號旁巷口,NA,NA,NA,NA,NA,NA,NA,NA,NA,0,0,0,NA,NA,NA,0,NA,NA,NA,NA,NA,NA,NA,NA,NA,NA,NA,NA,NA,NA,NA,Y000,YY00,1,4,2013/8/14,金門縣金沙鎮忠孝新村53號旁巷口,,金門縣金沙鎮忠孝新村53號旁巷口,118.413013,24.493643,自用 小貨車(含客、貨兩用)∕自用 小客車∕,小貨車自用∕小客車自用∕,55∕47∕,,03****F代號1638∕10****S代號1639∕,,,,,,,,,本國∕本國∕
10208,,YYA1,10208YY000029,2013,8,17,16,30,金門縣,金湖鎮,,NA,士校路,,,NA,1,,,,東,,NA,NA,NA,NA,NA,NA,NA,NA,NA,0,0,0,NA,NA,NA,0,NA,NA,NA,NA,NA,NA,NA,NA,NA,NA,NA,NA,NA,NA,NA,Y000,YY00,1,4,2013/8/17,士校路1號,,金門縣金湖鎮,118.4271704,24.4453138,自用 小客車∕普通重型 機車∕,小客車自用∕機車普通重型∕,29∕26∕,,6F****0代號1640∕17****U代號1641∕,,,,,,,,,本國∕本國∕
10208,10208Y00020021,YYA1,10208YY000030,2013,8,18,17,40,金門縣,金湖鎮,,NA,市港路,,,NA,,,,,,武德新莊第二路口,NA,NA,NA,NA,NA,NA,NA,NA,NA,0,1,0,晴,日間自然光線,村里道路,50,三岔路,交岔路口內,柏油,乾燥,無缺陷,無障礙物,良好,無號誌,無號誌,無分向設施,未繪設車道線,快慢車道分隔線,有,側撞,左轉彎未依規定,Y000,YY00,1,2,2013/8/18,市港路,,金門縣金湖鎮武德新莊第二路口,118.4099121,24.4348324,普通重型 機車∕自用 小客車∕,機車普通重型∕小客車自用∕,61∕46∕,受傷∕未受傷∕,PZ****0代號1642∕DC****8代號1643∕,其他∕其他∕,有適當之駕照∕有適當之駕照∕,經檢測無酒精反應∕經檢測無酒精反應∕,機車左側車身∕汽車右後車尾（身）∕,左轉彎未依規定∕未注意車前狀態∕,左轉彎未依規定∕左轉彎未依規定∕,農林漁牧工作者∕服務工作者∕,購物∕其他∕,本國∕本國∕
10208,10208Y00020023,YYA1,10208YY000031,2013,8,19,7,45,金門縣,金湖鎮,,NA,伯玉路,三,,NA,,,,,,永群畜牧所路口處,NA,NA,NA,NA,NA,NA,NA,NA,NA,0,1,0,晴,日間自然光線,村里道路,70,三岔路,交岔路口內,柏油,乾燥,無缺陷,無障礙物,良好,無號誌,無號誌,無標記,未繪設車道線,快慢車道分隔線,有,追撞,右轉彎未依規定,Y000,YY00,1,2,2013/8/19,伯玉路三段,,金門縣金湖鎮永群畜牧所路口處,118.3646755,24.4460136,自用 小客車∕普通重型 機車∕,小客車自用∕機車普通重型∕,47∕28∕,未受傷∕受傷∕,WY****6代號1644∕71****T代號1645∕,其他∕其他∕,有適當之駕照∕有適當之駕照∕,經檢測無酒精反應∕經檢測無酒精反應∕,汽車後車尾∕機車前車頭∕,右轉彎未依規定∕未保持行車安全距離∕,右轉彎未依規定∕右轉彎未依規定∕,汽車、火車駕駛員及船員∕其他∕,其他∕上、下班∕,本國∕本國∕
10208,,YYA1,10208YY000035,2013,8,20,11,37,金門縣,金湖鎮,,NA,經武路,,,NA,,,瓊徑路,,,,NA,NA,NA,NA,NA,NA,NA,NA,NA,0,0,0,NA,NA,NA,0,NA,NA,NA,NA,NA,NA,NA,NA,NA,NA,NA,NA,NA,NA,NA,Y000,YY00,1,4,2013/8/20,經武路,瓊徑路,,118.3880485,24.44342822,計程車 小客車∕自用 小客車∕,小客車計程車∕小客車自用∕,56∕27∕,,02***X代號1646∕WY****7代號1647∕,,,,,,,,,本國∕本國∕
10208,10208Y00020025,YYA1,10208YY000037,2013,8,23,8,8,金門縣,金沙鎮,,NA,環島東路,一,,NA,,,,,,金莎大賣場前路口,NA,NA,NA,NA,NA,NA,NA,NA,NA,0,1,0,陰,日間自然光線,村里道路,40,三岔路,交岔路口內,柏油,乾燥,無缺陷,無障礙物,樹木、農作物,無號誌,無號誌,無分向設施,未繪設車道線,未繪設快慢車道分隔線,有,側撞,未依規定讓車,Y000,YY00,1,2,2013/8/23,環島東路一段,,金門縣金沙鎮金莎大賣場前路口,118.4213083,24.4841071,計程車 小客車∕普通重型 機車∕,小客車計程車∕機車普通重型∕,33∕51∕,未受傷∕受傷∕,12***5代號1197∕63****J代號1648∕,其他∕其他∕,有適當之駕照∕有適當之駕照∕,經檢測無酒精反應∕經檢測無酒精反應∕,汽車左前車頭（身）∕機車前車頭∕,未依規定讓車∕未依規定減速∕,未依規定讓車∕未依規定讓車∕,汽車、火車駕駛員及船員∕事務工作者∕,運輸∕上、下班∕,本國∕本國∕
10208,,YYA1,10208YY000038,2013,8,23,18,25,金門縣,金湖鎮,正義里,NA,環島南路,四,,NA,,,,,,夏興候車亭前往湖前方向,NA,NA,NA,NA,NA,NA,NA,NA,NA,0,1,0,雨,日間自然光線,村里道路,50,直路,慢車道,柏油,濕潤,無缺陷,無障礙物,良好,無號誌,無號誌,無標記,未繪設車道線,快慢車道分隔線,有,側撞,未依規定讓車,Y000,YY00,3,2,2013/8/23,環島南路四段,,金門縣金湖鎮正義里夏興候車亭前往湖前方向,118.40101,24.438041,自用 小客車∕普通重型 機車∕,小客車自用∕機車普通重型∕,24∕27∕,未受傷∕受傷∕,6F****8代號1649∕03****E代號1650∕,其他∕其他∕,有適當之駕照∕有適當之駕照∕,無法檢測∕無法檢測∕,不明∕機車右側車身∕,未依規定讓車∕未注意車前狀態∕,未依規定讓車∕未依規定讓車∕,保安工作者（不含警察人員）∕服務工作者∕,其他∕上、下班∕,本國∕本國∕
10208,10208Y00020045,YYA1,10208YY000039,2013,8,24,14,56,金門縣,金沙鎮,,NA,,,,NA,,,,,,高坑村莊往高陽路路段01956路燈前,NA,NA,NA,NA,NA,NA,NA,NA,NA,0,2,0,晴,日間自然光線,村里道路,40,三岔路,交岔口附近,柏油,乾燥,無缺陷,無障礙物,良好,無號誌,無號誌,無分向設施,未繪設車道線,未繪設快慢車道分隔線,有,衝出路外,未依規定減速,Y000,YY00,1,2,2013/8/24,金門縣金沙鎮高坑村莊往高陽路路段01956路燈前,,金門縣金沙鎮高坑村莊往高陽路路段01956路燈前,118.4078483,24.4727311,普通重型 機車∕ ∕乘客 人,機車普通重型乘客,68∕0∕8,受傷受傷,CX****0代號1651CX****0代號1651,其他其他,有適當之駕照非汽（機）車駕駛人,經檢測無酒精反應非駕駛人，未檢測,機車右側車身非汽（機）車,未依規定減速∕尚未發現肇事因素∕尚未發現肇事因素,未依規定減速∕未依規定減速∕未依規定減速,家庭主婦（夫）其他,其他其他,本國∕本國∕本國
10208,10208Y00020029,YYA1,10208YY000044,2013,8,25,9,0,金門縣,金湖鎮,,NA,市港路,,,NA,,,,,,湖前路口,NA,NA,NA,NA,NA,NA,NA,NA,NA,0,1,0,晴,日間自然光線,村里道路,50,四岔路,交岔口附近,柏油,乾燥,無缺陷,無障礙物,良好,行車管制號誌,正常,無分向設施,未繪設車道線,未繪設快慢車道分隔線,有,其他,未依規定讓車,Y000,YY00,1,2,2013/8/25,市港路,,金門縣金湖鎮湖前路口,118.4099121,24.4348324,自用 小客車∕普通輕型 機車∕,小客車自用∕機車普通輕型∕,66∕56∕,未受傷∕受傷∕,WY****1代號1652∕WZ****1代號1653∕,其他∕其他∕,有適當之駕照∕有適當之駕照∕,經檢測無酒精反應∕經檢測無酒精反應∕,汽車右後車尾（身）∕機車後車尾∕,未依規定讓車∕未注意車前狀態∕,未依規定讓車∕未依規定讓車∕,無業者∕家庭主婦（夫）∕,購物∕購物∕,本國∕本國∕
10208,10208Y00020035,YYA1,10208YY000046,2013,8,27,11,42,金門縣,金湖鎮,,NA,,,,NA,,,,,,海夜城餐廳旁路口,NA,NA,NA,NA,NA,NA,NA,NA,NA,0,1,0,晴,日間自然光線,村里道路,50,直路,一般車道（未劃分快慢車道）,柏油,乾燥,無缺陷,無障礙物,彎道,無號誌,無號誌,無分向設施,未繪設車道線,未繪設快慢車道分隔線,有,對撞,未靠右行駛,Y000,YY00,1,2,2013/8/27,金門縣金湖鎮海夜城餐廳旁路口,,金門縣金湖鎮海夜城餐廳旁路口,118.4279933,24.4376913,自用 小客車∕普通重型 機車∕,小客車自用∕機車普通重型∕,35∕48∕,未受傷∕受傷∕,WY****2代號1654∕81****V代號1655∕,其他∕其他∕,有適當之駕照∕有適當之駕照∕,經檢測無酒精反應∕經檢測無酒精反應∕,汽車左前車頭（身）∕機車前車頭∕,未靠右行駛∕尚未發現肇事因素∕,未靠右行駛∕未靠右行駛∕,服務工作者∕服務工作者∕,其他∕購物∕,本國∕本國∕
10208,10208Y00020037,YYA1,10208YY000051,2013,8,27,17,50,金門縣,金湖鎮,,NA,市港路,,,NA,,,,,,往金湖聯之路口,NA,NA,NA,NA,NA,NA,NA,NA,NA,0,1,0,晴,日間自然光線,村里道路,60,四岔路,交岔路口內,柏油,乾燥,無缺陷,無障礙物,良好,無號誌,無號誌,無分向設施,未繪設車道線,未繪設快慢車道分隔線,有,路口交岔撞,未依規定讓車,Y000,YY00,1,2,2013/8/27,市港路,,金門縣金湖鎮往金湖聯之路口,118.4099121,24.4348324,自用 小貨車(含客、貨兩用)∕普通重型 機車∕,小貨車自用∕機車普通重型∕,37∕36∕,未受傷∕受傷∕,AA*****0代號1656∕51****B代號1657∕,其他∕其他∕,有適當之駕照∕有適當之駕照∕,經檢測無酒精反應∕經檢測無酒精反應∕,汽車左前車頭（身）∕機車前車頭∕,未依規定讓車∕未依規定減速∕,未依規定讓車∕未依規定讓車∕,服務工作者∕服務工作者∕,運輸∕購物∕,本國∕本國∕
10208,,YYA1,10208YY000055,2013,8,29,3,50,金門縣,金湖鎮,溪湖里,NA,環島東路,五,,NA,,,,,,0398路燈金溪橋頭,NA,NA,NA,NA,NA,NA,NA,NA,NA,0,0,0,晴,夜間（或隧道、地下道、涵洞）有照明,村里道路,60,直路,一般車道（未劃分快慢車道）,柏油,乾燥,無缺陷,無障礙物,良好,無號誌,無號誌,無標記,未繪設車道線,未繪設快慢車道分隔線,有,撞橋樑、建築物,未注意車前狀態,Y000,YY00,1,4,2013/8/29,環島東路五段,,金門縣金湖鎮溪湖里0398路燈金溪橋頭,118.446814,24.4338343,自用 小貨車(含客、貨兩用)∕ ∕,小貨車自用,43∕0∕,未受傷,6F****6代號1658,其他,有適當之駕照,經檢測無酒精反應,汽車右前車頭（身）,未注意車前狀態∕尚未發現肇事因素∕,未注意車前狀態∕未注意車前狀態∕,其他,其他,本國∕本國∕
10208,10208Y00020040,YYA1,10208YY000058,2013,8,30,20,36,金門縣,金湖鎮,新市里,NA,黃海路,,,NA,,,,,,新市圓環內,NA,NA,NA,NA,NA,NA,NA,NA,NA,0,1,0,雨,夜間（或隧道、地下道、涵洞）有照明,村里道路,50,圓環,一般車道（未劃分快慢車道）,柏油,濕潤,無缺陷,無障礙物,良好,閃光號誌,正常,無分向設施,車道線（無標記）,未繪設快慢車道分隔線,有,其他,未依規定讓車,Y000,YY00,1,2,2013/8/30,黃海路,,金門縣金湖鎮新市里新市圓環內,118.4256931,24.452032,普通重型 機車∕自用 小客車∕,機車普通重型∕小客車自用∕,44∕51∕,受傷∕未受傷∕,AA*****0代號1659∕CE****8代號1660∕,其他∕其他∕,有適當之駕照∕有適當之駕照∕,經檢測無酒精反應∕經檢測無酒精反應∕,機車前車頭∕汽車右前車頭（身）∕,未依規定讓車∕未注意車前狀態∕,未依規定讓車∕未依規定讓車∕,其他∕其他∕,其他∕其他∕,本國∕本國∕
10208,10208Y00030004,YYA1,10208YY000061,2013,8,31,1,30,金門縣,金沙鎮,,NA,,,,NA,,,,,,后水頭往蔡店01670號路燈桿路段,NA,NA,NA,NA,NA,NA,NA,NA,NA,0,0,0,雨,夜間（或隧道、地下道、涵洞）無照明,村里道路,40,彎曲路及附近,一般車道（未劃分快慢車道）,柏油,濕潤,無缺陷,無障礙物,彎道,無號誌,無號誌,無標記,未繪設車道線,未繪設快慢車道分隔線,有,撞路樹、電桿,未依規定減速,Y000,YY00,1,3,2013/8/31,金門縣金沙鎮后水頭往蔡店01670號路燈桿路段,,金門縣金沙鎮后水頭往蔡店01670號路燈桿路段,118.4137179,24.4821177,自用 小客車∕ ∕,小客車自用,40∕0∕,未受傷,74****F代號1661,其他,有適當之駕照,不明,汽車前車頭,未依規定減速∕尚未發現肇事因素∕,未依規定減速∕未依規定減速∕,技術工,社交活動,本國∕本國∕
10208,,YYA1,10208YY000062,2013,8,29,8,40,金門縣,金湖鎮,,NA,,,,NA,,,伯玉路,四,,開瑄國小路口,NA,NA,NA,NA,NA,NA,NA,NA,NA,0,0,0,晴,日間自然光線,村里道路,70,三岔路,交岔路口內,柏油,乾燥,無缺陷,無障礙物,良好,行車管制號誌,正常,無分向設施,未繪設車道線,未繪設快慢車道分隔線,有,側撞,右轉彎未依規定,Y000,YY00,1,4,2013/8/29,金門縣金湖鎮開瑄國小路口,伯玉路四段,,118.377064,24.446789,自用 小客車∕普通重型 機車∕,小客車自用∕機車普通重型∕,49∕37∕,未受傷∕未受傷∕,94****W代號1662∕BM****7代號1663∕,其他∕其他∕,有適當之駕照∕有適當之駕照∕,經檢測無酒精反應∕經檢測無酒精反應∕,汽車右側車身∕機車前車頭∕,右轉彎未依規定∕未注意車前狀態∕,右轉彎未依規定∕右轉彎未依規定∕,其他∕其他∕,其他∕其他∕,本國∕本國∕
10208,,YYA1,10208YY000063,2013,8,18,14,2,金門縣,金沙鎮,三山里,NA,光華路,一,,NA,,,,,,山后民俗村前路段,NA,NA,NA,NA,NA,NA,NA,NA,NA,0,0,0,晴,日間自然光線,村里道路,50,直路,一般車道（未劃分快慢車道）,柏油,乾燥,無缺陷,無障礙物,良好,無號誌,無號誌,無標記,未繪設車道線,未繪設快慢車道分隔線,有,撞路樹、電桿,倒車未依規定,Y000,YY00,3,3,2013/8/18,光華路一段,,金門縣金沙鎮三山里山后民俗村前路段,118.428921,24.4909929,遊覽車 大客車∕ ∕,遊覽車,52∕0∕,未受傷,17***K代號1664,其他,有適當之駕照,不明,汽車後車尾,倒車未依規定∕尚未發現肇事因素∕,倒車未依規定∕倒車未依規定∕,汽車、火車駕駛員及船員,運輸,本國∕本國∕
10208,10208Y00020002,YZA1,10208YZ000002,2013,8,1,8,48,金門縣,金城鎮,,NA,,,,NA,,,,,,延平路後豐港路口,NA,NA,NA,NA,NA,NA,NA,NA,NA,0,1,0,晴,日間自然光線,鄉道,40,四岔路,交岔路口內,柏油,乾燥,無缺陷,無障礙物,良好,無號誌,無號誌,無分向設施,未繪設車道線,未繪設快慢車道分隔線,有,路口交岔撞,未依規定讓車,Y000,YZ00,1,2,2013/8/1,金門縣金城鎮延平路後豐港路口,,金門縣金城鎮延平路後豐港路口,118.304405,24.424809,自用 小客車∕普通重型 機車∕,小客車自用∕機車普通重型∕,24∕32∕,未受傷∕受傷∕,6F****8代號1665∕01****K代號1666∕,其他∕其他∕,有適當之駕照∕有適當之駕照∕,經檢測無酒精反應∕經檢測無酒精反應∕,汽車左側車身∕機車前車頭∕,未依規定讓車∕未依規定減速∕,未依規定讓車∕未依規定讓車∕,技術員及助理人員∕技術工∕,上、下班∕上、下班∕,本國∕本國∕
10208,10208Y00020001,YZA1,10208YZ000003,2013,8,1,8,0,金門縣,金城鎮,,NA,民權路,,,NA,,,莒光路,,,,NA,NA,NA,NA,NA,NA,NA,NA,NA,0,3,0,晴,日間自然光線,縣道,40,三岔路,交岔路口內,柏油,乾燥,無缺陷,無障礙物,良好,無號誌,無號誌,無分向設施,未繪設車道線,未繪設快慢車道分隔線,有,側撞,未保持行車安全距離,Y000,YZ00,1,2,2013/8/1,民權路,莒光路,,118.3156202,24.43419458,普通重型 機車∕普通重型 機車∕乘客 人,機車普通重型∕機車普通重型∕乘客,39∕75∕64,受傷∕受傷∕受傷,PZ****2代號1667∕26****E代號1668∕26****E代號1668,其他∕其他∕其他,有適當之駕照∕有適當之駕照∕非汽（機）車駕駛人,經檢測無酒精反應∕經檢測無酒精反應∕非駕駛人，未檢測,機車前車頭∕機車左側車身∕非汽（機）車,未保持行車安全距離∕尚未發現肇事因素∕尚未發現肇事因素,未保持行車安全距離∕未保持行車安全距離∕未保持行車安全距離,事務工作者∕無業者∕無業者,上、下班∕購物∕購物,本國∕本國∕本國
10208,10208Y00020003,YZA1,10208YZ000005,2013,8,2,8,15,金門縣,金寧鄉,后盤村,NA,伯玉路,二,,NA,,,,,,后盤山路口,NA,NA,NA,NA,NA,NA,NA,NA,NA,0,1,0,陰,日間自然光線,鄉道,60,三岔路,交岔路口內,柏油,濕潤,無缺陷,無障礙物,良好,閃光號誌,無動作,附標記,未繪設車道線,未繪設快慢車道分隔線,有,側撞,右轉彎未依規定,Y000,YZ00,1,2,2013/8/2,伯玉路二段,,金門縣金寧鄉后盤村后盤山路口,118.3416148,24.4414563,自用 小客車∕普通重型 機車∕,小客車自用∕機車普通重型∕,27∕20∕,未受傷∕受傷∕,02****7代號1669∕89****C代號1670∕,其他∕其他∕,有適當之駕照∕有適當之駕照∕,經檢測無酒精反應∕經檢測無酒精反應∕,汽車右側車身∕機車前車頭∕,右轉彎未依規定∕尚未發現肇事因素∕,右轉彎未依規定∕右轉彎未依規定∕,技術員及助理人員∕大學（研究）生∕,社交活動∕上、下班∕,本國∕本國∕
10208,10208Y00020004,YZA1,10208YZ000006,2013,8,3,9,0,金門縣,金寧鄉,,NA,,,,NA,,,,,,南山1之2號前,NA,NA,NA,NA,NA,NA,NA,NA,NA,0,1,0,晴,日間自然光線,村里道路,30,直路,一般車道（未劃分快慢車道）,其他鋪裝,乾燥,無缺陷,無障礙物,良好,無號誌,無號誌,無分向設施,未繪設車道線,未繪設快慢車道分隔線,無,撞護欄（樁）,未注意車前狀態,Y000,YZ00,1,2,2013/8/3,金門縣金寧鄉南山1之2號前,,金門縣金寧鄉南山1之2號前,118.307432,24.4785262,自用 小客車∕ ∕,小客車自用,36∕0∕,受傷,10****V代號1671,其他,有適當之駕照,經檢測無酒精反應,汽車左前車頭（身）,未注意車前狀態∕尚未發現肇事因素∕,未注意車前狀態∕未注意車前狀態∕,技術工,上、下班,本國∕本國∕