年月,總編號,處理單位,處理編號,年,月,日,時,分,縣市,區,村里,鄰,街道,段,巷,弄,號,公尺處,街道.1,段.1,側,附近,道路,公里,公尺處.1,向,車道,平交道,公里.1,公尺處.2,附近.1,死,受傷,X2.30,天候,光線,道路類別,速限,道路型態,事故位置,路面鋪裝,路面狀態,路面缺陷,障礙物,視距,號誌種類,號誌動作,分向設施,快車道或一般車道間,快慢車道間,路面邊線,事故類型及型態,主要肇因,警局,分局,案件類別,事故類別,日期,道路1,道路2,概略位置,lon,lat,車種,當事者區分.類別.,年齡,受傷程度,車輛牌照號碼,車輛用途,駕駛資格情形,飲酒情形,車輛撞擊部位最初,肇事因素個別,肇事因素主要,職.業,旅次目的,國籍
10208,10208Y00020005,YZA1,10208YZ000008,2013,8,5,17,45,金門縣,金城鎮,,NA,中興路,,,NA,200-1,,,,,,NA,NA,NA,NA,NA,NA,NA,NA,NA,0,1,0,晴,日間自然光線,村里道路,50,直路,一般車道（未劃分快慢車道）,柏油,乾燥,無缺陷,無障礙物,良好,無號誌,無號誌,無標記,未繪設車道線,未繪設快慢車道分隔線,有,其他,起步未注意其他車（人）安全,Y000,YZ00,1,2,2013/8/5,中興路200-1號,,金門縣金城鎮,118.3208664,24.4344893,自用 小貨車(含客、貨兩用)∕普通重型 機車∕,小貨車自用∕機車普通重型∕,53∕59∕,未受傷∕受傷∕,6F****8代號1672∕75****C代號1673∕,其他∕其他∕,有適當之駕照∕有適當之駕照∕,經呼氣檢測0.26至0.40mg∕L或血液檢測0.051至0.08∕經檢測無酒精反應∕,汽車左側車身∕機車前車頭∕,起步未注意其他車（人）安全∕尚未發現肇事因素∕,起步未注意其他車（人）安全∕起步未注意其他車（人）安全∕,專業人員∕家庭主婦（夫）∕,上、下班∕不明∕,本國∕本國∕
10208,10208Y00020006,YZA1,10208YZ000009,2013,8,6,14,42,金門縣,金城鎮,,NA,中興路,,146,NA,9,,,,,,NA,NA,NA,NA,NA,NA,NA,NA,NA,0,1,0,晴,日間自然光線,村里道路,30,三岔路,交岔口附近,柏油,乾燥,無缺陷,路上有停車,良好,無號誌,無號誌,無標記,未繪設車道線,未繪設快慢車道分隔線,有,側撞,未依規定讓車,Y000,YZ00,1,2,2013/8/6,中興路146巷9號,,金門縣金城鎮,118.3194082,24.4335168,自用 小貨車(含客、貨兩用)∕普通重型 機車∕,小貨車自用∕機車普通重型∕,29∕37∕,未受傷∕受傷∕,6F****7代號1674∕41****A代號1675∕,其他∕其他∕,有適當之駕照∕有適當之駕照∕,經檢測無酒精反應∕經檢測無酒精反應∕,汽車左前車頭（身）∕機車右側車身∕,未依規定讓車∕未依規定減速∕,未依規定讓車∕未依規定讓車∕,其他∕服務工作者∕,其他∕業務聯繫∕,本國∕本國∕
10208,10208Y00020007,YZA1,10208YZ000010,2013,8,6,18,42,金門縣,金城鎮,,NA,環島北路,,38,NA,11,路口,,,,,NA,NA,NA,NA,NA,NA,NA,NA,NA,0,2,0,晴,晨或暮光,村里道路,40,四岔路,交岔路口內,柏油,乾燥,無缺陷,無障礙物,樹木、農作物,無號誌,無號誌,無分向設施,未繪設車道線,未繪設快慢車道分隔線,有,路口交岔撞,未依規定讓車,Y000,YZ00,1,2,2013/8/6,環島北路38巷11號,,金門縣金城鎮,118.322662,24.441264,普通重型 機車∕自用 小客車∕乘客 人,機車普通重型∕小客車自用∕乘客,27∕20∕28,受傷∕未受傷∕受傷,00****W代號1676∕07****X代號1677∕00****W代號1676,其他∕其他∕其他,有適當之駕照∕有適當之駕照∕非汽（機）車駕駛人,經檢測無酒精反應∕經檢測無酒精反應∕非駕駛人，未檢測,機車前車頭∕汽車左側車身∕非汽（機）車,未依規定讓車∕未依規定減速∕尚未發現肇事因素,未依規定讓車∕未依規定讓車∕未依規定讓車,不明∕不明∕不明,不明∕不明∕不明,本國∕本國∕本國
10208,10208Y00020008,YZA1,10208YZ000011,2013,8,7,10,0,金門縣,烈嶼鄉,,NA,,,,NA,,,,,,后井往雙口產業道路上第1支路燈桿前,NA,NA,NA,NA,NA,NA,NA,NA,NA,0,2,0,晴,日間自然光線,村里道路,50,彎曲路及附近,一般車道（未劃分快慢車道）,柏油,乾燥,無缺陷,無障礙物,良好,無號誌,無號誌,無標記,未繪設車道線,未繪設快慢車道分隔線,有,路上翻車、摔倒,未依規定減速,Y000,YZ00,NA,NA,2013/8/7,金門縣烈嶼鄉后井往雙口產業道路上第1支路燈桿前,,金門縣烈嶼鄉后井往雙口產業道路上第1支路燈桿前,118.2425,24.430889,普通重型 機車∕ ∕乘客 人,機車普通重型乘客,52∕0∕19,受傷受傷,38****V代號167838****V代號1678,其他其他,有適當之駕照非汽（機）車駕駛人,經檢測無酒精反應非駕駛人，未檢測,機車左側車身非汽（機）車,未依規定減速∕尚未發現肇事因素∕尚未發現肇事因素,未依規定減速∕未依規定減速∕未依規定減速,不明不明,觀光旅遊觀光旅遊,非本國∕本國∕非本國
10208,10208Y00020010,YZA1,10208YZ000012,2013,8,8,17,40,金門縣,金寧鄉,榜林村,NA,伯玉路,一,,NA,,,,,,榜林圓環,NA,NA,NA,NA,NA,NA,NA,NA,NA,0,2,0,晴,日間自然光線,縣道,50,圓環,一般車道（未劃分快慢車道）,柏油,乾燥,無缺陷,無障礙物,良好,無號誌,無號誌,無分向設施,車道線（無標記）,未繪設快慢車道分隔線,有,其他,未注意車前狀態,Y000,YZ00,1,2,2013/8/8,伯玉路一段,,金門縣金寧鄉榜林村榜林圓環,118.3267756,24.4346914,自用 小客車∕普通重型 機車∕乘客 人,小客車自用∕機車普通重型∕乘客,35∕19∕19,未受傷∕受傷∕受傷,02****7代號1679∕38****G代號1680∕38****G代號1680,其他∕其他∕其他,有適當之駕照∕有適當之駕照∕非汽（機）車駕駛人,經檢測無酒精反應∕經檢測無酒精反應∕非駕駛人，未檢測,汽車右前車頭（身）∕機車左側車身∕非汽（機）車,未注意車前狀態∕未依規定讓車∕尚未發現肇事因素,未注意車前狀態∕未注意車前狀態∕未注意車前狀態,事務工作者∕服務工作者∕服務工作者,上、下班∕其他∕其他,本國∕本國∕本國
10208,10208Y00020009,YZA1,10208YZ000013,2013,8,8,17,15,金門縣,金寧鄉,,NA,林堡路,,,NA,,,,,,福寓宮前路段,NA,NA,NA,NA,NA,NA,NA,NA,NA,0,2,0,晴,日間自然光線,鄉道,40,三岔路,交岔口附近,柏油,乾燥,無缺陷,無障礙物,良好,無號誌,無號誌,無標記,未繪設車道線,未繪設快慢車道分隔線,有,穿越道路中,未注意車前狀態,Y000,YZ00,1,2,2013/8/8,林堡路,,金門縣金寧鄉福寓宮前路段,118.3345146,24.4434579,普通重型 機車∕行人 人∕乘客 人,機車普通重型∕行人∕乘客,19∕0∕19,受傷∕受傷∕未受傷,38****G代號168038****G代號1680,其他∕非駕駛人及乘客∕其他,有適當之駕照∕非汽（機）車駕駛人∕非汽（機）車駕駛人,經檢測無酒精反應∕非駕駛人，未檢測∕非駕駛人，未檢測,機車右側車身∕非汽（機）車∕非汽（機）車,未注意車前狀態∕尚未發現肇事因素∕尚未發現肇事因素,未注意車前狀態∕未注意車前狀態∕未注意車前狀態,服務工作者∕無業者∕服務工作者,其他∕其他∕其他,本國∕本國∕本國
10208,10208Y00020012,YZA1,10208YZ000014,2013,8,9,4,25,金門縣,金寧鄉,盤山村,NA,盤果路,,,NA,,,,,,00411號路燈桿前路段,NA,NA,NA,NA,NA,NA,NA,NA,NA,0,1,0,晴,夜間（或隧道、地下道、涵洞）有照明,鄉道,50,直路,一般車道（未劃分快慢車道）,柏油,乾燥,無缺陷,無障礙物,良好,無號誌,無號誌,無標記,未繪設車道線,未繪設快慢車道分隔線,有,路上翻車、摔倒,未注意車前狀態,Y000,YZ00,1,2,2013/8/9,盤果路,,金門縣金寧鄉盤山村00411號路燈桿前路段,118.3423814,24.4390088,普通重型 機車∕ ∕,機車普通重型,42∕0∕,受傷,15****D代號1681,其他,有適當之駕照,經檢測無酒精反應,機車右側車身,未注意車前狀態∕尚未發現肇事因素∕,未注意車前狀態∕未注意車前狀態∕,技術員及助理人員,上、下班,本國∕本國∕
10208,10208Y00020011,YZA1,10208YZ000015,2013,8,8,19,43,金門縣,金寧鄉,榜林里,NA,伯玉路,一,,NA,228,,,,,,NA,NA,NA,NA,NA,NA,NA,NA,NA,0,2,0,晴,晨或暮光,村里道路,60,直路,一般車道（未劃分快慢車道）,柏油,乾燥,無缺陷,無障礙物,良好,無號誌,無號誌,附標記,未繪設車道線,快慢車道分隔線,有,穿越道路中,未依規定行走行人穿越道、地下道、天橋而穿越道路,Y000,YZ00,1,2,2013/8/8,伯玉路一段228號,,金門縣金寧鄉榜林里,118.3267756,24.4346914,行人 人∕普通重型 機車∕,行人∕機車普通重型∕,48∕21∕,受傷∕受傷∕,∕53****F代號823∕,非駕駛人及乘客∕其他∕,非汽（機）車駕駛人∕有適當之駕照∕,非駕駛人，未檢測∕經檢測無酒精反應∕,非汽（機）車∕機車前車頭∕,未依規定行走行人穿越道、地下道、天橋而穿越道路∕未注意車前狀態∕,未依規定行走行人穿越道、地下道、天橋而穿越道路∕未依規定行走行人穿越道、地下道、天橋而穿越道路∕,不明∕不明∕,其他∕其他∕,本國∕本國∕
10208,10208Y00020013,YZA1,10208YZ000016,2013,8,9,17,50,金門縣,金寧鄉,,NA,頂林路,,,NA,,,,,,中堡路口,NA,NA,NA,NA,NA,NA,NA,NA,NA,0,1,0,晴,日間自然光線,村里道路,50,四岔路,交岔路口內,柏油,乾燥,無缺陷,無障礙物,良好,無號誌,無號誌,無分向設施,未繪設車道線,未繪設快慢車道分隔線,有,路口交岔撞,未依規定讓車,Y000,YZ00,1,2,2013/8/9,頂林路,,金門縣金寧鄉中堡路口,118.3246113,24.4625018,普通重型 機車∕自用 小客車∕,機車普通重型∕小客車自用∕,22∕32∕,受傷∕未受傷∕,92****U代號1682∕6N****5代號1683∕,其他∕其他∕,有適當之駕照∕有適當之駕照∕,經檢測無酒精反應∕經檢測無酒精反應∕,機車右側車身∕汽車左前車頭（身）∕,未依規定讓車∕未依規定減速∕,未依規定讓車∕未依規定讓車∕,不明∕不明∕,其他∕其他∕,本國∕本國∕
10208,10208Y00020014,YZA1,10208YZ000019,2013,8,10,18,30,金門縣,金城鎮,,NA,民生路,,,NA,,,,,,民權路口,NA,NA,NA,NA,NA,NA,NA,NA,NA,0,1,0,晴,日間自然光線,村里道路,50,四岔路,交岔路口內,柏油,乾燥,無缺陷,無障礙物,良好,行車管制號誌,正常,無分向設施,未繪設車道線,未繪設快慢車道分隔線,有,側撞,違規超車,Y000,YZ00,1,2,2013/8/10,民生路,,金門縣金城鎮民權路口,118.3190184,24.43575,普通重型 機車∕自用 小客車∕,機車普通重型∕小客車自用∕,20∕42∕,未受傷∕受傷∕,AA*****6代號1684∕EU****9代號1685∕,其他∕其他∕,有適當之駕照∕有適當之駕照∕,經檢測無酒精反應∕經檢測無酒精反應∕,機車前車頭∕汽車左前車頭（身）∕,違規超車∕未依規定讓車∕,違規超車∕違規超車∕,不明∕不明∕,其他∕其他∕,本國∕本國∕
10208,10208Y00020016,YZA1,10208YZ000021,2013,8,12,7,20,金門縣,金城鎮,西門里,NA,民權路,,,NA,170,,,,,,NA,NA,NA,NA,NA,NA,NA,NA,NA,0,1,0,晴,日間自然光線,村里道路,40,直路,一般車道（未劃分快慢車道）,柏油,乾燥,無缺陷,無障礙物,良好,無號誌,無號誌,附標記,未繪設車道線,快慢車道分隔線,有,側撞,未依規定讓車,Y000,YZ00,1,2,2013/8/12,民權路170號,,金門縣金城鎮西門里,118.318217,24.4369763,自用 小客車∕普通重型 機車∕,小客車自用∕機車普通重型∕,67∕22∕,未受傷∕受傷∕,CS****5代號1686∕17****V代號1190∕,其他∕其他∕,有適當之駕照∕有適當之駕照∕,經檢測無酒精反應∕經檢測無酒精反應∕,汽車左側車身∕機車前車頭∕,未依規定讓車∕尚未發現肇事因素∕,未依規定讓車∕未依規定讓車∕,技術員及助理人員∕技術員及助理人員∕,上、下班∕上、下班∕,本國∕本國∕
10208,10208Y00020020,YZA1,10208YZ000027,2013,8,17,12,20,金門縣,金寧鄉,,NA,瓊安路,,,NA,,,,,,東一點紅路口,NA,NA,NA,NA,NA,NA,NA,NA,NA,0,2,0,晴,日間自然光線,村里道路,50,三岔路,交岔路口內,柏油,乾燥,無缺陷,無障礙物,良好,無號誌,無號誌,無標記,未繪設車道線,未繪設快慢車道分隔線,有,側撞,未依規定讓車,Y000,YZ00,1,2,2013/8/17,瓊安路,,金門縣金寧鄉東一點紅路口,118.343873,24.4603508,自用 小貨車(含客、貨兩用)∕自用 大貨車∕乘客 人,小貨車自用∕大貨車自用∕乘客,18∕32∕45,受傷∕未受傷∕受傷,6F****2代號1687∕VQ***5代號611∕6F****2代號1687,其他∕其他∕其他,有適當之駕照∕有適當之駕照∕非汽（機）車駕駛人,經檢測無酒精反應∕經檢測無酒精反應∕非駕駛人，未檢測,汽車左前車頭（身）∕汽車右前車頭（身）∕非汽（機）車,未依規定讓車∕未依規定減速∕尚未發現肇事因素,未依規定讓車∕未依規定讓車∕未依規定讓車,技術工∕技術工∕技術工,上、下班∕上、下班∕上、下班,本國∕本國∕本國
10208,,YZA1,10208YZ000028,2013,8,17,16,4,金門縣,金寧鄉,,NA,慈湖路,一,,NA,,,,,,同安渡頭路口,NA,NA,NA,NA,NA,NA,NA,NA,NA,0,0,0,晴,NA,NA,40,NA,NA,NA,NA,NA,NA,NA,NA,NA,NA,NA,NA,NA,NA,NA,Y000,YZ00,1,4,2013/8/17,慈湖路一段,,金門縣金寧鄉同安渡頭路口,118.3117387,24.4416084,自用 小貨車(含客、貨兩用)∕自用 小客車∕,小貨車自用∕小客車自用∕,23∕67∕,,ZS****3代號1688∕WI****8代號1689∕,,,,,,,,,本國∕本國∕
10208,10208Y00020022,YZA1,10208YZ000032,2013,8,19,7,43,金門縣,金城鎮,,NA,,,,NA,,,,,,鎮公所後方停車場路口,NA,NA,NA,NA,NA,NA,NA,NA,NA,0,1,0,晴,日間自然光線,村里道路,40,三岔路,交岔路口內,水泥,乾燥,無缺陷,無障礙物,良好,無號誌,無號誌,無分向設施,未繪設車道線,未繪設快慢車道分隔線,無,側撞,未依規定讓車,Y000,YZ00,1,2,2013/8/19,金門縣金城鎮鎮公所後方停車場路口,,金門縣金城鎮鎮公所後方停車場路口,118.3166667,24.4166667,自用 小客車∕普通重型 機車∕,小客車自用∕機車普通重型∕,61∕22∕,未受傷∕受傷∕,WY****0代號1690∕89****J代號1691∕,其他∕其他∕,有適當之駕照∕有適當之駕照∕,經檢測無酒精反應∕經檢測無酒精反應∕,汽車前車頭∕機車右側車身∕,未依規定讓車∕未依規定減速∕,未依規定讓車∕未依規定讓車∕,技術工∕服務工作者∕,上、下班∕上、下班∕,本國∕本國∕
10208,10208Y00030002,YZA1,10208YZ000033,2013,8,19,20,30,金門縣,金城鎮,,NA,中興路,,,NA,,,,,,161巷25號後方,NA,NA,NA,NA,NA,NA,NA,NA,NA,0,0,0,晴,夜間（或隧道、地下道、涵洞）有照明,村里道路,30,直路,一般車道（未劃分快慢車道）,水泥,乾燥,無缺陷,無障礙物,良好,無號誌,無號誌,無分向設施,未繪設車道線,未繪設快慢車道分隔線,無,其他,尚未發現肇事因素,Y000,YZ00,1,3,2013/8/19,中興路,,金門縣金城鎮161巷25號後方,118.3187271,24.4338194,自用 小客車∕ ∕,小客車自用,34∕0∕,未受傷∕未受傷∕,18****S代號1692,其他∕其他∕,有適當之駕照∕不明∕,經觀察未飲酒∕不明∕,汽車後車尾∕不明∕,尚未發現肇事因素∕不明原因肇事∕,尚未發現肇事因素∕尚未發現肇事因素∕,不明∕不明∕,不明∕不明∕,本國∕本國∕
10208,10208Y00020043,YZA1,10208YZ000034,2013,8,20,14,45,金門縣,金城鎮,,NA,民生路,,,NA,15,,,,,,NA,NA,NA,NA,NA,NA,NA,NA,NA,0,2,0,晴,日間自然光線,村里道路,50,直路,一般車道（未劃分快慢車道）,柏油,乾燥,無缺陷,路上有停車,路上停放車輛,無號誌,無號誌,附標記,未繪設車道線,未繪設快慢車道分隔線,有,其他,起步未注意其他車（人）安全,Y000,YZ00,1,2,2013/8/20,民生路15號,,金門縣金城鎮,118.3190184,24.43575,普通重型 機車∕普通重型 機車∕,機車普通重型∕機車普通重型∕,38∕20∕,受傷∕受傷∕,3J****6代號1693∕PM****1代號1694∕,其他∕其他∕,越級駕駛∕有適當之駕照∕,經檢測無酒精反應∕經檢測無酒精反應∕,機車左側車身∕機車前車頭∕,起步未注意其他車（人）安全∕尚未發現肇事因素∕,起步未注意其他車（人）安全∕起步未注意其他車（人）安全∕,家庭主婦（夫）∕不明∕,不明∕不明∕,本國∕本國∕
10208,10208Y00020024,YZA1,10208YZ000036,2013,8,21,16,30,金門縣,金寧鄉,,NA,,,,NA,,,,,,金寶來飯店前路口,NA,NA,NA,NA,NA,NA,NA,NA,NA,0,1,0,晴,日間自然光線,村里道路,40,四岔路,交岔路口內,柏油,乾燥,無缺陷,無障礙物,良好,無號誌,無號誌,無分向設施,未繪設車道線,未繪設快慢車道分隔線,無,路口交岔撞,未依規定讓車,Y000,YZ00,1,2,2013/8/21,金門縣金寧鄉金寶來飯店前路口,,金門縣金寧鄉金寶來飯店前路口,118.312619,24.440298,自用 小客車∕營業用 小貨車(含客、貨兩用)∕,小客車自用∕小貨車營業用∕,25∕28∕,受傷∕未受傷∕,15****S代號1695∕01***R代號1696∕,其他∕其他∕,有適當之駕照∕有適當之駕照∕,經檢測無酒精反應∕經檢測無酒精反應∕,汽車前車頭∕汽車右後車尾（身）∕,未依規定讓車∕未依規定減速∕,未依規定讓車∕未依規定讓車∕,不明∕不明∕,其他∕其他∕,本國∕本國∕
10208,10208Y00020026,YZA1,10208YZ000040,2013,8,24,11,26,金門縣,金寧鄉,,NA,慈湖路,一,,NA,,,,,,全聯福利中心前路段,NA,NA,NA,NA,NA,NA,NA,NA,NA,0,2,0,晴,日間自然光線,村里道路,40,三岔路,交岔路口內,柏油,乾燥,無缺陷,無障礙物,良好,無號誌,無號誌,無分向設施,未繪設車道線,未繪設快慢車道分隔線,有,側撞,未依規定讓車,Y000,YZ00,1,2,2013/8/24,慈湖路一段,,金門縣金寧鄉全聯福利中心前路段,118.3117387,24.4416084,普通重型 機車∕普通重型 機車∕,機車普通重型∕機車普通重型∕,50∕16∕,受傷∕受傷∕,95****E代號1697∕36****A代號1698∕,其他∕其他∕,有適當之駕照∕無照（未達考照年齡）∕,經呼氣檢測超過0.80mg∕L或血液檢測超過0.16∕經檢測無酒精反應∕,機車前車頭∕機車前車頭∕,未依規定讓車∕未依規定減速∕,未依規定讓車∕未依規定讓車∕,家庭主婦（夫）∕高中生∕,其他∕其他∕,本國∕本國∕
10208,10208Y00020028,YZA1,10208YZ000041,2013,8,25,6,31,金門縣,金寧鄉,,NA,桃園路,,,NA,,,盤果路,,,,NA,NA,NA,NA,NA,NA,NA,NA,NA,0,1,0,晴,日間自然光線,村里道路,60,四岔路,交岔路口內,柏油,乾燥,無缺陷,無障礙物,良好,行車管制號誌,正常,無分向設施,未繪設車道線,未繪設快慢車道分隔線,有,路口交岔撞,未依規定讓車,Y000,YZ00,1,2,2013/8/25,桃園路,盤果路,,118.345675,24.43250455,自用 小客車∕自用 小客車∕,小客車自用∕小客車自用∕,53∕30∕,受傷∕未受傷∕,WY****5代號1699∕09****X代號1700∕,其他∕其他∕,有適當之駕照∕有適當之駕照∕,經檢測無酒精反應∕經檢測無酒精反應∕,汽車左側車身∕汽車右前車頭（身）∕,未依規定讓車∕未依規定減速∕,未依規定讓車∕未依規定讓車∕,其他∕其他∕,其他∕其他∕,本國∕本國∕
10208,10208Y00020031,YZA1,10208YZ000042,2013,8,25,16,45,金門縣,金城鎮,東門里,NA,民生路,,,NA,,,,,,東門圓環內,NA,NA,NA,NA,NA,NA,NA,NA,NA,0,1,0,晴,日間自然光線,村里道路,40,圓環,一般車道（未劃分快慢車道）,柏油,乾燥,無缺陷,無障礙物,良好,無號誌,無號誌,無分向設施,車道線（無標記）,未繪設快慢車道分隔線,有,其他,未依規定讓車,Y000,YZ00,1,2,2013/8/25,民生路,,金門縣金城鎮東門里東門圓環內,118.3190184,24.43575,普通重型 機車∕普通重型 機車∕,機車普通重型∕機車普通重型∕,19∕50∕,受傷∕未受傷∕,55****T代號1701∕K9****0代號1702∕,其他∕其他∕,有適當之駕照∕有適當之駕照∕,經檢測無酒精反應∕經檢測無酒精反應∕,機車前車頭∕機車後車尾∕,未依規定讓車∕未注意車前狀態∕,未依規定讓車∕未依規定讓車∕,大學（研究）生∕家庭主婦（夫）∕,其他∕其他∕,本國∕本國∕
10208,10208Y00020032,YZA1,10208YZ000043,2013,8,26,11,56,金門縣,金寧鄉,安美村,NA,,,,NA,,,,,,仁愛新村200號前路口,NA,NA,NA,NA,NA,NA,NA,NA,NA,0,2,0,晴,日間自然光線,村里道路,50,三岔路,交岔路口內,柏油,乾燥,無缺陷,無障礙物,樹木、農作物,無號誌,無號誌,無分向設施,未繪設車道線,未繪設快慢車道分隔線,有,側撞,未依規定讓車,Y000,YZ00,1,2,2013/8/26,金門縣金寧鄉安美村仁愛新村200號前路口,,金門縣金寧鄉安美村仁愛新村200號前路口,118.3346958,24.4507473,自用 小客車∕普通重型 機車∕乘客 人,小客車自用∕機車普通重型∕乘客,48∕46∕18,未受傷∕受傷∕受傷,LU****7代號1703∕3J****8代號1704∕3J****8代號1704,其他∕其他∕其他,有適當之駕照∕有適當之駕照∕非汽（機）車駕駛人,經呼氣檢測未超過0.15mg∕L或血液檢測未超過0.03∕經檢測無酒精反應∕非駕駛人，未檢測,汽車右前車頭（身）∕機車右側車身∕非汽（機）車,未依規定讓車∕未依規定減速∕尚未發現肇事因素,未依規定讓車∕未依規定讓車∕未依規定讓車,事務工作者∕專業人員∕不明,上、下班∕上、下班∕不明,本國∕本國∕本國
10208,10208Y00030003,YZA1,10208YZ000045,2013,8,27,9,55,金門縣,金城鎮,,NA,西海路,三,,NA,,,,,,與延平路路口,NA,NA,NA,NA,NA,NA,NA,NA,NA,0,0,0,晴,日間自然光線,村里道路,40,四岔路,交岔路口內,柏油,乾燥,無缺陷,無障礙物,良好,閃光號誌,正常,無分向設施,未繪設車道線,未繪設快慢車道分隔線,有,路口交岔撞,未依規定讓車,Y000,YZ00,1,3,2013/8/27,西海路三段,,金門縣金城鎮與延平路路口,118.3124964,24.4226194,自用 小客車∕自用 小客車∕,小客車自用∕小客車自用∕,56∕19∕,未受傷∕未受傷∕,13****7代號1705∕AA*****6代號1706∕,其他∕其他∕,有適當之駕照∕有適當之駕照∕,經檢測無酒精反應∕經檢測無酒精反應∕,汽車右前車頭（身）∕汽車右前車頭（身）∕,未依規定讓車∕未依規定減速∕,未依規定讓車∕未依規定讓車∕,不明∕不明∕,不明∕不明∕,本國∕本國∕
10208,10208Y00020027,YZA1,10208YZ000047,2013,8,24,15,17,金門縣,金寧鄉,榜林村,NA,伯玉路,一,,NA,232-4,,,,,,NA,NA,NA,NA,NA,NA,NA,NA,NA,0,1,0,陰,日間自然光線,鄉道,60,三岔路,交岔口附近,柏油,乾燥,無缺陷,無障礙物,良好,閃光號誌,無動作,無標記,未繪設車道線,快慢車道分隔線,有,側撞,迴轉未依規定,Y000,YZ00,1,2,2013/8/24,伯玉路一段232-4號,,金門縣金寧鄉榜林村,118.3267756,24.4346914,自用 小客車∕普通重型 機車∕,小客車自用∕機車普通重型∕,59∕18∕,未受傷∕受傷∕,6F****8代號1707∕88****G代號1708∕,其他∕其他∕,有適當之駕照∕有適當之駕照∕,經檢測無酒精反應∕經檢測無酒精反應∕,汽車右前車頭（身）∕機車前車頭∕,迴轉未依規定∕未注意車前狀態∕,迴轉未依規定∕迴轉未依規定∕,技術員及助理人員∕高中生∕,購物∕社交活動∕,本國∕本國∕
10208,10208Y00020033,YZA1,10208YZ000048,2013,8,27,8,55,金門縣,金城鎮,賢庵里,NA,環島西路,一,,NA,,,,,,賢庵國小前路段,NA,NA,NA,NA,NA,NA,NA,NA,NA,0,2,0,晴,日間自然光線,鄉道,50,四岔路,交岔路口內,柏油,乾燥,無缺陷,無障礙物,良好,無號誌,無號誌,無分向設施,未繪設車道線,未繪設快慢車道分隔線,有,穿越道路中,搶越行人穿越道,Y000,YZ00,1,2,2013/8/27,環島西路一段,,金門縣金城鎮賢庵里賢庵國小前路段,118.3184801,24.4172073,計程車 小客車∕行人 人∕行人 人,小客車計程車∕行人∕行人,50∕12∕10,未受傷∕受傷∕受傷,00***5代號1709,其他∕非駕駛人及乘客∕非駕駛人及乘客,有適當之駕照∕非汽（機）車駕駛人∕非汽（機）車駕駛人,經檢測無酒精反應∕非駕駛人，未檢測∕非駕駛人，未檢測,汽車右前車頭（身）∕非汽（機）車∕非汽（機）車,搶越行人穿越道∕尚未發現肇事因素∕尚未發現肇事因素,搶越行人穿越道∕搶越行人穿越道∕搶越行人穿越道,服務工作者∕小學生∕小學生,業務聯繫∕上、下學∕上、下學,本國∕本國∕本國
10208,10208Y00020034,YZA1,10208YZ000049,2013,8,27,11,30,金門縣,金寧鄉,,NA,桃園路,,,NA,,,,,,東洲路段,NA,NA,NA,NA,NA,NA,NA,NA,NA,0,1,0,晴,日間自然光線,村里道路,60,彎曲路及附近,一般車道（未劃分快慢車道）,柏油,乾燥,無缺陷,無障礙物,良好,無號誌,無號誌,無標記,未繪設車道線,未繪設快慢車道分隔線,有,同向擦撞,未保持行車安全間隔,Y000,YZ00,1,2,2013/8/27,桃園路,,金門縣金寧鄉東洲路段,118.3446627,24.4317794,自用 小貨車(含客、貨兩用)∕普通重型 機車∕,小貨車自用∕機車普通重型∕,42∕36∕,未受傷∕受傷∕,49****T代號1710∕18****C代號1711∕,其他∕其他∕,有適當之駕照∕有適當之駕照∕,經檢測無酒精反應∕經檢測無酒精反應∕,汽車右側車身∕機車左側車身∕,未保持行車安全間隔∕尚未發現肇事因素∕,未保持行車安全間隔∕未保持行車安全間隔∕,其他∕其他∕,其他∕其他∕,本國∕本國∕
10208,10208Y00020030,YZA1,10208YZ000050,2013,8,25,10,53,金門縣,金城鎮,,NA,西海路,一,,NA,,,,,,前水頭139之2號前路段,NA,NA,NA,NA,NA,NA,NA,NA,NA,0,1,0,晴,日間自然光線,村里道路,50,四岔路,交岔口附近,柏油,乾燥,無缺陷,無障礙物,良好,無號誌,無號誌,附標記,未繪設車道線,未繪設快慢車道分隔線,有,追撞,未保持行車安全距離,Y000,YZ00,1,2,2013/8/25,西海路一段,,金門縣金城鎮前水頭139之2號前路段,118.2906709,24.4124946,普通重型 機車∕自用 小客車∕,機車普通重型∕小客車自用∕,19∕36∕,受傷∕未受傷∕,39****L代號1712∕60****9代號1713∕,其他∕其他∕,有適當之駕照∕有適當之駕照∕,經檢測無酒精反應∕經檢測無酒精反應∕,機車前車頭∕汽車後車尾∕,未保持行車安全距離∕尚未發現肇事因素∕,未保持行車安全距離∕未保持行車安全距離∕,高中生∕不明∕,其他∕不明∕,本國∕本國∕
10208,10208Y00020036,YZA1,10208YZ000052,2013,8,27,12,10,金門縣,金城鎮,,NA,珠浦西路,,,NA,,,,,,46號前,NA,NA,NA,NA,NA,NA,NA,NA,NA,0,1,0,晴,日間自然光線,其他,40,直路,一般車道（未劃分快慢車道）,柏油,乾燥,無缺陷,無障礙物,良好,無號誌,無號誌,附標記,未繪設車道線,未繪設快慢車道分隔線,有,路上翻車、摔倒,未注意車前狀態,Y000,YZ00,1,2,2013/8/27,珠浦西路,,金門縣金城鎮46號前,118.3147803,24.4384226,普通重型 機車∕ ∕,機車普通重型,73∕0∕,受傷,92****E代號1714,其他,越級駕駛,經檢測無酒精反應,機車左側車身,未注意車前狀態∕尚未發現肇事因素∕,未注意車前狀態∕未注意車前狀態∕,不明,其他,本國∕本國∕