年月,總編號,處理單位,處理編號,年,月,日,時,分,縣市,區,村里,鄰,街道,段,巷,弄,號,公尺處,街道.1,段.1,側,附近,道路,公里,公尺處.1,向,車道,平交道,公里.1,公尺處.2,附近.1,死,受傷,X2.30,天候,光線,道路類別,速限,道路型態,事故位置,路面鋪裝,路面狀態,路面缺陷,障礙物,視距,號誌種類,號誌動作,分向設施,快車道或一般車道間,快慢車道間,路面邊線,事故類型及型態,主要肇因,警局,分局,案件類別,事故類別,日期,道路1,道路2,概略位置,lon,lat,車種,當事者區分.類別.,年齡,受傷程度,車輛牌照號碼,車輛用途,駕駛資格情形,飲酒情形,車輛撞擊部位最初,肇事因素個別,肇事因素主要,職.業,旅次目的,國籍
10208,10208Y00020044,YZA1,10208YZ000053,2013,8,27,13,30,金門縣,金寧鄉,,NA,環島西路,二,,NA,,,,,,13169號燈桿前,NA,NA,NA,NA,NA,NA,NA,NA,NA,0,2,0,晴,日間自然光線,村里道路,50,三岔路,一般車道（未劃分快慢車道）,柏油,乾燥,無缺陷,無障礙物,良好,無號誌,無號誌,附標記,未繪設車道線,未繪設快慢車道分隔線,有,側撞,右轉彎未依規定,Y000,YZ00,1,2,2013/8/27,環島西路二段,,金門縣金寧鄉13169號燈桿前,118.3148723,24.4566699,自用 小客車∕普通重型 機車∕乘客 人,小客車自用∕機車普通重型∕乘客,48∕19∕18,未受傷∕受傷∕受傷,42****6代號1019∕37****V代號1715∕37****V代號1715,其他∕其他∕其他,有適當之駕照∕有適當之駕照∕非汽（機）車駕駛人,經檢測無酒精反應∕經檢測無酒精反應∕非駕駛人，未檢測,汽車右後車尾（身）∕機車右側車身∕非汽（機）車,右轉彎未依規定∕未保持行車安全距離∕尚未發現肇事因素,右轉彎未依規定∕右轉彎未依規定∕右轉彎未依規定,不明∕不明∕不明,其他∕其他∕其他,本國∕本國∕本國
10208,10208Y00020038,YZA1,10208YZ000054,2013,8,28,22,25,金門縣,金城鎮,西門里,NA,民生路,,45,NA,20,,,,,,NA,NA,NA,NA,NA,NA,NA,NA,NA,0,2,0,晴,夜間（或隧道、地下道、涵洞）有照明,鄉道,40,三岔路,交岔路口內,柏油,乾燥,無缺陷,路上有停車,彎道,無號誌,無號誌,無分向設施,未繪設車道線,未繪設快慢車道分隔線,有,側撞,未靠右行駛,Y000,YZ00,1,2,2013/8/28,民生路45巷20號,,金門縣金城鎮西門里,118.3190184,24.43575,普通重型 機車∕普通重型 機車∕,機車普通重型∕機車普通重型∕,16∕23∕,受傷∕受傷∕,36****A代號1698∕41****C代號1716∕,其他∕其他∕,無照（未達考照年齡）∕無照（已達考照年齡）∕,經檢測無酒精反應∕經檢測無酒精反應∕,機車前車頭∕機車左側車身∕,未靠右行駛∕未靠右行駛∕,未靠右行駛∕未靠右行駛∕,無業者∕服務工作者∕,購物∕社交活動∕,本國∕本國∕
10208,10208Y00020039,YZA1,10208YZ000057,2013,8,29,10,52,金門縣,金城鎮,,NA,西海路,三,,NA,,,,,,縣立體育館前路段,NA,NA,NA,NA,NA,NA,NA,NA,NA,0,2,0,晴,日間自然光線,村里道路,50,四岔路,交岔口附近,柏油,乾燥,無缺陷,無障礙物,良好,行車管制號誌（附設行人專用號誌）,正常,無標記,未繪設車道線,未繪設快慢車道分隔線,有,穿越道路中,未依規定行走行人穿越道、地下道、天橋而穿越道路,Y000,YZ00,1,2,2013/8/29,西海路三段,,金門縣金城鎮縣立體育館前路段,118.3124964,24.4226194,行人 人∕普通重型 機車∕,行人∕機車普通重型∕,88∕29∕,受傷∕受傷∕,∕93****E代號1717∕,非駕駛人及乘客∕其他∕,非汽（機）車駕駛人∕有適當之駕照∕,非駕駛人，未檢測∕經檢測無酒精反應∕,非汽（機）車∕機車前車頭∕,未依規定行走行人穿越道、地下道、天橋而穿越道路∕未注意車前狀態∕,未依規定行走行人穿越道、地下道、天橋而穿越道路∕未依規定行走行人穿越道、地下道、天橋而穿越道路∕,無業者∕服務工作者∕,其他∕業務聯繫∕,本國∕本國∕
10208,10208Y00020042,YZA1,10208YZ000059,2013,8,31,23,45,金門縣,金城鎮,,NA,北堤路,,,NA,,,,,,西海路三段路口,NA,NA,NA,NA,NA,NA,NA,NA,NA,0,1,0,陰,夜間（或隧道、地下道、涵洞）有照明,村里道路,40,四岔路,交岔路口內,柏油,乾燥,無缺陷,無障礙物,良好,閃光號誌,正常,無分向設施,未繪設車道線,未繪設快慢車道分隔線,有,側撞,未依規定讓車,Y000,YZ00,1,2,2013/8/31,北堤路,,金門縣金城鎮西海路三段路口,118.3167419,24.4294062,普通重型 機車∕自用 小客車∕,機車普通重型∕小客車自用∕,35∕30∕,受傷∕未受傷∕,37****F代號1718∕05****2代號1719∕,其他∕其他∕,有適當之駕照∕有適當之駕照∕,經檢測無酒精反應∕經檢測無酒精反應∕,機車前車頭∕汽車左前車頭（身）∕,未依規定讓車∕左轉彎未依規定∕,未依規定讓車∕未依規定讓車∕,其他∕其他∕,其他∕其他∕,本國∕本國∕
10208,10208Y00020041,YZA1,10208YZ000060,2013,8,31,6,20,金門縣,金寧鄉,,NA,環島北路,二,,NA,,,,,,0065號燈桿前路段,NA,NA,NA,NA,NA,NA,NA,NA,NA,0,1,0,陰,日間自然光線,縣道,60,直路,一般車道（未劃分快慢車道）,柏油,乾燥,無缺陷,無障礙物,良好,無號誌,無號誌,無標記,未繪設車道線,未繪設快慢車道分隔線,有,撞路樹、電桿,未注意車前狀態,Y000,YZ00,1,2,2013/8/31,環島北路二段,,金門縣金寧鄉0065號燈桿前路段,118.3537405,24.452631,自用 小客車∕ ∕,小客車自用,59∕0∕,受傷,2S****6代號1720,其他,有適當之駕照,經檢測無酒精反應,汽車右前車頭（身）,未注意車前狀態∕尚未發現肇事因素∕,未注意車前狀態∕未注意車前狀態∕,技術工,上、下班,本國∕本國∕
10209,10209Y00020001,YYA1,10209YY000001,2013,9,1,8,42,金門縣,金沙鎮,,NA,環島北路,三,,NA,,,,,,中蘭路段電線桿沙陽高幹106Z0960CD07左1,NA,NA,NA,NA,NA,NA,NA,NA,NA,0,2,0,晴,日間自然光線,村里道路,40,三岔路,交岔路口內,柏油,乾燥,無缺陷,無障礙物,良好,無號誌,無號誌,無分向設施,未繪設車道線,未繪設快慢車道分隔線,有,側撞,未依規定讓車,Y000,YY00,1,2,2013/9/1,環島北路三段,,金門縣金沙鎮中蘭路段電線桿沙陽高幹106Z0960CD07左1,118.388325,24.466263,普通重型 機車∕普通重型 機車∕,機車普通重型∕機車普通重型∕,73∕26∕,受傷∕受傷∕,PZ****0代號258∕79****V代號1721∕,其他∕其他∕,有適當之駕照∕有適當之駕照∕,經檢測無酒精反應∕經檢測無酒精反應∕,機車左側車身∕機車前車頭∕,未依規定讓車∕未依規定減速∕,未依規定讓車∕未依規定讓車∕,無業者∕服務工作者∕,購物∕上、下班∕,本國∕本國∕
10209,10209Y00030001,YYA1,10209YY000002,2013,9,1,17,0,金門縣,金湖鎮,,NA,太湖路,,,NA,,,,,,旁之人行道昇恆昌,NA,NA,NA,NA,NA,NA,NA,NA,NA,0,0,0,晴,日間自然光線,村里道路,40,其他,人行道,水泥,乾燥,無缺陷,無障礙物,良好,無號誌,無號誌,無分向設施,未繪設車道線,未繪設快慢車道分隔線,無,同向擦撞,未注意車前狀態,Y000,YY00,1,3,2013/9/1,太湖路,,金門縣金湖鎮旁之人行道昇恆昌,118.4047483,24.4473343,自用 小貨車(含客、貨兩用)∕自用 小客車∕,小貨車自用∕小客車自用∕,63∕49∕,未受傷∕未受傷∕,01****X代號1722∕WY****9代號1723∕,其他∕其他∕,有適當之駕照∕有適當之駕照∕,經呼氣檢測0.41至0.55mg∕L或血液檢測0.081至0.11∕經檢測無酒精反應∕,汽車右後車尾（身）∕汽車左後車尾（身）∕,未注意車前狀態∕違規停車或暫停不當而肇事∕,未注意車前狀態∕未注意車前狀態∕,技術工∕其他∕,其他∕其他∕,本國∕本國∕
10209,10209Y00020010,YYA1,10209YY000012,2013,9,6,8,30,金門縣,金湖鎮,,NA,黃海路,,,NA,,,,,,山外車站前,NA,NA,NA,NA,NA,NA,NA,NA,NA,0,1,0,晴,日間自然光線,村里道路,50,直路,穿越道附近,柏油,乾燥,無缺陷,無障礙物,良好,無號誌,無號誌,無標記,未繪設車道線,未繪設快慢車道分隔線,有,穿越道路中,未注意車前狀態,Y000,YY00,1,2,2013/9/6,黃海路,,金門縣金湖鎮山外車站前,118.4256931,24.452032,自用 小貨車(含客、貨兩用)∕行人 人∕,小貨車自用∕行人∕,23∕58∕,未受傷∕受傷∕,YF****2代號1724,其他∕非駕駛人及乘客∕,有適當之駕照∕非汽（機）車駕駛人∕,經檢測無酒精反應∕非駕駛人，未檢測∕,汽車右前車頭（身）∕非汽（機）車∕,未注意車前狀態∕未依規定行走行人穿越道、地下道、天橋而穿越道路∕,未注意車前狀態∕未注意車前狀態∕,服務工作者∕服務工作者∕,運輸∕其他∕,本國∕本國∕
10209,10209Y00030003,YYA1,10209YY000014,2013,9,8,8,21,金門縣,金湖鎮,,NA,南機路,,,NA,,,士校路,,,,NA,NA,NA,NA,NA,NA,NA,NA,NA,0,0,0,晴,日間自然光線,村里道路,40,四岔路,交岔路口內,柏油,乾燥,無缺陷,無障礙物,樹木、農作物,無號誌,無號誌,無分向設施,未繪設車道線,未繪設快慢車道分隔線,有,路口交岔撞,未依規定讓車,Y000,YY00,1,3,2013/9/8,南機路,士校路,,118.4326247,24.4500123,自用 小客車∕自用 小客車∕,小客車自用∕小客車自用∕,36∕39∕,未受傷∕未受傷∕,WY****0代號1725∕6F****0代號1726∕,其他∕其他∕,有適當之駕照∕有適當之駕照∕,經檢測無酒精反應∕經檢測無酒精反應∕,汽車左側車身∕汽車前車頭∕,未依規定讓車∕未依規定減速∕,未依規定讓車∕未依規定讓車∕,家庭主婦（夫）∕家庭主婦（夫）∕,社交活動∕購物∕,本國∕本國∕
10209,,YYA1,10209YY000015,2013,9,8,10,30,金門縣,金湖鎮,,NA,環島南路,五,,NA,,,,,,任伯資源回收場前,NA,NA,NA,NA,NA,NA,NA,NA,NA,0,0,0,NA,NA,NA,0,NA,NA,NA,NA,NA,NA,NA,NA,NA,NA,NA,NA,NA,NA,NA,Y000,YY00,1,4,2013/9/8,環島南路五段,,金門縣金湖鎮任伯資源回收場前,118.4239844,24.4324232,自用 小客車∕自用 小貨車(含客、貨兩用)∕,小客車自用∕小貨車自用∕,35∕82∕,,6F****8代號1727∕WY****1代號1728∕,,,,,,,,,本國∕本國∕
10209,,YYA1,10209YY000016,2013,9,7,10,20,金門縣,金湖鎮,,NA,士校路,,,NA,,,,,,后壟路段,NA,NA,NA,NA,NA,NA,NA,NA,NA,0,0,0,NA,NA,NA,0,NA,NA,NA,NA,NA,NA,NA,NA,NA,NA,NA,NA,NA,NA,NA,Y000,YY00,1,4,2013/9/7,士校路,,金門縣金湖鎮后壟路段,118.4271704,24.4453138,普通重型 機車∕ ∕,機車普通重型,34∕0∕,,45****F代號1729,,,,,,,,,本國∕本國∕
10209,10209Y00020012,YYA1,10209YY000017,2013,9,8,17,25,金門縣,金沙鎮,,NA,,,,NA,,,,,,東埔13號前路口,NA,NA,NA,NA,NA,NA,NA,NA,NA,0,1,0,晴,日間自然光線,村里道路,40,四岔路,交岔路口內,水泥,乾燥,無缺陷,無障礙物,良好,無號誌,無號誌,無分向設施,未繪設車道線,未繪設快慢車道分隔線,有,路口交岔撞,未依規定讓車,Y000,YY00,1,2,2013/9/8,金門縣金沙鎮東埔13號前路口,,金門縣金沙鎮東埔13號前路口,118.4187497,24.491527,自用 小客車∕普通重型 機車∕,小客車自用∕機車普通重型∕,48∕47∕,未受傷∕受傷∕,6F****6代號1730∕16****V代號1731∕,其他∕其他∕,有適當之駕照∕有適當之駕照∕,經檢測無酒精反應∕經檢測無酒精反應∕,汽車右前車頭（身）∕機車左側車身∕,未依規定讓車∕未依規定減速∕,未依規定讓車∕未依規定讓車∕,專業人員∕不明∕,社交活動∕不明∕,本國∕本國∕
10209,,YYA1,10209YY000018,2013,9,10,20,55,金門縣,金湖鎮,,NA,太湖路,一,,NA,,,,,,軍用加油站路段,NA,NA,NA,NA,NA,NA,NA,NA,NA,0,0,0,NA,NA,NA,0,NA,NA,NA,NA,NA,NA,NA,NA,NA,NA,NA,NA,NA,NA,NA,Y000,YY00,1,4,2013/9/10,太湖路一段,,金門縣金湖鎮軍用加油站路段,118.4047483,24.4473343,自用 小客車∕自用 小客車∕,小客車自用∕小客車自用∕,23∕58∕,,CO****0代號1536∕03****V代號1732∕,,,,,,,,,本國∕本國∕
10209,,YYA1,10209YY000019,2013,9,11,7,53,金門縣,金湖鎮,,NA,環島南路,四,,NA,,,,,,0564號路燈柱168加油站對面,NA,NA,NA,NA,NA,NA,NA,NA,NA,0,0,0,晴,NA,NA,50,NA,NA,NA,NA,NA,NA,NA,NA,NA,NA,NA,NA,NA,NA,NA,Y000,YY00,1,4,2013/9/11,環島南路四段,,金門縣金湖鎮0564號路燈柱168加油站對面,118.40101,24.438041,普通重型 機車∕普通重型 機車∕,機車普通重型∕機車普通重型∕,84∕26∕,,37****E代號1733∕55****F代號1734∕,,,,,,,,,本國∕非本國∕
10209,10209Y00030005,YYA1,10209YY000022,2013,9,13,14,40,金門縣,金湖鎮,,NA,,,,NA,,,,,,峰上孚濟宮廣場,NA,NA,NA,NA,NA,NA,NA,NA,NA,0,0,0,晴,日間自然光線,村里道路,40,廣場,其他,水泥,乾燥,無缺陷,無障礙物,良好,無號誌,無號誌,無分向設施,未繪設車道線,未繪設快慢車道分隔線,無,其他,不明原因肇事,Y000,YY00,1,3,2013/9/13,金門縣金湖鎮峰上孚濟宮廣場,,金門縣金湖鎮峰上孚濟宮廣場,118.457817,24.427872, ∕自用 小客車∕,∕小客車自用∕,0∕33∕,不明∕未受傷∕,∕5U****6代號1735∕,其他∕其他∕,不明∕有適當之駕照∕,不明∕經觀察未飲酒∕,不明∕汽車後車尾∕,不明原因肇事∕尚未發現肇事因素∕,不明原因肇事∕不明原因肇事∕,不明∕技術工∕,不明∕其他∕,本國∕本國∕
10209,10209Y00020016,YYA1,10209YY000028,2013,9,15,6,53,金門縣,金湖鎮,新市里,NA,中正路,,,NA,,,,,,62號前路段,NA,NA,NA,NA,NA,NA,NA,NA,NA,0,1,0,晴,日間自然光線,村里道路,40,直路,一般車道（未劃分快慢車道）,柏油,乾燥,無缺陷,無障礙物,良好,無號誌,無號誌,附標記,未繪設車道線,未繪設快慢車道分隔線,有,同向擦撞,未保持行車安全間隔,Y000,YY00,1,2,2013/9/15,中正路,,金門縣金湖鎮新市里62號前路段,118.4156249,24.4409009,普通重型 機車∕腳踏自行車 慢車∕,機車普通重型∕腳踏自行車∕,51∕80∕,未受傷∕受傷∕,16****U代號1736,其他∕其他∕,有適當之駕照∕非汽（機）車駕駛人∕,經檢測無酒精反應∕非駕駛人，未檢測∕,機車右側車身∕非汽（機）車∕,未保持行車安全間隔∕尚未發現肇事因素∕,未保持行車安全間隔∕未保持行車安全間隔∕,其他∕無業者∕,其他∕其他∕,本國∕本國∕
10209,10209Y00020020,YYA1,10209YY000030,2013,9,16,11,20,金門縣,金湖鎮,,NA,黃海路,,,NA,,,,,,01541號路燈桿路段,NA,NA,NA,NA,NA,NA,NA,NA,NA,0,1,0,晴,日間自然光線,村里道路,50,直路,路肩、路緣,柏油,乾燥,無缺陷,無障礙物,良好,無號誌,無號誌,無標記,未繪設車道線,未繪設快慢車道分隔線,有,撞路樹、電桿,未注意車前狀態,Y000,YY00,1,2,2013/9/16,黃海路,,金門縣金湖鎮01541號路燈桿路段,118.4256931,24.452032,自用 小客車∕ ∕ ,小客車自用,22∕0∕0,受傷,YM****1代號1737,其他,有適當之駕照,經檢測無酒精反應,汽車右前車頭（身）,未注意車前狀態∕尚未發現肇事因素∕尚未發現肇事因素,未注意車前狀態∕未注意車前狀態∕未注意車前狀態,其他,其他,本國∕本國∕本國
10209,10209Y00020021,YYA1,10209YY000031,2013,9,17,6,46,金門縣,金湖鎮,,NA,,,,NA,,,,,,塔后重劃區京門工地旁路口,NA,NA,NA,NA,NA,NA,NA,NA,NA,0,2,0,晴,日間自然光線,村里道路,50,三岔路,交岔路口內,柏油,乾燥,無缺陷,無障礙物,良好,無號誌,無號誌,無分向設施,未繪設車道線,未繪設快慢車道分隔線,有,穿越道路中,搶越行人穿越道,Y000,YY00,1,2,2013/9/17,金門縣金湖鎮塔后重劃區京門工地旁路口,,金門縣金湖鎮塔后重劃區京門工地旁路口,118.4101054,24.4411037,普通重型 機車∕行人 人∕,機車普通重型∕行人∕,60∕13∕,受傷∕受傷∕,8G****8代號1738,其他∕非駕駛人及乘客∕,無照（已達考照年齡）∕非汽（機）車駕駛人∕,經檢測無酒精反應∕非駕駛人，未檢測∕,機車前車頭∕非汽（機）車∕,搶越行人穿越道∕未依規定行走行人穿越道、地下道、天橋而穿越道路∕,搶越行人穿越道∕搶越行人穿越道∕,汽車、火車駕駛員及船員∕國中生∕,購物∕上、下學∕,非本國∕本國∕
10209,10209Y00020019,YYA1,10209YY000032,2013,9,16,6,10,金門縣,金湖鎮,,NA,四維路,,,NA,,,,,,復國墩往溪邊路段,NA,NA,NA,NA,NA,NA,NA,NA,NA,0,2,0,晴,日間自然光線,村里道路,50,彎曲路及附近,一般車道（未劃分快慢車道）,柏油,乾燥,無缺陷,無障礙物,良好,無號誌,無號誌,附標記,未繪設車道線,未繪設快慢車道分隔線,有,路上翻車、摔倒,未依規定減速,Y000,YY00,1,2,2013/9/16,四維路,,金門縣金湖鎮復國墩往溪邊路段,118.4499743,24.4314346,普通重型 機車∕ ∕乘客 人,機車普通重型乘客,18∕0∕18,受傷受傷,AF*****0代號1739AF*****0代號1739,其他其他,有適當之駕照非汽（機）車駕駛人,經檢測無酒精反應非駕駛人，未檢測,機車前車頭不明,未依規定減速∕尚未發現肇事因素∕尚未發現肇事因素,未依規定減速∕未依規定減速∕未依規定減速,大學（研究）生大學（研究）生,不明不明,本國∕本國∕本國
10209,10209Y00020050,YYA1,10209YY000035,2013,9,17,21,5,金門縣,金沙鎮,,NA,環島北路,三,,NA,,,,,,斗門路口,NA,NA,NA,NA,NA,NA,NA,NA,NA,0,1,0,晴,夜間（或隧道、地下道、涵洞）有照明,村里道路,50,四岔路,交岔路口內,柏油,乾燥,無缺陷,無障礙物,良好,閃光號誌,正常,無分向設施,未繪設車道線,未繪設快慢車道分隔線,有,路口交岔撞,未依規定讓車,Y000,YY00,1,2,2013/9/17,環島北路三段,,金門縣金沙鎮斗門路口,118.388325,24.466263,自用 小客車∕普通重型 機車∕,小客車自用∕機車普通重型∕,29∕22∕,未受傷∕受傷∕,WY****1代號1740∕98****D代號1741∕,其他∕其他∕,有適當之駕照∕有適當之駕照∕,經檢測無酒精反應∕不明∕,汽車右側車身∕機車前車頭∕,未依規定讓車∕未依規定減速∕,未依規定讓車∕未依規定讓車∕,技術工∕不明∕,社交活動∕不明∕,本國∕本國∕
10209,10209Y00020023,YYA1,10209YY000037,2013,9,18,9,0,金門縣,金沙鎮,,NA,,,,NA,,,,,,復興街與三民路口,NA,NA,NA,NA,NA,NA,NA,NA,NA,0,1,0,晴,日間自然光線,村里道路,40,四岔路,交岔路口內,其他鋪裝,乾燥,無缺陷,無障礙物,良好,無號誌,無號誌,無分向設施,未繪設車道線,未繪設快慢車道分隔線,有,路口交岔撞,未依規定讓車,Y000,YY00,1,2,2013/9/18,金門縣金沙鎮復興街與三民路口,,金門縣金沙鎮復興街與三民路口,118.4130824,24.4896092,租賃車 小客車∕普通輕型 機車∕,小客車租貸車∕機車普通輕型∕,36∕38∕,未受傷∕受傷∕,40****6代號1742∕17****B代號1743∕,其他∕其他∕,有適當之駕照∕有適當之駕照∕,經檢測無酒精反應∕經檢測無酒精反應∕,汽車前車頭∕機車右側車身∕,未依規定讓車∕未依規定減速∕,未依規定讓車∕未依規定讓車∕,技術員及助理人員∕服務工作者∕,其他∕其他∕,本國∕本國∕
10209,,YYA1,10209YY000039,2013,9,19,14,15,金門縣,金湖鎮,,NA,太湖路,一,,NA,,,,,,經武公車站候車亭前,NA,NA,NA,NA,NA,NA,NA,NA,NA,0,0,0,NA,NA,NA,0,NA,NA,NA,NA,NA,NA,NA,NA,NA,NA,NA,NA,NA,NA,NA,Y000,YY00,1,4,2013/9/19,太湖路一段,,金門縣金湖鎮經武公車站候車亭前,118.4047483,24.4473343,自用 小客車∕ ∕,小客車自用,24∕0∕,,10****S代號1744,,,,,,,,,本國∕本國∕
10209,10209Y00020026,YYA1,10209YY000040,2013,9,19,17,12,金門縣,金沙鎮,,NA,浦華路,,,NA,,,環島東路,,,,NA,NA,NA,NA,NA,NA,NA,NA,NA,0,4,0,晴,日間自然光線,村里道路,50,四岔路,交岔路口內,柏油,乾燥,無缺陷,無障礙物,樹木、農作物,閃光號誌,正常,無分向設施,未繪設車道線,未繪設快慢車道分隔線,有,路口交岔撞,未依規定讓車,Y000,YY00,1,2,2013/9/19,浦華路,環島東路,,118.4462076,24.45419698,普通重型 機車∕租賃車 小客車∕乘客 人∕乘客 人∕乘客 人,機車普通重型∕小客車租貸車∕乘客∕乘客∕乘客,15∕34∕16∕54∕67,受傷∕未受傷∕受傷∕受傷∕受傷,69****V代號1745∕RA*****7代號1746∕69****V代號1745∕RA*****7代號1746∕RA*****7代號1746,其他∕其他∕其他∕其他∕其他,無照（未達考照年齡）∕有適當之駕照∕非汽（機）車駕駛人∕非汽（機）車駕駛人∕非汽（機）車駕駛人,經檢測無酒精反應∕經檢測無酒精反應∕非駕駛人，未檢測∕非駕駛人，未檢測∕非駕駛人，未檢測,機車前車頭∕汽車左側車身∕非汽（機）車∕非汽（機）車∕非汽（機）車,未依規定讓車∕未依規定減速∕尚未發現肇事因素∕尚未發現肇事因素∕尚未發現肇事因素,未依規定讓車∕未依規定讓車∕未依規定讓車∕未依規定讓車∕未依規定讓車,高中生∕服務工作者∕高中生∕家庭主婦（夫）∕家庭主婦（夫）,社交活動∕觀光旅遊∕社交活動∕觀光旅遊∕觀光旅遊,本國∕本國∕本國∕本國∕本國
10209,10209Y00020029,YYA1,10209YY000043,2013,9,20,19,26,金門縣,金湖鎮,,NA,伯玉路,,,NA,,,,,,中山路路口,NA,NA,NA,NA,NA,NA,NA,NA,NA,0,1,0,晴,夜間（或隧道、地下道、涵洞）有照明,村里道路,60,直路,一般車道（未劃分快慢車道）,柏油,乾燥,無缺陷,無障礙物,良好,無號誌,無號誌,無標記,未繪設車道線,快慢車道分隔線,有,衝出路外,未注意車前狀態,Y000,YY00,1,2,2013/9/20,伯玉路,,金門縣金湖鎮中山路路口,118.3267756,24.4346914,普通重型 機車∕ ∕,機車普通重型,19∕0∕,受傷,AD*****1代號1747,其他,有適當之駕照,經檢測無酒精反應,機車右側車身,未注意車前狀態∕尚未發現肇事因素∕,未注意車前狀態∕未注意車前狀態∕,大學（研究）生,觀光旅遊,本國∕本國∕
10209,10209Y00020031,YYA1,10209YY000048,2013,9,21,16,59,金門縣,金湖鎮,,NA,,,,NA,,,,,,下莊中興路58號前,NA,NA,NA,NA,NA,NA,NA,NA,NA,0,1,0,晴,日間自然光線,村里道路,40,直路,一般車道（未劃分快慢車道）,柏油,乾燥,無缺陷,無障礙物,其他,無號誌,無號誌,無分向設施,未繪設車道線,未繪設快慢車道分隔線,有,倒車撞,倒車未依規定,Y000,YY00,1,2,2013/9/21,金門縣金湖鎮下莊中興路58號前,,金門縣金湖鎮下莊中興路58號前,118.4279933,24.4376913,計程車 小客車∕普通重型 機車∕,小客車計程車∕機車普通重型∕,68∕22∕,未受傷∕受傷∕,11***X代號1748∕69****W代號1749∕,其他∕其他∕,有適當之駕照∕有適當之駕照∕,經檢測無酒精反應∕經檢測無酒精反應∕,汽車左後車尾（身）∕機車前車頭∕,倒車未依規定∕未注意車前狀態∕,倒車未依規定∕倒車未依規定∕,其他∕其他∕,其他∕其他∕,本國∕本國∕
10209,,YYA1,10209YY000050,2013,9,22,16,30,金門縣,金湖鎮,,NA,環島南路,四,,NA,,,,,,漁村100號旁,NA,NA,NA,NA,NA,NA,NA,NA,NA,0,0,0,NA,NA,NA,0,NA,NA,NA,NA,NA,NA,NA,NA,NA,NA,NA,NA,NA,NA,NA,Y000,YY00,1,4,2013/9/22,環島南路四段,,金門縣金湖鎮漁村100號旁,118.40101,24.438041,自用 小客車∕普通重型 機車∕,小客車自用∕機車普通重型∕,43∕20∕,,WY****6代號1750∕70****J代號1751∕,,,,,,,,,本國∕本國∕
10209,10209Y00030008,YYA1,10209YY000051,2013,9,22,20,35,金門縣,金湖鎮,,NA,中正路,,,NA,,,自強路,,,,NA,NA,NA,NA,NA,NA,NA,NA,NA,0,0,0,雨,晨或暮光,村里道路,40,四岔路,交岔路口內,其他鋪裝,濕潤,無缺陷,無障礙物,其他,無號誌,無號誌,無分向設施,未繪設車道線,未繪設快慢車道分隔線,有,路口交岔撞,未依規定讓車,Y000,YY00,1,3,2013/9/22,中正路,自強路,,118.4156185,24.44089977,自用 小客車∕自用 小客車∕,小客車自用∕小客車自用∕,30∕38∕,未受傷∕未受傷∕,6F****3代號1752∕X2****6代號1753∕,其他∕其他∕,有適當之駕照∕有適當之駕照∕,經檢測無酒精反應∕經檢測無酒精反應∕,汽車左前車頭（身）∕汽車右前車頭（身）∕,未依規定讓車∕未依規定減速∕,未依規定讓車∕未依規定讓車∕,其他∕其他∕,其他∕其他∕,本國∕本國∕
10209,,YYA1,10209YY000052,2013,9,21,11,56,金門縣,金湖鎮,,NA,玉章路,,,NA,,,,,,N073號測量點路段,NA,NA,NA,NA,NA,NA,NA,NA,NA,0,5,0,陰,日間自然光線,村里道路,50,直路,一般車道（未劃分快慢車道）,柏油,乾燥,無缺陷,無障礙物,良好,無號誌,無號誌,附標記,車道線（附標記）,未繪設快慢車道分隔線,有,其他,尚未發現肇事因素,Y000,YY00,2,2,2013/9/21,玉章路,,金門縣金湖鎮N073號測量點路段,118.412711,24.4615568, ∕普通重型 機車∕普通重型 機車∕普通重型 機車∕乘客 人∕乘客 人∕,∕機車普通重型∕機車普通重型∕機車普通重型∕乘客∕乘客∕,0∕33∕33∕32∕10∕8∕,∕受傷∕受傷∕受傷∕受傷∕受傷∕,∕AD*****8代號1754∕IZ****3代號1755∕77****T代號1756∕IZ****3代號1755∕77****T代號1756∕,∕其他∕其他∕其他∕其他∕其他∕,∕有適當之駕照∕有適當之駕照∕越級駕駛∕非汽（機）車駕駛人∕非汽（機）車駕駛人∕,∕經檢測無酒精反應∕經檢測無酒精反應∕經檢測無酒精反應∕非駕駛人，未檢測∕非駕駛人，未檢測∕,∕不明∕不明∕不明∕非汽（機）車∕非汽（機）車∕,尚未發現肇事因素∕尚未發現肇事因素∕尚未發現肇事因素∕尚未發現肇事因素∕尚未發現肇事因素∕尚未發現肇事因素∕,尚未發現肇事因素∕尚未發現肇事因素∕尚未發現肇事因素∕尚未發現肇事因素∕尚未發現肇事因素∕尚未發現肇事因素∕,∕其他∕其他∕其他∕小學生∕小學生∕,∕觀光旅遊∕觀光旅遊∕觀光旅遊∕觀光旅遊∕觀光旅遊∕,本國∕本國∕本國∕本國∕本國∕本國∕
10209,,YYA1,10209YY000054,2013,9,21,13,11,金門縣,金沙鎮,,NA,環島北路,三,,NA,,,,,,中蘭屠宰場0133號路燈桿路段,NA,NA,NA,NA,NA,NA,NA,NA,NA,0,0,0,NA,NA,NA,0,NA,NA,NA,NA,NA,NA,NA,NA,NA,NA,NA,NA,NA,NA,NA,Y000,YY00,4,4,2013/9/21,環島北路三段,,金門縣金沙鎮中蘭屠宰場0133號路燈桿路段,118.388325,24.466263, ∕租賃車 小客車∕,∕小客車租貸車∕,0∕36∕,,∕00****J代號1757∕,,,,,,,,,本國∕本國∕