年月,總編號,處理單位,處理編號,年,月,日,時,分,縣市,區,村里,鄰,街道,段,巷,弄,號,公尺處,街道.1,段.1,側,附近,道路,公里,公尺處.1,向,車道,平交道,公里.1,公尺處.2,附近.1,死,受傷,X2.30,天候,光線,道路類別,速限,道路型態,事故位置,路面鋪裝,路面狀態,路面缺陷,障礙物,視距,號誌種類,號誌動作,分向設施,快車道或一般車道間,快慢車道間,路面邊線,事故類型及型態,主要肇因,警局,分局,案件類別,事故類別,日期,道路1,道路2,概略位置,lon,lat,車種,當事者區分.類別.,年齡,受傷程度,車輛牌照號碼,車輛用途,駕駛資格情形,飲酒情形,車輛撞擊部位最初,肇事因素個別,肇事因素主要,職.業,旅次目的,國籍
10209,10209Y00020035,YYA1,10209YY000056,2013,9,25,17,5,金門縣,金湖鎮,,NA,伯玉路,三,,NA,,,,,,1099路燈前,NA,NA,NA,NA,NA,NA,NA,NA,NA,0,1,0,晴,日間自然光線,村里道路,70,直路,慢車道,柏油,乾燥,無缺陷,無障礙物,良好,無號誌,無號誌,無標記,未繪設車道線,快慢車道分隔線,有,路上翻車、摔倒,酒醉（後）駕駛失控,Y000,YY00,1,2,2013/9/25,伯玉路三段,,金門縣金湖鎮1099路燈前,118.3646755,24.4460136,普通輕型 機車∕ ∕,機車普通輕型,42∕0∕,受傷,WZ****2代號1758,其他,駕照被吊（註）銷,經呼氣檢測超過0.80mg∕L或血液檢測超過0.16,機車右側車身,酒醉（後）駕駛失控∕尚未發現肇事因素∕,酒醉（後）駕駛失控∕酒醉（後）駕駛失控∕,其他,其他,本國∕本國∕
10209,,YYA1,10209YY000059,2013,9,27,15,40,金門縣,金湖鎮,,NA,黃海路,,,NA,103,,,,,,NA,NA,NA,NA,NA,NA,NA,NA,NA,0,0,0,NA,NA,NA,0,NA,NA,NA,NA,NA,NA,NA,NA,NA,NA,NA,NA,NA,NA,NA,Y000,YY00,1,4,2013/9/27,黃海路103號,,金門縣金湖鎮,118.4256931,24.452032,自用 小客車∕自用 小客車∕,小客車自用∕小客車自用∕,40∕33∕,,6F****7代號1759∕AA*****8代號1304∕,,,,,,,,,本國∕本國∕
10209,10209Y00030009,YYA1,10209YY000061,2013,9,28,11,35,金門縣,金湖鎮,山外里,NA,,,,NA,,,,,,山外48號前,NA,NA,NA,NA,NA,NA,NA,NA,NA,0,0,0,晴,日間自然光線,村里道路,40,直路,一般車道（未劃分快慢車道）,其他鋪裝,乾燥,無缺陷,無障礙物,良好,無號誌,無號誌,無分向設施,未繪設車道線,未繪設快慢車道分隔線,無,倒車撞,倒車未依規定,Y000,YY00,1,3,2013/9/28,金門縣金湖鎮山外里山外48號前,,金門縣金湖鎮山外里山外48號前,118.4162306,24.4418802,自用 小客車∕普通重型 機車∕,小客車自用∕機車普通重型∕,31∕60∕,未受傷∕未受傷∕,5B****1代號1760∕12****C代號1761∕,其他∕其他∕,有適當之駕照∕有適當之駕照∕,經檢測無酒精反應∕經觀察未飲酒∕,汽車後車尾∕機車前車頭∕,倒車未依規定∕尚未發現肇事因素∕,倒車未依規定∕倒車未依規定∕,其他∕其他∕,購物∕購物∕,本國∕本國∕
10209,10209Y00020041,YYA1,10209YY000064,2013,9,29,7,49,金門縣,金沙鎮,,NA,蘭洋路,,,NA,,,,,,浦邊路段,NA,NA,NA,NA,NA,NA,NA,NA,NA,0,1,0,晴,日間自然光線,村里道路,40,彎曲路及附近,一般車道（未劃分快慢車道）,柏油,乾燥,無缺陷,無障礙物,良好,無號誌,無號誌,附標記,未繪設車道線,未繪設快慢車道分隔線,有,撞護欄（樁）,未依規定減速,Y000,YY00,1,2,2013/9/29,蘭洋路,,金門縣金沙鎮浦邊路段,118.3898548,24.4781702,普通重型 機車∕ ∕,機車普通重型,49∕0∕,受傷,BG****2代號1762,其他,有適當之駕照,經檢測無酒精反應,機車右側車身,未依規定減速∕尚未發現肇事因素∕,未依規定減速∕未依規定減速∕,其他,上、下班,本國∕本國∕
10209,10209Y00020044,YYA1,10209YY000067,2013,9,30,9,45,金門縣,金沙鎮,,NA,環島北路,三,,NA,,,,,,中蘭路段0143路燈前,NA,NA,NA,NA,NA,NA,NA,NA,NA,0,1,0,晴,日間自然光線,村里道路,60,三岔路,交岔口附近,柏油,濕潤,無缺陷,無障礙物,良好,無號誌,無號誌,無標記,未繪設車道線,未繪設快慢車道分隔線,有,路上翻車、摔倒,未注意車前狀態,Y000,YY00,1,2,2013/9/30,環島北路三段,,金門縣金沙鎮中蘭路段0143路燈前,118.388325,24.466263,普通重型 機車∕ ∕,機車普通重型,19∕0∕,受傷,AC*****9代號1763,其他,有適當之駕照,經檢測無酒精反應,機車左側車身,未注意車前狀態∕尚未發現肇事因素∕,未注意車前狀態∕未注意車前狀態∕,大學（研究）生,其他,本國∕本國∕
10209,10209Y00030010,YYA1,10209YY000072,2013,9,29,0,34,金門縣,金湖鎮,正義里,NA,環島南路,四,,NA,,,,,,夏興路段0594路燈,NA,NA,NA,NA,NA,NA,NA,NA,NA,0,0,0,陰,夜間（或隧道、地下道、涵洞）有照明,村里道路,50,坡路,路肩、路緣,柏油,乾燥,無缺陷,無障礙物,良好,無號誌,無號誌,無標記,未繪設車道線,未繪設快慢車道分隔線,有,撞路樹、電桿,未依規定減速,Y000,YY00,1,3,2013/9/29,環島南路四段,,金門縣金湖鎮正義里夏興路段0594路燈,118.40101,24.438041,自用 小客車∕ ∕ ,小客車自用,47∕0∕0,未受傷,05****7代號1764,其他,有適當之駕照,不明,汽車右側車身,未依規定減速∕尚未發現肇事因素∕尚未發現肇事因素,未依規定減速∕未依規定減速∕未依規定減速,技術工,其他,本國∕本國∕本國
10209,10209Y00020003,YZA1,10209YZ000003,2013,9,1,20,10,金門縣,金寧鄉,,NA,林湖路,,,NA,95,,,,,,NA,NA,NA,NA,NA,NA,NA,NA,NA,0,1,0,晴,夜間（或隧道、地下道、涵洞）有照明,村里道路,50,直路,一般車道（未劃分快慢車道）,柏油,乾燥,無缺陷,無障礙物,良好,無號誌,無號誌,無標記,未繪設車道線,未繪設快慢車道分隔線,有,路上翻車、摔倒,未注意車前狀態,Y000,YZ00,1,2,2013/9/1,林湖路95號,,金門縣金寧鄉,118.330303,24.4320985,普通重型 機車∕ ∕,機車普通重型,22∕0∕,受傷,PN****1代號1765,其他,有適當之駕照,經檢測無酒精反應,機車右側車身,未注意車前狀態∕尚未發現肇事因素∕,未注意車前狀態∕未注意車前狀態∕,大學（研究）生,其他,本國∕本國∕
10209,10209Y00020002,YZA1,10209YZ000004,2013,9,1,11,37,金門縣,金寧鄉,,NA,伯玉路,一,,NA,222,,,,,,NA,NA,NA,NA,NA,NA,NA,NA,NA,0,2,0,晴,日間自然光線,縣道,60,三岔路,慢車道,柏油,乾燥,無缺陷,無障礙物,良好,無號誌,無號誌,無標記,未繪設車道線,快慢車道分隔線,有,側撞,起步未注意其他車（人）安全,Y000,YZ00,1,2,2013/9/1,伯玉路一段222號,,金門縣金寧鄉,118.3267756,24.4346914,自用 小貨車(含客、貨兩用)∕普通重型 機車∕乘客 人,小貨車自用∕機車普通重型∕乘客,61∕56∕60,未受傷∕受傷∕受傷,WY****5代號1766∕37****A代號1767∕37****A代號1767,其他∕其他∕其他,有適當之駕照∕無照（已達考照年齡）∕非汽（機）車駕駛人,經檢測無酒精反應∕經呼氣檢測超過0.80mg∕L或血液檢測超過0.16∕非駕駛人，未檢測,汽車左後車尾（身）∕機車前車頭∕非汽（機）車,起步未注意其他車（人）安全∕酒醉（後）駕駛失控∕尚未發現肇事因素,起步未注意其他車（人）安全∕起步未注意其他車（人）安全∕起步未注意其他車（人）安全,汽車、火車駕駛員及船員∕技術工∕無業者,其他∕購物∕購物,本國∕本國∕本國
10209,10209Y00030002,YZA1,10209YZ000005,2013,9,2,15,44,金門縣,金城鎮,,NA,民生路,,,NA,60,,,,,,NA,NA,NA,NA,NA,NA,NA,NA,NA,0,0,0,晴,日間自然光線,村里道路,40,三岔路,交岔路口內,柏油,乾燥,無缺陷,無障礙物,良好,無號誌,無號誌,無分向設施,未繪設車道線,未繪設快慢車道分隔線,有,側撞,左轉彎未依規定,Y000,YZ00,1,3,2013/9/2,民生路60號,,金門縣金城鎮,118.3190184,24.43575,自用 小客車∕自用 小客車∕,小客車自用∕小客車自用∕,61∕54∕,未受傷∕未受傷∕,6F****7代號782∕WY****2代號1768∕,其他∕其他∕,有適當之駕照∕有適當之駕照∕,經檢測無酒精反應∕經檢測無酒精反應∕,汽車左前車頭（身）∕汽車左前車頭（身）∕,左轉彎未依規定∕未注意車前狀態∕,左轉彎未依規定∕左轉彎未依規定∕,服務工作者∕不明∕,不明∕不明∕,本國∕本國∕
10209,10209Y00020004,YZA1,10209YZ000006,2013,9,3,9,50,金門縣,金城鎮,西門里,NA,民權路,,,NA,,,,,,救國團前路段,NA,NA,NA,NA,NA,NA,NA,NA,NA,0,1,0,晴,日間自然光線,鄉道,40,三岔路,交岔口附近,柏油,乾燥,無缺陷,無障礙物,良好,行車管制號誌,正常,附標記,未繪設車道線,未繪設快慢車道分隔線,有,側撞,未依規定讓車,Y000,YZ00,1,2,2013/9/3,民權路,,金門縣金城鎮西門里救國團前路段,118.3168946,24.4355379,自用 小貨車(含客、貨兩用)∕普通重型 機車∕,小貨車自用∕機車普通重型∕,22∕48∕,未受傷∕受傷∕,05****7代號1769∕95****B代號1770∕,其他∕其他∕,有適當之駕照∕有適當之駕照∕,經檢測無酒精反應∕經檢測無酒精反應∕,汽車左側車身∕機車右側車身∕,未依規定讓車∕未注意車前狀態∕,未依規定讓車∕未依規定讓車∕,服務工作者∕家庭主婦（夫）∕,上、下班∕社交活動∕,本國∕本國∕
10209,10209Y00020005,YZA1,10209YZ000007,2013,9,3,16,50,金門縣,金城鎮,,NA,北堤路,,,NA,,,,,,29號前,NA,NA,NA,NA,NA,NA,NA,NA,NA,0,1,0,晴,日間自然光線,村里道路,40,三岔路,交岔路口內,柏油,乾燥,無缺陷,無障礙物,良好,無號誌,無號誌,無分向設施,未繪設車道線,未繪設快慢車道分隔線,有,追撞,左轉彎未依規定,Y000,YZ00,1,2,2013/9/3,北堤路,,金門縣金城鎮29號前,118.3167419,24.4294062,普通重型 機車∕自用 小客車∕,機車普通重型∕小客車自用∕,49∕80∕,受傷∕未受傷∕,35****U代號231∕09****2代號1771∕,其他∕其他∕,有適當之駕照∕有適當之駕照∕,經檢測無酒精反應∕經檢測無酒精反應∕,機車後車尾∕汽車右前車頭（身）∕,左轉彎未依規定∕未保持行車安全距離∕,左轉彎未依規定∕左轉彎未依規定∕,不明∕不明∕,其他∕其他∕,本國∕本國∕
10209,10209Y00020007,YZA1,10209YZ000008,2013,9,5,8,38,金門縣,金城鎮,,NA,民生路,,,NA,9之13,,,,,,NA,NA,NA,NA,NA,NA,NA,NA,NA,0,1,0,晴,日間自然光線,村里道路,40,直路,一般車道（未劃分快慢車道）,其他鋪裝,乾燥,無缺陷,無障礙物,路上停放車輛,無號誌,無號誌,無分向設施,未繪設車道線,未繪設快慢車道分隔線,有,對向擦撞,未注意車前狀態,Y000,YZ00,1,2,2013/9/5,民生路9-13號,,金門縣金城鎮,118.3190184,24.43575,普通輕型 機車∕普通輕型 機車∕,機車普通輕型∕機車普通輕型∕,39∕61∕,未受傷∕受傷∕,QZ****5代號1772∕RI****5代號1773∕,其他∕其他∕,有適當之駕照∕有適當之駕照∕,經檢測無酒精反應∕經檢測無酒精反應∕,機車前車頭∕機車前車頭∕,未注意車前狀態∕未注意車前狀態∕,未注意車前狀態∕未注意車前狀態∕,不明∕不明∕,不明∕不明∕,本國∕本國∕
10209,10209Y00020006,YZA1,10209YZ000009,2013,9,4,20,24,金門縣,金城鎮,北門里,NA,中興路,,,NA,183,,,,,,NA,NA,NA,NA,NA,NA,NA,NA,NA,0,2,0,晴,夜間（或隧道、地下道、涵洞）有照明,鄉道,40,直路,一般車道（未劃分快慢車道）,柏油,乾燥,無缺陷,無障礙物,良好,無號誌,無號誌,附標記,未繪設車道線,未繪設快慢車道分隔線,有,對向擦撞,違規超車,Y000,YZ00,1,2,2013/9/4,中興路183號,,金門縣金城鎮北門里,118.3193311,24.4341519,普通重型 機車∕普通重型 機車∕,機車普通重型∕機車普通重型∕,30∕22∕,受傷∕受傷∕,38****V代號1774∕3J****8代號1775∕,其他∕其他∕,有適當之駕照∕有適當之駕照∕,經檢測無酒精反應∕經檢測無酒精反應∕,機車左側車身∕機車左側車身∕,違規超車∕未注意車前狀態∕,違規超車∕違規超車∕,技術員及助理人員∕技術員及助理人員∕,社交活動∕社交活動∕,本國∕本國∕
10209,10209Y00020008,YZA1,10209YZ000010,2013,9,6,5,4,金門縣,金城鎮,,NA,環島西路,一,,NA,,,,,,金巴黎KTV前路段,NA,NA,NA,NA,NA,NA,NA,NA,NA,0,1,0,晴,夜間（或隧道、地下道、涵洞）有照明,村里道路,40,三岔路,交岔口附近,柏油,乾燥,無缺陷,無障礙物,良好,無號誌,無號誌,附標記,未繪設車道線,未繪設快慢車道分隔線,有,路上翻車、摔倒,未依規定減速,Y000,YZ00,1,2,2013/9/6,環島西路一段,,金門縣金城鎮金巴黎KTV前路段,118.3184801,24.4172073,普通重型 機車∕ ∕,機車普通重型,51∕0∕,受傷,21****G代號1776,其他,有適當之駕照,經檢測無酒精反應,機車前車頭,未依規定減速∕尚未發現肇事因素∕,未依規定減速∕未依規定減速∕,技術工,上、下班,本國∕本國∕
10209,10209Y00020009,YZA1,10209YZ000011,2013,9,6,8,5,金門縣,金寧鄉,,NA,頂林路,,,NA,,,,,,仁愛新村路段,NA,NA,NA,NA,NA,NA,NA,NA,NA,0,1,0,晴,日間自然光線,村里道路,50,三岔路,交岔口附近,柏油,乾燥,無缺陷,無障礙物,良好,無號誌,無號誌,無標記,未繪設車道線,未繪設快慢車道分隔線,有,側撞,未注意車前狀態,Y000,YZ00,1,2,2013/9/6,頂林路,,金門縣金寧鄉仁愛新村路段,118.3246113,24.4625018,普通重型 機車∕普通重型 機車∕,機車普通重型∕機車普通重型∕,37∕58∕,受傷∕未受傷∕,96****C代號1777∕95****T代號1778∕,其他∕其他∕,有適當之駕照∕越級駕駛∕,經檢測無酒精反應∕經檢測無酒精反應∕,機車前車頭∕機車後車尾∕,未注意車前狀態∕未依規定讓車∕,未注意車前狀態∕未注意車前狀態∕,非技術工及體力工∕不明∕,購物∕不明∕,本國∕本國∕
10209,10209Y00020011,YZA1,10209YZ000013,2013,9,7,7,0,金門縣,金城鎮,,NA,民權路,,,NA,,,民生路,,,,NA,NA,NA,NA,NA,NA,NA,NA,NA,0,1,0,晴,日間自然光線,村里道路,50,四岔路,交岔路口內,柏油,乾燥,無缺陷,無障礙物,良好,行車管制號誌,正常,無分向設施,未繪設車道線,未繪設快慢車道分隔線,有,側撞,未依規定讓車,Y000,YZ00,1,2,2013/9/7,民權路,民生路,,118.318387,24.437086,自用 小貨車(含客、貨兩用)∕普通重型 機車∕,小貨車自用∕機車普通重型∕,72∕45∕,未受傷∕受傷∕,WY****6代號1779∕37****D代號1780∕,其他∕其他∕,有適當之駕照∕有適當之駕照∕,經檢測無酒精反應∕經檢測無酒精反應∕,汽車左前車頭（身）∕機車前車頭∕,未依規定讓車∕未注意車前狀態∕,未依規定讓車∕未依規定讓車∕,不明∕不明∕,不明∕不明∕,本國∕本國∕
10209,10209Y00030004,YZA1,10209YZ000020,2013,9,12,6,50,金門縣,金城鎮,,NA,環島南路,一,,NA,,,,,,小西門57號前路段,NA,NA,NA,NA,NA,NA,NA,NA,NA,0,0,0,晴,日間自然光線,縣道,60,直路,一般車道（未劃分快慢車道）,柏油,乾燥,無缺陷,無障礙物,良好,無號誌,無號誌,無標記,未繪設車道線,未繪設快慢車道分隔線,有,其他,違規停車或暫停不當而肇事,Y000,YZ00,1,3,2013/9/12,環島南路一段,,金門縣金城鎮小西門57號前路段,118.3345375,24.4189091,自用 大貨車∕自用 大貨車∕自用 小客車,大貨車自用∕大貨車自用∕小客車自用,54∕54∕61,未受傷∕未受傷∕未受傷,15***U代號1781∕01***T代號1782∕18****S代號1783,其他∕其他∕其他,有適當之駕照∕有適當之駕照∕有適當之駕照,不明∕不明∕不明,汽車前車頭∕汽車後車尾∕汽車左側車身,違規停車或暫停不當而肇事∕違規停車或暫停不當而肇事∕尚未發現肇事因素,違規停車或暫停不當而肇事∕違規停車或暫停不當而肇事∕違規停車或暫停不當而肇事,汽車、火車駕駛員及船員∕汽車、火車駕駛員及船員∕不明,不明∕不明∕不明,本國∕本國∕本國
10209,10209Y00020013,YZA1,10209YZ000021,2013,9,12,22,31,金門縣,金城鎮,,NA,北堤路,,,NA,,,,,,民族路65巷口,NA,NA,NA,NA,NA,NA,NA,NA,NA,0,1,0,晴,夜間（或隧道、地下道、涵洞）有照明,村里道路,40,三岔路,交岔路口內,柏油,乾燥,無缺陷,無障礙物,良好,無號誌,無號誌,無分向設施,未繪設車道線,未繪設快慢車道分隔線,有,路上翻車、摔倒,未注意車前狀態,Y000,YZ00,1,2,2013/9/12,北堤路,,金門縣金城鎮民族路65巷口,118.3167419,24.4294062,普通重型 機車∕ ∕,機車普通重型,21∕0∕,受傷,10****V代號1784,其他,有適當之駕照,經檢測無酒精反應,機車前車頭,未注意車前狀態∕尚未發現肇事因素∕,未注意車前狀態∕未注意車前狀態∕,大學（研究）生,其他,本國∕本國∕
10209,10209Y00030006,YZA1,10209YZ000023,2013,9,13,18,7,金門縣,金城鎮,,NA,中興路,,,NA,211,,,,,,NA,NA,NA,NA,NA,NA,NA,NA,NA,0,0,0,晴,夜間（或隧道、地下道、涵洞）有照明,村里道路,40,直路,一般車道（未劃分快慢車道）,柏油,乾燥,無缺陷,無障礙物,良好,無號誌,無號誌,無分向設施,未繪設車道線,未繪設快慢車道分隔線,有,其他,未注意車前狀態,Y000,YZ00,1,3,2013/9/13,中興路211號,,金門縣金城鎮,118.320246,24.4345636,自用 小客車∕自用 小客車∕,小客車自用∕小客車自用∕,57∕32∕,未受傷∕未受傷∕,WY****8代號754∕12****S代號1592∕,其他∕其他∕,有適當之駕照∕有適當之駕照∕,不明∕經檢測無酒精反應∕,汽車右側車身∕汽車左側車身∕,未注意車前狀態∕尚未發現肇事因素∕,未注意車前狀態∕未注意車前狀態∕,不明∕不明∕,不明∕不明∕,本國∕本國∕
10209,10209Y00020014,YZA1,10209YZ000024,2013,9,14,12,15,金門縣,金城鎮,,NA,中興路,,146,NA,21之1,,,,,,NA,NA,NA,NA,NA,NA,NA,NA,NA,0,1,0,晴,日間自然光線,村里道路,40,三岔路,交岔路口內,其他鋪裝,乾燥,無缺陷,路上有停車,良好,無號誌,無號誌,無分向設施,未繪設車道線,未繪設快慢車道分隔線,有,側撞,未依規定讓車,Y000,YZ00,1,2,2013/9/14,中興路146巷21-1號,,金門縣金城鎮,118.3194084,24.4335167,普通重型 機車∕自用 小客車∕,機車普通重型∕小客車自用∕,26∕28∕,受傷∕未受傷∕,96****U代號198∕29****S代號1785∕,其他∕其他∕,有適當之駕照∕無照（已達考照年齡）∕,經檢測無酒精反應∕經檢測無酒精反應∕,機車前車頭∕汽車左前車頭（身）∕,未依規定讓車∕未依規定減速∕,未依規定讓車∕未依規定讓車∕,其他∕技術工∕,購物∕社交活動∕,本國∕本國∕
10209,10209Y00020015,YZA1,10209YZ000025,2013,9,14,18,50,金門縣,金寧鄉,,NA,伯玉路,二,,NA,,,,,,金民加油站前路段,NA,NA,NA,NA,NA,NA,NA,NA,NA,0,1,0,晴,日間自然光線,村里道路,70,直路,慢車道,柏油,乾燥,無缺陷,無障礙物,良好,無號誌,無號誌,無標記,未繪設車道線,快慢車道分隔線,有,路上翻車、摔倒,未注意車前狀態,Y000,YZ00,1,2,2013/9/14,伯玉路二段,,金門縣金寧鄉金民加油站前路段,118.3416148,24.4414563,普通重型 機車∕ ∕,機車普通重型,19∕0∕,受傷,81****G代號1786,其他,有適當之駕照,經檢測無酒精反應,機車前車頭,未注意車前狀態∕尚未發現肇事因素∕,未注意車前狀態∕未注意車前狀態∕,其他,其他,本國∕本國∕
10209,10209Y00020048,YZA1,10209YZ000026,2013,9,14,22,9,金門縣,金城鎮,東門里,NA,民族路,,,NA,66,,,,,,NA,NA,NA,NA,NA,NA,NA,NA,NA,0,1,0,雨,夜間（或隧道、地下道、涵洞）有照明,村里道路,40,直路,一般車道（未劃分快慢車道）,柏油,濕潤,無缺陷,無障礙物,良好,無號誌,無號誌,無標記,未繪設車道線,未繪設快慢車道分隔線,有,路上翻車、摔倒,酒醉（後）駕駛失控,Y000,YZ00,1,2,2013/9/14,民族路66號,,金門縣金城鎮東門里,118.3157499,24.4302723,普通重型 機車∕ ∕,機車普通重型,47∕0∕,受傷,PZ****2代號1787,其他,有適當之駕照,無法檢測,機車前車頭,酒醉（後）駕駛失控∕尚未發現肇事因素∕,酒醉（後）駕駛失控∕酒醉（後）駕駛失控∕,其他,其他,本國∕本國∕
10209,10209Y00020049,YZA1,10209YZ000027,2013,9,15,13,10,金門縣,金寧鄉,,NA,林堡路,,,NA,,,,,,00475號路燈桿前路段,NA,NA,NA,NA,NA,NA,NA,NA,NA,0,1,0,晴,日間自然光線,村里道路,60,直路,一般車道（未劃分快慢車道）,柏油,乾燥,無缺陷,無障礙物,良好,無號誌,無號誌,無標記,未繪設車道線,未繪設快慢車道分隔線,有,路上翻車、摔倒,不明原因肇事,Y000,YZ00,1,2,2013/9/15,林堡路,,金門縣金寧鄉00475號路燈桿前路段,118.3345146,24.4434579,普通重型 機車∕ ∕,機車普通重型,56∕0∕,受傷,75****E代號1788,其他,有適當之駕照,經檢測無酒精反應,機車左側車身,不明原因肇事∕尚未發現肇事因素∕,不明原因肇事∕不明原因肇事∕,家庭主婦（夫）,其他,本國∕本國∕
10209,10209Y00020018,YZA1,10209YZ000029,2013,9,15,19,37,金門縣,金城鎮,,NA,光前路,,,NA,,,,,,華僑之家前路口,NA,NA,NA,NA,NA,NA,NA,NA,NA,0,1,0,晴,夜間（或隧道、地下道、涵洞）有照明,鄉道,40,三岔路,交岔口附近,柏油,乾燥,無缺陷,無障礙物,良好,無號誌,無號誌,無標記,未繪設車道線,未繪設快慢車道分隔線,有,追撞,未保持行車安全距離,Y000,YZ00,1,2,2013/9/15,光前路,,金門縣金城鎮華僑之家前路口,118.3142468,24.4339885,普通重型 機車∕腳踏自行車 慢車∕,機車普通重型∕腳踏自行車∕,20∕0∕,未受傷∕受傷∕,31****V代號1789,其他∕其他∕,有適當之駕照∕非汽（機）車駕駛人∕,經檢測無酒精反應∕經檢測無酒精反應∕,機車前車頭∕非汽（機）車∕,未保持行車安全距離∕尚未發現肇事因素∕,未保持行車安全距離∕未保持行車安全距離∕,其他∕無業者∕,其他∕其他∕,本國∕本國∕
10209,10209Y00020017,YZA1,10209YZ000033,2013,9,15,15,50,金門縣,金城鎮,,NA,西海路,三,22,22,2,,,,,,NA,NA,NA,NA,NA,NA,NA,NA,NA,0,1,0,晴,日間自然光線,村里道路,40,巷弄,一般車道（未劃分快慢車道）,水泥,乾燥,有坑洞,道路工事（程）中,良好,無號誌,無號誌,無分向設施,未繪設車道線,未繪設快慢車道分隔線,無,撞工程施工,路況危險無安全（警告）設施,Y000,YZ00,1,2,2013/9/15,西海路三段22巷22弄2號,,金門縣金城鎮,118.3124964,24.4226194, ∕普通重型 機車∕,∕機車普通重型∕,0∕55∕,∕受傷∕,∕00****E代號1790∕,∕其他∕,∕有適當之駕照∕,∕經觀察未飲酒∕,∕機車左側車身∕,路況危險無安全（警告）設施∕尚未發現肇事因素∕,路況危險無安全（警告）設施∕路況危險無安全（警告）設施∕,∕其他∕,∕其他∕,本國∕本國∕
10209,10209Y00020047,YZA1,10209YZ000034,2013,9,14,17,0,金門縣,金城鎮,西門里,NA,莒光路,,,NA,160,,,,,巷口,NA,NA,NA,NA,NA,NA,NA,NA,NA,0,1,0,晴,日間自然光線,村里道路,30,巷弄,一般車道（未劃分快慢車道）,水泥,乾燥,無缺陷,無障礙物,其他,無號誌,無號誌,無分向設施,未繪設車道線,未繪設快慢車道分隔線,無,側撞,使用手持行動電話失控,Y000,YZ00,1,2,2013/9/14,莒光路160號,,金門縣金城鎮西門里巷口,118.3169343,24.432731,腳踏自行車 慢車∕自用 小貨車(含客、貨兩用)∕,腳踏自行車∕小貨車自用∕,18∕68∕,受傷∕未受傷∕,∕8B****5代號1791∕,其他∕其他∕,非汽（機）車駕駛人∕有適當之駕照∕,非駕駛人，未檢測∕經觀察未飲酒∕,非汽（機）車∕汽車左側車身∕,使用手持行動電話失控∕未注意車前狀態∕,使用手持行動電話失控∕使用手持行動電話失控∕,高中生∕不明∕,上、下學∕不明∕,本國∕本國∕
10209,10209Y00020022,YZA1,10209YZ000036,2013,9,18,7,30,金門縣,金城鎮,,NA,金山路,,,NA,,,浯江路,,,路口,NA,NA,NA,NA,NA,NA,NA,NA,NA,0,1,0,晴,日間自然光線,村里道路,40,三岔路,交岔路口內,柏油,乾燥,無缺陷,無障礙物,良好,無號誌,無號誌,無分向設施,未繪設車道線,未繪設快慢車道分隔線,有,側撞,未保持行車安全距離,Y000,YZ00,1,2,2013/9/18,金山路,浯江路,,118.3250295,24.42609024,普通輕型 機車∕自用 小客車∕,機車普通輕型∕小客車自用∕,19∕38∕,受傷∕未受傷∕,50****Y代號1792∕9C****1代號1793∕,其他∕其他∕,有適當之駕照∕有適當之駕照∕,經呼氣檢測未超過0.15mg∕L或血液檢測未超過0.03∕經檢測無酒精反應∕,機車前車頭∕汽車右側車身∕,未保持行車安全距離∕尚未發現肇事因素∕,未保持行車安全距離∕未保持行車安全距離∕,大學（研究）生∕其他∕,上、下學∕上、下班∕,本國∕本國∕
10209,10209Y00020024,YZA1,10209YZ000038,2013,9,18,12,10,金門縣,金寧鄉,湖浦村,NA,慈湖路,三,,NA,,,,,,03445號路燈桿前,NA,NA,NA,NA,NA,NA,NA,NA,NA,0,1,0,晴,日間自然光線,鄉道,50,直路,一般車道（未劃分快慢車道）,柏油,乾燥,無缺陷,無障礙物,彎道,無號誌,無號誌,附標記,未繪設車道線,未繪設快慢車道分隔線,有,路上翻車、摔倒,未依規定減速,Y000,YZ00,1,2,2013/9/18,慈湖路三段,,金門縣金寧鄉湖浦村03445號路燈桿前,118.3001065,24.4637277,普通重型 機車∕ ∕,機車普通重型,19∕0∕,受傷,AA*****5代號1794,其他,有適當之駕照,經檢測無酒精反應,機車前車頭,未依規定減速∕尚未發現肇事因素∕,未依規定減速∕未依規定減速∕,服務工作者,業務聯繫,本國∕本國∕
10209,10209Y00030007,YZA1,10209YZ000041,2013,9,19,16,9,金門縣,金寧鄉,安美村,NA,頂林路,,,NA,,,,,,頂林路與瓊安路口,NA,NA,NA,NA,NA,NA,NA,NA,NA,0,0,0,晴,日間自然光線,鄉道,50,四岔路,交岔路口內,柏油,乾燥,無缺陷,無障礙物,良好,閃光號誌,正常,無分向設施,未繪設車道線,未繪設快慢車道分隔線,有,對撞,未依規定讓車,Y000,YZ00,1,3,2013/9/19,頂林路,,金門縣金寧鄉安美村頂林路與瓊安路口,118.3246113,24.4625018,自用 小客車∕租賃車 小客車∕,小客車自用∕小客車租貸車∕,45∕36∕,未受傷∕未受傷∕,6F****0代號1795∕00****J代號1796∕,其他∕其他∕,有適當之駕照∕有適當之駕照∕,經觀察未飲酒∕經觀察未飲酒∕,汽車右前車頭（身）∕汽車車頂∕,未依規定讓車∕未依規定減速∕,未依規定讓車∕未依規定讓車∕,不明∕不明∕,不明∕不明∕,本國∕本國∕