年月,總編號,處理單位,處理編號,年,月,日,時,分,縣市,區,村里,鄰,街道,段,巷,弄,號,公尺處,街道.1,段.1,側,附近,道路,公里,公尺處.1,向,車道,平交道,公里.1,公尺處.2,附近.1,死,受傷,X2.30,天候,光線,道路類別,速限,道路型態,事故位置,路面鋪裝,路面狀態,路面缺陷,障礙物,視距,號誌種類,號誌動作,分向設施,快車道或一般車道間,快慢車道間,路面邊線,事故類型及型態,主要肇因,警局,分局,案件類別,事故類別,日期,道路1,道路2,概略位置,lon,lat,車種,當事者區分.類別.,年齡,受傷程度,車輛牌照號碼,車輛用途,駕駛資格情形,飲酒情形,車輛撞擊部位最初,肇事因素個別,肇事因素主要,職.業,旅次目的,國籍
10209,10209Y00020027,YZA1,10209YZ000042,2013,9,20,15,20,金門縣,烈嶼鄉,,NA,八青路,,,NA,,,,,,南塘社區路段,NA,NA,NA,NA,NA,NA,NA,NA,NA,0,1,0,晴,日間自然光線,村里道路,50,直路,一般車道（未劃分快慢車道）,柏油,乾燥,無缺陷,無障礙物,良好,無號誌,無號誌,無標記,未繪設車道線,未繪設快慢車道分隔線,有,其他,裝載貨物不穩妥,Y000,YZ00,1,2,2013/9/20,八青路,,金門縣烈嶼鄉南塘社區路段,118.2364682,24.422863,自用 小貨車(含客、貨兩用)∕普通重型 機車∕,小貨車自用∕機車普通重型∕,43∕58∕,未受傷∕受傷∕,6F****3代號1797∕81****J代號1798∕,其他∕其他∕,有適當之駕照∕有適當之駕照∕,經檢測無酒精反應∕經檢測無酒精反應∕,不明∕機車前車頭∕,裝載貨物不穩妥∕未注意車前狀態∕,裝載貨物不穩妥∕裝載貨物不穩妥∕,不明∕其他∕,不明∕其他∕,本國∕本國∕
10209,10209Y00020028,YZA1,10209YZ000045,2013,9,20,19,12,金門縣,金寧鄉,湖埔村,NA,慈湖路,一,,NA,113,,,,,,NA,NA,NA,NA,NA,NA,NA,NA,NA,0,1,0,晴,夜間（或隧道、地下道、涵洞）有照明,鄉道,50,直路,一般車道（未劃分快慢車道）,柏油,乾燥,無缺陷,無障礙物,良好,無號誌,無號誌,附標記,未繪設車道線,未繪設快慢車道分隔線,有,穿越道路中,穿越道路未注意左右來車,Y000,YZ00,1,2,2013/9/20,慈湖路一段113號,,金門縣金寧鄉湖埔村,118.3117387,24.4416084,行人 人∕普通重型 機車∕,行人∕機車普通重型∕,17∕43∕,受傷∕未受傷∕,∕LM****5代號1799∕,非駕駛人及乘客∕其他∕,非汽（機）車駕駛人∕有適當之駕照∕,非駕駛人，未檢測∕經檢測無酒精反應∕,非汽（機）車∕機車前車頭∕,穿越道路未注意左右來車∕未注意車前狀態∕,穿越道路未注意左右來車∕穿越道路未注意左右來車∕,大學（研究）生∕事務工作者∕,其他∕社交活動∕,本國∕本國∕
10209,10209Y00020030,YZA1,10209YZ000046,2013,9,20,21,33,金門縣,金城鎮,,NA,民權路,,,NA,182,,,,,中華電信前路段,NA,NA,NA,NA,NA,NA,NA,NA,NA,0,2,0,晴,夜間（或隧道、地下道、涵洞）有照明,村里道路,40,四岔路,穿越道附近,柏油,乾燥,無缺陷,無障礙物,良好,無號誌,無號誌,無分向設施,未繪設車道線,未繪設快慢車道分隔線,有,穿越道路中,穿越道路未注意左右來車,Y000,YZ00,1,2,2013/9/20,民權路182號,,金門縣金城鎮中華電信前路段,118.3192898,24.4381016,行人 人∕普通重型 機車∕,行人∕機車普通重型∕,4∕25∕,受傷∕受傷∕,∕5G****2代號1800∕,非駕駛人及乘客∕其他∕,非汽（機）車駕駛人∕有適當之駕照∕,非駕駛人，未檢測∕經檢測無酒精反應∕,非汽（機）車∕機車前車頭∕,穿越道路未注意左右來車∕搶越行人穿越道∕,穿越道路未注意左右來車∕穿越道路未注意左右來車∕,未就學兒童∕服務工作者∕,其他∕其他∕,本國∕本國∕
10209,10209Y00020025,YZA1,10209YZ000047,2013,9,19,13,50,金門縣,金城鎮,珠沙里,NA,金山路,,,NA,,,,,,5626路燈桿,NA,NA,NA,NA,NA,NA,NA,NA,NA,0,1,0,晴,日間自然光線,縣道,50,直路,一般車道（未劃分快慢車道）,柏油,乾燥,無缺陷,有堆積物,樹木、農作物,無號誌,無號誌,無標記,禁止雙換車道線（附標記）,未繪設快慢車道分隔線,有,路上翻車、摔倒,尚未發現肇事因素,Y000,YZ00,1,2,2013/9/19,金山路,,金門縣金城鎮珠沙里5626路燈桿,118.3277754,24.4167689, ∕普通重型 機車∕,∕機車普通重型∕,0∕37∕,∕受傷∕,∕91****W代號1801∕,∕其他∕,∕有適當之駕照∕,∕經檢測無酒精反應∕,∕機車左側車身∕,尚未發現肇事因素∕未注意車前狀態∕,尚未發現肇事因素∕尚未發現肇事因素∕,∕大學（研究）生∕,∕不明∕,本國∕本國∕
10209,10209Y00020033,YZA1,10209YZ000049,2013,9,22,18,28,金門縣,金寧鄉,,NA,伯玉路,二,,NA,,,,,,00964號燈桿前路段,NA,NA,NA,NA,NA,NA,NA,NA,NA,0,2,0,雨,夜間（或隧道、地下道、涵洞）有照明,縣道,70,直路,慢車道,柏油,濕潤,無缺陷,無障礙物,良好,無號誌,無號誌,無標記,未繪設車道線,快慢車道分隔線,有,追撞,未注意車前狀態,Y000,YZ00,1,2,2013/9/22,伯玉路二段,,金門縣金寧鄉00964號燈桿前路段,118.3416148,24.4414563,普通重型 機車∕人力車 慢車∕乘客 人,機車普通重型∕人力車∕乘客,32∕60∕25,受傷∕未受傷∕受傷,19****V代號180219****V代號1802,其他∕其他∕其他,有適當之駕照∕非汽（機）車駕駛人∕非汽（機）車駕駛人,經檢測無酒精反應∕非駕駛人，未檢測∕非駕駛人，未檢測,機車前車頭∕非汽（機）車∕非汽（機）車,未注意車前狀態∕尚未發現肇事因素∕尚未發現肇事因素,未注意車前狀態∕未注意車前狀態∕未注意車前狀態,事務工作者∕技術工∕事務工作者,觀光旅遊∕其他∕觀光旅遊,本國∕本國∕本國
10209,10209Y00020034,YZA1,10209YZ000053,2013,9,23,12,45,金門縣,金寧鄉,,NA,大學路,,,NA,,,,,,理工學院前路段,NA,NA,NA,NA,NA,NA,NA,NA,NA,0,1,0,晴,日間自然光線,專用道路,30,直路,一般車道（未劃分快慢車道）,水泥,乾燥,無缺陷,無障礙物,良好,無號誌,無號誌,附標記,未繪設車道線,未繪設快慢車道分隔線,有,其他,起步未注意其他車（人）安全,Y000,YZ00,1,2,2013/9/23,大學路,,金門縣金寧鄉理工學院前路段,118.325279,24.4466751,自用 小客車∕普通重型 機車∕,小客車自用∕機車普通重型∕,57∕19∕,未受傷∕受傷∕,5G****8代號1803∕MH****2代號1804∕,其他∕其他∕,有適當之駕照∕有適當之駕照∕,經檢測無酒精反應∕無法檢測∕,汽車左前車頭（身）∕機車前車頭∕,起步未注意其他車（人）安全∕未注意車前狀態∕,起步未注意其他車（人）安全∕起步未注意其他車（人）安全∕,不明∕不明∕,其他∕其他∕,本國∕本國∕
10209,10209Y00020032,YZA1,10209YZ000055,2013,9,21,21,15,金門縣,金寧鄉,,NA,環島北路,二,,NA,,,,,,0107號路燈桿前路段,NA,NA,NA,NA,NA,NA,NA,NA,NA,0,1,0,強風,夜間（或隧道、地下道、涵洞）有照明,鄉道,60,直路,一般車道（未劃分快慢車道）,柏油,乾燥,無缺陷,無障礙物,良好,無號誌,無號誌,無標記,未繪設車道線,未繪設快慢車道分隔線,有,撞路樹、電桿,超速失控,Y000,YZ00,1,2,2013/9/21,環島北路二段,,金門縣金寧鄉0107號路燈桿前路段,118.3537405,24.452631,自用 小客車∕ ∕,小客車自用,25∕0∕,受傷,AA*****9代號1805,其他,有適當之駕照,經檢測無酒精反應,汽車右前車頭（身）,超速失控∕尚未發現肇事因素∕,超速失控∕超速失控∕,事務工作者,其他,本國∕本國∕
10209,10209Y00020036,YZA1,10209YZ000057,2013,9,26,12,20,金門縣,金城鎮,,NA,民權路,,,NA,228,,,,,,NA,NA,NA,NA,NA,NA,NA,NA,NA,0,2,0,晴,日間自然光線,村里道路,50,四岔路,交岔路口內,柏油,乾燥,無缺陷,無障礙物,良好,無號誌,無號誌,無分向設施,未繪設車道線,未繪設快慢車道分隔線,有,側撞,違規超車,Y000,YZ00,1,2,2013/9/26,民權路228號,,金門縣金城鎮,118.3203705,24.4392567,普通重型 機車∕租賃車 小客車∕乘客 人,機車普通重型∕小客車租貸車∕乘客,18∕46∕18,受傷∕未受傷∕受傷,AD*****0代號1806∕55****8代號1807∕AD*****0代號1806,其他∕其他∕其他,有適當之駕照∕有適當之駕照∕非汽（機）車駕駛人,經檢測無酒精反應∕經檢測無酒精反應∕非駕駛人，未檢測,機車右側車身∕汽車左側車身∕非汽（機）車,違規超車∕尚未發現肇事因素∕尚未發現肇事因素,違規超車∕違規超車∕違規超車,大學（研究）生∕不明∕大學（研究）生,其他∕其他∕其他,本國∕本國∕本國
10209,10209Y00020037,YZA1,10209YZ000058,2013,9,26,17,50,金門縣,金城鎮,,NA,民權路,,,NA,,,珠浦北路,,,,NA,NA,NA,NA,NA,NA,NA,NA,NA,0,1,0,晴,晨或暮光,村里道路,50,四岔路,交岔路口內,柏油,乾燥,無缺陷,無障礙物,良好,行車管制號誌,正常,無分向設施,未繪設車道線,未繪設快慢車道分隔線,有,側撞,左轉彎未依規定,Y000,YZ00,1,2,2013/9/26,民權路,珠浦北路,,118.3161299,24.43473165,普通重型 機車∕普通重型 機車∕,機車普通重型∕機車普通重型∕,24∕19∕,未受傷∕受傷∕,82****D代號1808∕OB****3代號1809∕,其他∕其他∕,有適當之駕照∕有適當之駕照∕,經檢測無酒精反應∕經檢測無酒精反應∕,機車左側車身∕機車前車頭∕,左轉彎未依規定∕未注意車前狀態∕,左轉彎未依規定∕左轉彎未依規定∕,不明∕大學（研究）生∕,其他∕其他∕,本國∕本國∕
10209,10209Y00020038,YZA1,10209YZ000060,2013,9,27,19,30,金門縣,金寧鄉,,NA,環島西路,,,NA,,,大學路,,,,NA,NA,NA,NA,NA,NA,NA,NA,NA,0,1,0,晴,夜間（或隧道、地下道、涵洞）有照明,村里道路,60,三岔路,交岔路口內,柏油,乾燥,無缺陷,無障礙物,良好,閃光號誌,正常,附標記,未繪設車道線,未繪設快慢車道分隔線,有,其他,未依規定讓車,Y000,YZ00,1,2,2013/9/27,環島西路,大學路,,118.319604,24.444293,普通重型 機車∕普通重型 機車∕,機車普通重型∕機車普通重型∕,25∕64∕,未受傷∕受傷∕,AD*****3代號1810∕38****C代號1811∕,其他∕其他∕,有適當之駕照∕有適當之駕照∕,經檢測無酒精反應∕經檢測無酒精反應∕,機車左側車身∕機車前車頭∕,未依規定讓車∕未依規定減速∕,未依規定讓車∕未依規定讓車∕,事務工作者∕家庭主婦（夫）∕,不明∕不明∕,本國∕本國∕
10209,10209Y00020039,YZA1,10209YZ000062,2013,9,28,13,40,金門縣,金寧鄉,,NA,環島西路,二,,NA,,,,,,埔後路口,NA,NA,NA,NA,NA,NA,NA,NA,NA,0,2,0,晴,日間自然光線,縣道,50,多岔路,交岔路口內,柏油,乾燥,無缺陷,無障礙物,良好,無號誌,無號誌,無分向設施,未繪設車道線,未繪設快慢車道分隔線,有,側撞,左轉彎未依規定,Y000,YZ00,1,2,2013/9/28,環島西路二段,,金門縣金寧鄉埔後路口,118.3148723,24.4566699,普通重型 機車∕普通重型 機車∕,機車普通重型∕機車普通重型∕,47∕71∕,受傷∕受傷∕,09****U代號1812∕31****F代號1813∕,其他∕其他∕,無照（已達考照年齡）∕有適當之駕照∕,經檢測無酒精反應∕經檢測無酒精反應∕,機車左側車身∕機車右側車身∕,左轉彎未依規定∕違規超車∕,左轉彎未依規定∕左轉彎未依規定∕,無業者∕無業者∕,其他∕其他∕,本國∕本國∕
10209,10209Y00020040,YZA1,10209YZ000063,2013,9,28,17,49,金門縣,烈嶼鄉,,NA,湖埔路,,,NA,,,,,,黃厝37號前路段,NA,NA,NA,NA,NA,NA,NA,NA,NA,0,1,0,晴,晨或暮光,鄉道,50,三岔路,交岔口附近,柏油,乾燥,突出（高低）不平,無障礙物,良好,無號誌,無號誌,無標記,未繪設車道線,未繪設快慢車道分隔線,有,路上翻車、摔倒,未注意車前狀態,Y000,YZ00,1,2,2013/9/28,湖埔路,,金門縣烈嶼鄉黃厝37號前路段,118.258388,24.4413942,普通重型 機車∕ ∕,機車普通重型,48∕0∕,受傷,75****F代號1814,其他,有適當之駕照,經檢測無酒精反應,機車前車頭,未注意車前狀態∕路況危險無安全（警告）設施∕,未注意車前狀態∕未注意車前狀態∕,服務工作者,其他,本國∕本國∕
10209,10209Y00020042,YZA1,10209YZ000065,2013,9,29,11,15,金門縣,金寧鄉,榜林村,NA,伯玉路,一,,NA,232,,,,,,NA,NA,NA,NA,NA,NA,NA,NA,NA,0,1,0,晴,日間自然光線,村里道路,60,直路,一般車道（未劃分快慢車道）,柏油,乾燥,無缺陷,無障礙物,良好,無號誌,無號誌,附標記,未繪設車道線,快慢車道分隔線,有,側撞,未依規定讓車,Y000,YZ00,1,2,2013/9/29,伯玉路一段232號,,金門縣金寧鄉榜林村,118.3267756,24.4346914,自用 小客車∕普通重型 機車∕,小客車自用∕機車普通重型∕,29∕17∕,未受傷∕受傷∕,04****X代號1815∕82****W代號1816∕,其他∕其他∕,有適當之駕照∕無照（未達考照年齡）∕,經檢測無酒精反應∕經檢測無酒精反應∕,汽車前車頭∕機車前車頭∕,未依規定讓車∕未注意車前狀態∕,未依規定讓車∕未依規定讓車∕,其他∕高中生∕,購物∕其他∕,本國∕本國∕
10209,10209Y00020043,YZA1,10209YZ000066,2013,9,29,19,15,金門縣,金寧鄉,安美里,NA,瓊安路,,,NA,,,,,,07459號路燈桿前,NA,NA,NA,NA,NA,NA,NA,NA,NA,0,1,0,晴,夜間（或隧道、地下道、涵洞）有照明,村里道路,50,直路,一般車道（未劃分快慢車道）,柏油,乾燥,無缺陷,無障礙物,良好,無號誌,無號誌,附標記,未繪設車道線,未繪設快慢車道分隔線,有,衝出路外,未注意車前狀態,Y000,YZ00,1,2,2013/9/29,瓊安路,,金門縣金寧鄉安美里07459號路燈桿前,118.343873,24.4603508,普通重型 機車∕ ∕,機車普通重型,57∕0∕,受傷,71****F代號1817,其他,有適當之駕照,經檢測無酒精反應,機車前車頭,未注意車前狀態∕尚未發現肇事因素∕,未注意車前狀態∕未注意車前狀態∕,農林漁牧工作者,社交活動,本國∕本國∕
10209,10209Y00020051,YZA1,10209YZ000068,2013,9,30,12,55,金門縣,金城鎮,,NA,民族路,,,NA,282,,,,,,NA,NA,NA,NA,NA,NA,NA,NA,NA,0,2,0,晴,日間自然光線,村里道路,40,直路,一般車道（未劃分快慢車道）,柏油,乾燥,無缺陷,路上有停車,良好,無號誌,無號誌,無標記,未繪設車道線,未繪設快慢車道分隔線,有,穿越道路中,未依標誌、標線、號誌或手勢指揮穿越道路,Y000,YZ00,1,2,2013/9/30,民族路282號,,金門縣金城鎮,118.3157499,24.4302723,行人 人∕普通重型 機車∕,行人∕機車普通重型∕,53∕37∕,受傷∕受傷∕,∕CZ****9代號1818∕,非駕駛人及乘客∕其他∕,非汽（機）車駕駛人∕有適當之駕照∕,非駕駛人，未檢測∕經檢測無酒精反應∕,非汽（機）車∕機車前車頭∕,未依標誌、標線、號誌或手勢指揮穿越道路∕未注意車前狀態∕,未依標誌、標線、號誌或手勢指揮穿越道路∕未依標誌、標線、號誌或手勢指揮穿越道路∕,技術員及助理人員∕服務工作者∕,上、下班∕上、下班∕,本國∕本國∕
10209,10209Y00030011,YZA1,10209YZ000069,2013,9,30,20,10,金門縣,金城鎮,西門里,NA,環島北路,,,NA,32,,,,,,NA,NA,NA,NA,NA,NA,NA,NA,NA,0,0,0,晴,夜間（或隧道、地下道、涵洞）有照明,縣道,60,直路,一般車道（未劃分快慢車道）,柏油,乾燥,無缺陷,無障礙物,良好,無號誌,無號誌,無標記,未繪設車道線,未繪設快慢車道分隔線,有,追撞,未保持行車安全距離,Y000,YZ00,1,3,2013/9/30,環島北路32號,,金門縣金城鎮西門里,118.322662,24.441264,自用 小客車∕自用 小客車∕,小客車自用∕小客車自用∕,30∕29∕,未受傷∕未受傷∕,IV****2代號1819∕AA*****7代號1820∕,其他∕其他∕,有適當之駕照∕有適當之駕照∕,經檢測無酒精反應∕經檢測無酒精反應∕,汽車前車頭∕汽車後車尾∕,未保持行車安全距離∕尚未發現肇事因素∕,未保持行車安全距離∕未保持行車安全距離∕,不明∕不明∕,不明∕不明∕,本國∕本國∕
10209,10209Y00020046,YZA1,10209YZ000070,2013,9,30,21,45,金門縣,金城鎮,東門里,NA,環島西路,一,,NA,101-8,,,,,,NA,NA,NA,NA,NA,NA,NA,NA,NA,0,1,0,晴,夜間（或隧道、地下道、涵洞）有照明,村里道路,50,直路,一般車道（未劃分快慢車道）,柏油,乾燥,無缺陷,無障礙物,良好,無號誌,無號誌,附標記,未繪設車道線,未繪設快慢車道分隔線,有,其他,未依規定讓車,Y000,YZ00,1,2,2013/9/30,環島西路一段101-8號,,金門縣金城鎮東門里,118.3184801,24.4172073,普通重型 機車∕普通重型 機車∕,機車普通重型∕機車普通重型∕,22∕20∕,未受傷∕受傷∕,3J****3代號1821∕57****D代號1822∕,其他∕其他∕,有適當之駕照∕有適當之駕照∕,經檢測無酒精反應∕經檢測無酒精反應∕,機車前車頭∕機車前車頭∕,未依規定讓車∕未依規定減速∕,未依規定讓車∕未依規定讓車∕,技術員及助理人員∕高中生∕,上、下班∕其他∕,本國∕本國∕
10209,10209Y00020045,YZA1,10209YZ000071,2013,9,30,10,19,金門縣,烈嶼鄉,,NA,,,,NA,,,,,,西宅忠仁亭前路段,NA,NA,NA,NA,NA,NA,NA,NA,NA,0,1,0,晴,日間自然光線,村里道路,40,四岔路,交岔路口內,柏油,乾燥,無缺陷,其他障礙物,其他,無號誌,無號誌,無分向設施,未繪設車道線,未繪設快慢車道分隔線,有,路口交岔撞,未依規定讓車,Y000,YZ00,1,2,2013/9/30,金門縣烈嶼鄉西宅忠仁亭前路段,,金門縣烈嶼鄉西宅忠仁亭前路段,118.248416,24.428949,普通重型 機車∕自用 小客車∕,機車普通重型∕小客車自用∕,43∕56∕,受傷∕未受傷∕,GE****6代號1823∕18****U代號1824∕,其他∕其他∕,有適當之駕照∕有適當之駕照∕,經檢測無酒精反應∕經檢測無酒精反應∕,機車前車頭∕汽車左側車身∕,未依規定讓車∕未依規定減速∕,未依規定讓車∕未依規定讓車∕,其他∕其他∕,上、下班∕上、下班∕,本國∕本國∕
10210,,YYA1,10210YY000001,2013,10,1,1,13,金門縣,金沙鎮,,NA,環島北路,三,,NA,,,,,,0166路燈前,NA,NA,NA,NA,NA,NA,NA,NA,NA,0,0,0,晴,夜間（或隧道、地下道、涵洞）有照明,村里道路,60,直路,一般車道（未劃分快慢車道）,柏油,乾燥,無缺陷,無障礙物,良好,無號誌,無號誌,無標記,車道線（無標記）,未繪設快慢車道分隔線,有,撞護欄（樁）,未注意車前狀態,Y000,YY00,1,4,2013/10/1,環島北路三段,,金門縣金沙鎮0166路燈前,118.388325,24.466263,自用 小客車∕ ∕,小客車自用,47∕0∕,未受傷,07****X代號1825,其他,有適當之駕照,經檢測無酒精反應,汽車右前車頭（身）,未注意車前狀態∕尚未發現肇事因素∕,未注意車前狀態∕未注意車前狀態∕,家庭主婦（夫）,購物,本國∕本國∕
10210,,YYA1,10210YY000018,2013,10,8,14,30,金門縣,金湖鎮,,NA,金港路,,,NA,,,,,,05731號路燈,NA,NA,NA,NA,NA,NA,NA,NA,NA,0,0,0,晴,NA,NA,50,NA,NA,NA,NA,NA,NA,NA,NA,NA,NA,NA,NA,NA,NA,NA,Y000,YY00,1,4,2013/10/8,金港路,,金門縣金湖鎮05731號路燈,118.4341546,24.4172342,自用 小貨車(含客、貨兩用)∕ ∕,小貨車自用,23∕0∕,,6F****5代號1826,,,,,,,,,本國∕本國∕
10210,10210Y00030005,YYA1,10210YY000021,2013,10,10,18,15,金門縣,金湖鎮,,NA,,,,NA,,,,,,尚義機場貨運站入口附近,NA,NA,NA,NA,NA,NA,NA,NA,NA,0,0,0,晴,夜間（或隧道、地下道、涵洞）有照明,其他,40,廣場,其他,水泥,乾燥,無缺陷,無障礙物,良好,無號誌,無號誌,無分向設施,未繪設車道線,未繪設快慢車道分隔線,無,倒車撞,倒車未依規定,Y000,YY00,1,3,2013/10/10,金門縣金湖鎮尚義機場貨運站入口附近,,金門縣金湖鎮尚義機場貨運站入口附近,118.376631,24.437699,自用 小貨車(含客、貨兩用)∕自用 小客車∕,小貨車自用∕小客車自用∕,25∕51∕,未受傷∕未受傷∕,06****V代號1827∕04****V代號1828∕,其他∕其他∕,有適當之駕照∕有適當之駕照∕,經檢測無酒精反應∕經檢測無酒精反應∕,汽車右後車尾（身）∕汽車左側車身∕,倒車未依規定∕其他引起事故之違規或不當行為∕,倒車未依規定∕倒車未依規定∕,其他∕其他∕,其他∕其他∕,本國∕本國∕
10210,,YYA1,10210YY000023,2013,10,11,16,0,金門縣,金湖鎮,,NA,中正路,,,NA,,,自強路,,,,NA,NA,NA,NA,NA,NA,NA,NA,NA,0,0,0,晴,日間自然光線,村里道路,40,四岔路,交岔路口內,柏油,乾燥,無缺陷,無障礙物,良好,無號誌,無號誌,無分向設施,未繪設車道線,未繪設快慢車道分隔線,有,路口交岔撞,未依規定讓車,Y000,YY00,3,3,2013/10/11,中正路,自強路,,118.4156185,24.44089977,自用 小客車∕計程車 小客車∕,小客車自用∕小客車計程車∕,31∕66∕,未受傷∕未受傷∕,9H****3代號1829∕14***5代號1830∕,其他∕其他∕,有適當之駕照∕有適當之駕照∕,不明∕不明∕,汽車前車頭∕汽車左前車頭（身）∕,未依規定讓車∕未依規定減速∕,未依規定讓車∕未依規定讓車∕,服務工作者∕汽車、火車駕駛員及船員∕,不明∕不明∕,本國∕本國∕
10210,10210Y00020002,YYA1,10210YY000024,2013,10,12,20,0,金門縣,金沙鎮,,NA,蘭洋路,,,NA,,,,,,浦邊107號旁,NA,NA,NA,NA,NA,NA,NA,NA,NA,0,1,0,陰,夜間（或隧道、地下道、涵洞）有照明,村里道路,50,直路,一般車道（未劃分快慢車道）,柏油,乾燥,無缺陷,無障礙物,良好,無號誌,無號誌,無標記,未繪設車道線,未繪設快慢車道分隔線,有,追撞,未注意車前狀態,Y000,YY00,1,2,2013/10/12,蘭洋路,,金門縣金沙鎮浦邊107號旁,118.3898548,24.4781702,自用 小客車∕自用 小客車∕,小客車自用∕小客車自用∕,26∕61∕,未受傷∕受傷∕,K6****1代號1831∕AA*****2代號1832∕,其他∕其他∕,有適當之駕照∕有適當之駕照∕,經檢測無酒精反應∕經檢測無酒精反應∕,汽車前車頭∕汽車後車尾∕,未注意車前狀態∕尚未發現肇事因素∕,未注意車前狀態∕未注意車前狀態∕,服務工作者∕服務工作者∕,其他∕其他∕,本國∕本國∕
10210,10210Y00020017,YYA1,10210YY000025,2013,10,13,7,45,金門縣,金湖鎮,,NA,環島南路,四,,NA,,,,,,塔后125之8號前路口,NA,NA,NA,NA,NA,NA,NA,NA,NA,0,1,0,晴,日間自然光線,村里道路,50,三岔路,交岔路口內,柏油,乾燥,無缺陷,無障礙物,良好,無號誌,無號誌,無分向設施,未繪設車道線,未繪設快慢車道分隔線,有,側撞,未依規定讓車,Y000,YY00,1,2,2013/10/13,環島南路四段,,金門縣金湖鎮塔后125之8號前路口,118.40101,24.438041,自用 小客車∕普通重型 機車∕,小客車自用∕機車普通重型∕,55∕52∕,未受傷∕受傷∕,6F****2代號1833∕PZ****5代號1834∕,其他∕其他∕,有適當之駕照∕有適當之駕照∕,經檢測無酒精反應∕經檢測無酒精反應∕,汽車右前車頭（身）∕機車前車頭∕,未依規定讓車∕未依規定減速∕,未依規定讓車∕未依規定讓車∕,服務工作者∕其他∕,其他∕其他∕,本國∕本國∕
10210,,YYA1,10210YY000026,2013,10,13,15,30,金門縣,金湖鎮,,NA,環島東路,五,,NA,,,,,,下湖47號前,NA,NA,NA,NA,NA,NA,NA,NA,NA,0,0,0,NA,NA,NA,0,NA,NA,NA,NA,NA,NA,NA,NA,NA,NA,NA,NA,NA,NA,NA,Y000,YY00,1,4,2013/10/13,環島東路五段,,金門縣金湖鎮下湖47號前,118.446814,24.4338343,營業用 小貨車(含客、貨兩用)∕自用 小客車∕,小貨車營業用∕小客車自用∕,23∕61∕,,33****0代號1835∕L8****5代號1836∕,,,,,,,,,本國∕本國∕
10210,10210Y00030006,YYA1,10210YY000029,2013,10,15,16,7,金門縣,金湖鎮,,NA,金港路,,,NA,,,,,,媽祖公園路口,NA,NA,NA,NA,NA,NA,NA,NA,NA,0,0,0,晴,日間自然光線,村里道路,50,四岔路,交岔路口內,柏油,乾燥,無缺陷,無障礙物,良好,無號誌,無號誌,無分向設施,未繪設車道線,未繪設快慢車道分隔線,有,路口交岔撞,未依規定讓車,Y000,YY00,1,3,2013/10/15,金港路,,金門縣金湖鎮媽祖公園路口,118.4341546,24.4172342,普通重型 機車∕營業用 大貨車∕,機車普通重型∕大貨車營業用∕,22∕29∕,未受傷∕未受傷∕,39****F代號1837∕VV***8代號1838∕,其他∕其他∕,有適當之駕照∕有適當之駕照∕,經檢測無酒精反應∕經檢測無酒精反應∕,機車前車頭∕汽車右後車尾（身）∕,未依規定讓車∕未依規定減速∕,未依規定讓車∕未依規定讓車∕,大學（研究）生∕汽車、火車駕駛員及船員∕,其他∕運輸∕,本國∕本國∕
10210,10210Y00020019,YYA1,10210YY000031,2013,10,15,22,9,金門縣,金湖鎮,,NA,,,,NA,,,,,,環島南路3段與瓊義路路口,NA,NA,NA,NA,NA,NA,NA,NA,NA,0,1,0,陰,夜間（或隧道、地下道、涵洞）有照明,村里道路,50,四岔路,交岔路口內,柏油,乾燥,無缺陷,無障礙物,良好,閃光號誌,正常,無分向設施,未繪設車道線,未繪設快慢車道分隔線,有,側撞,未依規定讓車,Y000,YY00,1,2,2013/10/15,金門縣金湖鎮環島南路3段與瓊義路路口,,金門縣金湖鎮環島南路3段與瓊義路路口,118.3757827,24.4398961,普通重型 機車∕自用 小客車∕,機車普通重型∕小客車自用∕,26∕35∕,受傷∕未受傷∕,89****E代號1839∕6F****3代號1840∕,其他∕其他∕,有適當之駕照∕有適當之駕照∕,經檢測無酒精反應∕經檢測無酒精反應∕,機車前車頭∕汽車右側車身∕,未依規定讓車∕尚未發現肇事因素∕,未依規定讓車∕未依規定讓車∕,其他∕技術員及助理人員∕,其他∕上、下班∕,本國∕本國∕
10210,10210Y00020040,YYA1,10210YY000035,2013,10,19,17,10,金門縣,金湖鎮,,NA,士校路,,,NA,1,,,,,,NA,NA,NA,NA,NA,NA,NA,NA,NA,0,1,0,晴,日間自然光線,村里道路,40,三岔路,交岔路口內,柏油,乾燥,無缺陷,無障礙物,良好,無號誌,無號誌,無分向設施,未繪設車道線,未繪設快慢車道分隔線,有,路口交岔撞,未依規定減速,Y000,YY00,1,2,2013/10/19,士校路1號,,金門縣金湖鎮,118.4271704,24.4453138,公營公車 大客車∕普通重型 機車∕,公營公車∕機車普通重型∕,25∕45∕,未受傷∕受傷∕,30***H代號1066∕AD*****2代號1841∕,其他∕其他∕,有適當之駕照∕有適當之駕照∕,經呼氣檢測未超過0.15mg∕L或血液檢測未超過0.03∕不明∕,汽車前車頭∕機車左側車身∕,未依規定減速∕未依規定讓車∕,未依規定減速∕未依規定減速∕,民意代表、行政主管、企業主管及經理人員∕技術工∕,運輸∕上、下班∕,本國∕本國∕
10210,,YYA1,10210YY000037,2013,10,20,8,5,金門縣,金湖鎮,,NA,太湖路,二,,NA,,,黃海路,,北,新市圓環,NA,NA,NA,NA,NA,NA,NA,NA,NA,0,0,0,NA,NA,NA,0,NA,NA,NA,NA,NA,NA,NA,NA,NA,NA,NA,NA,NA,NA,NA,Y000,YY00,1,4,2013/10/20,太湖路二段,黃海路,,118.413177,24.44068908,自用 小客車∕自用 小客車∕,小客車自用∕小客車自用∕,33∕40∕,,C3****0代號1842∕13****V代號1843∕,,,,,,,,,本國∕本國∕