年月,總編號,處理單位,處理編號,年,月,日,時,分,縣市,區,村里,鄰,街道,段,巷,弄,號,公尺處,街道.1,段.1,側,附近,道路,公里,公尺處.1,向,車道,平交道,公里.1,公尺處.2,附近.1,死,受傷,X2.30,天候,光線,道路類別,速限,道路型態,事故位置,路面鋪裝,路面狀態,路面缺陷,障礙物,視距,號誌種類,號誌動作,分向設施,快車道或一般車道間,快慢車道間,路面邊線,事故類型及型態,主要肇因,警局,分局,案件類別,事故類別,日期,道路1,道路2,概略位置,lon,lat,車種,當事者區分.類別.,年齡,受傷程度,車輛牌照號碼,車輛用途,駕駛資格情形,飲酒情形,車輛撞擊部位最初,肇事因素個別,肇事因素主要,職.業,旅次目的,國籍
10210,10210Y00020026,YYA1,10210YY000040,2013,10,22,7,17,金門縣,金湖鎮,,NA,環島南路,五,,NA,,,士校路,,,,NA,NA,NA,NA,NA,NA,NA,NA,NA,0,1,0,晴,日間自然光線,村里道路,40,四岔路,交岔路口內,柏油,乾燥,無缺陷,無障礙物,良好,閃光號誌,正常,無分向設施,未繪設車道線,未繪設快慢車道分隔線,有,路口交岔撞,未依規定讓車,Y000,YY00,1,2,2013/10/22,環島南路五段,士校路,,118.418513,24.434034,自用 小客車∕自用 小客車∕,小客車自用∕小客車自用∕,61∕46∕,未受傷∕受傷∕,6F****5代號1844∕6F****1代號1845∕,其他∕其他∕,有適當之駕照∕有適當之駕照∕,不明∕經檢測無酒精反應∕,不明∕汽車前車頭∕,未依規定讓車∕未依規定減速∕,未依規定讓車∕未依規定讓車∕,專業人員∕技術工∕,上、下班∕上、下班∕,本國∕本國∕
10210,,YY00,10210YY000041,2013,10,23,11,0,金門縣,金湖鎮,,NA,,,,NA,,,,,,零售市場後側停車場,NA,NA,NA,NA,NA,NA,NA,NA,NA,0,0,0,NA,NA,NA,0,NA,NA,NA,NA,NA,NA,NA,NA,NA,NA,NA,NA,NA,NA,NA,Y000,YY00,1,4,2013/10/23,金門縣金湖鎮零售市場後側停車場,,金門縣金湖鎮零售市場後側停車場,118.4279933,24.4376913,自用 小客車∕自用 小客車∕,小客車自用∕小客車自用∕,30∕28∕,,6F****3代號1846∕06****2代號1847∕,,,,,,,,,本國∕本國∕
10210,,YYA1,10210YY000042,2013,10,23,17,10,金門縣,金湖鎮,,NA,,,,NA,,,,,,重劃區,NA,NA,NA,NA,NA,NA,NA,NA,NA,0,0,0,NA,NA,NA,0,NA,NA,NA,NA,NA,NA,NA,NA,NA,NA,NA,NA,NA,NA,NA,Y000,YY00,4,4,2013/10/23,金門縣金湖鎮重劃區,,金門縣金湖鎮重劃區,118.4279933,24.4376913,自用 大貨車∕ ∕,大貨車自用,57∕0∕,,08***J代號374,,,,,,,,,本國∕本國∕
10210,10210Y00020031,YYA1,10210YY000047,2013,10,26,11,6,金門縣,金湖鎮,新湖里,NA,,,,NA,,,,,,林兜39號,NA,NA,NA,NA,NA,NA,NA,NA,NA,0,1,0,晴,日間自然光線,村里道路,40,直路,一般車道（未劃分快慢車道）,其他鋪裝,乾燥,無缺陷,路上有停車,良好,無號誌,無號誌,無分向設施,未繪設車道線,未繪設快慢車道分隔線,無,路上翻車、摔倒,未注意車前狀態,Y000,YY00,1,2,2013/10/26,金門縣金湖鎮新湖里林兜39號,,金門縣金湖鎮新湖里林兜39號,118.417239,24.439798,普通重型 機車∕ ∕,機車普通重型,25∕0∕,受傷,03****G代號1848,其他,越級駕駛,經檢測無酒精反應,機車右側車身,未注意車前狀態∕尚未發現肇事因素∕,未注意車前狀態∕未注意車前狀態∕,專業人員,業務聯繫,本國∕本國∕
10210,10210Y00030007,YYA1,10210YY000050,2013,10,27,11,40,金門縣,金湖鎮,,NA,環島南路,四,,NA,,,,,,夏興路段,NA,NA,NA,NA,NA,NA,NA,NA,NA,0,0,0,晴,日間自然光線,村里道路,50,直路,一般車道（未劃分快慢車道）,柏油,乾燥,無缺陷,無障礙物,良好,無號誌,無號誌,附標記,未繪設車道線,快慢車道分隔線,有,追撞,未保持行車安全距離,Y000,YY00,1,3,2013/10/27,環島南路四段,,金門縣金湖鎮夏興路段,118.40101,24.438041,營業用 大貨車∕自用 小客車∕,大貨車營業用∕小客車自用∕,47∕32∕,未受傷∕未受傷∕,VV***6代號1849∕06****X代號1850∕,其他∕其他∕,有適當之駕照∕有適當之駕照∕,經檢測無酒精反應∕經檢測無酒精反應∕,汽車前車頭∕汽車後車尾∕,未保持行車安全距離∕尚未發現肇事因素∕,未保持行車安全距離∕未保持行車安全距離∕,汽車、火車駕駛員及船員∕專業人員∕,不明∕不明∕,本國∕本國∕
10210,10210Y00020034,YYA1,10210YY000051,2013,10,28,14,0,金門縣,金沙鎮,,NA,沙青路,,,NA,,,陽沙路,,,,NA,NA,NA,NA,NA,NA,NA,NA,NA,0,1,0,晴,日間自然光線,村里道路,50,三岔路,交岔路口內,柏油,乾燥,無缺陷,無障礙物,良好,無號誌,無號誌,無分向設施,未繪設車道線,未繪設快慢車道分隔線,有,側撞,未依規定讓車,Y000,YY00,1,2,2013/10/28,沙青路,陽沙路,,118.4115237,24.4938586,自用 小客車∕普通重型 機車∕,小客車自用∕機車普通重型∕,21∕52∕,未受傷∕受傷∕,01****V代號1851∕99****S代號1852∕,其他∕其他∕,有適當之駕照∕有適當之駕照∕,經檢測無酒精反應∕經檢測無酒精反應∕,汽車前車頭∕機車前車頭∕,未依規定讓車∕未注意車前狀態∕,未依規定讓車∕未依規定讓車∕,服務工作者∕服務工作者∕,社交活動∕社交活動∕,本國∕本國∕
10210,10210Y00020035,YYA1,10210YY000052,2013,10,29,9,5,金門縣,金沙鎮,,NA,高陽路,,,NA,,,,,,斗門路口,NA,NA,NA,NA,NA,NA,NA,NA,NA,0,1,0,晴,日間自然光線,村里道路,60,四岔路,交岔路口內,柏油,乾燥,無缺陷,無障礙物,良好,無號誌,無號誌,無分向設施,未繪設車道線,未繪設快慢車道分隔線,有,追撞,未保持行車安全距離,Y000,YY00,1,2,2013/10/29,高陽路,,金門縣金沙鎮斗門路口,118.4078483,24.4727311,自用 小貨車(含客、貨兩用)∕普通重型 機車∕,小貨車自用∕機車普通重型∕,24∕26∕,未受傷∕受傷∕,39****6代號1853∕3J****9代號1854∕,其他∕其他∕,有適當之駕照∕有適當之駕照∕,經檢測無酒精反應∕經檢測無酒精反應∕,汽車右前車頭（身）∕機車後車尾∕,未保持行車安全距離∕尚未發現肇事因素∕,未保持行車安全距離∕未保持行車安全距離∕,其他∕其他∕,其他∕上、下班∕,本國∕本國∕
10210,,YYA1,10210YY000055,2013,10,29,21,0,金門縣,金湖鎮,,NA,伯玉路,四,,NA,,,,,,瓊林圓環,NA,NA,NA,NA,NA,NA,NA,NA,NA,0,0,0,NA,NA,NA,0,NA,NA,NA,NA,NA,NA,NA,NA,NA,NA,NA,NA,NA,NA,NA,Y000,YY00,1,4,2013/10/29,伯玉路四段,,金門縣金湖鎮瓊林圓環,118.3798588,24.4470039,自用 小客車∕自用 小客車∕,小客車自用∕小客車自用∕,29∕52∕,,6F****9代號1855∕18****S代號1856∕,,,,,,,,,本國∕本國∕
10210,10210Y00020038,YYA1,10210YY000057,2013,10,31,13,25,金門縣,金湖鎮,,NA,伯玉路,五,,NA,,,,,,無愧亭路段,NA,NA,NA,NA,NA,NA,NA,NA,NA,0,1,0,晴,日間自然光線,村里道路,60,彎曲路及附近,路肩、路緣,柏油,乾燥,無缺陷,無障礙物,良好,無號誌,無號誌,附標記,未繪設車道線,未繪設快慢車道分隔線,有,撞護欄（樁）,未依規定減速,Y000,YY00,1,2,2013/10/31,伯玉路五段,,金門縣金湖鎮無愧亭路段,118.3897645,24.4505133,普通重型 機車∕ ∕,機車普通重型,18∕0∕,受傷,NY****0代號1857,其他,無照（已達考照年齡）,經檢測無酒精反應,機車右側車身,未依規定減速∕尚未發現肇事因素∕,未依規定減速∕未依規定減速∕,大學（研究）生,觀光旅遊,本國∕本國∕
10210,10210Y00020039,YYA1,10210YY000058,2013,10,31,15,14,金門縣,金沙鎮,,NA,環中路,,,NA,,,,,,太武山圓環至挹洪橋路段,NA,NA,NA,NA,NA,NA,NA,NA,NA,0,1,0,晴,日間自然光線,村里道路,50,坡路,一般車道（未劃分快慢車道）,柏油,乾燥,無缺陷,無障礙物,良好,無號誌,無號誌,無標記,未繪設車道線,未繪設快慢車道分隔線,有,路上翻車、摔倒,未注意車前狀態,Y000,YY00,1,2,2013/10/31,環中路,,金門縣金沙鎮太武山圓環至挹洪橋路段,118.3912208,24.4595516,腳踏自行車 慢車∕ ∕,腳踏自行車,34∕0∕,受傷,,其他,非汽（機）車駕駛人,非駕駛人，未檢測,非汽（機）車,未注意車前狀態∕尚未發現肇事因素∕,未注意車前狀態∕未注意車前狀態∕,服務工作者,觀光旅遊,本國∕本國∕
10210,10210Y00020003,YZA1,10210YZ000002,2013,10,1,17,27,金門縣,金寧鄉,,NA,環島西路,二,,NA,,,,,,0812號路燈桿前路段,NA,NA,NA,NA,NA,NA,NA,NA,NA,0,2,0,晴,日間自然光線,村里道路,50,直路,一般車道（未劃分快慢車道）,柏油,乾燥,無缺陷,無障礙物,良好,無號誌,無號誌,無標記,未繪設車道線,未繪設快慢車道分隔線,有,追撞,未保持行車安全距離,Y000,YZ00,1,2,2013/10/1,環島西路二段,,金門縣金寧鄉0812號路燈桿前路段,118.3148723,24.4566699,普通重型 機車∕普通重型 機車∕乘客 人,機車普通重型∕機車普通重型∕乘客,20∕21∕20,受傷∕未受傷∕受傷,96****S代號1858∕30****N代號1859∕96****S代號1858,其他∕其他∕其他,有適當之駕照∕有適當之駕照∕非汽（機）車駕駛人,經檢測無酒精反應∕經檢測無酒精反應∕非駕駛人，未檢測,機車前車頭∕機車後車尾∕非汽（機）車,未保持行車安全距離∕尚未發現肇事因素∕尚未發現肇事因素,未保持行車安全距離∕未保持行車安全距離∕未保持行車安全距離,大學（研究）生∕大學（研究）生∕大學（研究）生,上、下學∕上、下學∕上、下學,本國∕本國∕本國
10210,,YZA1,10210YZ000003,2013,10,2,7,45,金門縣,金寧鄉,,NA,林湖路,,,NA,,,桃園路,,,,NA,NA,NA,NA,NA,NA,NA,NA,NA,0,0,0,晴,NA,NA,50,NA,NA,NA,NA,NA,NA,NA,NA,NA,NA,NA,NA,NA,NA,NA,Y000,YZ00,1,4,2013/10/2,林湖路,桃園路,,118.3304096,24.43245545,自用 小客車∕普通重型 機車∕,小客車自用∕機車普通重型∕,41∕38∕,,6F****1代號1860∕15****K代號1861∕,,,,,,,,,本國∕本國∕
10210,10210Y00020004,YZA1,10210YZ000004,2013,10,3,5,30,金門縣,金寧鄉,湖埔村,NA,慈湖路,二,,NA,,,,,,湖下候車亭前路段,NA,NA,NA,NA,NA,NA,NA,NA,NA,0,1,0,陰,晨或暮光,村里道路,60,直路,一般車道（未劃分快慢車道）,柏油,乾燥,無缺陷,無障礙物,良好,無號誌,無號誌,無標記,未繪設車道線,未繪設快慢車道分隔線,無,側撞,未依規定讓車,Y000,YZ00,1,2,2013/10/3,慈湖路二段,,金門縣金寧鄉湖埔村湖下候車亭前路段,118.3086295,24.4503462,自用 小貨車(含客、貨兩用)∕普通重型 機車∕,小貨車自用∕機車普通重型∕,50∕18∕,未受傷∕受傷∕,WY****1代號1862∕16****Q代號1863∕,其他∕其他∕,無照（已達考照年齡）∕有適當之駕照∕,經檢測無酒精反應∕經檢測無酒精反應∕,汽車前車頭∕機車前車頭∕,未依規定讓車∕未注意車前狀態∕,未依規定讓車∕未依規定讓車∕,技術工∕大學（研究）生∕,上、下班∕其他∕,本國∕本國∕
10210,10210Y00020005,YZA1,10210YZ000005,2013,10,3,13,25,金門縣,金寧鄉,,NA,大學路,,,NA,1,,,,,教學大樓前路口,NA,NA,NA,NA,NA,NA,NA,NA,NA,0,1,0,晴,日間自然光線,村里道路,40,三岔路,交岔路口內,水泥,乾燥,無缺陷,無障礙物,良好,無號誌,無號誌,無分向設施,未繪設車道線,未繪設快慢車道分隔線,有,側撞,未依規定讓車,Y000,YZ00,1,2,2013/10/3,大學路1號,,金門縣金寧鄉教學大樓前路口,118.325279,24.4466751,普通重型 機車∕普通重型 機車∕,機車普通重型∕機車普通重型∕,20∕21∕,受傷∕未受傷∕,87****T代號1318∕27****T代號1864∕,其他∕其他∕,有適當之駕照∕有適當之駕照∕,經檢測無酒精反應∕經檢測無酒精反應∕,機車前車頭∕機車左側車身∕,未依規定讓車∕未依規定減速∕,未依規定讓車∕未依規定讓車∕,大學（研究）生∕大學（研究）生∕,上、下學∕上、下學∕,本國∕本國∕
10210,10210Y00020006,YZA1,10210YZ000006,2013,10,3,17,20,金門縣,金寧鄉,,NA,頂林路,,,NA,,,,,,湖南37號前,NA,NA,NA,NA,NA,NA,NA,NA,NA,0,1,0,晴,日間自然光線,村里道路,50,四岔路,交岔口附近,柏油,乾燥,無缺陷,無障礙物,良好,無號誌,無號誌,無標記,未繪設車道線,未繪設快慢車道分隔線,有,追撞,未保持行車安全距離,Y000,YZ00,1,2,2013/10/3,頂林路,,金門縣金寧鄉湖南37號前,118.3246113,24.4625018,腳踏自行車 慢車∕自用 小客車∕,腳踏自行車∕小客車自用∕,14∕44∕,受傷∕未受傷∕,∕6F****6代號1865∕,其他∕其他∕,非汽（機）車駕駛人∕有適當之駕照∕,非駕駛人，未檢測∕經檢測無酒精反應∕,非汽（機）車∕汽車後車尾∕,未保持行車安全距離∕尚未發現肇事因素∕,未保持行車安全距離∕未保持行車安全距離∕,國中生∕不明∕,上、下學∕不明∕,本國∕本國∕
10210,10210Y00020001,YZA1,10210YZ000007,2013,10,3,19,13,金門縣,金城鎮,西門里,NA,環島北路,一,,NA,,,民權路,,,救國團前路段,NA,NA,NA,NA,NA,NA,NA,NA,NA,0,1,0,晴,夜間（或隧道、地下道、涵洞）有照明,村里道路,50,三岔路,交岔路口內,柏油,乾燥,無缺陷,無障礙物,良好,行車管制號誌,正常,無分向設施,未繪設車道線,未繪設快慢車道分隔線,有,側撞,未依規定讓車,Y000,YZ00,1,2,2013/10/3,環島北路一段,民權路,,118.321074,24.439927,普通重型 機車∕自用 小客車∕,機車普通重型∕小客車自用∕,19∕40∕,受傷∕未受傷∕,AA*****7代號1866∕WY****6代號1867∕,其他∕其他∕,有適當之駕照∕有適當之駕照∕,經檢測無酒精反應∕經檢測無酒精反應∕,機車右側車身∕汽車前車頭∕,未依規定讓車∕尚未發現肇事因素∕,未依規定讓車∕未依規定讓車∕,技術員及助理人員∕技術員及助理人員∕,社交活動∕社交活動∕,本國∕本國∕
10210,10210Y00030002,YZA1,10210YZ000008,2013,10,4,20,20,金門縣,金城鎮,,NA,民族路,,,NA,103,,,,,,NA,NA,NA,NA,NA,NA,NA,NA,NA,0,0,0,晴,夜間（或隧道、地下道、涵洞）有照明,村里道路,50,直路,一般車道（未劃分快慢車道）,柏油,乾燥,無缺陷,無障礙物,良好,無號誌,無號誌,無分向設施,車道線（無標記）,未繪設快慢車道分隔線,有,對向擦撞,逆向行駛,Y000,YZ00,1,3,2013/10/4,民族路103號,,金門縣金城鎮,118.3157499,24.4302723,自用 小客車∕普通重型 機車∕,小客車自用∕機車普通重型∕,41∕47∕,未受傷∕未受傷∕,CO****9代號1868∕22****J代號1869∕,其他∕其他∕,不明∕有適當之駕照∕,經檢測無酒精反應∕經檢測無酒精反應∕,汽車右前車頭（身）∕機車前車頭∕,逆向行駛∕尚未發現肇事因素∕,逆向行駛∕逆向行駛∕,不明∕不明∕,不明∕不明∕,本國∕本國∕
10210,10210Y00020007,YZA1,10210YZ000009,2013,10,4,20,15,金門縣,金城鎮,,NA,中興路,,,NA,65,,,,,,NA,NA,NA,NA,NA,NA,NA,NA,NA,0,1,0,晴,夜間（或隧道、地下道、涵洞）有照明,村里道路,40,直路,一般車道（未劃分快慢車道）,柏油,乾燥,無缺陷,無障礙物,良好,無號誌,無號誌,無分向設施,未繪設車道線,未繪設快慢車道分隔線,無,同向擦撞,未保持行車安全間隔,Y000,YZ00,1,2,2013/10/4,中興路65號,,金門縣金城鎮,118.3173522,24.4330032,自用 小客車∕自用 小客車∕普通重型 機車,小客車自用∕小客車自用∕機車普通重型,41∕44∕57,未受傷∕未受傷∕受傷,CO****9代號1868∕16****V代號1870∕PZ****5代號284,其他∕其他∕其他,有適當之駕照∕有適當之駕照∕有適當之駕照,經檢測無酒精反應∕經檢測無酒精反應∕經檢測無酒精反應,汽車右前車頭（身）∕汽車左後車尾（身）∕機車左側車身,未保持行車安全間隔∕違規停車或暫停不當而肇事∕尚未發現肇事因素,未保持行車安全間隔∕未保持行車安全間隔∕未保持行車安全間隔,無業者∕家庭主婦（夫）∕服務工作者,其他∕其他∕其他,本國∕本國∕本國
10210,10210Y00030001,YZA1,10210YZ000010,2013,10,4,20,17,金門縣,金城鎮,,NA,民生路,,,NA,,,,,,金城車站圓環,NA,NA,NA,NA,NA,NA,NA,NA,NA,0,0,0,晴,夜間（或隧道、地下道、涵洞）有照明,村里道路,40,四岔路,交岔路口內,柏油,乾燥,無缺陷,無障礙物,良好,無號誌,無號誌,無分向設施,未繪設車道線,未繪設快慢車道分隔線,有,其他,逆向行駛,Y000,YZ00,1,3,2013/10/4,民生路,,金門縣金城鎮金城車站圓環,118.3190184,24.43575,自用 小客車∕自用 小客車∕,小客車自用∕小客車自用∕,41∕33∕,未受傷∕未受傷∕,CO****9代號1868∕6F****1代號1871∕,其他∕其他∕,不明∕有適當之駕照∕,經檢測無酒精反應∕經檢測無酒精反應∕,汽車右前車頭（身）∕汽車右後車尾（身）∕,逆向行駛∕尚未發現肇事因素∕,逆向行駛∕逆向行駛∕,不明∕不明∕,不明∕不明∕,本國∕本國∕
10210,10210Y00020009,YZA1,10210YZ000011,2013,10,5,10,7,金門縣,金城鎮,,NA,莒光路,一,,NA,44,,,,,,NA,NA,NA,NA,NA,NA,NA,NA,NA,0,1,0,晴,日間自然光線,村里道路,40,三岔路,交岔路口內,其他鋪裝,乾燥,無缺陷,無障礙物,良好,無號誌,無號誌,無分向設施,未繪設車道線,未繪設快慢車道分隔線,無,其他,穿越道路未注意左右來車,Y000,YZ00,1,2,2013/10/5,莒光路一段44號,,金門縣金城鎮,118.3188122,24.4310644,其他人 人∕普通重型 機車∕,其他人∕機車普通重型∕,95∕58∕,未受傷∕受傷∕,∕20****B代號1872∕,非駕駛人及乘客∕其他∕,非汽（機）車駕駛人∕越級駕駛∕,經檢測無酒精反應∕經檢測無酒精反應∕,非汽（機）車∕機車右側車身∕,穿越道路未注意左右來車∕未注意車前狀態∕,穿越道路未注意左右來車∕穿越道路未注意左右來車∕,無業者∕家庭主婦（夫）∕,其他∕其他∕,本國∕本國∕
10210,10210Y00020008,YZA1,10210YZ000012,2013,10,5,4,23,金門縣,金寧鄉,,NA,伯玉路,一,,NA,,,,,,榜林圓環,NA,NA,NA,NA,NA,NA,NA,NA,NA,0,1,0,晴,夜間（或隧道、地下道、涵洞）有照明,村里道路,60,圓環,一般車道（未劃分快慢車道）,柏油,乾燥,無缺陷,無障礙物,良好,無號誌,無號誌,無分向設施,車道線（附標記）,未繪設快慢車道分隔線,有,撞非固定設施,酒醉（後）駕駛失控,Y000,YZ00,1,2,2013/10/5,伯玉路一段,,金門縣金寧鄉榜林圓環,118.3267756,24.4346914,普通重型 機車∕ ∕,機車普通重型,19∕0∕,受傷,00****G代號1873,其他,有適當之駕照,經呼氣檢測超過0.80mg∕L或血液檢測超過0.16,機車前車頭,酒醉（後）駕駛失控∕尚未發現肇事因素∕,酒醉（後）駕駛失控∕酒醉（後）駕駛失控∕,大學（研究）生,其他,本國∕本國∕
10210,10210Y00030003,YZA1,10210YZ000013,2013,10,6,10,20,金門縣,金城鎮,,NA,珠浦北路,,,NA,,,,,,34號前路段,NA,NA,NA,NA,NA,NA,NA,NA,NA,0,0,0,晴,夜間（或隧道、地下道、涵洞）有照明,村里道路,40,巷弄,一般車道（未劃分快慢車道）,水泥,乾燥,無缺陷,無障礙物,良好,無號誌,無號誌,無分向設施,未繪設車道線,未繪設快慢車道分隔線,有,其他,未注意車前狀態,Y000,YZ00,1,3,2013/10/6,珠浦北路,,金門縣金城鎮34號前路段,118.3172552,24.4337778,自用 小客車∕ ∕,小客車自用,19∕0∕,未受傷,J6****9代號1874,其他,無照（已達考照年齡）,無法檢測,汽車前車頭,未注意車前狀態∕尚未發現肇事因素∕,未注意車前狀態∕未注意車前狀態∕,不明,其他,本國∕本國∕
10210,10210Y00020011,YZA1,10210YZ000014,2013,10,5,23,0,金門縣,金城鎮,,NA,環島北路,,,NA,,,,,,林湖路口,NA,NA,NA,NA,NA,NA,NA,NA,NA,0,1,0,晴,夜間（或隧道、地下道、涵洞）有照明,縣道,60,三岔路,交岔路口內,柏油,濕潤,無缺陷,無障礙物,良好,閃光號誌,正常,無分向設施,未繪設車道線,未繪設快慢車道分隔線,有,側撞,右轉彎未依規定,Y000,YZ00,1,2,2013/10/5,環島北路,,金門縣金城鎮林湖路口,118.322662,24.441264,自用 小貨車(含客、貨兩用)∕普通重型 機車∕,小貨車自用∕機車普通重型∕,59∕21∕,未受傷∕受傷∕,6F****9代號1875∕71****B代號1876∕,其他∕其他∕,有適當之駕照∕有適當之駕照∕,經觀察未飲酒∕經觀察未飲酒∕,汽車右前車頭（身）∕機車前車頭∕,右轉彎未依規定∕未保持行車安全距離∕,右轉彎未依規定∕右轉彎未依規定∕,非技術工及體力工∕大學（研究）生∕,不明∕不明∕,本國∕本國∕
10210,10210Y00020010,YZA1,10210YZ000015,2013,10,5,21,5,金門縣,金城鎮,,NA,環島西路,,,NA,,,,,,燦坤前路段,NA,NA,NA,NA,NA,NA,NA,NA,NA,0,2,0,晴,夜間（或隧道、地下道、涵洞）有照明,村里道路,40,直路,一般車道（未劃分快慢車道）,柏油,乾燥,無缺陷,無障礙物,良好,無號誌,無號誌,附標記,未繪設車道線,未繪設快慢車道分隔線,有,側撞,未依規定讓車,Y000,YZ00,1,2,2013/10/5,環島西路,,金門縣金城鎮燦坤前路段,118.3148723,24.4566699,普通重型 機車∕普通重型 機車∕,機車普通重型∕機車普通重型∕,22∕52∕,受傷∕受傷∕,3J****6代號1877∕16****E代號1878∕,其他∕其他∕,有適當之駕照∕有適當之駕照∕,經檢測無酒精反應∕經檢測無酒精反應∕,機車右側車身∕機車前車頭∕,未依規定讓車∕未注意車前狀態∕,未依規定讓車∕未依規定讓車∕,不明∕不明∕,其他∕其他∕,本國∕本國∕
10210,,YZA1,10210YZ000016,2013,10,8,9,7,金門縣,金寧鄉,,NA,,,,NA,,,,,,湖埔村湖埔國小旁空地,NA,NA,NA,NA,NA,NA,NA,NA,NA,0,0,0,晴,NA,NA,40,NA,NA,NA,NA,NA,NA,NA,NA,NA,NA,NA,NA,NA,NA,NA,Y000,YZ00,1,4,2013/10/8,金門縣金寧鄉湖埔村湖埔國小旁空地,,金門縣金寧鄉湖埔村湖埔國小旁空地,118.3140488,24.4472977,租賃車 小客車∕ ∕,小客車租貸車,39∕0∕,,RA*****9代號1879,,,,,,,,,本國∕本國∕
10210,10210Y00020012,YZA1,10210YZ000017,2013,10,8,12,10,金門縣,金城鎮,,NA,民權路,,,NA,,,,,,地方法院前路段,NA,NA,NA,NA,NA,NA,NA,NA,NA,0,1,0,晴,日間自然光線,村里道路,60,三岔路,交岔路口內,柏油,濕潤,無缺陷,無障礙物,良好,無號誌,無號誌,無分向設施,未繪設車道線,未繪設快慢車道分隔線,有,側撞,右轉彎未依規定,Y000,YZ00,1,2,2013/10/8,民權路,,金門縣金城鎮地方法院前路段,118.3168946,24.4355379,自用 小貨車(含客、貨兩用)∕普通重型 機車∕,小貨車自用∕機車普通重型∕,64∕18∕,未受傷∕受傷∕,6F****9代號1880∕AD*****3代號1881∕,其他∕其他∕,有適當之駕照∕有適當之駕照∕,經檢測無酒精反應∕經檢測無酒精反應∕,汽車右前車頭（身）∕機車左側車身∕,右轉彎未依規定∕未保持行車安全距離∕,右轉彎未依規定∕右轉彎未依規定∕,技術工∕大學（研究）生∕,其他∕上、下學∕,本國∕本國∕
10210,10210Y00020013,YZA1,10210YZ000019,2013,10,8,19,30,金門縣,金城鎮,,NA,北堤路,,,NA,66,,,,,,NA,NA,NA,NA,NA,NA,NA,NA,NA,0,1,0,晴,夜間（或隧道、地下道、涵洞）有照明,村里道路,40,直路,一般車道（未劃分快慢車道）,柏油,乾燥,無缺陷,無障礙物,良好,無號誌,無號誌,無標記,未繪設車道線,快慢車道分隔線,有,側撞,迴轉未依規定,Y000,YZ00,1,2,2013/10/8,北堤路66號,,金門縣金城鎮,118.3167419,24.4294062,自用 小客車∕普通重型 機車∕,小客車自用∕機車普通重型∕,26∕21∕,未受傷∕受傷∕,07****2代號1882∕77****C代號1883∕,其他∕其他∕,有適當之駕照∕有適當之駕照∕,經檢測無酒精反應∕經檢測無酒精反應∕,汽車左前車頭（身）∕機車前車頭∕,迴轉未依規定∕未注意車前狀態∕,迴轉未依規定∕迴轉未依規定∕,事務工作者∕事務工作者∕,其他∕其他∕,本國∕本國∕
10210,10210Y00030004,YZA1,10210YZ000020,2013,10,9,23,30,金門縣,金寧鄉,,NA,伯玉路,三,,NA,,,,,,中山林路段,NA,NA,NA,NA,NA,NA,NA,NA,NA,0,0,0,晴,夜間（或隧道、地下道、涵洞）有照明,村里道路,70,直路,路肩、路緣,柏油,乾燥,無缺陷,無障礙物,良好,無號誌,無號誌,附標記,未繪設車道線,快慢車道分隔線,有,其他,迴轉未依規定,Y000,YZ00,1,3,2013/10/9,伯玉路三段,,金門縣金寧鄉中山林路段,118.3646755,24.4460136,自用 小客車∕ ∕,小客車自用,38∕0∕,未受傷,22****2代號1884,其他,有適當之駕照,經檢測無酒精反應,汽車前車頭,迴轉未依規定∕尚未發現肇事因素∕,迴轉未依規定∕迴轉未依規定∕,不明,不明,本國∕本國∕
10210,10210Y00020014,YZA1,10210YZ000022,2013,10,11,6,53,金門縣,金城鎮,,NA,民權路,,,NA,,,,,,中正國小側門路段,NA,NA,NA,NA,NA,NA,NA,NA,NA,0,1,0,晴,日間自然光線,村里道路,50,直路,一般車道（未劃分快慢車道）,柏油,乾燥,無缺陷,無障礙物,良好,無號誌,無號誌,無標記,未繪設車道線,快慢車道分隔線,有,穿越道路中,未注意車前狀態,Y000,YZ00,1,2,2013/10/11,民權路,,金門縣金城鎮中正國小側門路段,118.3168946,24.4355379,普通重型 機車∕行人 人∕,機車普通重型∕行人∕,65∕0∕,受傷∕未受傷∕,25****G代號1885,其他∕非駕駛人及乘客∕,有適當之駕照∕非汽（機）車駕駛人∕,經檢測無酒精反應∕非駕駛人，未檢測∕,機車前車頭∕非汽（機）車∕,未注意車前狀態∕未依規定行走行人穿越道、地下道、天橋而穿越道路∕,未注意車前狀態∕未注意車前狀態∕,家庭主婦（夫）∕不明∕,其他∕不明∕,本國∕本國∕
10210,10210Y00020015,YZA1,10210YZ000027,2013,10,11,12,35,金門縣,金寧鄉,后盤村,NA,環島北路,,,NA,,,,,,大慶鋁門窗前,NA,NA,NA,NA,NA,NA,NA,NA,NA,0,1,0,晴,日間自然光線,縣道,60,直路,一般車道（未劃分快慢車道）,柏油,乾燥,無缺陷,無障礙物,良好,無號誌,無號誌,附標記,未繪設車道線,未繪設快慢車道分隔線,有,撞路樹、電桿,未依規定減速,Y000,YZ00,1,2,2013/10/11,環島北路,,金門縣金寧鄉后盤村大慶鋁門窗前,118.322662,24.441264,普通重型 機車∕ ∕,機車普通重型,21∕0∕,受傷,75****F代號1043,其他,有適當之駕照,經檢測無酒精反應,機車前車頭,未依規定減速∕尚未發現肇事因素∕,未依規定減速∕未依規定減速∕,大學（研究）生,上、下學,本國∕本國∕