年月,總編號,處理單位,處理編號,年,月,日,時,分,縣市,區,村里,鄰,街道,段,巷,弄,號,公尺處,街道.1,段.1,側,附近,道路,公里,公尺處.1,向,車道,平交道,公里.1,公尺處.2,附近.1,死,受傷,X2.30,天候,光線,道路類別,速限,道路型態,事故位置,路面鋪裝,路面狀態,路面缺陷,障礙物,視距,號誌種類,號誌動作,分向設施,快車道或一般車道間,快慢車道間,路面邊線,事故類型及型態,主要肇因,警局,分局,案件類別,事故類別,日期,道路1,道路2,概略位置,lon,lat,車種,當事者區分.類別.,年齡,受傷程度,車輛牌照號碼,車輛用途,駕駛資格情形,飲酒情形,車輛撞擊部位最初,肇事因素個別,肇事因素主要,職.業,旅次目的,國籍
10210,10210Y00020016,YZA1,10210YZ000028,2013,10,11,16,59,金門縣,金城鎮,西門里,NA,民權路,,,NA,173,,,,,,NA,NA,NA,NA,NA,NA,NA,NA,NA,0,2,0,晴,日間自然光線,縣道,50,三岔路,交岔路口內,柏油,乾燥,無缺陷,無障礙物,良好,無號誌,無號誌,無分向設施,未繪設車道線,未繪設快慢車道分隔線,無,側撞,左轉彎未依規定,Y000,YZ00,1,2,2013/10/11,民權路173號,,金門縣金城鎮西門里,118.3192898,24.4381016,普通重型 機車∕普通重型 機車∕,機車普通重型∕機車普通重型∕,51∕19∕,受傷∕受傷∕,65****S代號1886∕N2****0代號1887∕,其他∕其他∕,有適當之駕照∕有適當之駕照∕,經檢測無酒精反應∕經檢測無酒精反應∕,機車左側車身∕機車前車頭∕,左轉彎未依規定∕未保持行車安全距離∕,左轉彎未依規定∕左轉彎未依規定∕,不明∕大學（研究）生∕,不明∕不明∕,本國∕本國∕
10210,10210Y00020018,YZA1,10210YZ000030,2013,10,15,21,50,金門縣,金城鎮,西門里,NA,民權路,,,NA,228,,,,,,NA,NA,NA,NA,NA,NA,NA,NA,NA,0,2,0,晴,夜間（或隧道、地下道、涵洞）有照明,村里道路,40,四岔路,交岔路口內,柏油,乾燥,無缺陷,無障礙物,良好,無號誌,無號誌,無分向設施,未繪設車道線,未繪設快慢車道分隔線,有,側撞,未依規定讓車,Y000,YZ00,1,2,2013/10/15,民權路228號,,金門縣金城鎮西門里,118.3203705,24.4392567,普通重型 機車∕自用 小貨車(含客、貨兩用)∕乘客 人,機車普通重型∕小貨車自用∕乘客,18∕38∕18,受傷∕未受傷∕受傷,86****N代號1888∕6F****6代號1889∕86****N代號1888,其他∕其他∕其他,有適當之駕照∕有適當之駕照∕非汽（機）車駕駛人,經檢測無酒精反應∕經檢測無酒精反應∕非駕駛人，未檢測,機車右側車身∕汽車前車頭∕非汽（機）車,未依規定讓車∕尚未發現肇事因素∕尚未發現肇事因素,未依規定讓車∕未依規定讓車∕未依規定讓車,大學（研究）生∕技術員及助理人員∕大學（研究）生,社交活動∕社交活動∕社交活動,本國∕本國∕本國
10210,10210Y00020020,YZA1,10210YZ000032,2013,10,16,21,25,金門縣,金城鎮,,NA,伯玉路,一,,NA,,,,,,鈞統大賣場附近路段,NA,NA,NA,NA,NA,NA,NA,NA,NA,0,3,0,晴,夜間（或隧道、地下道、涵洞）有照明,村里道路,60,直路,慢車道,柏油,乾燥,無缺陷,無障礙物,良好,無號誌,無號誌,無標記,未繪設車道線,快慢車道分隔線,有,追撞,未保持行車安全距離,Y000,YZ00,1,2,2013/10/16,伯玉路一段,,金門縣金城鎮鈞統大賣場附近路段,118.3267756,24.4346914,普通重型 機車∕普通重型 機車∕乘客 人,機車普通重型∕機車普通重型∕乘客,45∕28∕32,受傷∕受傷∕受傷,2J****5代號1528∕GA****0代號1890∕GA****0代號1890,其他∕其他∕其他,有適當之駕照∕無照（已達考照年齡）∕非汽（機）車駕駛人,經檢測無酒精反應∕經檢測無酒精反應∕非駕駛人，未檢測,機車前車頭∕機車後車尾∕非汽（機）車,未保持行車安全距離∕尚未發現肇事因素∕尚未發現肇事因素,未保持行車安全距離∕未保持行車安全距離∕未保持行車安全距離,技術工∕技術工∕技術工,購物∕其他∕其他,本國∕本國∕本國
10210,10210Y00020021,YZA1,10210YZ000033,2013,10,17,20,38,金門縣,金城鎮,,NA,光前路,,,NA,28,,,,,外武廟,NA,NA,NA,NA,NA,NA,NA,NA,NA,0,1,0,晴,夜間（或隧道、地下道、涵洞）有照明,其他,30,直路,一般車道（未劃分快慢車道）,其他鋪裝,乾燥,無缺陷,無障礙物,良好,無號誌,無號誌,無分向設施,未繪設車道線,未繪設快慢車道分隔線,無,同向通行中,未注意車前狀態,Y000,YZ00,1,2,2013/10/17,光前路28號,,金門縣金城鎮外武廟,118.3142468,24.4339885,普通重型 機車∕行人 人∕,機車普通重型∕行人∕,28∕93∕,未受傷∕受傷∕,62****F代號1891,其他∕非駕駛人及乘客∕,有適當之駕照∕非汽（機）車駕駛人∕,經檢測無酒精反應∕非駕駛人，未檢測∕,機車前車頭∕非汽（機）車∕,未注意車前狀態∕尚未發現肇事因素∕,未注意車前狀態∕未注意車前狀態∕,不明∕不明∕,不明∕不明∕,本國∕本國∕
10210,10210Y00020022,YZA1,10210YZ000034,2013,10,19,10,10,金門縣,烈嶼鄉,,NA,,,,NA,,,,,,濱海道路115公里,NA,NA,NA,NA,NA,NA,NA,NA,NA,0,2,0,晴,日間自然光線,專用道路,40,三岔路,交岔路口內,水泥,乾燥,有坑洞,其他障礙物,良好,無號誌,無號誌,無分向設施,未繪設車道線,未繪設快慢車道分隔線,無,路上翻車、摔倒,未依規定減速,Y000,YZ00,1,2,2013/10/19,金門縣烈嶼鄉濱海道路115公里,,金門縣烈嶼鄉濱海道路115公里,118.2480755,24.4237711,普通重型 機車∕ ∕乘客 人,機車普通重型乘客,45∕0∕62,受傷受傷,88****J代號189288****J代號1892,其他其他,有適當之駕照非汽（機）車駕駛人,經檢測無酒精反應非駕駛人，未檢測,機車前車頭非汽（機）車,未依規定減速∕尚未發現肇事因素∕尚未發現肇事因素,未依規定減速∕未依規定減速∕未依規定減速,技術員及助理人員技術員及助理人員,觀光旅遊觀光旅遊,本國∕本國∕本國
10210,10210Y00020023,YZA1,10210YZ000036,2013,10,19,19,10,金門縣,金城鎮,,NA,民權路,,,NA,,,,,,75號前,NA,NA,NA,NA,NA,NA,NA,NA,NA,0,2,0,晴,夜間（或隧道、地下道、涵洞）有照明,村里道路,40,直路,一般車道（未劃分快慢車道）,柏油,乾燥,無缺陷,無障礙物,良好,無號誌,無號誌,附標記,未繪設車道線,未繪設快慢車道分隔線,有,側撞,未依規定讓車,Y000,YZ00,1,2,2013/10/19,民權路,,金門縣金城鎮75號前,118.3168946,24.4355379,普通重型 機車∕普通重型 機車∕,機車普通重型∕機車普通重型∕,21∕18∕,受傷∕受傷∕,26****T代號1893∕32****V代號1894∕,其他∕其他∕,有適當之駕照∕有適當之駕照∕,經檢測無酒精反應∕經檢測無酒精反應∕,機車右側車身∕機車前車頭∕,未依規定讓車∕未依規定減速∕,未依規定讓車∕未依規定讓車∕,不明∕不明∕,其他∕其他∕,本國∕本國∕
10210,10210Y00020025,YZA1,10210YZ000038,2013,10,21,17,48,金門縣,金城鎮,,NA,環島西路,一,,NA,,,,,,東門圓環,NA,NA,NA,NA,NA,NA,NA,NA,NA,0,1,0,晴,夜間（或隧道、地下道、涵洞）有照明,村里道路,40,圓環,一般車道（未劃分快慢車道）,柏油,乾燥,無缺陷,無障礙物,良好,無號誌,無號誌,無分向設施,車道線（無標記）,未繪設快慢車道分隔線,有,其他,未依規定讓車,Y000,YZ00,1,2,2013/10/21,環島西路一段,,金門縣金城鎮東門圓環,118.3184801,24.4172073,普通重型 機車∕自用 小客車∕,機車普通重型∕小客車自用∕,30∕41∕,受傷∕未受傷∕,25****D代號1895∕6F****6代號1896∕,其他∕其他∕,無照（已達考照年齡）∕有適當之駕照∕,經檢測無酒精反應∕經檢測無酒精反應∕,機車左側車身∕汽車右前車頭（身）∕,未依規定讓車∕未注意車前狀態∕,未依規定讓車∕未依規定讓車∕,服務工作者∕事務工作者∕,上、下班∕上、下班∕,本國∕本國∕
10210,10210Y00020024,YZA1,10210YZ000039,2013,10,21,17,42,金門縣,金城鎮,金水里,NA,西海路,一,,NA,,,,,,水頭活動中心前路段,NA,NA,NA,NA,NA,NA,NA,NA,NA,0,1,0,晴,晨或暮光,鄉道,50,彎曲路及附近,一般車道（未劃分快慢車道）,柏油,乾燥,無缺陷,無障礙物,彎道,無號誌,無號誌,附標記,未繪設車道線,未繪設快慢車道分隔線,有,對向擦撞,違規超車,Y000,YZ00,1,2,2013/10/21,西海路一段,,金門縣金城鎮金水里水頭活動中心前路段,118.2906709,24.4124946,普通重型 機車∕自用 小客車∕,機車普通重型∕小客車自用∕,24∕59∕,受傷∕未受傷∕,FL****8代號1897∕6F****2代號1898∕,其他∕其他∕,有適當之駕照∕有適當之駕照∕,經檢測無酒精反應∕經檢測無酒精反應∕,機車前車頭∕汽車左前車頭（身）∕,違規超車∕尚未發現肇事因素∕,違規超車∕違規超車∕,服務工作者∕無業者∕,上、下班∕社交活動∕,本國∕本國∕
10210,10210Y00020028,YZA1,10210YZ000043,2013,10,25,13,5,金門縣,金寧鄉,,NA,環島北路,一,,NA,,,,,,下堡路段,NA,NA,NA,NA,NA,NA,NA,NA,NA,0,3,0,晴,日間自然光線,村里道路,60,三岔路,交岔口附近,柏油,乾燥,無缺陷,無障礙物,良好,無號誌,無號誌,無標記,未繪設車道線,未繪設快慢車道分隔線,有,追撞,未保持行車安全距離,Y000,YZ00,1,2,2013/10/25,環島北路一段,,金門縣金寧鄉下堡路段,118.3283226,24.4462231,普通重型 機車∕普通重型 機車∕乘客 人,機車普通重型∕機車普通重型∕乘客,18∕72∕61,受傷∕受傷∕受傷,38****V代號1899∕PZ****9代號1900∕PZ****9代號1900,其他∕其他∕其他,有適當之駕照∕有適當之駕照∕非汽（機）車駕駛人,經檢測無酒精反應∕經檢測無酒精反應∕非駕駛人，未檢測,機車前車頭∕機車後車尾∕非汽（機）車,未保持行車安全距離∕尚未發現肇事因素∕尚未發現肇事因素,未保持行車安全距離∕未保持行車安全距離∕未保持行車安全距離,大學（研究）生∕無業者∕家庭主婦（夫）,上、下學∕其他∕其他,本國∕本國∕本國
10210,10210Y00020029,YZA1,10210YZ000044,2013,10,25,15,30,金門縣,金寧鄉,,NA,桃園路,,,NA,,,,,,呷哈味檳榔攤前路段,NA,NA,NA,NA,NA,NA,NA,NA,NA,0,3,0,晴,日間自然光線,縣道,60,三岔路,交岔口附近,柏油,乾燥,無缺陷,無障礙物,良好,無號誌,無號誌,無標記,未繪設車道線,未繪設快慢車道分隔線,有,同向通行中,未注意車前狀態,Y000,YZ00,1,2,2013/10/25,桃園路,,金門縣金寧鄉呷哈味檳榔攤前路段,118.3446627,24.4317794,普通重型 機車∕行人 人∕行人 人,機車普通重型∕行人∕行人,24∕59∕56,受傷∕受傷∕受傷,3J****6代號1901,其他∕非駕駛人及乘客∕非駕駛人及乘客,有適當之駕照∕非汽（機）車駕駛人∕非汽（機）車駕駛人,經檢測無酒精反應∕非駕駛人，未檢測∕非駕駛人，未檢測,機車前車頭∕非汽（機）車∕非汽（機）車,未注意車前狀態∕尚未發現肇事因素∕尚未發現肇事因素,未注意車前狀態∕未注意車前狀態∕未注意車前狀態,服務工作者∕無業者∕家庭主婦（夫）,業務聯繫∕其他∕其他,本國∕本國∕本國
10210,10210Y00020027,YZA1,10210YZ000045,2013,10,24,12,10,金門縣,金寧鄉,,NA,環島西路,二,,NA,,,大學路,,,,NA,NA,NA,NA,NA,NA,NA,NA,NA,0,3,0,晴,日間自然光線,縣道,50,三岔路,交岔路口內,柏油,乾燥,無缺陷,無障礙物,良好,閃光號誌,不正常,無分向設施,未繪設車道線,未繪設快慢車道分隔線,有,側撞,未依規定讓車,Y000,YZ00,1,2,2013/10/24,環島西路二段,大學路,,118.319604,24.444293,普通重型 機車∕普通重型 機車∕乘客 人,機車普通重型∕機車普通重型∕乘客,24∕57∕21,受傷∕受傷∕受傷,AA*****8代號1902∕18****V代號1903∕AA*****8代號1902,其他∕其他∕其他,有適當之駕照∕有適當之駕照∕非汽（機）車駕駛人,經檢測無酒精反應∕經檢測無酒精反應∕非駕駛人，未檢測,機車後車尾∕機車前車頭∕非汽（機）車,未依規定讓車∕未依規定減速∕尚未發現肇事因素,未依規定讓車∕未依規定讓車∕未依規定讓車,事務工作者∕無業者∕大學（研究）生,上、下班∕其他∕上、下學,本國∕本國∕本國
10210,10210Y00020030,YZA1,10210YZ000046,2013,10,25,17,20,金門縣,金寧鄉,,NA,伯玉路,,,NA,,,,,,榜林圓環,NA,NA,NA,NA,NA,NA,NA,NA,NA,0,1,0,晴,日間自然光線,村里道路,40,多岔路,交岔口附近,柏油,乾燥,無缺陷,無障礙物,良好,無號誌,無號誌,附標記,未繪設車道線,快慢車道分隔線,有,側撞,變換車道或方向不當,Y000,YZ00,1,2,2013/10/25,伯玉路,,金門縣金寧鄉榜林圓環,118.3267756,24.4346914,自用 小貨車(含客、貨兩用)∕普通重型 機車∕,小貨車自用∕機車普通重型∕,21∕21∕,未受傷∕受傷∕,15****S代號1904∕22****Q代號1905∕,其他∕其他∕,有適當之駕照∕有適當之駕照∕,經檢測無酒精反應∕經檢測無酒精反應∕,汽車右後車尾（身）∕機車左側車身∕,變換車道或方向不當∕未依規定減速∕,變換車道或方向不當∕變換車道或方向不當∕,不明∕不明∕,其他∕其他∕,本國∕本國∕
10210,10210Y00020032,YZA1,10210YZ000048,2013,10,26,22,50,金門縣,金城鎮,,NA,民生路,,,NA,,,民權路,,,,NA,NA,NA,NA,NA,NA,NA,NA,NA,0,1,0,晴,夜間（或隧道、地下道、涵洞）有照明,鄉道,40,四岔路,交岔路口內,柏油,乾燥,無缺陷,無障礙物,良好,閃光號誌,正常,無分向設施,未繪設車道線,未繪設快慢車道分隔線,有,路口交岔撞,未依規定讓車,Y000,YZ00,1,2,2013/10/26,民生路,民權路,,118.318387,24.437086,普通重型 機車∕計程車 小客車∕,機車普通重型∕小客車計程車∕,19∕57∕,受傷∕未受傷∕,AD*****0代號1906∕11***5代號1907∕,其他∕其他∕,有適當之駕照∕有適當之駕照∕,經檢測無酒精反應∕經檢測無酒精反應∕,機車前車頭∕汽車左前車頭（身）∕,未依規定讓車∕未依規定減速∕,未依規定讓車∕未依規定讓車∕,技術員及助理人員∕汽車、火車駕駛員及船員∕,上、下班∕上、下班∕,本國∕本國∕
10210,10210Y00020033,YZA1,10210YZ000049,2013,10,27,9,50,金門縣,金寧鄉,,NA,伯玉路,一,,NA,,,,,,0920號燈桿附近,NA,NA,NA,NA,NA,NA,NA,NA,NA,0,1,0,晴,日間自然光線,縣道,60,直路,慢車道,柏油,乾燥,無缺陷,無障礙物,良好,無號誌,無號誌,無標記,未繪設車道線,快慢車道分隔線,有,側撞,未保持行車安全距離,Y000,YZ00,1,2,2013/10/27,伯玉路一段,,金門縣金寧鄉0920號燈桿附近,118.3267756,24.4346914,普通重型 機車∕警備車 特種車∕,機車普通重型∕警備車∕,25∕36∕,受傷∕未受傷∕,35****U代號1908∕18****S代號1909∕,其他∕其他∕,有適當之駕照∕有適當之駕照∕,經檢測無酒精反應∕經檢測無酒精反應∕,機車前車頭∕汽車右前車頭（身）∕,未保持行車安全距離∕右轉彎未依規定∕,未保持行車安全距離∕未保持行車安全距離∕,無業者∕警察人員∕,購物∕上、下學∕,本國∕本國∕
10210,,YZA1,10210YZ000053,2013,10,26,16,30,金門縣,烈嶼鄉,,NA,湖埔路,,,NA,,,,,,09468號路燈桿前路段,NA,NA,NA,NA,NA,NA,NA,NA,NA,0,0,0,NA,NA,NA,0,NA,NA,NA,NA,NA,NA,NA,NA,NA,NA,NA,NA,NA,NA,NA,Y000,YZ00,1,4,2013/10/26,湖埔路,,金門縣烈嶼鄉09468號路燈桿前路段,118.258388,24.4413942,普通重型 機車∕自用 小客車∕,機車普通重型∕小客車自用∕,42∕32∕,,PZ****9代號1910∕27****S代號1911∕,,,,,,,,,本國∕本國∕
10210,10210Y00020036,YZA1,10210YZ000054,2013,10,29,20,15,金門縣,金城鎮,北門里,NA,民生路,,,NA,38,,,,,,NA,NA,NA,NA,NA,NA,NA,NA,NA,0,1,0,晴,夜間（或隧道、地下道、涵洞）有照明,村里道路,40,直路,一般車道（未劃分快慢車道）,柏油,乾燥,無缺陷,無障礙物,良好,無號誌,無號誌,附標記,未繪設車道線,未繪設快慢車道分隔線,有,穿越道路中,未依規定行走行人穿越道、地下道、天橋而穿越道路,Y000,YZ00,1,2,2013/10/29,民生路38號,,金門縣金城鎮北門里,118.3190184,24.43575,行人 人∕自用 小客車∕,行人∕小客車自用∕,5∕32∕,受傷∕未受傷∕,∕6F****1代號1912∕,非駕駛人及乘客∕其他∕,非汽（機）車駕駛人∕有適當之駕照∕,非駕駛人，未檢測∕經檢測無酒精反應∕,非汽（機）車∕汽車前車頭∕,未依規定行走行人穿越道、地下道、天橋而穿越道路∕未注意車前狀態∕,未依規定行走行人穿越道、地下道、天橋而穿越道路∕未依規定行走行人穿越道、地下道、天橋而穿越道路∕,未就學兒童∕技術員及助理人員∕,社交活動∕社交活動∕,本國∕本國∕
10210,10210Y00020037,YZA1,10210YZ000056,2013,10,31,9,7,金門縣,金城鎮,,NA,民權路,,,NA,,,莒光路,,,,NA,NA,NA,NA,NA,NA,NA,NA,NA,0,2,0,晴,日間自然光線,鄉道,40,三岔路,交岔路口內,柏油,乾燥,無缺陷,無障礙物,良好,無號誌,無號誌,無分向設施,未繪設車道線,未繪設快慢車道分隔線,有,側撞,左轉彎未依規定,Y000,YZ00,1,2,2013/10/31,民權路,莒光路,,118.3156202,24.43419458,普通重型 機車∕普通重型 機車∕,機車普通重型∕機車普通重型∕,65∕28∕,受傷∕受傷∕,58****C代號1913∕80****R代號1914∕,其他∕其他∕,無照（已達考照年齡）∕有適當之駕照∕,經檢測無酒精反應∕經檢測無酒精反應∕,機車左側車身∕機車右側車身∕,左轉彎未依規定∕未保持行車安全距離∕,左轉彎未依規定∕左轉彎未依規定∕,無業者∕服務工作者∕,購物∕上、下班∕,本國∕本國∕
10211,10211Y00020002,YYA1,10211YY000002,2013,11,1,17,0,金門縣,金沙鎮,,NA,沙青路,,,NA,,,,,,與陽沙路口,NA,NA,NA,NA,NA,NA,NA,NA,NA,0,2,0,晴,日間自然光線,村里道路,50,三岔路,交岔路口內,柏油,乾燥,無缺陷,無障礙物,良好,無號誌,無號誌,無分向設施,未繪設車道線,未繪設快慢車道分隔線,有,追撞,未保持行車安全距離,Y000,YY00,NA,NA,2013/11/1,沙青路,,金門縣金沙鎮與陽沙路口,118.4130838,24.5066188,普通重型 機車∕普通重型 機車∕乘客 人,機車普通重型∕機車普通重型∕乘客,20∕64∕19,未受傷∕受傷∕受傷,XU****5代號1915∕86****V代號1916∕XU****5代號1915,其他∕其他∕其他,有適當之駕照∕有適當之駕照∕非汽（機）車駕駛人,經檢測無酒精反應∕經檢測無酒精反應∕非駕駛人，未檢測,機車前車頭∕機車後車尾∕非汽（機）車,未保持行車安全距離∕尚未發現肇事因素∕尚未發現肇事因素,未保持行車安全距離∕未保持行車安全距離∕未保持行車安全距離,大學（研究）生∕其他∕大學（研究）生,其他∕其他∕其他,本國∕本國∕本國
10211,10211Y00020003,YYA1,10211YY000003,2013,11,1,19,0,金門縣,金沙鎮,,NA,高陽路,,,NA,,,,,,01918號路燈桿處,NA,NA,NA,NA,NA,NA,NA,NA,NA,0,1,0,晴,夜間（或隧道、地下道、涵洞）有照明,村里道路,60,直路,一般車道（未劃分快慢車道）,柏油,乾燥,無缺陷,無障礙物,良好,無號誌,無號誌,附標記,未繪設車道線,未繪設快慢車道分隔線,有,同向擦撞,未保持行車安全間隔,Y000,YY00,1,2,2013/11/1,高陽路,,金門縣金沙鎮01918號路燈桿處,118.4078483,24.4727311,自用 小貨車(含客、貨兩用)∕普通重型 機車∕,小貨車自用∕機車普通重型∕,32∕21∕,未受傷∕受傷∕,18****3代號1917∕28****G代號1918∕,其他∕其他∕,有適當之駕照∕有適當之駕照∕,經檢測無酒精反應∕經檢測無酒精反應∕,汽車右側車身∕機車左側車身∕,未保持行車安全間隔∕尚未發現肇事因素∕,未保持行車安全間隔∕未保持行車安全間隔∕,技術員及助理人員∕服務工作者∕,上、下班∕上、下班∕,本國∕本國∕
10211,,YYA1,10211YY000007,2013,11,3,16,0,金門縣,金湖鎮,,NA,復興西路,,,NA,,,,,,8之4號前,NA,NA,NA,NA,NA,NA,NA,NA,NA,0,0,0,雨,日間自然光線,村里道路,40,巷弄,一般車道（未劃分快慢車道）,柏油,濕潤,無缺陷,無障礙物,良好,無號誌,無號誌,無分向設施,未繪設車道線,未繪設快慢車道分隔線,無,倒車撞,倒車未依規定,Y000,YY00,1,4,2013/11/3,復興西路,,金門縣金湖鎮8之4號前,118.4140197,24.4425211,自用 小客車∕計程車 小客車∕,小客車自用∕小客車計程車∕,23∕33∕,未受傷∕未受傷∕,AA*****5代號1919∕VX***3代號1920∕,其他∕其他∕,有適當之駕照∕有適當之駕照∕,經檢測無酒精反應∕非駕駛人，未檢測∕,汽車左側車身∕汽車右後車尾（身）∕,倒車未依規定∕尚未發現肇事因素∕,倒車未依規定∕倒車未依規定∕,其他∕汽車、火車駕駛員及船員∕,其他∕其他∕,本國∕本國∕
10211,,YYA1,10211YY000008,2013,11,3,16,57,金門縣,金湖鎮,,NA,太湖路,二,,NA,,,,,,201號前路口,NA,NA,NA,NA,NA,NA,NA,NA,NA,0,0,0,雨,日間自然光線,村里道路,50,三岔路,交岔路口內,柏油,濕潤,無缺陷,無障礙物,良好,無號誌,無號誌,無分向設施,未繪設車道線,未繪設快慢車道分隔線,有,側撞,未依規定讓車,Y000,YY00,1,4,2013/11/3,太湖路二段,,金門縣金湖鎮201號前路口,118.4170143,24.4394812,自用 小客車∕普通重型 機車∕,小客車自用∕機車普通重型∕,25∕19∕,未受傷∕未受傷∕,02****7代號1921∕73****J代號1922∕,其他∕其他∕,有適當之駕照∕有適當之駕照∕,經檢測無酒精反應∕經檢測無酒精反應∕,汽車右側車身∕機車前車頭∕,未依規定讓車∕未依規定減速∕,未依規定讓車∕未依規定讓車∕,其他∕其他∕,其他∕其他∕,本國∕本國∕
10211,10211Y00020008,YYA1,10211YY000009,2013,11,4,7,49,金門縣,金湖鎮,,NA,復興路,,,NA,,,,,,金門醫院側門路段,NA,NA,NA,NA,NA,NA,NA,NA,NA,0,1,0,晴,日間自然光線,村里道路,50,三岔路,交岔路口內,柏油,乾燥,無缺陷,無障礙物,良好,無號誌,無號誌,無分向設施,未繪設車道線,未繪設快慢車道分隔線,有,側撞,尚未發現肇事因素,Y000,YY00,1,2,2013/11/4,復興路,,金門縣金湖鎮金門醫院側門路段,118.4161413,24.4412321,計程車 小客車∕普通重型 機車∕,小客車計程車∕機車普通重型∕,62∕18∕,未受傷∕受傷∕,VX***3代號1923∕TB****2代號1924∕,其他∕其他∕,有適當之駕照∕無照（未達考照年齡）∕,經檢測無酒精反應∕經檢測無酒精反應∕,汽車右後車尾（身）∕機車前車頭∕,尚未發現肇事因素∕未保持行車安全距離∕,尚未發現肇事因素∕尚未發現肇事因素∕,汽車、火車駕駛員及船員∕農林漁牧工作者∕,運輸∕購物∕,本國∕本國∕
10211,10211Y00020010,YYA1,10211YY000014,2013,11,8,17,0,金門縣,金湖鎮,,NA,太湖路,一,,NA,,,,,,靠近新市圓環,NA,NA,NA,NA,NA,NA,NA,NA,NA,0,1,0,晴,日間自然光線,村里道路,50,直路,一般車道（未劃分快慢車道）,柏油,乾燥,無缺陷,無障礙物,良好,無號誌,無號誌,附標記,未繪設車道線,未繪設快慢車道分隔線,有,同向擦撞,尚未發現肇事因素,Y000,YY00,1,2,2013/11/8,太湖路一段,,金門縣金湖鎮靠近新市圓環,118.4047483,24.4473343,自用 小貨車(含客、貨兩用)∕普通重型 機車∕,小貨車自用∕機車普通重型∕,54∕23∕,未受傷∕受傷∕,6F****8代號1925∕96****G代號1926∕,其他∕其他∕,有適當之駕照∕有適當之駕照∕,經檢測無酒精反應∕經檢測無酒精反應∕,汽車右側車身∕機車左側車身∕,尚未發現肇事因素∕未保持行車安全距離∕,尚未發現肇事因素∕尚未發現肇事因素∕,機械設備操作工及組裝工∕專業人員∕,上、下班∕上、下班∕,本國∕本國∕
10211,10211Y00020011,YYA1,10211YY000015,2013,11,9,8,55,金門縣,金沙鎮,,NA,環島北路,三,,NA,,,,,,斗門路口,NA,NA,NA,NA,NA,NA,NA,NA,NA,0,3,0,晴,日間自然光線,村里道路,50,四岔路,交岔路口內,柏油,乾燥,無缺陷,無障礙物,良好,閃光號誌,正常,無分向設施,未繪設車道線,未繪設快慢車道分隔線,有,側撞,未依規定讓車,Y000,YY00,1,2,2013/11/9,環島北路三段,,金門縣金沙鎮斗門路口,118.388325,24.466263,自用 小客車∕自用 小客車∕乘客 人,小客車自用∕小客車自用∕乘客,36∕31∕30,受傷∕受傷∕受傷,6F****3代號1927∕6F****5代號1928∕6F****5代號1928,其他∕其他∕其他,有適當之駕照∕有適當之駕照∕非汽（機）車駕駛人,經檢測無酒精反應∕經檢測無酒精反應∕非駕駛人，未檢測,汽車前車頭∕汽車前車頭∕非汽（機）車,未依規定讓車∕未依規定減速∕尚未發現肇事因素,未依規定讓車∕未依規定讓車∕未依規定讓車,服務工作者∕服務工作者∕服務工作者,社交活動∕購物∕購物,本國∕本國∕本國
10211,10211Y00020012,YYA1,10211YY000016,2013,11,11,7,5,金門縣,金湖鎮,新市里,NA,林森路,,,NA,,,自強路,,,,NA,NA,NA,NA,NA,NA,NA,NA,NA,0,1,0,陰,日間自然光線,村里道路,50,四岔路,交岔路口內,柏油,乾燥,無缺陷,無障礙物,良好,無號誌,無號誌,無分向設施,未繪設車道線,未繪設快慢車道分隔線,有,路口交岔撞,未依規定讓車,Y000,YY00,NA,NA,2013/11/11,林森路,自強路,,118.4162443,24.44177962,普通重型 機車∕自用 小客車∕自用 小客車,機車普通重型∕小客車自用∕小客車自用,17∕39∕45,受傷∕未受傷∕未受傷,35****D代號1929∕6F****7代號1930∕6F****6代號1931,其他∕其他∕其他,無照（未達考照年齡）∕有適當之駕照∕有適當之駕照,經檢測無酒精反應∕經檢測無酒精反應∕不明,機車左側車身∕汽車前車頭∕汽車左側車身,未依規定讓車∕未注意車前狀態∕違規停車或暫停不當而肇事,未依規定讓車∕未依規定讓車∕未依規定讓車,高中生∕家庭主婦（夫）∕服務工作者,上、下學∕其他∕其他,本國∕本國∕本國
10211,10211Y00020013,YYA1,10211YY000018,2013,11,12,17,32,金門縣,金湖鎮,,NA,黃海路,,,NA,,,,,,下莊新生街32號前路段,NA,NA,NA,NA,NA,NA,NA,NA,NA,0,1,0,陰,夜間（或隧道、地下道、涵洞）有照明,村里道路,60,三岔路,交岔路口內,柏油,乾燥,無缺陷,無障礙物,良好,無號誌,無號誌,附標記,未繪設車道線,未繪設快慢車道分隔線,有,撞動物,動物竄出,Y000,YY00,1,2,2013/11/12,黃海路,,金門縣金湖鎮下莊新生街32號前路段,118.4256931,24.452032, ∕普通重型 機車∕,∕機車普通重型∕,0∕19∕,∕受傷∕,∕53****D代號706∕,∕其他∕,∕有適當之駕照∕,∕經檢測無酒精反應∕,∕機車前車頭∕,動物竄出∕未注意車前狀態∕,動物竄出∕動物竄出∕,∕服務工作者∕,∕上、下班∕,本國∕本國∕