年月,總編號,處理單位,處理編號,年,月,日,時,分,縣市,區,村里,鄰,街道,段,巷,弄,號,公尺處,街道.1,段.1,側,附近,道路,公里,公尺處.1,向,車道,平交道,公里.1,公尺處.2,附近.1,死,受傷,X2.30,天候,光線,道路類別,速限,道路型態,事故位置,路面鋪裝,路面狀態,路面缺陷,障礙物,視距,號誌種類,號誌動作,分向設施,快車道或一般車道間,快慢車道間,路面邊線,事故類型及型態,主要肇因,警局,分局,案件類別,事故類別,日期,道路1,道路2,概略位置,lon,lat,車種,當事者區分.類別.,年齡,受傷程度,車輛牌照號碼,車輛用途,駕駛資格情形,飲酒情形,車輛撞擊部位最初,肇事因素個別,肇事因素主要,職.業,旅次目的,國籍
10211,10211Y00020014,YYA1,10211YY000019,2013,11,13,8,42,金門縣,金沙鎮,,NA,環島東路,二,,NA,,,陽沙路,,,,NA,NA,NA,NA,NA,NA,NA,NA,NA,0,1,0,陰,日間自然光線,村里道路,50,四岔路,交岔路口內,柏油,乾燥,無缺陷,無障礙物,良好,閃光號誌,正常,無分向設施,未繪設車道線,未繪設快慢車道分隔線,有,路上翻車、摔倒,未注意車前狀態,Y000,YY00,1,2,2013/11/13,環島東路二段,陽沙路,,118.428551,24.4774634,普通重型 機車∕ ∕,機車普通重型,37∕0∕,受傷,52****E代號1932,其他,有適當之駕照,經檢測無酒精反應,機車左側車身,未注意車前狀態∕尚未發現肇事因素∕,未注意車前狀態∕未注意車前狀態∕,服務工作者,業務聯繫,本國∕本國∕
10211,,YYA1,10211YY000020,2013,11,13,7,38,金門縣,金湖鎮,,NA,環島東路,四,,NA,,,士校路,,,,NA,NA,NA,NA,NA,NA,NA,NA,NA,0,0,0,NA,NA,NA,0,NA,NA,NA,NA,NA,NA,NA,NA,NA,NA,NA,NA,NA,NA,NA,Y000,YY00,1,4,2013/11/13,環島東路四段,士校路,,118.4462076,24.45419698,小型車 軍車∕自用 小客車∕,軍車小型車∕小客車自用∕,23∕28∕,,軍D*****6代號1933∕WY****1代號1934∕,,,,,,,,,本國∕本國∕
10211,10211Y00020018,YYA1,10211YY000024,2013,11,17,16,22,金門縣,金沙鎮,,NA,高陽路,,,NA,,,,,,往高坑路口,NA,NA,NA,NA,NA,NA,NA,NA,NA,0,1,0,晴,日間自然光線,村里道路,60,三岔路,交岔路口內,柏油,乾燥,無缺陷,無障礙物,良好,無號誌,無號誌,無分向設施,未繪設車道線,未繪設快慢車道分隔線,有,側撞,未依規定讓車,Y000,YY00,1,2,2013/11/17,高陽路,,金門縣金沙鎮往高坑路口,118.4078483,24.4727311,自用 小貨車(含客、貨兩用)∕普通重型 機車∕,小貨車自用∕機車普通重型∕,41∕64∕,未受傷∕受傷∕,6F****8代號1935∕48****C代號1936∕,其他∕其他∕,有適當之駕照∕無照（已達考照年齡）∕,經檢測無酒精反應∕經檢測無酒精反應∕,汽車右前車頭（身）∕機車前車頭∕,未依規定讓車∕未依規定減速∕,未依規定讓車∕未依規定讓車∕,服務工作者∕無業者∕,業務聯繫∕其他∕,本國∕本國∕
10211,10211Y00020048,YYA1,10211YY000025,2013,11,18,14,30,金門縣,金湖鎮,,NA,黃海路,,,NA,,,,,,97號旁路口,NA,NA,NA,NA,NA,NA,NA,NA,NA,0,1,0,晴,日間自然光線,村里道路,40,三岔路,交岔路口內,柏油,乾燥,無缺陷,無障礙物,建築物,無號誌,無號誌,無分向設施,未繪設車道線,未繪設快慢車道分隔線,有,路口交岔撞,未依規定讓車,Y000,YY00,1,2,2013/11/18,黃海路,,金門縣金湖鎮97號旁路口,118.4256931,24.452032,自用 大貨車∕普通重型 機車∕,大貨車自用∕機車普通重型∕,47∕63∕,未受傷∕受傷∕,VU***7代號1196∕18****D代號1937∕,其他∕其他∕,有適當之駕照∕有適當之駕照∕,經檢測無酒精反應∕經檢測無酒精反應∕,汽車左前車頭（身）∕機車前車頭∕,未依規定讓車∕未依規定減速∕,未依規定讓車∕未依規定讓車∕,售貨員∕家庭主婦（夫）∕,運輸∕不明∕,本國∕本國∕
10211,10211Y00020020,YYA1,10211YY000027,2013,11,19,11,34,金門縣,金湖鎮,,NA,太湖路,一,,NA,,,公園路,,,,NA,NA,NA,NA,NA,NA,NA,NA,NA,0,1,0,晴,日間自然光線,村里道路,50,四岔路,交岔路口內,柏油,乾燥,無缺陷,無障礙物,良好,閃光號誌,正常,無分向設施,未繪設車道線,未繪設快慢車道分隔線,有,追撞,未保持行車安全距離,Y000,YY00,1,2,2013/11/19,太湖路一段,公園路,,118.4034739,24.44823238,自用 大貨車∕租賃車 小客車∕乘客 人,大貨車自用∕小客車租貸車∕乘客,49∕60∕58,未受傷∕未受傷∕受傷,VU***3代號1601∕RA*****6代號1938∕RA*****6代號1938,其他∕其他∕其他,有適當之駕照∕有適當之駕照∕非汽（機）車駕駛人,經檢測無酒精反應∕經檢測無酒精反應∕非駕駛人，未檢測,汽車前車頭∕汽車後車尾∕非汽（機）車,未保持行車安全距離∕尚未發現肇事因素∕尚未發現肇事因素,未保持行車安全距離∕未保持行車安全距離∕未保持行車安全距離,技術員及助理人員∕服務工作者∕服務工作者,業務聯繫∕觀光旅遊∕觀光旅遊,本國∕本國∕本國
10211,10211Y00030001,YYA1,10211YY000028,2013,11,18,20,40,金門縣,金湖鎮,,NA,太湖路,三,,NA,,,,,,三谿橋,NA,NA,NA,NA,NA,NA,NA,NA,NA,0,0,0,晴,夜間（或隧道、地下道、涵洞）無照明,村里道路,50,橋樑,路肩、路緣,柏油,乾燥,無缺陷,無障礙物,良好,無號誌,無號誌,附標記,未繪設車道線,未繪設快慢車道分隔線,有,撞橋樑、建築物,未注意車前狀態,Y000,YY00,1,3,2013/11/18,太湖路三段,,金門縣金湖鎮三谿橋,118.4317691,24.4347503,自用 小客車∕ ∕,小客車自用,36∕0∕,未受傷,2C****1代號1939,其他,有適當之駕照,經檢測無酒精反應,汽車右前車頭（身）,未注意車前狀態∕尚未發現肇事因素∕,未注意車前狀態∕未注意車前狀態∕,其他,其他,本國∕本國∕
10211,10211Y00020022,YYA1,10211YY000032,2013,11,19,21,50,金門縣,金湖鎮,,NA,復興路,,,NA,4,,,,,台灣銀行前,NA,NA,NA,NA,NA,NA,NA,NA,NA,0,1,0,晴,夜間（或隧道、地下道、涵洞）有照明,村里道路,40,直路,一般車道（未劃分快慢車道）,柏油,乾燥,無缺陷,無障礙物,良好,無號誌,無號誌,附標記,未繪設車道線,未繪設快慢車道分隔線,有,同向擦撞,未注意車前狀態,Y000,YY00,1,2,2013/11/19,復興路4號,,金門縣金湖鎮台灣銀行前,118.4161413,24.4412321,普通重型 機車∕自用 小貨車(含客、貨兩用)∕,機車普通重型∕小貨車自用∕,42∕64∕,受傷∕未受傷∕,PZ****3代號1940∕6F****9代號1880∕,其他∕其他∕,無照（已達考照年齡）∕有適當之駕照∕,經檢測無酒精反應∕經觀察未飲酒∕,機車前車頭∕汽車左前車頭（身）∕,未注意車前狀態∕尚未發現肇事因素∕,未注意車前狀態∕未注意車前狀態∕,技術工∕服務工作者∕,不明∕其他∕,本國∕本國∕
10211,10211Y00020027,YYA1,10211YY000038,2013,11,22,17,56,金門縣,金沙鎮,,NA,環島北路,四,,NA,,,,,,第二富康農莊路口,NA,NA,NA,NA,NA,NA,NA,NA,NA,0,1,0,陰,夜間（或隧道、地下道、涵洞）有照明,村里道路,60,三岔路,交岔路口內,柏油,乾燥,無缺陷,無障礙物,良好,無號誌,無號誌,無分向設施,未繪設車道線,未繪設快慢車道分隔線,有,倒車撞,倒車未依規定,Y000,YY00,1,2,2013/11/22,環島北路四段,,金門縣金沙鎮第二富康農莊路口,118.4045085,24.4840105,自用 小貨車(含客、貨兩用)∕普通重型 機車∕,小貨車自用∕機車普通重型∕,58∕19∕,未受傷∕受傷∕,55****E代號1941∕88****V代號1942∕,其他∕其他∕,有適當之駕照∕有適當之駕照∕,經檢測無酒精反應∕經檢測無酒精反應∕,汽車右側車身∕機車左側車身∕,倒車未依規定∕未注意車前狀態∕,倒車未依規定∕倒車未依規定∕,非技術工及體力工∕大學（研究）生∕,上、下班∕其他∕,本國∕非本國∕
10211,10211Y00020034,YYA1,10211YY000045,2013,11,26,6,25,金門縣,金湖鎮,蓮庵里,NA,,,,NA,庵邊29,,,,,,NA,NA,NA,NA,NA,NA,NA,NA,NA,0,1,0,晴,日間自然光線,村里道路,40,巷弄,一般車道（未劃分快慢車道）,水泥,乾燥,無缺陷,無障礙物,良好,無號誌,無號誌,無分向設施,未繪設車道線,未繪設快慢車道分隔線,無,對撞,未靠右行駛,Y000,YY00,1,2,2013/11/26,金門縣金湖鎮蓮庵里庵邊29號,,金門縣金湖鎮蓮庵里,118.443227,24.424818,自用 小客車∕普通重型 機車∕,小客車自用∕機車普通重型∕,45∕36∕,未受傷∕受傷∕,WY****8代號1943∕AD*****2代號1944∕,其他∕其他∕,有適當之駕照∕有適當之駕照∕,經檢測無酒精反應∕經檢測無酒精反應∕,汽車前車頭∕機車前車頭∕,未靠右行駛∕未注意車前狀態∕,未靠右行駛∕未靠右行駛∕,技術員及助理人員∕售貨員∕,上、下班∕運輸∕,本國∕本國∕
10211,10211Y00020035,YYA1,10211YY000046,2013,11,26,16,20,金門縣,金湖鎮,,NA,環島南路,四,,NA,,,瓊徑路,,,,NA,NA,NA,NA,NA,NA,NA,NA,NA,0,1,0,晴,日間自然光線,村里道路,50,三岔路,交岔路口內,柏油,乾燥,無缺陷,無障礙物,良好,行車管制號誌,正常,無分向設施,未繪設車道線,未繪設快慢車道分隔線,有,側撞,未依規定讓車,Y000,YY00,1,2,2013/11/26,環島南路四段,瓊徑路,,118.3917905,24.44048713,公營公車 大客車∕普通重型 機車∕,公營公車∕機車普通重型∕,55∕20∕,未受傷∕受傷∕,30***H代號1945∕63****Q代號1946∕,其他∕其他∕,有適當之駕照∕有適當之駕照∕,經檢測無酒精反應∕經檢測無酒精反應∕,汽車右前車頭（身）∕機車左側車身∕,未依規定讓車∕未注意車前狀態∕,未依規定讓車∕未依規定讓車∕,汽車、火車駕駛員及船員∕專業人員∕,運輸∕不明∕,本國∕本國∕
10211,,YYA1,10211YY000047,2013,11,27,7,57,金門縣,金湖鎮,新市里,NA,市港路,,,NA,,,,,,1451路燈前路段武德新莊旁,NA,NA,NA,NA,NA,NA,NA,NA,NA,0,0,0,晴,日間自然光線,村里道路,50,直路,慢車道,柏油,乾燥,無缺陷,無障礙物,良好,無號誌,無號誌,無標記,未繪設車道線,快慢車道分隔線,有,路上翻車、摔倒,未注意車前狀態,Y000,YY00,1,4,2013/11/27,市港路,,金門縣金湖鎮新市里1451路燈前路段武德新莊旁,118.4099121,24.4348324,普通重型 機車∕ ∕,機車普通重型,31∕0∕,未受傷,66****C代號1947,其他,有適當之駕照,經檢測無酒精反應,機車右側車身,未注意車前狀態∕尚未發現肇事因素∕,未注意車前狀態∕未注意車前狀態∕,技術工,其他,本國∕本國∕
10211,10211Y00020037,YYA1,10211YY000049,2013,11,27,18,14,金門縣,金湖鎮,,NA,環島南路,四,,NA,,,,,,0555號路燈桿路段台客檳榔前,NA,NA,NA,NA,NA,NA,NA,NA,NA,0,2,0,晴,夜間（或隧道、地下道、涵洞）有照明,村里道路,50,三岔路,交岔口附近,柏油,乾燥,無缺陷,無障礙物,其他,無號誌,無號誌,附標記,未繪設車道線,快慢車道分隔線,有,側撞,未依規定讓車,Y000,YY00,1,2,2013/11/27,環島南路四段,,金門縣金湖鎮0555號路燈桿路段台客檳榔前,118.40101,24.438041,普通重型 機車∕普通重型 機車∕,機車普通重型∕機車普通重型∕,39∕33∕,受傷∕受傷∕,PZ****6代號1948∕92****E代號1949∕,其他∕其他∕,有適當之駕照∕有適當之駕照∕,經檢測無酒精反應∕經檢測無酒精反應∕,機車前車頭∕機車前車頭∕,未依規定讓車∕未注意車前狀態∕,未依規定讓車∕未依規定讓車∕,其他∕其他∕,上、下班∕上、下班∕,本國∕本國∕
10211,10211Y00020038,YYA1,10211YY000050,2013,11,27,19,30,金門縣,金湖鎮,,NA,市港路,,,NA,66,,,,,路口,NA,NA,NA,NA,NA,NA,NA,NA,NA,0,1,0,晴,夜間（或隧道、地下道、涵洞）有照明,村里道路,40,四岔路,交岔路口內,柏油,乾燥,無缺陷,無障礙物,良好,無號誌,無號誌,無分向設施,未繪設車道線,未繪設快慢車道分隔線,有,穿越道路中,搶越行人穿越道,Y000,YY00,1,2,2013/11/27,市港路66號,,金門縣金湖鎮路口,118.4099121,24.4348324,自用 小客車∕行人 人∕,小客車自用∕行人∕,23∕59∕,未受傷∕受傷∕,6F****2代號1950,其他∕非駕駛人及乘客∕,有適當之駕照∕非汽（機）車駕駛人∕,經檢測無酒精反應∕非駕駛人，未檢測∕,汽車右前車頭（身）∕非汽（機）車∕,搶越行人穿越道∕尚未發現肇事因素∕,搶越行人穿越道∕搶越行人穿越道∕,技術員及助理人員∕汽車、火車駕駛員及船員∕,購物∕其他∕,本國∕本國∕
10211,10211Y00020040,YYA1,10211YY000052,2013,11,28,8,15,金門縣,金湖鎮,,NA,太湖路,三,,NA,,,,,,金湖淨水廠出口路段,NA,NA,NA,NA,NA,NA,NA,NA,NA,0,1,0,晴,日間自然光線,村里道路,50,直路,路肩、路緣,柏油,乾燥,無缺陷,無障礙物,其他,無號誌,無號誌,附標記,未繪設車道線,未繪設快慢車道分隔線,有,路上翻車、摔倒,未注意車前狀態,Y000,YY00,1,2,2013/11/28,太湖路三段,,金門縣金湖鎮金湖淨水廠出口路段,118.4317691,24.4347503,普通重型 機車∕ ∕,機車普通重型,29∕0∕,受傷,99****W代號1951,其他,有適當之駕照,經檢測無酒精反應,機車左側車身,未注意車前狀態∕尚未發現肇事因素∕,未注意車前狀態∕未注意車前狀態∕,其他,其他,本國∕本國∕
10211,10211Y00020041,YYA1,10211YY000053,2013,11,28,11,19,金門縣,金湖鎮,,NA,市港路,,,NA,66,,,,,路口,NA,NA,NA,NA,NA,NA,NA,NA,NA,0,1,0,晴,日間自然光線,村里道路,50,四岔路,交岔口附近,柏油,乾燥,無缺陷,無障礙物,良好,無號誌,無號誌,附標記,未繪設車道線,快慢車道分隔線,有,同向擦撞,違規超車,Y000,YY00,1,2,2013/11/28,市港路66號,,金門縣金湖鎮路口,118.4099121,24.4348324,自用 小貨車(含客、貨兩用)∕普通重型 機車∕,小貨車自用∕機車普通重型∕,31∕20∕,未受傷∕受傷∕,6F****5代號1952∕17****E代號1953∕,其他∕其他∕,有適當之駕照∕有適當之駕照∕,經檢測無酒精反應∕經檢測無酒精反應∕,汽車右側車身∕機車左側車身∕,違規超車∕未靠右行駛∕,違規超車∕違規超車∕,其他∕其他∕,其他∕其他∕,本國∕本國∕
10211,,YYA1,10211YY000054,2013,11,28,18,38,金門縣,金湖鎮,,NA,林森路,,,NA,,,自強路,,,,NA,NA,NA,NA,NA,NA,NA,NA,NA,0,0,0,晴,夜間（或隧道、地下道、涵洞）有照明,村里道路,40,四岔路,交岔路口內,柏油,乾燥,無缺陷,無障礙物,良好,無號誌,無號誌,無分向設施,未繪設車道線,未繪設快慢車道分隔線,有,路口交岔撞,未依規定讓車,Y000,YY00,1,4,2013/11/28,林森路,自強路,,118.4162443,24.44177962,普通重型 機車∕自用 小客車∕,機車普通重型∕小客車自用∕,18∕24∕,未受傷∕未受傷∕,83****G代號1954∕07****V代號1955∕,其他∕其他∕,有適當之駕照∕有適當之駕照∕,經檢測無酒精反應∕經檢測無酒精反應∕,機車前車頭∕汽車左後車尾（身）∕,未依規定讓車∕未依規定減速∕,未依規定讓車∕未依規定讓車∕,其他∕其他∕,其他∕其他∕,本國∕本國∕
10211,10211Y00020042,YYA1,10211YY000055,2013,11,29,7,30,金門縣,金湖鎮,,NA,,,,NA,,,,,,小徑圓環,NA,NA,NA,NA,NA,NA,NA,NA,NA,0,2,0,晴,日間自然光線,村里道路,50,圓環,一般車道（未劃分快慢車道）,柏油,乾燥,無缺陷,無障礙物,良好,無號誌,無號誌,無分向設施,未繪設車道線,未繪設快慢車道分隔線,有,追撞,未保持行車安全距離,Y000,YY00,1,2,2013/11/29,金門縣金湖鎮小徑圓環,,金門縣金湖鎮小徑圓環,118.3866826,24.4490513,普通重型 機車∕自用 小客車∕普通重型 機車,機車普通重型∕小客車自用∕機車普通重型,70∕54∕61,受傷∕未受傷∕受傷,93****V代號1956∕WY****6代號1957∕PZ****0代號1958,其他∕其他∕其他,有適當之駕照∕有適當之駕照∕有適當之駕照,經檢測無酒精反應∕經檢測無酒精反應∕經檢測無酒精反應,機車前車頭∕汽車右前車頭（身）∕機車後車尾,未保持行車安全距離∕未注意車前狀態∕尚未發現肇事因素,未保持行車安全距離∕未保持行車安全距離∕未保持行車安全距離,其他∕其他∕其他,其他∕其他∕其他,本國∕本國∕本國
10211,10211Y00020050,YYA1,10211YY000056,2013,11,29,7,24,金門縣,金沙鎮,,NA,環島東路,一,,NA,,,,,,編號D011道路標誌桿路段,NA,NA,NA,NA,NA,NA,NA,NA,NA,0,2,0,晴,日間自然光線,村里道路,60,直路,一般車道（未劃分快慢車道）,柏油,乾燥,無缺陷,無障礙物,良好,無號誌,無號誌,附標記,未繪設車道線,未繪設快慢車道分隔線,有,追撞,未保持行車安全距離,Y000,YY00,1,2,2013/11/29,環島東路一段,,金門縣金沙鎮編號D011道路標誌桿路段,118.4213083,24.4841071,普通重型 機車∕普通重型 機車∕,機車普通重型∕機車普通重型∕,16∕59∕,受傷∕受傷∕,PZ****8代號1959∕PZ****1代號1960∕,其他∕其他∕,無照（未達考照年齡）∕有適當之駕照∕,經檢測無酒精反應∕經檢測無酒精反應∕,機車前車頭∕機車後車尾∕,未保持行車安全距離∕尚未發現肇事因素∕,未保持行車安全距離∕未保持行車安全距離∕,高中生∕無業者∕,其他∕其他∕,本國∕本國∕
10211,,YYA1,10211YY000060,2013,11,29,22,30,金門縣,金湖鎮,,NA,環島南路,,,NA,,,,,,湖前段8號前,NA,NA,NA,NA,NA,NA,NA,NA,NA,0,0,0,NA,NA,NA,0,NA,NA,NA,NA,NA,NA,NA,NA,NA,NA,NA,NA,NA,NA,NA,Y000,YY00,1,4,2013/11/29,環島南路,,金門縣金湖鎮湖前段8號前,118.3757827,24.4398961,自用 小貨車(含客、貨兩用)∕自用 小客車∕,小貨車自用∕小客車自用∕,33∕23∕,,03****X代號1961∕29****S代號1962∕,,,,,,,,,本國∕本國∕
10211,10211Y00020045,YYA1,10211YY000061,2013,11,30,3,10,金門縣,金沙鎮,,NA,,,,NA,,,,,,忠孝新村籃球場旁路段,NA,NA,NA,NA,NA,NA,NA,NA,NA,0,1,0,陰,夜間（或隧道、地下道、涵洞）無照明,村里道路,40,直路,一般車道（未劃分快慢車道）,水泥,乾燥,無缺陷,無障礙物,良好,無號誌,無號誌,無分向設施,未繪設車道線,未繪設快慢車道分隔線,無,其他,酒醉（後）駕駛失控,Y000,YY00,1,2,2013/11/30,金門縣金沙鎮忠孝新村籃球場旁路段,,金門縣金沙鎮忠孝新村籃球場旁路段,118.413013,24.493643,自用 小客車∕自用 小貨車(含客、貨兩用)∕,小客車自用∕小貨車自用∕,44∕28∕,受傷∕未受傷∕,34****Z代號1963∕75****X代號1964∕,其他∕其他∕,有適當之駕照∕有適當之駕照∕,經呼氣檢測超過0.80mg∕L或血液檢測超過0.16∕不明∕,汽車前車頭∕汽車前車頭∕,酒醉（後）駕駛失控∕尚未發現肇事因素∕,酒醉（後）駕駛失控∕酒醉（後）駕駛失控∕,其他∕服務工作者∕,其他∕其他∕,本國∕本國∕
10211,10211Y00020001,YZA1,10211YZ000001,2013,11,1,15,24,金門縣,金城鎮,南門里,NA,民族路,,,NA,253-11,,,,,後方巷口,NA,NA,NA,NA,NA,NA,NA,NA,NA,0,1,0,晴,日間自然光線,村里道路,30,三岔路,交岔路口內,水泥,乾燥,無缺陷,無障礙物,其他,無號誌,無號誌,無分向設施,未繪設車道線,未繪設快慢車道分隔線,無,側撞,未依規定讓車,Y000,YZ00,1,2,2013/11/1,民族路253-11號,,金門縣金城鎮南門里後方巷口,118.3157499,24.4302723,自用 小客車∕普通重型 機車∕,小客車自用∕機車普通重型∕,21∕56∕,未受傷∕受傷∕,49****D代號1965∕59****A代號1966∕,其他∕其他∕,有適當之駕照∕有適當之駕照∕,經檢測無酒精反應∕經檢測無酒精反應∕,汽車右前車頭（身）∕機車前車頭∕,未依規定讓車∕未依規定減速∕,未依規定讓車∕未依規定讓車∕,不明∕不明∕,不明∕上、下班∕,本國∕本國∕
10211,10211Y00020004,YZA1,10211YZ000004,2013,11,3,4,10,金門縣,金寧鄉,,NA,林湖路,,,NA,,,環島北路,,,90巷口,NA,NA,NA,NA,NA,NA,NA,NA,NA,0,1,0,雨,夜間（或隧道、地下道、涵洞）有照明,村里道路,40,三岔路,交岔路口內,柏油,濕潤,無缺陷,無障礙物,良好,無號誌,無號誌,無分向設施,未繪設車道線,未繪設快慢車道分隔線,有,衝出路外,酒醉（後）駕駛失控,Y000,YZ00,1,2,2013/11/3,林湖路,環島北路,,118.3258302,24.4439927,普通重型 機車∕ ∕,機車普通重型,37∕0∕,受傷,PB****6代號1967,其他,越級駕駛,經呼氣檢測超過0.80mg∕L或血液檢測超過0.16,機車右側車身,酒醉（後）駕駛失控∕尚未發現肇事因素∕,酒醉（後）駕駛失控∕酒醉（後）駕駛失控∕,服務工作者,其他,本國∕本國∕
10211,10211Y00020006,YZA1,10211YZ000005,2013,11,3,12,30,金門縣,金寧鄉,西門里,NA,環島西路,二,,NA,,,,,,13168號路燈桿前,NA,NA,NA,NA,NA,NA,NA,NA,NA,0,1,0,陰,晨或暮光,鄉道,50,四岔路,交岔口附近,柏油,濕潤,無缺陷,無障礙物,良好,無號誌,無號誌,無標記,未繪設車道線,未繪設快慢車道分隔線,有,路上翻車、摔倒,未注意車前狀態,Y000,YZ00,1,2,2013/11/3,環島西路二段,,金門縣金寧鄉西門里13168號路燈桿前,118.3148723,24.4566699,普通重型 機車∕ ∕,機車普通重型,19∕0∕,受傷,AD*****0代號1968,其他,有適當之駕照,經檢測無酒精反應,機車右側車身,未注意車前狀態∕尚未發現肇事因素∕,未注意車前狀態∕未注意車前狀態∕,大學（研究）生,社交活動,本國∕本國∕
10211,10211Y00020007,YZA1,10211YZ000006,2013,11,3,13,10,金門縣,金城鎮,西門里,NA,民權路,,,NA,,,莒光路,,,,NA,NA,NA,NA,NA,NA,NA,NA,NA,0,2,0,陰,日間自然光線,村里道路,40,四岔路,交岔路口內,柏油,乾燥,無缺陷,無障礙物,良好,無號誌,無號誌,無分向設施,未繪設車道線,未繪設快慢車道分隔線,有,側撞,未依規定讓車,Y000,YZ00,1,2,2013/11/3,民權路,莒光路,,118.3156202,24.43419458,普通輕型 機車∕普通重型 機車∕,機車普通輕型∕機車普通重型∕,43∕19∕,受傷∕受傷∕,WZ****9代號1969∕16****G代號1970∕,其他∕其他∕,有適當之駕照∕有適當之駕照∕,經檢測無酒精反應∕經檢測無酒精反應∕,機車左側車身∕機車前車頭∕,未依規定讓車∕未依規定減速∕,未依規定讓車∕未依規定讓車∕,技術員及助理人員∕大學（研究）生∕,社交活動∕社交活動∕,本國∕本國∕
10211,10211Y00020009,YZA1,10211YZ000010,2013,11,4,18,0,金門縣,金城鎮,,NA,伯玉路,一,,NA,,,,,,公車保養場前路段,NA,NA,NA,NA,NA,NA,NA,NA,NA,0,2,0,陰,夜間（或隧道、地下道、涵洞）有照明,村里道路,60,三岔路,慢車道,柏油,乾燥,無缺陷,無障礙物,良好,無號誌,無號誌,無標記,未繪設車道線,快慢車道分隔線,有,側撞,未依規定讓車,Y000,YZ00,1,2,2013/11/4,伯玉路一段,,金門縣金城鎮公車保養場前路段,118.3267756,24.4346914,普通重型 機車∕普通重型 機車∕,機車普通重型∕機車普通重型∕,21∕27∕,受傷∕受傷∕,71****S代號1971∕02****F代號1972∕,其他∕其他∕,有適當之駕照∕有適當之駕照∕,經檢測無酒精反應∕經檢測無酒精反應∕,機車右側車身∕機車前車頭∕,未依規定讓車∕未注意車前狀態∕,未依規定讓車∕未依規定讓車∕,大學（研究）生∕技術工∕,其他∕上、下班∕,本國∕本國∕
10211,10211Y00020005,YZA1,10211YZ000011,2013,11,3,8,29,金門縣,金寧鄉,盤山村,NA,大學路,,,NA,1,,,,,機車停車場旁道路,NA,NA,NA,NA,NA,NA,NA,NA,NA,0,1,0,雨,日間自然光線,其他,30,直路,一般車道（未劃分快慢車道）,柏油,濕潤,無缺陷,無障礙物,良好,無號誌,無號誌,寬式（50公分以上）,未繪設車道線,未繪設快慢車道分隔線,有,路上翻車、摔倒,未注意車前狀態,Y000,YZ00,1,2,2013/11/3,大學路1號,,金門縣金寧鄉盤山村機車停車場旁道路,118.325279,24.4466751,普通重型 機車∕ ∕,機車普通重型,21∕0∕,受傷,BF****1代號1973,其他,有適當之駕照,經觀察未飲酒,機車左側車身,未注意車前狀態∕尚未發現肇事因素∕,未注意車前狀態∕未注意車前狀態∕,專科生,上、下學,本國∕本國∕
10211,10211Y00020046,YZA1,10211YZ000012,2013,11,5,8,29,金門縣,金城鎮,,NA,西海路,三,33,NA,,,,,,口,NA,NA,NA,NA,NA,NA,NA,NA,NA,0,1,0,晴,日間自然光線,縣道,50,三岔路,交岔路口內,柏油,乾燥,無缺陷,無障礙物,良好,無號誌,無號誌,無分向設施,未繪設車道線,未繪設快慢車道分隔線,有,追撞,未保持行車安全距離,Y000,YZ00,1,2,2013/11/5,西海路三段33巷,,金門縣金城鎮口,118.3124964,24.4226194,普通重型 機車∕自用 小貨車(含客、貨兩用)∕,機車普通重型∕小貨車自用∕,23∕77∕,受傷∕未受傷∕,10****W代號1974∕WY****8代號1975∕,其他∕其他∕,有適當之駕照∕有適當之駕照∕,經檢測無酒精反應∕經檢測無酒精反應∕,機車前車頭∕汽車右後車尾（身）∕,未保持行車安全距離∕尚未發現肇事因素∕,未保持行車安全距離∕未保持行車安全距離∕,不明∕不明∕,不明∕不明∕,本國∕本國∕
10211,10211Y00020047,YZA1,10211YZ000013,2013,11,6,17,34,金門縣,金城鎮,,NA,,,,NA,,,,,,賢厝往金門城產業道路03848號路燈前路段,NA,NA,NA,NA,NA,NA,NA,NA,NA,0,1,0,晴,晨或暮光,村里道路,40,彎曲路及附近,一般車道（未劃分快慢車道）,柏油,乾燥,無缺陷,無障礙物,良好,無號誌,無號誌,無分向設施,未繪設車道線,未繪設快慢車道分隔線,有,對向擦撞,未靠右行駛,Y000,YZ00,1,2,2013/11/6,金門縣金城鎮賢厝往金門城產業道路03848號路燈前路段,,金門縣金城鎮賢厝往金門城產業道路03848號路燈前路段,118.306221,24.401537,自用 小客車∕普通重型 機車∕,小客車自用∕機車普通重型∕,27∕37∕,未受傷∕受傷∕,G9****0代號1976∕N8****6代號1977∕,其他∕其他∕,有適當之駕照∕無照（已達考照年齡）∕,經檢測無酒精反應∕經呼氣檢測0.26至0.40mg∕L或血液檢測0.051至0.08∕,汽車左前車頭（身）∕機車前車頭∕,未靠右行駛∕未靠右行駛∕,未靠右行駛∕未靠右行駛∕,不明∕不明∕,不明∕不明∕,本國∕本國∕
10211,,YZA1,10211YZ000017,2013,11,12,10,10,金門縣,金寧鄉,盤山村,NA,大學路,,,NA,1,,,,,圖資大樓前路段,NA,NA,NA,NA,NA,NA,NA,NA,NA,0,0,0,NA,NA,NA,0,NA,NA,NA,NA,NA,NA,NA,NA,NA,NA,NA,NA,NA,NA,NA,Y000,YZ00,1,4,2013/11/12,大學路1號,,金門縣金寧鄉盤山村圖資大樓前路段,118.325279,24.4466751,自用 小客車∕自用 小客車∕,小客車自用∕小客車自用∕,53∕53∕,,82****9代號1978∕6F****3代號1979∕,,,,,,,,,本國∕本國∕