年月,總編號,處理單位,處理編號,年,月,日,時,分,縣市,區,村里,鄰,街道,段,巷,弄,號,公尺處,街道.1,段.1,側,附近,道路,公里,公尺處.1,向,車道,平交道,公里.1,公尺處.2,附近.1,死,受傷,X2.30,天候,光線,道路類別,速限,道路型態,事故位置,路面鋪裝,路面狀態,路面缺陷,障礙物,視距,號誌種類,號誌動作,分向設施,快車道或一般車道間,快慢車道間,路面邊線,事故類型及型態,主要肇因,警局,分局,案件類別,事故類別,日期,道路1,道路2,概略位置,lon,lat,車種,當事者區分.類別.,年齡,受傷程度,車輛牌照號碼,車輛用途,駕駛資格情形,飲酒情形,車輛撞擊部位最初,肇事因素個別,肇事因素主要,職.業,旅次目的,國籍
10211,10211Y00020015,YZA1,10211YZ000021,2013,11,13,13,54,金門縣,金城鎮,,NA,環島北路,,,NA,138,,,,,,NA,NA,NA,NA,NA,NA,NA,NA,NA,0,1,0,晴,日間自然光線,村里道路,60,三岔路,交岔路口內,柏油,乾燥,無缺陷,無障礙物,良好,無號誌,無號誌,無標記,未繪設車道線,未繪設快慢車道分隔線,有,側撞,未依規定讓車,Y000,YZ00,1,2,2013/11/13,環島北路138號,,金門縣金城鎮,118.322662,24.441264,自用 小貨車(含客、貨兩用)∕普通重型 機車∕,小貨車自用∕機車普通重型∕,54∕57∕,未受傷∕受傷∕,6F****0代號1980∕PZ****6代號1981∕,其他∕其他∕,有適當之駕照∕有適當之駕照∕,經檢測無酒精反應∕經檢測無酒精反應∕,汽車左前車頭（身）∕機車右側車身∕,未依規定讓車∕尚未發現肇事因素∕,未依規定讓車∕未依規定讓車∕,事務工作者∕其他∕,其他∕其他∕,本國∕本國∕
10211,10211Y00020016,YZA1,10211YZ000022,2013,11,13,17,27,金門縣,金寧鄉,,NA,環島北路,一,,NA,,,大學路,,,,NA,NA,NA,NA,NA,NA,NA,NA,NA,0,3,0,晴,晨或暮光,村里道路,60,三岔路,交岔路口內,柏油,乾燥,無缺陷,無障礙物,良好,行車管制號誌,正常,無分向設施,未繪設車道線,未繪設快慢車道分隔線,有,側撞,未依規定讓車,Y000,YZ00,1,2,2013/11/13,環島北路一段,大學路,,118.326867,24.44495544,普通重型 機車∕普通重型 機車∕乘客 人,機車普通重型∕機車普通重型∕乘客,22∕22∕21,受傷∕受傷∕受傷,91****V代號1982∕51****G代號1983∕91****V代號1982,其他∕其他∕其他,有適當之駕照∕有適當之駕照∕非汽（機）車駕駛人,經檢測無酒精反應∕經檢測無酒精反應∕非駕駛人，未檢測,機車前車頭∕機車前車頭∕非汽（機）車,未依規定讓車∕未注意車前狀態∕尚未發現肇事因素,未依規定讓車∕未依規定讓車∕未依規定讓車,大學（研究）生∕其他∕大學（研究）生,其他∕其他∕其他,本國∕本國∕本國
10211,10211Y00020017,YZA1,10211YZ000023,2013,11,14,11,21,金門縣,金城鎮,,NA,民生路,,,NA,,,,,,車站圓環,NA,NA,NA,NA,NA,NA,NA,NA,NA,0,1,0,晴,日間自然光線,村里道路,40,三岔路,交岔路口內,柏油,乾燥,無缺陷,無障礙物,良好,無號誌,無號誌,無分向設施,未繪設車道線,未繪設快慢車道分隔線,有,側撞,未保持行車安全距離,Y000,YZ00,1,2,2013/11/14,民生路,,金門縣金城鎮車站圓環,118.3190184,24.43575,普通重型 機車∕自用 小客車∕,機車普通重型∕小客車自用∕,45∕34∕,受傷∕未受傷∕,32****U代號1984∕03****7代號1985∕,其他∕其他∕,有適當之駕照∕有適當之駕照∕,經檢測無酒精反應∕經檢測無酒精反應∕,機車前車頭∕汽車右側車身∕,未保持行車安全距離∕右轉彎未依規定∕,未保持行車安全距離∕未保持行車安全距離∕,技術工∕事務工作者∕,其他∕其他∕,本國∕本國∕
10211,10211Y00020019,YZA1,10211YZ000026,2013,11,18,14,40,金門縣,金寧鄉,,NA,大學路,,,NA,1,,,,,教學大樓前,NA,NA,NA,NA,NA,NA,NA,NA,NA,0,1,0,晴,日間自然光線,村里道路,40,三岔路,交岔口附近,水泥,乾燥,無缺陷,無障礙物,良好,無號誌,無號誌,無標記,未繪設車道線,未繪設快慢車道分隔線,有,其他,未依規定讓車,Y000,YZ00,1,2,2013/11/18,大學路1號,,金門縣金寧鄉教學大樓前,118.325279,24.4466751,自用 小客車∕普通重型 機車∕,小客車自用∕機車普通重型∕,41∕21∕,未受傷∕受傷∕,07****V代號1986∕90****X代號1987∕,其他∕其他∕,有適當之駕照∕有適當之駕照∕,經檢測無酒精反應∕經檢測無酒精反應∕,汽車左前車頭（身）∕機車右側車身∕,未依規定讓車∕未注意車前狀態∕,未依規定讓車∕未依規定讓車∕,其他∕大學（研究）生∕,其他∕其他∕,本國∕本國∕
10211,10211Y00020021,YZA1,10211YZ000029,2013,11,19,14,50,金門縣,金寧鄉,湖埔村,NA,,,,NA,,,,,,埔後212號前路口,NA,NA,NA,NA,NA,NA,NA,NA,NA,0,4,0,晴,日間自然光線,村里道路,40,四岔路,交岔路口內,柏油,乾燥,無缺陷,無障礙物,良好,無號誌,無號誌,無分向設施,未繪設車道線,未繪設快慢車道分隔線,有,路口交岔撞,未依規定讓車,Y000,YZ00,1,2,2013/11/19,金門縣金寧鄉湖埔村埔後212號前路口,,金門縣金寧鄉湖埔村埔後212號前路口,118.317029,24.442928,普通重型 機車∕普通重型 機車∕乘客 人∕乘客 人∕,機車普通重型∕機車普通重型∕乘客∕乘客∕,21∕60∕21∕61∕,受傷∕受傷∕受傷∕受傷∕,YD****1代號1988∕PZ****5代號1989∕YD****1代號1988∕PZ****5代號1989∕,其他∕其他∕其他∕其他∕,有適當之駕照∕有適當之駕照∕非汽（機）車駕駛人∕非汽（機）車駕駛人∕,經檢測無酒精反應∕經檢測無酒精反應∕非駕駛人，未檢測∕非駕駛人，未檢測∕,機車右側車身∕機車前車頭∕非汽（機）車∕非汽（機）車∕,未依規定讓車∕未依規定減速∕尚未發現肇事因素∕尚未發現肇事因素∕,未依規定讓車∕未依規定讓車∕未依規定讓車∕未依規定讓車∕,大學（研究）生∕汽車、火車駕駛員及船員∕大學（研究）生∕汽車、火車駕駛員及船員∕,其他∕其他∕其他∕其他∕,本國∕本國∕本國∕本國∕
10211,10211Y00030002,YZA1,10211YZ000030,2013,11,19,8,31,金門縣,金城鎮,,NA,中興路,,,NA,,,,,,金城鎮公所後方停車場,NA,NA,NA,NA,NA,NA,NA,NA,NA,0,0,0,晴,日間自然光線,其他,40,其他,其他,水泥,乾燥,無缺陷,無障礙物,良好,無號誌,無號誌,無分向設施,未繪設車道線,未繪設快慢車道分隔線,無,其他,不明原因肇事,Y000,YZ00,1,3,2013/11/19,中興路,,金門縣金城鎮金城鎮公所後方停車場,118.3209249,24.4326671,自用 小客車∕自用 小客車∕,小客車自用∕小客車自用∕,0∕50∕,未受傷∕未受傷∕,∕6F****0代號1990∕,其他∕其他∕,不明∕有適當之駕照∕,不明∕經觀察未飲酒∕,不明∕汽車右後車尾（身）∕,不明原因肇事∕尚未發現肇事因素∕,不明原因肇事∕不明原因肇事∕,不明∕不明∕,不明∕不明∕,本國∕本國∕
10211,10211Y00020049,YZA1,10211YZ000031,2013,11,19,16,50,金門縣,金寧鄉,,NA,,,,NA,,,,,,埔後708號前路口,NA,NA,NA,NA,NA,NA,NA,NA,NA,0,1,0,晴,日間自然光線,村里道路,40,四岔路,交岔路口內,柏油,乾燥,無缺陷,無障礙物,良好,無號誌,無號誌,無分向設施,未繪設車道線,未繪設快慢車道分隔線,有,路口交岔撞,未依規定讓車,Y000,YZ00,1,2,2013/11/19,金門縣金寧鄉埔後708號前路口,,金門縣金寧鄉埔後708號前路口,118.317029,24.442928,自用 小貨車(含客、貨兩用)∕普通重型 機車∕,小貨車自用∕機車普通重型∕,41∕21∕,未受傷∕受傷∕,11****V代號1991∕20****J代號1992∕,其他∕其他∕,有適當之駕照∕有適當之駕照∕,經檢測無酒精反應∕經檢測無酒精反應∕,汽車前車頭∕機車左側車身∕,未依規定讓車∕未依規定減速∕,未依規定讓車∕未依規定讓車∕,其他∕大學（研究）生∕,其他∕上、下班∕,本國∕本國∕
10211,10211Y00020023,YZA1,10211YZ000033,2013,11,20,8,3,金門縣,金寧鄉,,NA,環島北路,一,,NA,,,,,,0029號路燈桿前路段,NA,NA,NA,NA,NA,NA,NA,NA,NA,0,1,0,晴,日間自然光線,鄉道,50,彎曲路及附近,一般車道（未劃分快慢車道）,柏油,乾燥,無缺陷,無障礙物,良好,無號誌,無號誌,附標記,未繪設車道線,未繪設快慢車道分隔線,有,其他,違規超車,Y000,YZ00,1,2,2013/11/20,環島北路一段,,金門縣金寧鄉0029號路燈桿前路段,118.3283226,24.4462231,自用 小客車∕自用 小客車∕,小客車自用∕小客車自用∕,51∕36∕,未受傷∕受傷∕,6F****3代號1993∕6F****8代號1994∕,其他∕其他∕,有適當之駕照∕有適當之駕照∕,不明∕經檢測無酒精反應∕,不明∕汽車左前車頭（身）∕,違規超車∕未依規定減速∕,違規超車∕違規超車∕,專業人員∕技術員及助理人員∕,上、下班∕上、下班∕,本國∕本國∕
10211,10211Y00020024,YZA1,10211YZ000034,2013,11,20,14,10,金門縣,金寧鄉,,NA,伯玉路,二,,NA,,,,,,盤果路口,NA,NA,NA,NA,NA,NA,NA,NA,NA,0,1,0,晴,日間自然光線,村里道路,60,四岔路,公車專用道,柏油,乾燥,無缺陷,無障礙物,良好,行車管制號誌,正常,無分向設施,未繪設車道線,未繪設快慢車道分隔線,有,側撞,左轉彎未依規定,Y000,YZ00,1,2,2013/11/20,伯玉路二段,,金門縣金寧鄉盤果路口,118.3416148,24.4414563,普通重型 機車∕自用 小客車∕,機車普通重型∕小客車自用∕,56∕40∕,受傷∕未受傷∕,PZ****7代號1995∕HV****8代號1996∕,其他∕其他∕,有適當之駕照∕駕照被吊（註）銷∕,經檢測無酒精反應∕經檢測無酒精反應∕,機車左側車身∕汽車右側車身∕,左轉彎未依規定∕未注意車前狀態∕,左轉彎未依規定∕左轉彎未依規定∕,不明∕不明∕,其他∕其他∕,本國∕本國∕
10211,10211Y00020025,YZA1,10211YZ000035,2013,11,21,18,10,金門縣,金城鎮,,NA,民權路,,70,2,7,,,,,,NA,NA,NA,NA,NA,NA,NA,NA,NA,0,1,0,晴,夜間（或隧道、地下道、涵洞）有照明,村里道路,30,四岔路,交岔路口內,其他鋪裝,乾燥,無缺陷,無障礙物,良好,無號誌,無號誌,無分向設施,未繪設車道線,未繪設快慢車道分隔線,無,路口交岔撞,未依規定讓車,Y000,YZ00,1,2,2013/11/21,民權路70巷2弄7號,,金門縣金城鎮,118.3120733,24.4331197,普通重型 機車∕自用 小貨車(含客、貨兩用)∕,機車普通重型∕小貨車自用∕,20∕51∕,受傷∕未受傷∕,62****F代號1997∕6Q****1代號1998∕,其他∕其他∕,有適當之駕照∕有適當之駕照∕,經檢測無酒精反應∕經檢測無酒精反應∕,機車前車頭∕汽車左側車身∕,未依規定讓車∕未依規定減速∕,未依規定讓車∕未依規定讓車∕,大學（研究）生∕技術工∕,其他∕其他∕,本國∕本國∕
10211,10211Y00020026,YZA1,10211YZ000036,2013,11,22,10,30,金門縣,金城鎮,西門里,NA,珠浦西路,,84,NA,,,,,,口,NA,NA,NA,NA,NA,NA,NA,NA,NA,0,2,0,晴,日間自然光線,村里道路,40,四岔路,交岔路口內,其他鋪裝,乾燥,無缺陷,無障礙物,良好,無號誌,無號誌,無分向設施,未繪設車道線,未繪設快慢車道分隔線,無,路口交岔撞,未依規定讓車,Y000,YZ00,1,2,2013/11/22,珠浦西路84巷,,金門縣金城鎮西門里口,118.3147803,24.4384226,普通重型 機車∕自用 小客車∕乘客 人,機車普通重型∕小客車自用∕乘客,19∕55∕20,受傷∕未受傷∕受傷,81****F代號1999∕6F****7代號782∕81****F代號1999,其他∕其他∕其他,有適當之駕照∕有適當之駕照∕非汽（機）車駕駛人,經檢測無酒精反應∕經檢測無酒精反應∕非駕駛人，未檢測,機車右側車身∕汽車前車頭∕非汽（機）車,未依規定讓車∕未依規定減速∕尚未發現肇事因素,未依規定讓車∕未依規定讓車∕未依規定讓車,大學（研究）生∕非技術工及體力工∕大學（研究）生,其他∕其他∕其他,本國∕本國∕本國
10211,10211Y00020028,YZA1,10211YZ000039,2013,11,22,19,55,金門縣,金寧鄉,,NA,,,,NA,,,,,,湖南100之1號前產業道路,NA,NA,NA,NA,NA,NA,NA,NA,NA,0,1,0,晴,夜間（或隧道、地下道、涵洞）有照明,鄉道,40,直路,一般車道（未劃分快慢車道）,水泥,乾燥,無缺陷,無障礙物,良好,無號誌,無號誌,無分向設施,未繪設車道線,未繪設快慢車道分隔線,無,衝出路外,酒醉（後）駕駛失控,Y000,YZ00,1,2,2013/11/22,金門縣金寧鄉湖南100之1號前產業道路,,金門縣金寧鄉湖南100之1號前產業道路,118.3333092,24.4542622,普通重型 機車∕ ∕,機車普通重型,49∕0∕,受傷,YL****2代號2000,其他,有適當之駕照,經呼氣檢測超過0.80mg∕L或血液檢測超過0.16,機車前車頭,酒醉（後）駕駛失控∕尚未發現肇事因素∕,酒醉（後）駕駛失控∕酒醉（後）駕駛失控∕,技術工,社交活動,本國∕本國∕
10211,10211Y00020029,YZA1,10211YZ000040,2013,11,22,23,10,金門縣,金寧鄉,,NA,大學路,,,NA,,,,,,綜合大樓旁路段,NA,NA,NA,NA,NA,NA,NA,NA,NA,0,2,0,晴,夜間（或隧道、地下道、涵洞）有照明,村里道路,40,直路,一般車道（未劃分快慢車道）,水泥,乾燥,無缺陷,無障礙物,良好,無號誌,無號誌,無標記,未繪設車道線,未繪設快慢車道分隔線,有,側撞,違規超車,Y000,YZ00,NA,NA,2013/11/22,大學路,,金門縣金寧鄉綜合大樓旁路段,118.325279,24.4466751,普通重型 機車∕普通重型 機車∕,機車普通重型∕機車普通重型∕,20∕20∕,受傷∕受傷∕,YK****9代號2001∕AZ****8代號2002∕,其他∕其他∕,有適當之駕照∕有適當之駕照∕,經檢測無酒精反應∕經檢測無酒精反應∕,機車前車頭∕機車左側車身∕,違規超車∕左轉彎未依規定∕,違規超車∕違規超車∕,大學（研究）生∕大學（研究）生∕,其他∕其他∕,本國∕本國∕
10211,10211Y00020030,YZA1,10211YZ000041,2013,11,23,9,52,金門縣,金寧鄉,,NA,環島北路,一,,NA,,,,,,鎮西路段,NA,NA,NA,NA,NA,NA,NA,NA,NA,0,1,0,晴,日間自然光線,村里道路,60,彎曲路及附近,路肩、路緣,柏油,乾燥,無缺陷,無障礙物,良好,無號誌,無號誌,無標記,未繪設車道線,未繪設快慢車道分隔線,有,其他,未依規定減速,Y000,YZ00,1,2,2013/11/23,環島北路一段,,金門縣金寧鄉鎮西路段,118.3283226,24.4462231,自用 小客車∕普通重型 機車∕,小客車自用∕機車普通重型∕,19∕31∕,未受傷∕受傷∕,6D****9代號2003∕AD*****7代號2004∕,其他∕其他∕,有適當之駕照∕有適當之駕照∕,經檢測無酒精反應∕不明∕,汽車前車頭∕機車前車頭∕,未依規定減速∕尚未發現肇事因素∕,未依規定減速∕未依規定減速∕,不明∕不明∕,不明∕觀光旅遊∕,本國∕本國∕
10211,10211Y00020031,YZA1,10211YZ000042,2013,11,23,13,17,金門縣,金寧鄉,,NA,伯玉路,一,,NA,,,,,,榜林圓環,NA,NA,NA,NA,NA,NA,NA,NA,NA,0,2,0,晴,日間自然光線,村里道路,40,圓環,一般車道（未劃分快慢車道）,柏油,乾燥,無缺陷,無障礙物,良好,無號誌,無號誌,無分向設施,車道線（無標記）,未繪設快慢車道分隔線,有,其他,未依規定讓車,Y000,YZ00,1,2,2013/11/23,伯玉路一段,,金門縣金寧鄉榜林圓環,118.3267756,24.4346914,普通重型 機車∕自用 小客車∕乘客 人,機車普通重型∕小客車自用∕乘客,19∕36∕19,受傷∕未受傷∕受傷,GM****6代號2005∕WY****7代號2006∕GM****6代號2005,其他∕其他∕其他,無照（已達考照年齡）∕有適當之駕照∕非汽（機）車駕駛人,經檢測無酒精反應∕經檢測無酒精反應∕非駕駛人，未檢測,機車前車頭∕汽車右側車身∕非汽（機）車,未依規定讓車∕尚未發現肇事因素∕尚未發現肇事因素,未依規定讓車∕未依規定讓車∕未依規定讓車,大學（研究）生∕其他∕大學（研究）生,其他∕其他∕其他,本國∕本國∕非本國
10211,10211Y00020032,YZA1,10211YZ000043,2013,11,23,15,35,金門縣,金寧鄉,榜林村,NA,伯玉路,一,,NA,,,,,,榜林圓環內,NA,NA,NA,NA,NA,NA,NA,NA,NA,0,1,0,晴,日間自然光線,村里道路,40,圓環,一般車道（未劃分快慢車道）,柏油,乾燥,無缺陷,無障礙物,良好,無號誌,無號誌,無分向設施,車道線（無標記）,未繪設快慢車道分隔線,有,其他,未依規定讓車,Y000,YZ00,1,2,2013/11/23,伯玉路一段,,金門縣金寧鄉榜林村榜林圓環內,118.3267756,24.4346914,自用 小客車∕普通重型 機車∕,小客車自用∕機車普通重型∕,31∕39∕,未受傷∕受傷∕,43****9代號2007∕78****T代號2008∕,其他∕其他∕,有適當之駕照∕有適當之駕照∕,經檢測無酒精反應∕經檢測無酒精反應∕,汽車右前車頭（身）∕機車右側車身∕,未依規定讓車∕尚未發現肇事因素∕,未依規定讓車∕未依規定讓車∕,不明∕技術員及助理人員∕,其他∕觀光旅遊∕,本國∕本國∕
10211,10211Y00020033,YZA1,10211YZ000044,2013,11,25,7,40,金門縣,金城鎮,西門里,NA,珠浦西路,,,NA,,,,,,宏德宮旁路口,NA,NA,NA,NA,NA,NA,NA,NA,NA,0,2,0,晴,日間自然光線,村里道路,30,四岔路,交岔路口內,柏油,乾燥,有坑洞,無障礙物,良好,無號誌,無號誌,無分向設施,未繪設車道線,未繪設快慢車道分隔線,有,路口交岔撞,未依規定讓車,Y000,YZ00,1,2,2013/11/25,珠浦西路,,金門縣金城鎮西門里宏德宮旁路口,118.3147803,24.4384226,普通輕型 機車∕普通重型 機車∕,機車普通輕型∕機車普通重型∕,58∕26∕,受傷∕受傷∕,WZ****1代號2009∕80****E代號2010∕,其他∕其他∕,有適當之駕照∕有適當之駕照∕,經檢測無酒精反應∕經檢測無酒精反應∕,機車前車頭∕機車左側車身∕,未依規定讓車∕未依規定減速∕,未依規定讓車∕未依規定讓車∕,技術員及助理人員∕服務工作者∕,上、下班∕上、下班∕,本國∕本國∕
10211,10211Y00020036,YZA1,10211YZ000048,2013,11,27,11,40,金門縣,金寧鄉,,NA,盤果路,,,NA,,,,,,盤果路伯玉路口,NA,NA,NA,NA,NA,NA,NA,NA,NA,0,1,0,晴,日間自然光線,縣道,50,四岔路,交岔路口內,柏油,乾燥,無缺陷,無障礙物,良好,行車管制號誌,正常,無分向設施,未繪設車道線,未繪設快慢車道分隔線,有,側撞,違規超車,Y000,YZ00,1,2,2013/11/27,盤果路,,金門縣金寧鄉盤果路伯玉路口,118.3423814,24.4390088,小型車 軍車∕普通重型 機車∕,軍車小型車∕機車普通重型∕,22∕40∕,未受傷∕受傷∕,軍D*****0代號2011∕61****A代號301∕,其他∕其他∕,有適當之駕照∕有適當之駕照∕,經觀察未飲酒∕經觀察未飲酒∕,汽車右側車身∕機車左側車身∕,違規超車∕左轉彎未依規定∕,違規超車∕違規超車∕,其他∕家庭主婦（夫）∕,不明∕其他∕,本國∕本國∕
10211,10211Y00020039,YZA1,10211YZ000051,2013,11,27,21,40,金門縣,金城鎮,西門里,NA,民生路,,,NA,,,民權路,,,,NA,NA,NA,NA,NA,NA,NA,NA,NA,0,1,0,晴,夜間（或隧道、地下道、涵洞）有照明,村里道路,40,四岔路,交岔路口內,柏油,乾燥,無缺陷,無障礙物,良好,閃光號誌,正常,無分向設施,未繪設車道線,未繪設快慢車道分隔線,有,側撞,未依規定讓車,Y000,YZ00,1,2,2013/11/27,民生路,民權路,,118.318387,24.437086,自用 小客車∕普通重型 機車∕,小客車自用∕機車普通重型∕,50∕46∕,未受傷∕受傷∕,WY****2代號2012∕66****W代號2013∕,其他∕其他∕,有適當之駕照∕有適當之駕照∕,經檢測無酒精反應∕經檢測無酒精反應∕,汽車左前車頭（身）∕機車前車頭∕,未依規定讓車∕未注意車前狀態∕,未依規定讓車∕未依規定讓車∕,技術員及助理人員∕技術員及助理人員∕,上、下班∕社交活動∕,本國∕本國∕
10211,10211Y00020043,YZA1,10211YZ000057,2013,11,29,12,8,金門縣,金寧鄉,,NA,環島西路,二,,NA,,,,,,0813號路燈桿附近,NA,NA,NA,NA,NA,NA,NA,NA,NA,0,1,0,晴,日間自然光線,村里道路,50,三岔路,交岔路口內,柏油,乾燥,無缺陷,無障礙物,良好,無號誌,無號誌,無標記,未繪設車道線,未繪設快慢車道分隔線,有,側撞,違規超車,Y000,YZ00,1,2,2013/11/29,環島西路二段,,金門縣金寧鄉0813號路燈桿附近,118.3148723,24.4566699,普通重型 機車∕普通輕型 機車∕,機車普通重型∕機車普通輕型∕,20∕27∕,未受傷∕受傷∕,15****F代號2014∕37****B代號2015∕,其他∕其他∕,有適當之駕照∕有適當之駕照∕,經檢測無酒精反應∕經檢測無酒精反應∕,機車前車頭∕機車左側車身∕,違規超車∕左轉彎未依規定∕,違規超車∕違規超車∕,大學（研究）生∕服務工作者∕,上、下學∕社交活動∕,本國∕本國∕
10211,10211Y00020044,YZA1,10211YZ000058,2013,11,29,15,35,金門縣,金寧鄉,,NA,環島北路,一,,NA,,,,,,0014號路燈桿附近,NA,NA,NA,NA,NA,NA,NA,NA,NA,0,1,0,晴,日間自然光線,村里道路,50,直路,一般車道（未劃分快慢車道）,柏油,乾燥,無缺陷,無障礙物,良好,無號誌,無號誌,附標記,未繪設車道線,未繪設快慢車道分隔線,有,路上翻車、摔倒,未注意車前狀態,Y000,YZ00,1,2,2013/11/29,環島北路一段,,金門縣金寧鄉0014號路燈桿附近,118.3283226,24.4462231,普通重型 機車∕ ∕,機車普通重型,21∕0∕,受傷,29****D代號2016,其他,有適當之駕照,經檢測無酒精反應,機車右側車身,未注意車前狀態∕尚未發現肇事因素∕,未注意車前狀態∕未注意車前狀態∕,大學（研究）生,上、下學,本國∕本國∕
10211,10211Y00030004,YZA1,10211YZ000059,2013,11,29,6,15,金門縣,金城鎮,,NA,光前路,,,NA,,,,,,金門高中籃球場前,NA,NA,NA,NA,NA,NA,NA,NA,NA,0,0,0,晴,日間自然光線,村里道路,50,其他,其他,柏油,乾燥,無缺陷,無障礙物,良好,無號誌,無號誌,無分向設施,未繪設車道線,未繪設快慢車道分隔線,無,其他,倒車未依規定,Y000,YZ00,1,3,2013/11/29,光前路,,金門縣金城鎮金門高中籃球場前,118.3142468,24.4339885,自用 小客車∕普通重型 機車∕,小客車自用∕機車普通重型∕,27∕58∕,未受傷∕未受傷∕,18****V代號2017∕72****V代號2018∕,其他∕其他∕,有適當之駕照∕有適當之駕照∕,經檢測無酒精反應∕經檢測無酒精反應∕,汽車左後車尾（身）∕機車前車頭∕,倒車未依規定∕未注意車前狀態∕,倒車未依規定∕倒車未依規定∕,不明∕不明∕,不明∕不明∕,本國∕本國∕
10211,10211Y00030003,YZ00,10211YZ000062,2013,11,30,8,50,金門縣,金寧鄉,榜林村,NA,環島南路,一,,NA,,,,,,后湖路口0734燈桿,NA,NA,NA,NA,NA,NA,NA,NA,NA,0,0,0,晴,日間自然光線,村里道路,40,四岔路,交岔路口內,柏油,乾燥,無缺陷,無障礙物,良好,閃光號誌,正常,無分向設施,未繪設車道線,未繪設快慢車道分隔線,有,路口交岔撞,未依規定讓車,Y000,YZ00,1,3,2013/11/30,環島南路一段,,金門縣金寧鄉榜林村后湖路口0734燈桿,118.3345375,24.4189091,自用 小貨車(含客、貨兩用)∕計程車 小客車∕,小貨車自用∕小客車計程車∕,63∕48∕,未受傷∕未受傷∕,WY****3代號2019∕12***5代號2020∕,其他∕其他∕,有適當之駕照∕有適當之駕照∕,經檢測無酒精反應∕經檢測無酒精反應∕,汽車右前車頭（身）∕汽車左後車尾（身）∕,未依規定讓車∕未依規定減速∕,未依規定讓車∕未依規定讓車∕,技術工∕汽車、火車駕駛員及船員∕,其他∕其他∕,本國∕本國∕
10212,10212Y00030010,YG01,10212YG010075,2013,12,21,23,40,金門縣,金寧鄉,,NA,環島西路,二,,NA,,,,,,大學路口附近,NA,NA,NA,NA,NA,NA,NA,NA,NA,0,0,0,晴,夜間（或隧道、地下道、涵洞）有照明,村里道路,40,直路,一般車道（未劃分快慢車道）,柏油,乾燥,無缺陷,無障礙物,良好,無號誌,無號誌,附標記,未繪設車道線,未繪設快慢車道分隔線,有,倒車撞,倒車未依規定,Y000,YG01,1,3,2013/12/21,環島西路二段,,金門縣金寧鄉大學路口附近,118.3148723,24.4566699,自用 小客車∕自用 小客車∕,小客車自用∕小客車自用∕,23∕20∕,未受傷∕未受傷∕,ZB****3代號2021∕57****T代號2022∕,其他∕其他∕,有適當之駕照∕有適當之駕照∕,無法檢測∕經觀察未飲酒∕,汽車後車尾∕汽車前車頭∕,倒車未依規定∕尚未發現肇事因素∕,倒車未依規定∕倒車未依規定∕,不明∕不明∕,其他∕其他∕,本國∕本國∕
10212,10212Y00020003,YYA1,10212YY000003,2013,12,1,19,33,金門縣,金湖鎮,,NA,士校路,,,NA,,,,,,下莊路段,NA,NA,NA,NA,NA,NA,NA,NA,NA,0,2,0,晴,夜間（或隧道、地下道、涵洞）有照明,村里道路,50,彎曲路及附近,一般車道（未劃分快慢車道）,柏油,乾燥,無缺陷,無障礙物,彎道,無號誌,無號誌,無標記,未繪設車道線,未繪設快慢車道分隔線,有,路上翻車、摔倒,未依規定減速,Y000,YY00,1,2,2013/12/1,士校路,,金門縣金湖鎮下莊路段,118.4271704,24.4453138,普通重型 機車∕ ∕乘客 人,機車普通重型乘客,18∕0∕21,受傷受傷,85****E代號54185****E代號541,其他其他,有適當之駕照非汽（機）車駕駛人,經檢測無酒精反應非駕駛人，未檢測,機車左側車身非汽（機）車,未依規定減速∕尚未發現肇事因素∕尚未發現肇事因素,未依規定減速∕未依規定減速∕未依規定減速,其他其他,其他其他,本國∕本國∕本國
10212,10212Y00020004,YYA1,10212YY000005,2013,12,2,16,37,金門縣,金湖鎮,,NA,環島南路,三,,NA,,,瓊義路,,,,NA,NA,NA,NA,NA,NA,NA,NA,NA,0,2,0,晴,日間自然光線,村里道路,60,四岔路,交岔路口內,柏油,乾燥,無缺陷,無障礙物,良好,行車管制號誌,正常,無分向設施,未繪設車道線,未繪設快慢車道分隔線,有,側撞,未依規定讓車,Y000,YY00,1,2,2013/12/2,環島南路三段,瓊義路,,118.3762326,24.4440968,公營公車 大客車∕普通重型 機車∕乘客 人,公營公車∕機車普通重型∕乘客,34∕17∕18,未受傷∕受傷∕受傷,31***H代號2023∕87****A代號2024∕87****A代號2024,其他∕其他∕其他,有適當之駕照∕無照（未達考照年齡）∕非汽（機）車駕駛人,經檢測無酒精反應∕經檢測無酒精反應∕非駕駛人，未檢測,汽車左前車頭（身）∕機車前車頭∕非汽（機）車,未依規定讓車∕未注意車前狀態∕尚未發現肇事因素,未依規定讓車∕未依規定讓車∕未依規定讓車,汽車、火車駕駛員及船員∕高中生∕高中生,運輸∕上、下學∕上、下學,本國∕本國∕本國
10212,10212Y00020007,YYA1,10212YY000008,2013,12,5,11,52,金門縣,金湖鎮,,NA,士校路,,,NA,,,,,,太湖二橋路口,NA,NA,NA,NA,NA,NA,NA,NA,NA,0,1,0,晴,日間自然光線,村里道路,50,四岔路,交岔路口內,柏油,乾燥,無缺陷,無障礙物,良好,無號誌,無號誌,無分向設施,未繪設車道線,未繪設快慢車道分隔線,有,側撞,未依規定讓車,Y000,YY00,NA,NA,2013/12/5,士校路,,金門縣金湖鎮太湖二橋路口,118.4271704,24.4453138,自用 小客車∕自用 小貨車(含客、貨兩用)∕乘客 人,小客車自用∕小貨車自用∕乘客,59∕40∕47,未受傷∕未受傷∕受傷,86****J代號2025∕54****A代號2026∕54****A代號2026,其他∕其他∕其他,有適當之駕照∕有適當之駕照∕非汽（機）車駕駛人,經檢測無酒精反應∕經檢測無酒精反應∕非駕駛人，未檢測,汽車前車頭∕汽車右後車尾（身）∕非汽（機）車,未依規定讓車∕未依規定減速∕尚未發現肇事因素,未依規定讓車∕未依規定讓車∕未依規定讓車,無業者∕其他∕其他,其他∕其他∕其他,本國∕本國∕本國