年月,總編號,處理單位,處理編號,年,月,日,時,分,縣市,區,村里,鄰,街道,段,巷,弄,號,公尺處,街道.1,段.1,側,附近,道路,公里,公尺處.1,向,車道,平交道,公里.1,公尺處.2,附近.1,死,受傷,X2.30,天候,光線,道路類別,速限,道路型態,事故位置,路面鋪裝,路面狀態,路面缺陷,障礙物,視距,號誌種類,號誌動作,分向設施,快車道或一般車道間,快慢車道間,路面邊線,事故類型及型態,主要肇因,警局,分局,案件類別,事故類別,日期,道路1,道路2,概略位置,lon,lat,車種,當事者區分.類別.,年齡,受傷程度,車輛牌照號碼,車輛用途,駕駛資格情形,飲酒情形,車輛撞擊部位最初,肇事因素個別,肇事因素主要,職.業,旅次目的,國籍
10212,10212Y00030002,YYA1,10212YY000009,2013,12,6,7,55,金門縣,金湖鎮,,NA,三多路,,,NA,,,南機路,,,,NA,NA,NA,NA,NA,NA,NA,NA,NA,0,0,0,晴,日間自然光線,村里道路,40,四岔路,交岔路口內,柏油,乾燥,無缺陷,道路工事（程）中,良好,閃光號誌,無動作,無分向設施,未繪設車道線,未繪設快慢車道分隔線,有,路口交岔撞,未依規定讓車,Y000,YY00,1,3,2013/12/6,三多路,南機路,,118.4406486,24.4439697,自用 小貨車(含客、貨兩用)∕自用 小客車∕,小貨車自用∕小客車自用∕,66∕24∕,未受傷∕未受傷∕,WY****2代號2027∕06****2代號2028∕,其他∕其他∕,有適當之駕照∕有適當之駕照∕,經檢測無酒精反應∕經檢測無酒精反應∕,汽車右前車頭（身）∕汽車左側車身∕,未依規定讓車∕未注意車前狀態∕,未依規定讓車∕未依規定讓車∕,技術工∕事務工作者∕,上、下班∕上、下班∕,本國∕本國∕
10212,10212Y00030001,YYA1,10212YY000011,2013,12,6,6,18,金門縣,金湖鎮,,NA,伯玉路,四,,NA,,,瓊徑路,,,小徑圓環,NA,NA,NA,NA,NA,NA,NA,NA,NA,0,0,0,晴,晨或暮光,村里道路,50,圓環,一般車道（未劃分快慢車道）,柏油,乾燥,無缺陷,無障礙物,良好,無號誌,無號誌,無分向設施,車道線（無標記）,未繪設快慢車道分隔線,有,撞護欄（樁）,未依規定減速,Y000,YY00,1,3,2013/12/6,伯玉路四段,瓊徑路,,118.3851529,24.44734108,自用 小客車∕ ∕,小客車自用,81∕0∕,未受傷,7L****7代號2029,其他,有適當之駕照,經檢測無酒精反應,汽車左前車頭（身）,未依規定減速∕尚未發現肇事因素∕,未依規定減速∕未依規定減速∕,無業者,其他,本國∕本國∕
10212,10212Y00020014,YYA1,10212YY000018,2013,12,8,8,25,金門縣,金湖鎮,,NA,太湖路,,,NA,,,黃海路,,,,NA,NA,NA,NA,NA,NA,NA,NA,NA,0,1,0,晴,日間自然光線,村里道路,40,圓環,一般車道（未劃分快慢車道）,柏油,乾燥,無缺陷,無障礙物,良好,行車管制號誌（附設行人專用號誌）,正常,無分向設施,車道線（附標記）,未繪設快慢車道分隔線,有,穿越道路中,未注意車前狀態,Y000,YY00,1,2,2013/12/8,太湖路,黃海路,,118.413177,24.44068908,自用 小貨車(含客、貨兩用)∕行人 人∕,小貨車自用∕行人∕,48∕59∕,未受傷∕受傷∕,6F****2代號2030,其他∕非駕駛人及乘客∕,有適當之駕照∕非汽（機）車駕駛人∕,經檢測無酒精反應∕非駕駛人，未檢測∕,汽車前車頭∕非汽（機）車∕,未注意車前狀態∕未依規定行走行人穿越道、地下道、天橋而穿越道路∕,未注意車前狀態∕未注意車前狀態∕,無業者∕無業者∕,購物∕不明∕,本國∕本國∕
10212,10212Y00020015,YYA1,10212YY000019,2013,12,8,10,35,金門縣,金沙鎮,,NA,環島北路,三,,NA,,,高陽路,,,,NA,NA,NA,NA,NA,NA,NA,NA,NA,0,1,0,晴,日間自然光線,村里道路,60,三岔路,交岔路口內,柏油,乾燥,無缺陷,無障礙物,良好,無號誌,無號誌,無分向設施,未繪設車道線,未繪設快慢車道分隔線,有,追撞,未保持行車安全距離,Y000,YY00,1,2,2013/12/8,環島北路三段,高陽路,,118.3887036,24.46664488,自用 小客車∕普通重型 機車∕,小客車自用∕機車普通重型∕,49∕38∕,未受傷∕受傷∕,5Q****3代號2031∕PZ****2代號2032∕,其他∕其他∕,有適當之駕照∕有適當之駕照∕,經檢測無酒精反應∕經檢測無酒精反應∕,汽車前車頭∕機車後車尾∕,未保持行車安全距離∕尚未發現肇事因素∕,未保持行車安全距離∕未保持行車安全距離∕,技術工∕不明∕,不明∕不明∕,本國∕本國∕
10212,10212Y00020016,YYA1,10212YY000020,2013,12,8,12,20,金門縣,金湖鎮,,NA,環島北路,二,,NA,,,,,,瓊林1963號前路段,NA,NA,NA,NA,NA,NA,NA,NA,NA,0,1,0,晴,日間自然光線,村里道路,50,直路,一般車道（未劃分快慢車道）,柏油,乾燥,無缺陷,無障礙物,良好,無號誌,無號誌,無標記,未繪設車道線,未繪設快慢車道分隔線,有,追撞,未保持行車安全距離,Y000,YY00,1,2,2013/12/8,環島北路二段,,金門縣金湖鎮瓊林1963號前路段,118.3537405,24.452631,自用 小貨車(含客、貨兩用)∕普通重型 機車∕,小貨車自用∕機車普通重型∕,53∕20∕,未受傷∕受傷∕,L4****0代號2033∕08****C代號2034∕,其他∕其他∕,無照（已達考照年齡）∕有適當之駕照∕,經檢測無酒精反應∕經檢測無酒精反應∕,汽車左前車頭（身）∕機車後車尾∕,未保持行車安全距離∕尚未發現肇事因素∕,未保持行車安全距離∕未保持行車安全距離∕,技術工∕服務工作者∕,業務聯繫∕上、下學∕,本國∕本國∕
10212,10212Y00020017,YYA1,10212YY000021,2013,12,8,15,0,金門縣,金湖鎮,,NA,,,,NA,,,,,,榕園停車場入口前路段,NA,NA,NA,NA,NA,NA,NA,NA,NA,0,1,0,晴,日間自然光線,村里道路,40,三岔路,交岔路口內,柏油,乾燥,無缺陷,無障礙物,良好,無號誌,無號誌,無分向設施,未繪設車道線,未繪設快慢車道分隔線,有,路上翻車、摔倒,未注意車前狀態,Y000,YY00,1,2,2013/12/8,金門縣金湖鎮榕園停車場入口前路段,,金門縣金湖鎮榕園停車場入口前路段,118.432298,24.443106,普通重型 機車∕ ∕乘客 人,機車普通重型乘客,46∕0∕61,未受傷受傷,25****J代號203525****J代號2035,其他其他,有適當之駕照非汽（機）車駕駛人,經檢測無酒精反應非駕駛人，未檢測,機車右側車身非汽（機）車,未注意車前狀態∕尚未發現肇事因素∕尚未發現肇事因素,未注意車前狀態∕未注意車前狀態∕未注意車前狀態,其他其他,觀光旅遊觀光旅遊,本國∕本國∕本國
10212,10212Y00030004,YY00,10212YY000022,2013,12,9,9,30,金門縣,金湖鎮,,NA,太湖路,三,,NA,,,,,,光華園路段,NA,NA,NA,NA,NA,NA,NA,NA,NA,0,0,0,晴,日間自然光線,村里道路,50,直路,一般車道（未劃分快慢車道）,柏油,乾燥,無缺陷,無障礙物,良好,無號誌,無號誌,無標記,未繪設車道線,未繪設快慢車道分隔線,有,其他,未注意車前狀態,Y000,YY00,1,3,2013/12/9,太湖路三段,,金門縣金湖鎮光華園路段,118.4317691,24.4347503,自用 小貨車(含客、貨兩用)∕ ∕,小貨車自用,56∕0∕,未受傷,6F****0代號2036,其他,有適當之駕照,經檢測無酒精反應,汽車右前車頭（身）,未注意車前狀態∕尚未發現肇事因素∕,未注意車前狀態∕未注意車前狀態∕,汽車、火車駕駛員及船員,運輸,本國∕本國∕
10212,10212Y00020018,YYA1,10212YY000023,2013,12,10,7,10,金門縣,金湖鎮,,NA,市港路,,,NA,,,,,,往新市圓環路段1447柱路燈附近,NA,NA,NA,NA,NA,NA,NA,NA,NA,0,2,0,陰,日間自然光線,村里道路,50,直路,慢車道,柏油,乾燥,無缺陷,無障礙物,良好,無號誌,無號誌,無標記,未繪設車道線,未繪設快慢車道分隔線,有,對向擦撞,酒醉（後）駕駛失控,Y000,YY00,1,2,2013/12/10,市港路,,金門縣金湖鎮往新市圓環路段1447柱路燈附近,118.4099121,24.4348324,普通重型 機車∕普通輕型 機車∕,機車普通重型∕機車普通輕型∕,47∕62∕,受傷∕受傷∕,LZ****5代號2037∕WZ****0代號2038∕,其他∕其他∕,越級駕駛∕有適當之駕照∕,經呼氣檢測0.16至0.25mg∕L或血液檢測0.031至0.05∕經檢測無酒精反應∕,機車右側車身∕機車右側車身∕,酒醉（後）駕駛失控∕尚未發現肇事因素∕,酒醉（後）駕駛失控∕酒醉（後）駕駛失控∕,非技術工及體力工∕家庭主婦（夫）∕,上、下班∕購物∕,本國∕本國∕
10212,10212Y00020021,YYA1,10212YY000024,2013,12,10,12,52,金門縣,金沙鎮,,NA,光華路,一,,NA,,,,,,會山寺旁路口,NA,NA,NA,NA,NA,NA,NA,NA,NA,0,1,0,晴,日間自然光線,村里道路,40,四岔路,交岔路口內,柏油,乾燥,無缺陷,無障礙物,良好,無號誌,無號誌,無分向設施,未繪設車道線,未繪設快慢車道分隔線,有,路口交岔撞,未依規定讓車,Y000,YY00,1,2,2013/12/10,光華路一段,,金門縣金沙鎮會山寺旁路口,118.428921,24.4909929,普通重型 機車∕自用 小貨車(含客、貨兩用)∕,機車普通重型∕小貨車自用∕,19∕61∕,受傷∕未受傷∕,31****Y代號2039∕AA*****6代號2040∕,其他∕其他∕,有適當之駕照∕有適當之駕照∕,經檢測無酒精反應∕經檢測無酒精反應∕,機車前車頭∕汽車左前車頭（身）∕,未依規定讓車∕未依規定減速∕,未依規定讓車∕未依規定讓車∕,大學（研究）生∕其他∕,觀光旅遊∕其他∕,本國∕本國∕
10212,10212Y00020023,YYA1,10212YY000026,2013,12,10,14,59,金門縣,金湖鎮,,NA,市港路,,,NA,33,,,,,,NA,NA,NA,NA,NA,NA,NA,NA,NA,0,1,0,晴,日間自然光線,村里道路,50,直路,一般車道（未劃分快慢車道）,柏油,乾燥,無缺陷,無障礙物,良好,無號誌,無號誌,無標記,未繪設車道線,快慢車道分隔線,有,其他,起步未注意其他車（人）安全,Y000,YY00,1,2,2013/12/10,市港路33號,,金門縣金湖鎮,118.4099121,24.4348324,自用 小客車∕普通重型 機車∕,小客車自用∕機車普通重型∕,37∕17∕,未受傷∕受傷∕,41****7代號2041∕73****G代號2042∕,其他∕其他∕,有適當之駕照∕無照（未達考照年齡）∕,經檢測無酒精反應∕經檢測無酒精反應∕,汽車左側車身∕機車前車頭∕,起步未注意其他車（人）安全∕未注意車前狀態∕,起步未注意其他車（人）安全∕起步未注意其他車（人）安全∕,技術工∕高中生∕,購物∕購物∕,本國∕本國∕
10212,10212Y00020025,YYA1,10212YY000030,2013,12,13,7,26,金門縣,金湖鎮,,NA,環島北路,二,,NA,,,,,,瓊林圓環,NA,NA,NA,NA,NA,NA,NA,NA,NA,0,1,0,晴,日間自然光線,村里道路,50,圓環,一般車道（未劃分快慢車道）,柏油,乾燥,無缺陷,無障礙物,良好,閃光號誌,正常,無分向設施,車道線（無標記）,未繪設快慢車道分隔線,有,其他,未依規定讓車,Y000,YY00,1,2,2013/12/13,環島北路二段,,金門縣金湖鎮瓊林圓環,118.3537405,24.452631,自用 小客車∕普通重型 機車∕,小客車自用∕機車普通重型∕,32∕28∕,未受傷∕受傷∕,02****V代號2043∕3J****6代號2044∕,其他∕其他∕,有適當之駕照∕有適當之駕照∕,經檢測無酒精反應∕經檢測無酒精反應∕,汽車左前車頭（身）∕機車右側車身∕,未依規定讓車∕未注意車前狀態∕,未依規定讓車∕未依規定讓車∕,服務工作者∕服務工作者∕,上、下班∕上、下班∕,本國∕非本國∕
10212,10212Y00020026,YYA1,10212YY000031,2013,12,13,17,10,金門縣,金湖鎮,,NA,瓊徑路,,,NA,,,經武路,,,,NA,NA,NA,NA,NA,NA,NA,NA,NA,0,2,0,陰,日間自然光線,村里道路,50,四岔路,交岔路口內,柏油,乾燥,無缺陷,無障礙物,良好,無號誌,無號誌,無分向設施,未繪設車道線,未繪設快慢車道分隔線,有,側撞,變換車道或方向不當,Y000,YY00,1,2,2013/12/13,瓊徑路,經武路,,118.3880485,24.44342822,自用 小客車∕普通重型 機車∕乘客 人,小客車自用∕機車普通重型∕乘客,57∕27∕29,未受傷∕受傷∕受傷,AA*****7代號2045∕95****M代號2046∕95****M代號2046,其他∕其他∕其他,無照（已達考照年齡）∕有適當之駕照∕非汽（機）車駕駛人,經檢測無酒精反應∕經檢測無酒精反應∕經檢測無酒精反應,汽車右側車身∕機車左側車身∕非汽（機）車,變換車道或方向不當∕尚未發現肇事因素∕尚未發現肇事因素,變換車道或方向不當∕變換車道或方向不當∕變換車道或方向不當,非技術工及體力工∕專業人員∕專業人員,上、下班∕其他∕其他,本國∕本國∕本國
10212,,YYA1,10212YY000038,2013,12,15,17,40,金門縣,金湖鎮,,NA,自強路,,,NA,,,中興路,,,,NA,NA,NA,NA,NA,NA,NA,NA,NA,0,0,0,晴,夜間（或隧道、地下道、涵洞）無照明,村里道路,40,三岔路,交岔路口內,柏油,乾燥,無缺陷,無障礙物,良好,無號誌,無號誌,無分向設施,未繪設車道線,未繪設快慢車道分隔線,有,側撞,不明原因肇事,Y000,YY00,1,4,2013/12/15,自強路,中興路,,118.4154511,24.44068118,自用 小貨車(含客、貨兩用)∕自用 小客車∕,小貨車自用∕小客車自用∕,39∕36∕,未受傷∕未受傷∕,01****X代號1201∕25****S代號2047∕,其他∕其他∕,有適當之駕照∕有適當之駕照∕,經觀察未飲酒∕經觀察未飲酒∕,汽車右側車身∕汽車左後車尾（身）∕,不明原因肇事∕尚未發現肇事因素∕,不明原因肇事∕不明原因肇事∕,農林漁牧工作者∕家庭主婦（夫）∕,業務聯繫∕購物∕,本國∕本國∕
10212,10212Y00030005,YYA1,10212YY000043,2013,12,16,17,35,金門縣,金湖鎮,新湖里,NA,太湖路,一,,NA,,,,,,1477路燈前,NA,NA,NA,NA,NA,NA,NA,NA,NA,0,0,0,雨,夜間（或隧道、地下道、涵洞）有照明,村里道路,50,直路,一般車道（未劃分快慢車道）,柏油,濕潤,無缺陷,無障礙物,良好,無號誌,無號誌,無標記,未繪設車道線,未繪設快慢車道分隔線,有,追撞,未保持行車安全距離,Y000,YY00,1,3,2013/12/16,太湖路一段,,金門縣金湖鎮新湖里1477路燈前,118.4047483,24.4473343,自用 小客車∕自用 小貨車(含客、貨兩用)∕自用 小貨車(含客、貨兩用),小客車自用∕小貨車自用∕小貨車自用,21∕25∕28,未受傷∕未受傷∕未受傷,UO****5代號1629∕27****S代號2048∕07****2代號2049,其他∕其他∕其他,有適當之駕照∕有適當之駕照∕有適當之駕照,經檢測無酒精反應∕經檢測無酒精反應∕經檢測無酒精反應,汽車前車頭∕汽車後車尾∕汽車後車尾,未保持行車安全距離∕未保持行車安全距離∕尚未發現肇事因素,未保持行車安全距離∕未保持行車安全距離∕未保持行車安全距離,其他∕其他∕其他,其他∕其他∕其他,本國∕本國∕本國
10212,10212Y00030006,YYA1,10212YY000044,2013,12,16,18,5,金門縣,金湖鎮,正義里,NA,瓊徑路,,,NA,,,,,,00568路燈前,NA,NA,NA,NA,NA,NA,NA,NA,NA,0,0,0,晴,夜間（或隧道、地下道、涵洞）有照明,村里道路,50,直路,一般車道（未劃分快慢車道）,柏油,泥濘,無缺陷,無障礙物,良好,無號誌,無號誌,無標記,未繪設車道線,快慢車道分隔線,有,追撞,未保持行車安全距離,Y000,YY00,1,3,2013/12/16,瓊徑路,,金門縣金湖鎮正義里00568路燈前,118.3837181,24.4489328,自用 小客車∕自用 小客車∕,小客車自用∕小客車自用∕,26∕26∕,未受傷∕未受傷∕,12****V代號2050∕29****S代號2051∕,其他∕其他∕,有適當之駕照∕有適當之駕照∕,經檢測無酒精反應∕經檢測無酒精反應∕,汽車前車頭∕汽車後車尾∕,未保持行車安全距離∕尚未發現肇事因素∕,未保持行車安全距離∕未保持行車安全距離∕,其他∕其他∕,其他∕其他∕,本國∕本國∕
10212,,YYA1,10212YY000045,2013,12,17,7,45,金門縣,金湖鎮,蓮庵里,NA,,,,NA,,,,,,東村公車亭前路口,NA,NA,NA,NA,NA,NA,NA,NA,NA,0,0,0,雨,日間自然光線,村里道路,40,四岔路,交岔路口內,柏油,濕潤,無缺陷,無障礙物,良好,無號誌,無號誌,無分向設施,未繪設車道線,未繪設快慢車道分隔線,有,側撞,未依規定讓車,Y000,YY00,1,4,2013/12/17,金門縣金湖鎮蓮庵里東村公車亭前路口,,金門縣金湖鎮蓮庵里東村公車亭前路口,118.446107,24.427219,自用 小客車∕自用 小客車∕,小客車自用∕小客車自用∕,37∕43∕,未受傷∕未受傷∕,27****N代號2052∕WY****6代號2053∕,其他∕其他∕,有適當之駕照∕有適當之駕照∕,經檢測無酒精反應∕經檢測無酒精反應∕,汽車前車頭∕汽車右側車身∕,未依規定讓車∕未注意車前狀態∕,未依規定讓車∕未依規定讓車∕,其他∕其他∕,其他∕其他∕,本國∕本國∕
10212,,YYA1,10212YY000046,2013,12,17,10,20,金門縣,金沙鎮,光前里,NA,,,,NA,,,,,,環島東路2段陽沙路路口,NA,NA,NA,NA,NA,NA,NA,NA,NA,0,0,0,雨,日間自然光線,村里道路,60,四岔路,交岔路口內,柏油,濕潤,無缺陷,無障礙物,良好,閃光號誌,正常,無分向設施,未繪設車道線,未繪設快慢車道分隔線,有,側撞,未依規定讓車,Y000,YY00,1,4,2013/12/17,金門縣金沙鎮光前里環島東路2段陽沙路路口,,金門縣金沙鎮光前里環島東路2段陽沙路路口,118.4213083,24.4841071,普通重型 機車∕自用 小客車∕,機車普通重型∕小客車自用∕,27∕69∕,未受傷∕未受傷∕,86****W代號2054∕WY****0代號2055∕,其他∕其他∕,有適當之駕照∕有適當之駕照∕,經檢測無酒精反應∕經檢測無酒精反應∕,機車前車頭∕汽車右前車頭（身）∕,未依規定讓車∕未依規定減速∕,未依規定讓車∕未依規定讓車∕,其他∕其他∕,其他∕其他∕,本國∕本國∕
10212,10212Y00020038,YYA1,10212YY000050,2013,12,19,16,58,金門縣,金沙鎮,,NA,浦華路,,,NA,,,,,,內洋往大地1906柱路燈桿路段,NA,NA,NA,NA,NA,NA,NA,NA,NA,0,2,0,晴,日間自然光線,村里道路,50,直路,一般車道（未劃分快慢車道）,柏油,乾燥,突出（高低）不平,道路工事（程）中,良好,無號誌,無號誌,無分向設施,未繪設車道線,未繪設快慢車道分隔線,有,其他,未注意車前狀態,Y000,YY00,1,2,2013/12/19,浦華路,,金門縣金沙鎮內洋往大地1906柱路燈桿路段,118.4550046,24.4639639,普通重型 機車∕ ∕乘客 人,機車普通重型乘客,71∕0∕66,受傷受傷,68****K代號205668****K代號2056,其他其他,有適當之駕照非汽（機）車駕駛人,經檢測無酒精反應非駕駛人，未檢測,機車左側車身非汽（機）車,未注意車前狀態∕尚未發現肇事因素∕尚未發現肇事因素,未注意車前狀態∕未注意車前狀態∕未注意車前狀態,無業者無業者,購物購物,本國∕本國∕本國
10212,10212Y00020039,YYA1,10212YY000052,2013,12,20,10,50,金門縣,金湖鎮,,NA,伯玉路,四,,NA,,,瓊徑路,,,小徑圓環路段,NA,NA,NA,NA,NA,NA,NA,NA,NA,0,1,0,晴,日間自然光線,村里道路,60,圓環,一般車道（未劃分快慢車道）,柏油,乾燥,無缺陷,無障礙物,良好,無號誌,無號誌,無分向設施,車道線（無標記）,未繪設快慢車道分隔線,有,側撞,未依規定讓車,Y000,YY00,1,2,2013/12/20,伯玉路四段,瓊徑路,,118.3851529,24.44734108,自用 小客車∕普通重型 機車∕,小客車自用∕機車普通重型∕,25∕50∕,未受傷∕受傷∕,24****D代號2057∕21****B代號2058∕,其他∕其他∕,有適當之駕照∕有適當之駕照∕,經檢測無酒精反應∕經檢測無酒精反應∕,汽車右側車身∕機車右側車身∕,未依規定讓車∕未注意車前狀態∕,未依規定讓車∕未依規定讓車∕,其他∕家庭主婦（夫）∕,其他∕其他∕,本國∕本國∕
10212,10212Y00030009,YYA1,10212YY000053,2013,12,21,14,20,金門縣,金湖鎮,,NA,太湖路,二,,NA,,,自強路,,,,NA,NA,NA,NA,NA,NA,NA,NA,NA,0,0,0,晴,日間自然光線,村里道路,50,四岔路,交岔路口內,柏油,乾燥,無缺陷,無障礙物,良好,行車管制號誌,正常,無分向設施,未繪設車道線,未繪設快慢車道分隔線,有,側撞,違反號誌管制或指揮,Y000,YY00,1,3,2013/12/21,太湖路二段,自強路,,118.4150341,24.44011257,自用 小貨車(含客、貨兩用)∕自用 小客車∕,小貨車自用∕小客車自用∕,56∕38∕,未受傷∕未受傷∕,08****X代號2059∕11****S代號2060∕,其他∕其他∕,有適當之駕照∕有適當之駕照∕,經呼氣檢測0.56至0.80mg∕L或血液檢測0.111至0.16∕經檢測無酒精反應∕,汽車右前車頭（身）∕汽車左前車頭（身）∕,違反號誌管制或指揮∕尚未發現肇事因素∕,違反號誌管制或指揮∕違反號誌管制或指揮∕,技術工∕家庭主婦（夫）∕,業務聯繫∕購物∕,本國∕本國∕
10212,10212Y00020041,YYA1,10212YY000055,2013,12,22,11,10,金門縣,金湖鎮,,NA,,,,NA,,,,,,料羅新村182號旁路口,NA,NA,NA,NA,NA,NA,NA,NA,NA,0,2,0,晴,日間自然光線,村里道路,40,四岔路,交岔路口內,柏油,乾燥,無缺陷,其他障礙物,建築物,無號誌,無號誌,無分向設施,未繪設車道線,未繪設快慢車道分隔線,無,路口交岔撞,未依規定讓車,Y000,YY00,1,2,2013/12/22,金門縣金湖鎮料羅新村182號旁路口,,金門縣金湖鎮料羅新村182號旁路口,118.435404,24.417319,普通重型 機車∕自用 小客車∕乘客 人,機車普通重型∕小客車自用∕乘客,20∕32∕20,受傷∕未受傷∕受傷,PZ****7代號2061∕21****N代號2062∕PZ****7代號2061,其他∕其他∕其他,有適當之駕照∕有適當之駕照∕非汽（機）車駕駛人,經檢測無酒精反應∕經檢測無酒精反應∕非駕駛人，未檢測,機車右側車身∕汽車前車頭∕非汽（機）車,未依規定讓車∕未依規定減速∕尚未發現肇事因素,未依規定讓車∕未依規定讓車∕未依規定讓車,其他∕其他∕其他,購物∕觀光旅遊∕購物,本國∕本國∕本國
10212,10212Y00020042,YYA1,10212YY000056,2013,12,22,13,10,金門縣,金湖鎮,,NA,環島南路,四,,NA,,,,,,漁村路口,NA,NA,NA,NA,NA,NA,NA,NA,NA,0,2,0,晴,日間自然光線,村里道路,50,四岔路,交岔口附近,柏油,乾燥,無缺陷,無障礙物,良好,無號誌,無號誌,附標記,未繪設車道線,快慢車道分隔線,有,同向擦撞,左轉彎未依規定,Y000,YY00,1,2,2013/12/22,環島南路四段,,金門縣金湖鎮漁村路口,118.40101,24.438041,普通重型 機車∕普通重型 機車∕,機車普通重型∕機車普通重型∕,56∕23∕,受傷∕受傷∕,18****D代號2063∕27****C代號2064∕,其他∕其他∕,有適當之駕照∕有適當之駕照∕,經檢測無酒精反應∕經檢測無酒精反應∕,機車左側車身∕機車前車頭∕,左轉彎未依規定∕未注意車前狀態∕,左轉彎未依規定∕左轉彎未依規定∕,不明∕無業者∕,不明∕購物∕,本國∕本國∕
10212,,YYA1,10212YY000058,2013,12,22,18,50,金門縣,金湖鎮,,NA,,,,NA,,,,,,信義新村37號旁,NA,NA,NA,NA,NA,NA,NA,NA,NA,0,0,0,NA,NA,NA,40,NA,NA,NA,NA,NA,NA,NA,NA,NA,NA,NA,NA,NA,NA,NA,Y000,YY00,1,4,2013/12/22,金門縣金湖鎮信義新村37號旁,,金門縣金湖鎮信義新村37號旁,118.410361,24.435293,自用 大貨車∕自用 小客車∕,大貨車自用∕小客車自用∕,33∕43∕,,10***U代號2065∕04****X代號2066∕,,,,,,,,,本國∕本國∕
10212,10212Y00020045,YYA1,10212YY000060,2013,12,25,6,59,金門縣,金湖鎮,,NA,經武路,,,NA,,,,,,1182路燈前,NA,NA,NA,NA,NA,NA,NA,NA,NA,0,2,0,晴,日間自然光線,村里道路,60,直路,一般車道（未劃分快慢車道）,柏油,乾燥,無缺陷,無障礙物,良好,無號誌,無號誌,無標記,未繪設車道線,未繪設快慢車道分隔線,有,同向擦撞,未保持行車安全間隔,Y000,YY00,1,2,2013/12/25,經武路,,金門縣金湖鎮1182路燈前,118.3875082,24.4434136,自用 小貨車(含客、貨兩用)∕普通重型 機車∕乘客 人,小貨車自用∕機車普通重型∕乘客,51∕67∕71,未受傷∕受傷∕受傷,6F****9代號2067∕65****F代號2068∕65****F代號2068,其他∕其他∕其他,駕照被吊（註）銷∕有適當之駕照∕非汽（機）車駕駛人,經檢測無酒精反應∕經檢測無酒精反應∕非駕駛人，未檢測,不明∕不明∕非汽（機）車,未保持行車安全間隔∕尚未發現肇事因素∕尚未發現肇事因素,未保持行車安全間隔∕未保持行車安全間隔∕未保持行車安全間隔,技術工∕其他∕其他,其他∕其他∕上、下班,本國∕本國∕本國
10212,,YYA1,10212YY000066,2013,12,24,8,30,金門縣,金湖鎮,,NA,伯玉路,四,,NA,,,,,,1152號路燈前,NA,NA,NA,NA,NA,NA,NA,NA,NA,0,4,0,晴,日間自然光線,村里道路,70,直路,一般車道（未劃分快慢車道）,柏油,乾燥,無缺陷,無障礙物,樹木、農作物,無號誌,無號誌,無標記,未繪設車道線,快慢車道分隔線,有,其他,起步未注意其他車（人）安全,Y000,YY00,3,2,2013/12/24,伯玉路四段,,金門縣金湖鎮1152號路燈前,118.3798588,24.4470039,普通重型 機車∕普通重型 機車∕乘客 人∕乘客 人∕,機車普通重型∕機車普通重型∕乘客∕乘客∕,36∕21∕4∕1∕,受傷∕受傷∕受傷∕受傷∕,AY****0代號2069∕16****R代號2070∕AY****0代號2069∕AY****0代號2069∕,其他∕其他∕其他∕其他∕,無照（已達考照年齡）∕有適當之駕照∕非汽（機）車駕駛人∕非汽（機）車駕駛人∕,經檢測無酒精反應∕經檢測無酒精反應∕非駕駛人，未檢測∕非駕駛人，未檢測∕,機車右側車身∕機車前車頭∕不明∕不明∕,起步未注意其他車（人）安全∕未注意車前狀態∕尚未發現肇事因素∕尚未發現肇事因素∕,起步未注意其他車（人）安全∕起步未注意其他車（人）安全∕起步未注意其他車（人）安全∕起步未注意其他車（人）安全∕,家庭主婦（夫）∕大學（研究）生∕其他∕其他∕,其他∕其他∕其他∕其他∕,非本國∕本國∕本國∕本國∕
10212,,YYA1,10212YY000068,2013,12,23,10,59,金門縣,金湖鎮,,NA,環島東路,五,,NA,,,,,,西村路口,NA,NA,NA,NA,NA,NA,NA,NA,NA,0,0,0,晴,日間自然光線,村里道路,50,四岔路,交岔路口內,柏油,乾燥,無缺陷,無障礙物,良好,無號誌,無號誌,無分向設施,未繪設車道線,未繪設快慢車道分隔線,有,路口交岔撞,未依規定讓車,Y000,YY00,1,4,2013/12/23,環島東路五段,,金門縣金湖鎮西村路口,118.446814,24.4338343,自用 小貨車(含客、貨兩用)∕自用 大貨車∕,小貨車自用∕大貨車自用∕,49∕29∕,未受傷∕未受傷∕,AA*****9代號2071∕80***Y代號2072∕,其他∕其他∕,有適當之駕照∕有適當之駕照∕,經檢測無酒精反應∕經檢測無酒精反應∕,汽車左側車身∕汽車前車頭∕,未依規定讓車∕未依規定減速∕,未依規定讓車∕未依規定讓車∕,其他∕其他∕,其他∕其他∕,本國∕本國∕