年月,總編號,處理單位,處理編號,年,月,日,時,分,縣市,區,村里,鄰,街道,段,巷,弄,號,公尺處,街道.1,段.1,側,附近,道路,公里,公尺處.1,向,車道,平交道,公里.1,公尺處.2,附近.1,死,受傷,X2.30,天候,光線,道路類別,速限,道路型態,事故位置,路面鋪裝,路面狀態,路面缺陷,障礙物,視距,號誌種類,號誌動作,分向設施,快車道或一般車道間,快慢車道間,路面邊線,事故類型及型態,主要肇因,警局,分局,案件類別,事故類別,日期,道路1,道路2,概略位置,lon,lat,車種,當事者區分.類別.,年齡,受傷程度,車輛牌照號碼,車輛用途,駕駛資格情形,飲酒情形,車輛撞擊部位最初,肇事因素個別,肇事因素主要,職.業,旅次目的,國籍
10212,10212Y00020054,YYA1,10212YY000069,2013,12,27,17,37,金門縣,金湖鎮,,NA,環島南路,五,,NA,,,,,,與太湖路二段3巷路口,NA,NA,NA,NA,NA,NA,NA,NA,NA,0,1,0,晴,晨或暮光,村里道路,60,四岔路,交岔路口內,柏油,乾燥,無缺陷,無障礙物,其他,無號誌,無號誌,無分向設施,未繪設車道線,未繪設快慢車道分隔線,有,側撞,未依規定讓車,Y000,YY00,1,2,2013/12/27,環島南路五段,,金門縣金湖鎮與太湖路二段3巷路口,118.4239844,24.4324232,自用 小客車∕普通重型 機車∕,小客車自用∕機車普通重型∕,29∕23∕,未受傷∕受傷∕,AA*****8代號2073∕86****U代號2074∕,其他∕其他∕,有適當之駕照∕有適當之駕照∕,經檢測無酒精反應∕經檢測無酒精反應∕,汽車右側車身∕機車前車頭∕,未依規定讓車∕未依規定減速∕,未依規定讓車∕未依規定讓車∕,其他∕其他∕,其他∕其他∕,本國∕本國∕
10212,10212Y00020055,YYA1,10212YY000073,2013,12,28,11,30,金門縣,金湖鎮,,NA,環島南路,四,,NA,,,,,,漁村路口,NA,NA,NA,NA,NA,NA,NA,NA,NA,0,1,0,晴,日間自然光線,村里道路,50,四岔路,交岔路口內,柏油,乾燥,無缺陷,無障礙物,良好,無號誌,無號誌,無分向設施,未繪設車道線,未繪設快慢車道分隔線,有,側撞,未依規定讓車,Y000,YY00,1,2,2013/12/28,環島南路四段,,金門縣金湖鎮漁村路口,118.40101,24.438041,自用 小貨車(含客、貨兩用)∕自用 小客車∕,小貨車自用∕小客車自用∕,73∕45∕,受傷∕未受傷∕,WY****2代號2075∕WY****0代號2076∕,其他∕其他∕,有適當之駕照∕有適當之駕照∕,經檢測無酒精反應∕經檢測無酒精反應∕,汽車前車頭∕汽車前車頭∕,未依規定讓車∕未依規定減速∕,未依規定讓車∕未依規定讓車∕,售貨員∕服務工作者∕,運輸∕其他∕,本國∕本國∕
10212,,YYA1,10212YY000077,2013,12,29,17,15,金門縣,金沙鎮,,NA,環島東路,一,,NA,,,沙青路,,,,NA,NA,NA,NA,NA,NA,NA,NA,NA,0,0,0,NA,NA,NA,0,NA,NA,NA,NA,NA,NA,NA,NA,NA,NA,NA,NA,NA,NA,NA,Y000,YY00,1,4,2013/12/29,環島東路一段,沙青路,,118.410413,24.490468,普通重型 機車∕自用 小貨車(含客、貨兩用)∕,機車普通重型∕小貨車自用∕,19∕49∕,,01****P代號2077∕6F****6代號2078∕,,,,,,,,,本國∕本國∕
10212,10212Y00020056,YYA1,10212YY000078,2013,12,29,8,18,金門縣,金湖鎮,新市里,NA,黃海路,,,NA,,,中興路,,,,NA,NA,NA,NA,NA,NA,NA,NA,NA,0,1,0,晴,日間自然光線,村里道路,50,三岔路,交岔路口內,柏油,乾燥,無缺陷,無障礙物,良好,無號誌,無號誌,無分向設施,未繪設車道線,未繪設快慢車道分隔線,有,穿越道路中,未注意車前狀態,Y000,YY00,1,2,2013/12/29,黃海路,中興路,,118.4262966,24.45273863,計程車 小客車∕行人 人∕,小客車計程車∕行人∕,53∕47∕,未受傷∕受傷∕,06***5代號1380,其他∕非駕駛人及乘客∕,有適當之駕照∕非汽（機）車駕駛人∕,經檢測無酒精反應∕非駕駛人，未檢測∕,汽車左側車身∕非汽（機）車∕,未注意車前狀態∕未依規定行走行人穿越道、地下道、天橋而穿越道路∕,未注意車前狀態∕未注意車前狀態∕,汽車、火車駕駛員及船員∕家庭主婦（夫）∕,運輸∕購物∕,本國∕本國∕
10212,10212Y00020058,YYA1,10212YY000079,2013,12,30,16,30,金門縣,金湖鎮,,NA,環島南路,三,,NA,,,,,,成功往尚義下坡處象德宮旁,NA,NA,NA,NA,NA,NA,NA,NA,NA,0,1,0,晴,日間自然光線,村里道路,50,直路,一般車道（未劃分快慢車道）,柏油,乾燥,無缺陷,無障礙物,良好,無號誌,無號誌,附標記,未繪設車道線,未繪設快慢車道分隔線,有,路上翻車、摔倒,酒醉（後）駕駛失控,Y000,YY00,1,2,2013/12/30,環島南路三段,,金門縣金湖鎮成功往尚義下坡處象德宮旁,118.3757827,24.4398961,普通重型 機車∕ ∕,機車普通重型,52∕0∕,受傷,AA****1代號2079,其他,有適當之駕照,經呼氣檢測超過0.80mg∕L或血液檢測超過0.16,機車右側車身,酒醉（後）駕駛失控∕尚未發現肇事因素∕,酒醉（後）駕駛失控∕酒醉（後）駕駛失控∕,無業者,其他,本國∕本國∕
10212,10212Y00020059,YYA1,10212YY000080,2013,12,30,17,42,金門縣,金湖鎮,,NA,太湖路,一,,NA,,,,,,085號開關箱路段,NA,NA,NA,NA,NA,NA,NA,NA,NA,0,2,0,晴,晨或暮光,村里道路,60,三岔路,交岔路口內,柏油,乾燥,無缺陷,無障礙物,良好,無號誌,無號誌,無分向設施,未繪設車道線,未繪設快慢車道分隔線,有,追撞,未保持行車安全距離,Y000,YY00,1,2,2013/12/30,太湖路一段,,金門縣金湖鎮085號開關箱路段,118.4047483,24.4473343,普通重型 機車∕普通重型 機車∕,機車普通重型∕機車普通重型∕,16∕53∕,受傷∕受傷∕,77****W代號2080∕PZ****1代號2081∕,其他∕其他∕,無照（未達考照年齡）∕無照（已達考照年齡）∕,經檢測無酒精反應∕經呼氣檢測未超過0.15mg∕L或血液檢測未超過0.03∕,機車前車頭∕機車右側車身∕,未保持行車安全距離∕尚未發現肇事因素∕,未保持行車安全距離∕未保持行車安全距離∕,高中生∕家庭主婦（夫）∕,其他∕其他∕,本國∕本國∕
10212,10212Y00020001,YZA1,10212YZ000001,2013,12,1,11,40,金門縣,金城鎮,,NA,環島西路,一,,NA,,,,,,庵前路口,NA,NA,NA,NA,NA,NA,NA,NA,NA,0,2,0,晴,日間自然光線,縣道,50,四岔路,交岔路口內,柏油,乾燥,無缺陷,無障礙物,良好,閃光號誌,正常,無分向設施,未繪設車道線,未繪設快慢車道分隔線,有,追撞,未保持行車安全距離,Y000,YZ00,1,2,2013/12/1,環島西路一段,,金門縣金城鎮庵前路口,118.3184801,24.4172073,普通重型 機車∕普通重型 機車∕,機車普通重型∕機車普通重型∕,20∕53∕,受傷∕受傷∕,51****W代號2082∕80****E代號2083∕,其他∕其他∕,有適當之駕照∕有適當之駕照∕,經檢測無酒精反應∕經檢測無酒精反應∕,機車前車頭∕機車後車尾∕,未保持行車安全距離∕尚未發現肇事因素∕,未保持行車安全距離∕未保持行車安全距離∕,服務工作者∕家庭主婦（夫）∕,業務聯繫∕購物∕,本國∕本國∕
10212,10212Y00020002,YZA1,10212YZ000002,2013,12,1,18,50,金門縣,金寧鄉,,NA,,,,NA,,,,,,湖埔村埔後231號前路段,NA,NA,NA,NA,NA,NA,NA,NA,NA,0,1,0,晴,夜間（或隧道、地下道、涵洞）有照明,村里道路,40,直路,一般車道（未劃分快慢車道）,柏油,乾燥,無缺陷,無障礙物,良好,無號誌,無號誌,無分向設施,未繪設車道線,未繪設快慢車道分隔線,有,側撞,違規超車,Y000,YZ00,1,2,2013/12/1,金門縣金寧鄉湖埔村埔後231號前路段,,金門縣金寧鄉湖埔村埔後231號前路段,118.317029,24.442928,普通重型 機車∕自用 小客車∕,機車普通重型∕小客車自用∕,22∕44∕,受傷∕未受傷∕,PV****8代號2084∕WY****0代號2085∕,其他∕其他∕,有適當之駕照∕有適當之駕照∕,經檢測無酒精反應∕經檢測無酒精反應∕,機車前車頭∕汽車左前車頭（身）∕,違規超車∕左轉彎未依規定∕,違規超車∕違規超車∕,不明∕不明∕,不明∕不明∕,本國∕本國∕
10212,,YZA1,10212YZ000004,2013,12,1,21,52,金門縣,金寧鄉,,NA,,,,NA,,,,,,湖埔村埔後產業道路03286號路燈桿前路口,NA,NA,NA,NA,NA,NA,NA,NA,NA,0,0,0,晴,NA,NA,0,NA,NA,NA,NA,NA,NA,NA,NA,NA,NA,NA,NA,NA,NA,NA,Y000,YZ00,1,4,2013/12/1,金門縣金寧鄉湖埔村埔後產業道路03286號路燈桿前路口,,金門縣金寧鄉湖埔村埔後產業道路03286號路燈桿前路口,118.317029,24.442928,普通重型 機車∕自用 小客車∕,機車普通重型∕小客車自用∕,18∕29∕,,AD*****0代號1968∕6F****6代號2086∕,,,,,,,,,本國∕本國∕
10212,10212Y00020005,YZA1,10212YZ000006,2013,12,3,8,10,金門縣,金寧鄉,榜林村,NA,伯玉路,一,,NA,218,,,,,,NA,NA,NA,NA,NA,NA,NA,NA,NA,0,1,0,晴,日間自然光線,鄉道,60,直路,慢車道,柏油,乾燥,無缺陷,無障礙物,良好,無號誌,無號誌,附標記,未繪設車道線,快慢車道分隔線,有,側撞,右轉彎未依規定,Y000,YZ00,1,2,2013/12/3,伯玉路一段218號,,金門縣金寧鄉榜林村,118.3267756,24.4346914,自用 小客車∕普通重型 機車∕,小客車自用∕機車普通重型∕,41∕72∕,未受傷∕受傷∕,WY****9代號2087∕PZ****9代號1900∕,其他∕其他∕,有適當之駕照∕有適當之駕照∕,經檢測無酒精反應∕經檢測無酒精反應∕,汽車右前車頭（身）∕機車前車頭∕,右轉彎未依規定∕未注意車前狀態∕,右轉彎未依規定∕右轉彎未依規定∕,服務工作者∕農林漁牧工作者∕,上、下班∕上、下班∕,本國∕本國∕
10212,10212Y00020006,YZA1,10212YZ000007,2013,12,3,17,35,金門縣,金寧鄉,榜林村,NA,桃園路,,,NA,,,,,,寧山庫1309號燈桿路段,NA,NA,NA,NA,NA,NA,NA,NA,NA,0,1,0,晴,夜間（或隧道、地下道、涵洞）有照明,村里道路,60,三岔路,交岔路口內,柏油,乾燥,無缺陷,無障礙物,良好,無號誌,無號誌,無分向設施,未繪設車道線,未繪設快慢車道分隔線,有,側撞,未依規定讓車,Y000,YZ00,1,2,2013/12/3,桃園路,,金門縣金寧鄉榜林村寧山庫1309號燈桿路段,118.3446627,24.4317794,自用 大貨車∕普通重型 機車∕,大貨車自用∕機車普通重型∕,54∕36∕,未受傷∕受傷∕,01***T代號1782∕26****W代號2088∕,其他∕其他∕,有適當之駕照∕有適當之駕照∕,經檢測無酒精反應∕無法檢測∕,汽車左側車身∕機車前車頭∕,未依規定讓車∕未依規定減速∕,未依規定讓車∕未依規定讓車∕,汽車、火車駕駛員及船員∕技術工∕,運輸∕上、下班∕,本國∕本國∕
10212,10212Y00020009,YZA1,10212YZ000010,2013,12,6,10,31,金門縣,金城鎮,,NA,伯玉路,一,,NA,,,,,,0908號路燈桿,NA,NA,NA,NA,NA,NA,NA,NA,NA,0,1,0,晴,日間自然光線,村里道路,60,直路,一般車道（未劃分快慢車道）,水泥,乾燥,無缺陷,無障礙物,良好,無號誌,無號誌,無標記,未繪設車道線,快慢車道分隔線,有,同向擦撞,未保持行車安全間隔,Y000,YZ00,1,2,2013/12/6,伯玉路一段,,金門縣金城鎮0908號路燈桿,118.3267756,24.4346914,普通重型 機車∕自用 小客車∕,機車普通重型∕小客車自用∕,79∕28∕,受傷∕未受傷∕,PZ****5代號2089∕6F****7代號2090∕,其他∕其他∕,無照（已達考照年齡）∕有適當之駕照∕,經檢測無酒精反應∕經檢測無酒精反應∕,機車左側車身∕汽車右側車身∕,未保持行車安全間隔∕未保持行車安全間隔∕,未保持行車安全間隔∕未保持行車安全間隔∕,無業者∕家庭主婦（夫）∕,其他∕其他∕,本國∕本國∕
10212,10212Y00030003,YZA1,10212YZ000012,2013,12,6,12,20,金門縣,金寧鄉,盤山村,NA,伯玉路,二,,NA,224,,,,,,NA,NA,NA,NA,NA,NA,NA,NA,NA,0,0,0,晴,日間自然光線,其他,40,廣場,其他,水泥,乾燥,無缺陷,無障礙物,良好,無號誌,無號誌,無分向設施,未繪設車道線,未繪設快慢車道分隔線,有,倒車撞,倒車未依規定,Y000,YZ00,1,3,2013/12/6,伯玉路二段224號,,金門縣金寧鄉盤山村,118.3416148,24.4414563,營業用 大貨車∕自用 小客車∕,大貨車營業用∕小客車自用∕,53∕75∕,未受傷∕未受傷∕,86***G代號2091∕6F****1代號2092∕,其他∕其他∕,有適當之駕照∕有適當之駕照∕,經檢測無酒精反應∕經檢測無酒精反應∕,汽車左後車尾（身）∕汽車左前車頭（身）∕,倒車未依規定∕未注意車前狀態∕,倒車未依規定∕倒車未依規定∕,汽車、火車駕駛員及船員∕無業者∕,運輸∕其他∕,本國∕本國∕
10212,10212Y00020008,YZA1,10212YZ000013,2013,12,5,22,0,金門縣,金寧鄉,,NA,環島西路,二,,NA,,,,,,3巷路口,NA,NA,NA,NA,NA,NA,NA,NA,NA,0,1,0,晴,夜間（或隧道、地下道、涵洞）有照明,村里道路,40,三岔路,交岔路口內,水泥,乾燥,有坑洞,道路工事（程）中,良好,無號誌,無號誌,無分向設施,未繪設車道線,未繪設快慢車道分隔線,有,撞工程施工,未注意車前狀態,Y000,YZ00,1,2,2013/12/5,環島西路二段,,金門縣金寧鄉3巷路口,118.3148723,24.4566699,腳踏自行車 慢車∕ ∕,腳踏自行車,23∕0∕,受傷,,其他,非汽（機）車駕駛人,經檢測無酒精反應,非汽（機）車,未注意車前狀態∕其他交通管制不當∕,未注意車前狀態∕未注意車前狀態∕,大學（研究）生,其他,本國∕本國∕
10212,10212Y00020010,YZA1,10212YZ000014,2013,12,6,18,25,金門縣,金寧鄉,,NA,環島北路,一,,NA,,,,,,0041號路燈桿附近,NA,NA,NA,NA,NA,NA,NA,NA,NA,0,2,0,晴,夜間（或隧道、地下道、涵洞）有照明,村里道路,50,直路,一般車道（未劃分快慢車道）,柏油,乾燥,無缺陷,無障礙物,良好,無號誌,無號誌,無標記,未繪設車道線,未繪設快慢車道分隔線,有,同向通行中,未注意車前狀態,Y000,YZ00,1,2,2013/12/6,環島北路一段,,金門縣金寧鄉0041號路燈桿附近,118.3283226,24.4462231,普通輕型 機車∕行人 人∕,機車普通輕型∕行人∕,28∕41∕,受傷∕受傷∕,79****B代號2093,其他∕非駕駛人及乘客∕,有適當之駕照∕非汽（機）車駕駛人∕,經檢測無酒精反應∕非駕駛人，未檢測∕,機車前車頭∕非汽（機）車∕,未注意車前狀態∕尚未發現肇事因素∕,未注意車前狀態∕未注意車前狀態∕,大學（研究）生∕服務工作者∕,上、下學∕其他∕,本國∕本國∕
10212,10212Y00020011,YZA1,10212YZ000015,2013,12,7,9,50,金門縣,金城鎮,,NA,西海路,三,,NA,,,,,,賢聚三角圓環,NA,NA,NA,NA,NA,NA,NA,NA,NA,0,1,0,晴,日間自然光線,縣道,50,三岔路,交岔路口內,柏油,乾燥,無缺陷,無障礙物,良好,無號誌,無號誌,無分向設施,未繪設車道線,未繪設快慢車道分隔線,有,側撞,未依規定讓車,Y000,YZ00,1,2,2013/12/7,西海路三段,,金門縣金城鎮賢聚三角圓環,118.3124964,24.4226194,普通重型 機車∕自用 小貨車(含客、貨兩用)∕,機車普通重型∕小貨車自用∕,56∕25∕,受傷∕未受傷∕,31****K代號2094∕04****V代號2095∕,其他∕其他∕,有適當之駕照∕有適當之駕照∕,經檢測無酒精反應∕經檢測無酒精反應∕,機車前車頭∕汽車右側車身∕,未依規定讓車∕未依規定減速∕,未依規定讓車∕未依規定讓車∕,家庭主婦（夫）∕汽車、火車駕駛員及船員∕,購物∕業務聯繫∕,本國∕本國∕
10212,10212Y00020012,YZA1,10212YZ000016,2013,12,7,13,25,金門縣,金寧鄉,湖埔村,NA,,,,NA,,,,,,頂埔下73號旁產業道路口,NA,NA,NA,NA,NA,NA,NA,NA,NA,0,1,0,晴,日間自然光線,村里道路,30,四岔路,交岔路口內,柏油,乾燥,無缺陷,無障礙物,良好,無號誌,無號誌,無分向設施,未繪設車道線,未繪設快慢車道分隔線,無,路口交岔撞,未依規定讓車,Y000,YZ00,1,2,2013/12/7,金門縣金寧鄉湖埔村頂埔下73號旁產業道路口,,金門縣金寧鄉湖埔村頂埔下73號旁產業道路口,118.3099021,24.4474013,普通重型 機車∕自用 小貨車(含客、貨兩用)∕,機車普通重型∕小貨車自用∕,25∕48∕,受傷∕未受傷∕,56****B代號2096∕02****7代號2097∕,其他∕其他∕,有適當之駕照∕有適當之駕照∕,經檢測無酒精反應∕經檢測無酒精反應∕,機車後車尾∕汽車前車頭∕,未依規定讓車∕未依規定減速∕,未依規定讓車∕未依規定讓車∕,不明∕不明∕,不明∕不明∕,本國∕本國∕
10212,10212Y00020013,YZA1,10212YZ000017,2013,12,7,18,15,金門縣,金城鎮,,NA,環島西路,一,,NA,,,,,,燦坤前路段,NA,NA,NA,NA,NA,NA,NA,NA,NA,0,1,0,晴,夜間（或隧道、地下道、涵洞）有照明,村里道路,40,直路,一般車道（未劃分快慢車道）,柏油,乾燥,無缺陷,無障礙物,良好,無號誌,無號誌,無標記,未繪設車道線,未繪設快慢車道分隔線,有,同向擦撞,未注意車前狀態,Y000,YZ00,1,2,2013/12/7,環島西路一段,,金門縣金城鎮燦坤前路段,118.3184801,24.4172073,電動自行車 慢車∕自用 小客車∕,電動自行車∕小客車自用∕,23∕28∕,受傷∕未受傷∕,∕5D****2代號2098∕,其他∕其他∕,非汽（機）車駕駛人∕有適當之駕照∕,經檢測無酒精反應∕經檢測無酒精反應∕,非汽（機）車∕汽車左後車尾（身）∕,未注意車前狀態∕違規停車或暫停不當而肇事∕,未注意車前狀態∕未注意車前狀態∕,不明∕不明∕,不明∕不明∕,本國∕本國∕
10212,10212Y00020022,YZA1,10212YZ000025,2013,12,10,13,48,金門縣,金城鎮,金水里,NA,西海路,一,,NA,,,,,,07146號路燈桿前路段,NA,NA,NA,NA,NA,NA,NA,NA,NA,0,1,0,晴,日間自然光線,村里道路,50,三岔路,交岔路口內,柏油,乾燥,無缺陷,無障礙物,良好,無號誌,無號誌,無分向設施,未繪設車道線,未繪設快慢車道分隔線,有,側撞,未依規定讓車,Y000,YZ00,1,2,2013/12/10,西海路一段,,金門縣金城鎮金水里07146號路燈桿前路段,118.2906709,24.4124946,自用 小客車∕遊覽車 大客車∕,小客車自用∕遊覽車∕,32∕39∕,受傷∕未受傷∕,AA*****5代號2099∕WW***3代號2100∕,其他∕其他∕,駕照被吊（註）銷∕有適當之駕照∕,經檢測無酒精反應∕經檢測無酒精反應∕,汽車右前車頭（身）∕汽車右前車頭（身）∕,未依規定讓車∕未注意車前狀態∕,未依規定讓車∕未依規定讓車∕,技術員及助理人員∕汽車、火車駕駛員及船員∕,社交活動∕業務聯繫∕,本國∕本國∕
10212,10212Y00020019,YZA1,10212YZ000027,2013,12,10,12,17,金門縣,金城鎮,珠沙里,NA,,,,NA,,,,,,泗湖05543號電桿,NA,NA,NA,NA,NA,NA,NA,NA,NA,0,1,0,晴,日間自然光線,鄉道,40,彎曲路及附近,一般車道（未劃分快慢車道）,柏油,乾燥,無缺陷,無障礙物,彎道,無號誌,無號誌,附標記,未繪設車道線,未繪設快慢車道分隔線,有,對向擦撞,未保持行車安全間隔,Y000,YZ00,1,2,2013/12/10,金門縣金城鎮珠沙里泗湖05543號電桿,,金門縣金城鎮珠沙里泗湖05543號電桿,118.33637,24.411853,營業用 大貨車∕普通重型 機車∕,大貨車營業用∕機車普通重型∕,31∕43∕,未受傷∕受傷∕,VU***9代號2101∕LD****6代號2102∕,砂石車∕其他∕,有適當之駕照∕有適當之駕照∕,經檢測無酒精反應∕經檢測無酒精反應∕,汽車右前車頭（身）∕機車左側車身∕,未保持行車安全間隔∕未保持行車安全間隔∕,未保持行車安全間隔∕未保持行車安全間隔∕,技術員及助理人員∕不明∕,運輸∕不明∕,本國∕本國∕
10212,10212Y00020020,YZA1,10212YZ000028,2013,12,10,12,48,金門縣,金寧鄉,湖埔村,NA,,,,NA,,,,,,頂埔下產業道,NA,NA,NA,NA,NA,NA,NA,NA,NA,0,2,0,晴,日間自然光線,鄉道,40,四岔路,交岔路口內,柏油,乾燥,無缺陷,其他障礙物,彎道,無號誌,無號誌,無分向設施,未繪設車道線,未繪設快慢車道分隔線,有,路口交岔撞,未依規定讓車,Y000,YZ00,1,2,2013/12/10,金門縣金寧鄉湖埔村頂埔下產業道,,金門縣金寧鄉湖埔村頂埔下產業道,118.3099021,24.4474013,普通重型 機車∕普通重型 機車∕乘客 人,機車普通重型∕機車普通重型∕乘客,19∕69∕67,未受傷∕受傷∕受傷,30****D代號2103∕3J****6代號2104∕3J****6代號2104,其他∕其他∕其他,有適當之駕照∕有適當之駕照∕非汽（機）車駕駛人,經檢測無酒精反應∕經檢測無酒精反應∕非駕駛人，未檢測,機車前車頭∕機車左側車身∕非汽（機）車,未依規定讓車∕未依規定減速∕乘坐不當而跌落,未依規定讓車∕未依規定讓車∕未依規定讓車,專科生∕無業者∕高中生,上、下學∕不明∕不明,本國∕本國∕本國
10212,10212Y00020024,YZA1,10212YZ000029,2013,12,11,8,58,金門縣,金寧鄉,,NA,伯玉路,二,,NA,,,,,,盤果路口,NA,NA,NA,NA,NA,NA,NA,NA,NA,0,1,0,陰,日間自然光線,村里道路,70,四岔路,交岔路口內,柏油,乾燥,無缺陷,無障礙物,良好,行車管制號誌,正常,無分向設施,未繪設車道線,未繪設快慢車道分隔線,有,側撞,未依規定讓車,Y000,YZ00,1,2,2013/12/11,伯玉路二段,,金門縣金寧鄉盤果路口,118.3416148,24.4414563,計程車 小客車∕普通重型 機車∕,小客車計程車∕機車普通重型∕,65∕68∕,未受傷∕受傷∕,00***5代號2105∕PZ****7代號2106∕,其他∕其他∕,有適當之駕照∕有適當之駕照∕,經檢測無酒精反應∕經檢測無酒精反應∕,汽車右前車頭（身）∕機車左側車身∕,未依規定讓車∕未注意車前狀態∕,未依規定讓車∕未依規定讓車∕,服務工作者∕農林漁牧工作者∕,運輸∕業務聯繫∕,本國∕本國∕
10212,,YZA1,10212YZ000032,2013,12,14,9,44,金門縣,金寧鄉,,NA,伯玉路,一,,NA,,,,,,榜林圓環內,NA,NA,NA,NA,NA,NA,NA,NA,NA,0,0,0,晴,NA,NA,40,NA,NA,NA,NA,NA,NA,NA,NA,NA,NA,NA,NA,NA,NA,NA,Y000,YZ00,1,4,2013/12/14,伯玉路一段,,金門縣金寧鄉榜林圓環內,118.3267756,24.4346914,自用 小客車∕自用 小客車∕,小客車自用∕小客車自用∕,39∕39∕,,6F****3代號2107∕2P****2代號2108∕,,,,,,,,,本國∕本國∕
10212,10212Y00020027,YZA1,10212YZ000033,2013,12,14,12,24,金門縣,金城鎮,東門里,NA,金山路,,,NA,18,,,,,05667燈桿,NA,NA,NA,NA,NA,NA,NA,NA,NA,0,1,0,晴,日間自然光線,村里道路,50,直路,一般車道（未劃分快慢車道）,柏油,乾燥,無缺陷,無障礙物,良好,無號誌,無號誌,無標記,未繪設車道線,未繪設快慢車道分隔線,有,路上翻車、摔倒,未注意車前狀態,Y000,YZ00,1,2,2013/12/14,金山路18號,,金門縣金城鎮東門里05667燈桿,118.3277754,24.4167689,普通重型 機車∕ ∕,機車普通重型,28∕0∕,受傷,72****D代號1120,其他,有適當之駕照,經檢測無酒精反應,機車前車頭,未注意車前狀態∕尚未發現肇事因素∕,未注意車前狀態∕未注意車前狀態∕,不明,其他,本國∕本國∕
10212,10212Y00020028,YZA1,10212YZ000034,2013,12,14,15,5,金門縣,金寧鄉,,NA,環島北路,二,,NA,600,,,,,大慶鋁門窗,NA,NA,NA,NA,NA,NA,NA,NA,NA,0,1,0,陰,日間自然光線,村里道路,60,直路,一般車道（未劃分快慢車道）,柏油,乾燥,無缺陷,無障礙物,良好,無號誌,無號誌,無標記,未繪設車道線,未繪設快慢車道分隔線,有,追撞,未保持行車安全距離,Y000,YZ00,1,2,2013/12/14,環島北路二段600號,,金門縣金寧鄉大慶鋁門窗,118.3537405,24.452631,自用 小貨車(含客、貨兩用)∕自用 小客車∕,小貨車自用∕小客車自用∕,27∕40∕,未受傷∕受傷∕,02****T代號2109∕WY****2代號770∕,其他∕其他∕,有適當之駕照∕有適當之駕照∕,經檢測無酒精反應∕經檢測無酒精反應∕,汽車右前車頭（身）∕汽車左後車尾（身）∕,未保持行車安全距離∕尚未發現肇事因素∕,未保持行車安全距離∕未保持行車安全距離∕,事務工作者∕其他∕,購物∕其他∕,本國∕本國∕
10212,10212Y00020029,YZA1,10212YZ000035,2013,12,15,14,30,金門縣,金寧鄉,,NA,,,,NA,,,,,,埔後03286號燈桿前,NA,NA,NA,NA,NA,NA,NA,NA,NA,0,2,0,陰,日間自然光線,村里道路,40,四岔路,交岔路口內,柏油,濕潤,無缺陷,無障礙物,良好,無號誌,無號誌,無分向設施,未繪設車道線,未繪設快慢車道分隔線,有,路口交岔撞,未依規定讓車,Y000,YZ00,1,2,2013/12/15,金門縣金寧鄉埔後03286號燈桿前,,金門縣金寧鄉埔後03286號燈桿前,118.317029,24.442928,自用 小客車∕普通重型 機車∕乘客 人,小客車自用∕機車普通重型∕乘客,65∕20∕19,未受傷∕受傷∕受傷,63****M代號2110∕BC****1代號2111∕BC****1代號2111,其他∕其他∕其他,有適當之駕照∕有適當之駕照∕非汽（機）車駕駛人,經檢測無酒精反應∕經檢測無酒精反應∕非駕駛人，未檢測,汽車右側車身∕機車前車頭∕不明,未依規定讓車∕未依規定減速∕尚未發現肇事因素,未依規定讓車∕未依規定讓車∕未依規定讓車,不明∕大學（研究）生∕大學（研究）生,其他∕其他∕其他,本國∕本國∕本國
10212,10212Y00020030,YZA1,10212YZ000036,2013,12,15,16,10,金門縣,金寧鄉,,NA,環島北路,一,,NA,,,林湖路,,,林湖路口,NA,NA,NA,NA,NA,NA,NA,NA,NA,0,1,0,陰,日間自然光線,村里道路,50,三岔路,交岔路口內,柏油,濕潤,無缺陷,無障礙物,良好,行車管制號誌,正常,無分向設施,未繪設車道線,未繪設快慢車道分隔線,有,側撞,未保持行車安全距離,Y000,YZ00,1,2,2013/12/15,環島北路一段,林湖路,,118.3258302,24.4439927,普通重型 機車∕自用 小客車∕,機車普通重型∕小客車自用∕,50∕51∕,受傷∕未受傷∕,51****K代號2112∕37****Q代號2113∕,其他∕其他∕,有適當之駕照∕有適當之駕照∕,經檢測無酒精反應∕經檢測無酒精反應∕,機車前車頭∕汽車後車尾∕,未保持行車安全距離∕右轉彎未依規定∕,未保持行車安全距離∕未保持行車安全距離∕,不明∕不明∕,不明∕不明∕,本國∕本國∕
10212,10212Y00020031,YZA1,10212YZ000037,2013,12,15,17,28,金門縣,金寧鄉,,NA,伯玉路,一,,NA,,,,,,榜林圓環內路段,NA,NA,NA,NA,NA,NA,NA,NA,NA,0,1,0,雨,晨或暮光,村里道路,40,圓環,一般車道（未劃分快慢車道）,柏油,濕潤,無缺陷,無障礙物,良好,無號誌,無號誌,無分向設施,車道線（無標記）,未繪設快慢車道分隔線,有,路上翻車、摔倒,未依規定減速,Y000,YZ00,1,2,2013/12/15,伯玉路一段,,金門縣金寧鄉榜林圓環內路段,118.3267756,24.4346914,普通輕型 機車∕ ∕,機車普通輕型,19∕0∕,受傷,55****Y代號2114,其他,有適當之駕照,經檢測無酒精反應,機車左側車身,未依規定減速∕尚未發現肇事因素∕,未依規定減速∕未依規定減速∕,不明,不明,本國∕本國∕