年月,總編號,處理單位,處理編號,年,月,日,時,分,縣市,區,村里,鄰,街道,段,巷,弄,號,公尺處,街道.1,段.1,側,附近,道路,公里,公尺處.1,向,車道,平交道,公里.1,公尺處.2,附近.1,死,受傷,X2.30,天候,光線,道路類別,速限,道路型態,事故位置,路面鋪裝,路面狀態,路面缺陷,障礙物,視距,號誌種類,號誌動作,分向設施,快車道或一般車道間,快慢車道間,路面邊線,事故類型及型態,主要肇因,警局,分局,案件類別,事故類別,日期,道路1,道路2,概略位置,lon,lat,車種,當事者區分.類別.,年齡,受傷程度,車輛牌照號碼,車輛用途,駕駛資格情形,飲酒情形,車輛撞擊部位最初,肇事因素個別,肇事因素主要,職.業,旅次目的,國籍
10212,10212Y00020032,YZA1,10212YZ000039,2013,12,16,12,30,金門縣,金城鎮,,NA,莒光路,,,NA,31,,,,,,NA,NA,NA,NA,NA,NA,NA,NA,NA,0,1,0,雨,日間自然光線,村里道路,40,三岔路,交岔口附近,其他鋪裝,濕潤,無缺陷,無障礙物,良好,無號誌,無號誌,無分向設施,未繪設車道線,未繪設快慢車道分隔線,有,其他,未保持行車安全距離,Y000,YZ00,1,2,2013/12/16,莒光路31號,,金門縣金城鎮,118.3169343,24.432731,普通重型 機車∕普通重型 機車∕,機車普通重型∕機車普通重型∕,29∕43∕,受傷∕未受傷∕,PZ****5代號2115∕PZ****6代號2116∕,其他∕其他∕,有適當之駕照∕有適當之駕照∕,經檢測無酒精反應∕經檢測無酒精反應∕,機車左側車身∕不明∕,未保持行車安全距離∕尚未發現肇事因素∕,未保持行車安全距離∕未保持行車安全距離∕,售貨員∕技術工∕,購物∕上、下班∕,本國∕本國∕
10212,10212Y00020033,YZA1,10212YZ000040,2013,12,16,15,56,金門縣,金寧鄉,盤山村,NA,大學路,,,NA,1,,,,,金門大學理工大樓前,NA,NA,NA,NA,NA,NA,NA,NA,NA,0,2,0,陰,日間自然光線,鄉道,40,四岔路,交岔路口內,柏油,濕潤,無缺陷,無障礙物,良好,無號誌,無號誌,無分向設施,未繪設車道線,未繪設快慢車道分隔線,有,其他,倒車未依規定,Y000,YZ00,1,2,2013/12/16,大學路1號,,金門縣金寧鄉盤山村金門大學理工大樓前,118.322848,24.447907,自用 小客車∕普通重型 機車∕乘客 人,小客車自用∕機車普通重型∕乘客,31∕18∕18,未受傷∕受傷∕受傷,28****S代號2117∕AD*****9代號2118∕AD*****9代號2118,其他∕其他∕其他,有適當之駕照∕有適當之駕照∕非汽（機）車駕駛人,經檢測無酒精反應∕經檢測無酒精反應∕非駕駛人，未檢測,汽車右後車尾（身）∕機車前車頭∕非汽（機）車,倒車未依規定∕未注意車前狀態∕尚未發現肇事因素,倒車未依規定∕倒車未依規定∕倒車未依規定,技術員及助理人員∕大學（研究）生∕大學（研究）生,業務聯繫∕上、下學∕上、下學,本國∕本國∕本國
10212,10212Y00020035,YZA1,10212YZ000041,2013,12,16,17,1,金門縣,金寧鄉,盤山村,NA,伯玉路,二,,NA,,,盤果路,,,,NA,NA,NA,NA,NA,NA,NA,NA,NA,0,1,0,雨,日間自然光線,鄉道,60,四岔路,交岔路口內,柏油,濕潤,無缺陷,無障礙物,良好,行車管制號誌,正常,無分向設施,未繪設車道線,未繪設快慢車道分隔線,有,側撞,右轉彎未依規定,Y000,YZ00,1,2,2013/12/16,伯玉路二段,盤果路,,118.3402912,24.44112005,自用 小貨車(含客、貨兩用)∕普通重型 機車∕,小貨車自用∕機車普通重型∕,20∕35∕,未受傷∕受傷∕,6F****0代號2119∕78****U代號2120∕,其他∕其他∕,有適當之駕照∕有適當之駕照∕,經檢測無酒精反應∕經檢測無酒精反應∕,汽車右側車身∕機車前車頭∕,右轉彎未依規定∕未注意車前狀態∕,右轉彎未依規定∕右轉彎未依規定∕,技術員及助理人員∕技術員及助理人員∕,業務聯繫∕業務聯繫∕,本國∕本國∕
10212,10212Y00020034,YZA1,10212YZ000042,2013,12,16,16,32,金門縣,金寧鄉,,NA,,,,NA,,,,,,埔後191號旁路口,NA,NA,NA,NA,NA,NA,NA,NA,NA,0,2,0,雨,日間自然光線,村里道路,40,四岔路,交岔路口內,柏油,濕潤,無缺陷,無障礙物,良好,無號誌,無號誌,無分向設施,未繪設車道線,未繪設快慢車道分隔線,有,路口交岔撞,未依規定讓車,Y000,YZ00,1,2,2013/12/16,金門縣金寧鄉埔後191號旁路口,,金門縣金寧鄉埔後191號旁路口,118.317029,24.442928,普通重型 機車∕普通重型 機車∕,機車普通重型∕機車普通重型∕,21∕18∕,受傷∕受傷∕,11****S代號2121∕AD*****3代號2122∕,其他∕其他∕,有適當之駕照∕有適當之駕照∕,經檢測無酒精反應∕經檢測無酒精反應∕,機車左側車身∕機車前車頭∕,未依規定讓車∕未依規定減速∕,未依規定讓車∕未依規定讓車∕,大學（研究）生∕大學（研究）生∕,上、下學∕上、下學∕,本國∕本國∕
10212,10212Y00030007,YZA1,10212YZ000047,2013,12,17,9,15,金門縣,金寧鄉,,NA,桃園路,,,NA,,,盤果路,,,路口,NA,NA,NA,NA,NA,NA,NA,NA,NA,0,0,0,雨,日間自然光線,村里道路,60,四岔路,交岔路口內,柏油,濕潤,無缺陷,無障礙物,良好,行車管制號誌,正常,無分向設施,未繪設車道線,未繪設快慢車道分隔線,有,側撞,未依規定讓車,Y000,YZ00,1,3,2013/12/17,桃園路,盤果路,,118.345675,24.43250455,營業用 大貨車∕自用 小客車∕,大貨車營業用∕小客車自用∕,24∕28∕,未受傷∕未受傷∕,VV***1代號2123∕14****V代號2124∕,其他∕殘障特製車∕,有適當之駕照∕有適當之駕照∕,經檢測無酒精反應∕經檢測無酒精反應∕,汽車右側車身∕汽車前車頭∕,未依規定讓車∕未注意車前狀態∕,未依規定讓車∕未依規定讓車∕,汽車、火車駕駛員及船員∕售貨員∕,運輸∕上、下班∕,本國∕本國∕
10212,10212Y00030008,YZA1,10212YZ000048,2013,12,17,9,55,金門縣,金城鎮,,NA,民權路,,,NA,,,珠浦北路,,,路口,NA,NA,NA,NA,NA,NA,NA,NA,NA,0,0,0,雨,日間自然光線,村里道路,40,四岔路,交岔路口內,柏油,濕潤,無缺陷,無障礙物,良好,行車管制號誌（附設行人專用號誌）,正常,無分向設施,未繪設車道線,未繪設快慢車道分隔線,有,側撞,未依規定讓車,Y000,YZ00,1,3,2013/12/17,民權路,珠浦北路,,118.3161299,24.43473165,自用 小客車∕自用 小客車∕,小客車自用∕小客車自用∕,47∕59∕,未受傷∕未受傷∕,WY****6代號2125∕WY****2代號2126∕,其他∕其他∕,有適當之駕照∕有適當之駕照∕,經檢測無酒精反應∕經檢測無酒精反應∕,汽車右前車頭（身）∕汽車左前車頭（身）∕,未依規定讓車∕未注意車前狀態∕,未依規定讓車∕未依規定讓車∕,不明∕無業者∕,其他∕購物∕,本國∕本國∕
10212,10212Y00020036,YZA1,10212YZ000049,2013,12,18,10,25,金門縣,金城鎮,,NA,莒光路,,,NA,146,,,,,,NA,NA,NA,NA,NA,NA,NA,NA,NA,0,2,0,晴,日間自然光線,村里道路,40,四岔路,交岔口附近,其他鋪裝,乾燥,無缺陷,路上有停車,路上停放車輛,無號誌,無號誌,無分向設施,未繪設車道線,未繪設快慢車道分隔線,無,穿越道路中,穿越道路未注意左右來車,Y000,YZ00,1,2,2013/12/18,莒光路146號,,金門縣金城鎮,118.3169343,24.432731,行人 人∕普通輕型 機車∕,行人∕機車普通輕型∕,29∕58∕,受傷∕受傷∕,∕WZ****7代號2127∕,非駕駛人及乘客∕其他∕,非汽（機）車駕駛人∕有適當之駕照∕,非駕駛人，未檢測∕經檢測無酒精反應∕,非汽（機）車∕機車前車頭∕,穿越道路未注意左右來車∕未注意車前狀態∕,穿越道路未注意左右來車∕穿越道路未注意左右來車∕,技術工∕其他∕,其他∕購物∕,本國∕本國∕
10212,10212Y00020037,YZA1,10212YZ000051,2013,12,19,11,0,金門縣,金城鎮,,NA,民權路,,,NA,188,,,,,,NA,NA,NA,NA,NA,NA,NA,NA,NA,0,2,0,晴,日間自然光線,村里道路,50,三岔路,交岔口附近,柏油,乾燥,無缺陷,無障礙物,良好,無號誌,無號誌,無標記,未繪設車道線,未繪設快慢車道分隔線,有,其他,起步未注意其他車（人）安全,Y000,YZ00,1,2,2013/12/19,民權路188號,,金門縣金城鎮,118.3197267,24.4385954,普通輕型 機車∕普通重型 機車∕,機車普通輕型∕機車普通重型∕,69∕20∕,受傷∕受傷∕,WZ****2代號1593∕17****E代號1953∕,其他∕其他∕,有適當之駕照∕有適當之駕照∕,經檢測無酒精反應∕經檢測無酒精反應∕,機車左側車身∕機車前車頭∕,起步未注意其他車（人）安全∕未注意車前狀態∕,起步未注意其他車（人）安全∕起步未注意其他車（人）安全∕,不明∕大學（研究）生∕,不明∕其他∕,本國∕本國∕
10212,10212Y00020040,YZA1,10212YZ000054,2013,12,21,20,10,金門縣,金城鎮,,NA,民生路,,,NA,,,,,,11巷口,NA,NA,NA,NA,NA,NA,NA,NA,NA,0,1,0,晴,夜間（或隧道、地下道、涵洞）有照明,村里道路,50,三岔路,交岔路口內,柏油,乾燥,無缺陷,無障礙物,良好,無號誌,無號誌,無分向設施,未繪設車道線,未繪設快慢車道分隔線,有,側撞,未依規定讓車,Y000,YZ00,1,2,2013/12/21,民生路,,金門縣金城鎮11巷口,118.3190184,24.43575,自用 小客車∕普通重型 機車∕,小客車自用∕機車普通重型∕,41∕22∕,未受傷∕受傷∕,6F****8代號2128∕AA*****6代號2129∕,其他∕其他∕,有適當之駕照∕有適當之駕照∕,經呼氣檢測0.26至0.40mg∕L或血液檢測0.051至0.08∕經檢測無酒精反應∕,汽車前車頭∕機車前車頭∕,未依規定讓車∕未依規定減速∕,未依規定讓車∕未依規定讓車∕,家庭主婦（夫）∕大學（研究）生∕,不明∕不明∕,本國∕本國∕
10212,10212Y00020043,YZA1,10212YZ000057,2013,12,23,12,28,金門縣,金城鎮,賢庵里,NA,西海路,三,72,1,7,,,,,,NA,NA,NA,NA,NA,NA,NA,NA,NA,0,1,0,晴,日間自然光線,村里道路,40,四岔路,交岔路口內,水泥,乾燥,無缺陷,無障礙物,良好,無號誌,無號誌,無分向設施,未繪設車道線,未繪設快慢車道分隔線,無,其他,未依規定讓車,Y000,YZ00,1,2,2013/12/23,西海路三段72巷1弄7號,,金門縣金城鎮賢庵里,118.3124964,24.4226194,自用 小客車∕普通重型 機車∕,小客車自用∕機車普通重型∕,35∕51∕,未受傷∕受傷∕,DW****5代號2130∕XW****0代號2131∕,其他∕其他∕,有適當之駕照∕有適當之駕照∕,經檢測無酒精反應∕經檢測無酒精反應∕,汽車前車頭∕機車前車頭∕,未依規定讓車∕未依規定減速∕,未依規定讓車∕未依規定讓車∕,其他∕其他∕,其他∕其他∕,本國∕本國∕
10212,10212Y00020044,YZA1,10212YZ000059,2013,12,24,17,50,金門縣,金城鎮,,NA,西海路,二,,NA,,,,,,26756號燈桿,NA,NA,NA,NA,NA,NA,NA,NA,NA,0,1,0,晴,夜間（或隧道、地下道、涵洞）有照明,縣道,50,直路,一般車道（未劃分快慢車道）,柏油,乾燥,突出（高低）不平,道路工事（程）中,良好,無號誌,無號誌,無分向設施,未繪設車道線,未繪設快慢車道分隔線,有,對撞,酒醉（後）駕駛失控,Y000,YZ00,1,2,2013/12/24,西海路二段,,金門縣金城鎮26756號燈桿,118.3041626,24.4144371,自用 小客車∕普通重型 機車∕,小客車自用∕機車普通重型∕,49∕32∕,未受傷∕受傷∕,6F****5代號2132∕42****A代號2133∕,其他∕其他∕,有適當之駕照∕有適當之駕照∕,經呼氣檢測超過0.80mg∕L或血液檢測超過0.16∕經檢測無酒精反應∕,汽車左前車頭（身）∕機車前車頭∕,酒醉（後）駕駛失控∕未注意車前狀態∕,酒醉（後）駕駛失控∕酒醉（後）駕駛失控∕,技術工∕其他∕,上、下班∕上、下班∕,本國∕本國∕
10212,10212Y00020046,YZA1,10212YZ000061,2013,12,25,19,50,金門縣,金城鎮,,NA,民權路,,,NA,,,,,,莒光路路口,NA,NA,NA,NA,NA,NA,NA,NA,NA,0,2,0,晴,夜間（或隧道、地下道、涵洞）有照明,村里道路,40,三岔路,交岔路口內,柏油,乾燥,無缺陷,路上有停車,路上停放車輛,無號誌,無號誌,無分向設施,未繪設車道線,未繪設快慢車道分隔線,有,側撞,未依規定讓車,Y000,YZ00,1,2,2013/12/25,民權路,,金門縣金城鎮莒光路路口,118.3168946,24.4355379,普通重型 機車∕普通重型 機車∕,機車普通重型∕機車普通重型∕,35∕22∕,受傷∕受傷∕,3J****3代號2134∕51****B代號2135∕,其他∕其他∕,有適當之駕照∕駕照被吊（註）銷∕,經檢測無酒精反應∕經檢測無酒精反應∕,機車前車頭∕機車右側車身∕,未依規定讓車∕未依規定減速∕,未依規定讓車∕未依規定讓車∕,其他∕其他∕,其他∕其他∕,本國∕本國∕
10212,10212Y00020047,YZA1,10212YZ000062,2013,12,26,8,15,金門縣,金寧鄉,湖埔村,NA,,,,NA,130,,,,,,NA,NA,NA,NA,NA,NA,NA,NA,NA,0,1,0,晴,日間自然光線,鄉道,40,三岔路,交岔路口內,水泥,乾燥,無缺陷,無障礙物,良好,無號誌,無號誌,無分向設施,未繪設車道線,未繪設快慢車道分隔線,有,側撞,未依規定讓車,Y000,YZ00,1,2,2013/12/26,金門縣金寧鄉湖埔村130,,金門縣金寧鄉湖埔村,118.3140488,24.4472977,自用 小客車∕普通重型 機車∕,小客車自用∕機車普通重型∕,32∕21∕,未受傷∕受傷∕,01****X代號2136∕71****U代號874∕,其他∕其他∕,有適當之駕照∕有適當之駕照∕,經檢測無酒精反應∕經檢測無酒精反應∕,汽車左前車頭（身）∕機車前車頭∕,未依規定讓車∕未注意車前狀態∕,未依規定讓車∕未依規定讓車∕,技術員及助理人員∕大學（研究）生∕,社交活動∕上、下班∕,本國∕本國∕
10212,10212Y00020048,YZA1,10212YZ000063,2013,12,26,10,9,金門縣,金寧鄉,盤山村,NA,伯玉路,二,,NA,,,盤果路,,,,NA,NA,NA,NA,NA,NA,NA,NA,NA,0,1,0,晴,日間自然光線,鄉道,60,四岔路,交岔路口內,柏油,乾燥,無缺陷,無障礙物,良好,行車管制號誌,正常,無分向設施,未繪設車道線,未繪設快慢車道分隔線,有,側撞,未依規定讓車,Y000,YZ00,1,2,2013/12/26,伯玉路二段,盤果路,,118.3402912,24.44112005,自用 小客車∕普通重型 機車∕,小客車自用∕機車普通重型∕,29∕64∕,未受傷∕受傷∕,5L****5代號2137∕PZ****8代號2138∕,其他∕其他∕,有適當之駕照∕有適當之駕照∕,經檢測無酒精反應∕經檢測無酒精反應∕,汽車右後車尾（身）∕機車前車頭∕,未依規定讓車∕未注意車前狀態∕,未依規定讓車∕未依規定讓車∕,技術員及助理人員∕農林漁牧工作者∕,社交活動∕社交活動∕,本國∕本國∕
10212,10212Y00020049,YZA1,10212YZ000064,2013,12,26,10,40,金門縣,金城鎮,東門里,NA,伯玉路,一,,NA,,,桃園路,,,,NA,NA,NA,NA,NA,NA,NA,NA,NA,0,1,0,晴,日間自然光線,鄉道,60,四岔路,交岔路口內,柏油,乾燥,無缺陷,無障礙物,良好,行車管制號誌,正常,無分向設施,未繪設車道線,未繪設快慢車道分隔線,有,側撞,右轉彎未依規定,Y000,YZ00,1,2,2013/12/26,伯玉路一段,桃園路,,118.3245732,24.4324356,自用 小客車∕普通輕型 機車∕,小客車自用∕機車普通輕型∕,61∕76∕,未受傷∕受傷∕,75****G代號2139∕WZ****8代號2140∕,其他∕其他∕,有適當之駕照∕有適當之駕照∕,經檢測無酒精反應∕經檢測無酒精反應∕,汽車右前車頭（身）∕機車前車頭∕,右轉彎未依規定∕未注意車前狀態∕,右轉彎未依規定∕右轉彎未依規定∕,技術員及助理人員∕農林漁牧工作者∕,業務聯繫∕購物∕,本國∕本國∕
10212,10212Y00020050,YZA1,10212YZ000065,2013,12,26,13,45,金門縣,金城鎮,,NA,民權路,,,NA,178,,,,,地方法院前路段,NA,NA,NA,NA,NA,NA,NA,NA,NA,0,1,0,晴,日間自然光線,村里道路,50,三岔路,交岔路口內,柏油,乾燥,無缺陷,無障礙物,良好,無號誌,無號誌,無分向設施,未繪設車道線,未繪設快慢車道分隔線,有,側撞,未保持行車安全距離,Y000,YZ00,1,2,2013/12/26,民權路178號,,金門縣金城鎮地方法院前路段,118.3185718,24.4373124,普通重型 機車∕計程車 小客車∕,機車普通重型∕小客車計程車∕,19∕51∕,受傷∕未受傷∕,88****V代號985∕09***5代號516∕,其他∕其他∕,有適當之駕照∕有適當之駕照∕,經檢測無酒精反應∕經檢測無酒精反應∕,機車前車頭∕汽車右側車身∕,未保持行車安全距離∕右轉彎未依規定∕,未保持行車安全距離∕未保持行車安全距離∕,大學（研究）生∕汽車、火車駕駛員及船員∕,不明∕運輸∕,本國∕本國∕
10212,10212Y00020051,YZA1,10212YZ000067,2013,12,26,16,34,金門縣,金城鎮,,NA,環島西路,一,,NA,,,,,,吳厝路口仰峰宮前,NA,NA,NA,NA,NA,NA,NA,NA,NA,0,1,0,晴,日間自然光線,村里道路,40,三岔路,交岔路口內,柏油,乾燥,無缺陷,無障礙物,良好,無號誌,無號誌,無分向設施,未繪設車道線,未繪設快慢車道分隔線,有,其他,左轉彎未依規定,Y000,YZ00,1,2,2013/12/26,環島西路一段,,金門縣金城鎮吳厝路口仰峰宮前,118.3184801,24.4172073,自用 小客車∕自用 小貨車(含客、貨兩用)∕,小客車自用∕小貨車自用∕,60∕19∕,受傷∕未受傷∕,WY****0代號2141∕90****9代號2142∕,其他∕其他∕,有適當之駕照∕有適當之駕照∕,經檢測無酒精反應∕經檢測無酒精反應∕,汽車前車頭∕汽車右前車頭（身）∕,左轉彎未依規定∕尚未發現肇事因素∕,左轉彎未依規定∕左轉彎未依規定∕,其他∕其他∕,其他∕其他∕,本國∕本國∕
10212,10212Y00020052,YZA1,10212YZ000071,2013,12,27,11,13,金門縣,金城鎮,,NA,西海路,一,,NA,,,,,,金水寺前路段,NA,NA,NA,NA,NA,NA,NA,NA,NA,0,2,0,晴,日間自然光線,縣道,50,四岔路,交岔口附近,柏油,乾燥,無缺陷,無障礙物,良好,無號誌,無號誌,無標記,未繪設車道線,未繪設快慢車道分隔線,有,同向擦撞,未保持行車安全間隔,Y000,YZ00,1,2,2013/12/27,西海路一段,,金門縣金城鎮金水寺前路段,118.2906709,24.4124946,自用 小客車∕普通重型 機車∕乘客 人,小客車自用∕機車普通重型∕乘客,52∕23∕27,未受傷∕受傷∕受傷,03****X代號2143∕88****C代號2144∕88****C代號2144,其他∕其他∕其他,有適當之駕照∕有適當之駕照∕非汽（機）車駕駛人,經檢測無酒精反應∕經檢測無酒精反應∕非駕駛人，未檢測,汽車右側車身∕機車左側車身∕非汽（機）車,未保持行車安全間隔∕尚未發現肇事因素∕尚未發現肇事因素,未保持行車安全間隔∕未保持行車安全間隔∕未保持行車安全間隔,技術工∕服務工作者∕服務工作者,其他∕觀光旅遊∕觀光旅遊,本國∕本國∕本國
10212,10212Y00020053,YZA1,10212YZ000072,2013,12,27,11,48,金門縣,金城鎮,,NA,民生路,,,NA,,,中興路,,,,NA,NA,NA,NA,NA,NA,NA,NA,NA,0,2,0,晴,日間自然光線,鄉道,40,四岔路,行人穿越道,柏油,乾燥,無缺陷,無障礙物,良好,行車管制號誌（附設行人專用號誌）,正常,無分向設施,未繪設車道線,未繪設快慢車道分隔線,有,穿越道路中,未依標誌、標線、號誌或手勢指揮穿越道路,Y000,YZ00,1,2,2013/12/27,民生路,中興路,,118.319696,24.43433386,行人 人∕普通重型 機車∕,行人∕機車普通重型∕,66∕21∕,受傷∕受傷∕,∕FV****1代號2145∕,非駕駛人及乘客∕其他∕,非汽（機）車駕駛人∕有適當之駕照∕,非駕駛人，未檢測∕經檢測無酒精反應∕,非汽（機）車∕機車前車頭∕,未依標誌、標線、號誌或手勢指揮穿越道路∕超速失控∕,未依標誌、標線、號誌或手勢指揮穿越道路∕未依標誌、標線、號誌或手勢指揮穿越道路∕,無業者∕大學（研究）生∕,其他∕上、下學∕,本國∕本國∕
10212,10212Y00030011,YZA1,10212YZ000074,2013,12,28,20,35,金門縣,金寧鄉,,NA,桃園路,,,NA,,,,,,金門酒廠大門口路段,NA,NA,NA,NA,NA,NA,NA,NA,NA,0,0,0,晴,夜間（或隧道、地下道、涵洞）有照明,村里道路,60,三岔路,交岔口附近,柏油,乾燥,無缺陷,無障礙物,良好,行車管制號誌,正常,附標記,車道線（附標記）,未繪設快慢車道分隔線,有,追撞,未注意車前狀態,Y000,YZ00,1,3,2013/12/28,桃園路,,金門縣金寧鄉金門酒廠大門口路段,118.3446627,24.4317794,自用 小客車∕自用 小客車∕,小客車自用∕小客車自用∕,37∕33∕,未受傷∕未受傷∕,Z6****2代號2146∕WY****5代號2147∕,其他∕其他∕,有適當之駕照∕有適當之駕照∕,經檢測無酒精反應∕經檢測無酒精反應∕,汽車前車頭∕汽車後車尾∕,未注意車前狀態∕尚未發現肇事因素∕,未注意車前狀態∕未注意車前狀態∕,技術工∕無業者∕,其他∕購物∕,本國∕本國∕
10212,10212Y00020057,YZA1,10212YZ000076,2013,12,29,15,47,金門縣,金寧鄉,,NA,環島西路,二,,NA,,,瓊安路,,,,NA,NA,NA,NA,NA,NA,NA,NA,NA,0,1,0,晴,日間自然光線,縣道,50,三岔路,交岔口附近,柏油,乾燥,無缺陷,無障礙物,良好,無號誌,無號誌,無標記,未繪設車道線,未繪設快慢車道分隔線,有,撞路樹、電桿,未注意車前狀態,Y000,YZ00,1,2,2013/12/29,環島西路二段,瓊安路,,118.3159615,24.45372536,普通重型 機車∕ ∕,機車普通重型,19∕0∕,受傷,36****F代號2148,其他,有適當之駕照,經檢測無酒精反應,機車前車頭,未注意車前狀態∕尚未發現肇事因素∕,未注意車前狀態∕未注意車前狀態∕,大學（研究）生,上、下學,本國∕本國∕
10212,10212Y00020060,YZA1,10212YZ000081,2013,12,30,18,50,金門縣,烈嶼鄉,,NA,,,,NA,,,,,,林湖村東林80號前路段,NA,NA,NA,NA,NA,NA,NA,NA,NA,0,1,0,晴,夜間（或隧道、地下道、涵洞）有照明,村里道路,40,直路,一般車道（未劃分快慢車道）,柏油,乾燥,無缺陷,無障礙物,良好,無號誌,無號誌,無標記,未繪設車道線,未繪設快慢車道分隔線,有,追撞,酒醉（後）駕駛失控,Y000,YZ00,1,2,2013/12/30,金門縣烈嶼鄉林湖村東林80號前路段,,金門縣烈嶼鄉林湖村東林80號前路段,118.2455353,24.4288578,普通重型 機車∕公營公車 大客車∕,機車普通重型∕公營公車∕,41∕45∕,受傷∕未受傷∕,PZ****5代號2149∕32***H代號2150∕,其他∕其他∕,有適當之駕照∕有適當之駕照∕,經呼氣檢測超過0.80mg∕L或血液檢測超過0.16∕經檢測無酒精反應∕,機車前車頭∕汽車右後車尾（身）∕,酒醉（後）駕駛失控∕尚未發現肇事因素∕,酒醉（後）駕駛失控∕酒醉（後）駕駛失控∕,不明∕汽車、火車駕駛員及船員∕,其他∕運輸∕,本國∕本國∕
10212,10212Y00020061,YZA1,10212YZ000082,2013,12,31,18,5,金門縣,金城鎮,,NA,民生路,,,NA,2,,,,,金城鎮公所前路段,NA,NA,NA,NA,NA,NA,NA,NA,NA,0,1,0,晴,夜間（或隧道、地下道、涵洞）有照明,村里道路,40,三岔路,交岔路口內,柏油,乾燥,無缺陷,無障礙物,良好,無號誌,無號誌,無分向設施,未繪設車道線,未繪設快慢車道分隔線,有,側撞,未依規定讓車,Y000,YZ00,1,2,2013/12/31,民生路2號,,金門縣金城鎮金城鎮公所前路段,118.3209249,24.4326671,營業用 大貨車∕自用 小客車∕自用 小客車∕自用 小客車∕,大貨車營業用∕小客車自用∕小客車自用∕小客車自用∕,36∕30∕20∕43∕,未受傷∕受傷∕未受傷∕未受傷∕,04***J代號2151∕UL****2代號2152∕AA*****0代號2153∕T7****2代號2154∕,其他∕其他∕其他∕其他∕,有適當之駕照∕有適當之駕照∕有適當之駕照∕有適當之駕照∕,經檢測無酒精反應∕經檢測無酒精反應∕經檢測無酒精反應∕經檢測無酒精反應∕,汽車左側車身∕汽車前車頭∕汽車前車頭∕汽車前車頭∕,未依規定讓車∕未依規定減速∕尚未發現肇事因素∕尚未發現肇事因素∕,未依規定讓車∕未依規定讓車∕未依規定讓車∕未依規定讓車∕,其他∕其他∕其他∕技術工∕,上、下班∕上、下班∕其他∕其他∕,本國∕本國∕本國∕本國∕
10212,10212Y00020062,YZA1,10212YZ000083,2013,12,31,20,55,金門縣,金城鎮,西門里,NA,民權路,,,NA,188之1,,,,,,NA,NA,NA,NA,NA,NA,NA,NA,NA,0,2,0,晴,夜間（或隧道、地下道、涵洞）有照明,村里道路,40,直路,一般車道（未劃分快慢車道）,柏油,乾燥,無缺陷,無障礙物,良好,無號誌,無號誌,附標記,未繪設車道線,未繪設快慢車道分隔線,有,同向通行中,未注意車前狀態,Y000,YZ00,NA,NA,2013/12/31,民權路188-1號,,金門縣金城鎮西門里,118.3168946,24.4355379,普通重型 機車∕行人 人∕,機車普通重型∕行人∕,18∕56∕,受傷∕受傷∕,18****B代號2155,其他∕非駕駛人及乘客∕,有適當之駕照∕非汽（機）車駕駛人∕,經檢測無酒精反應∕非駕駛人，未檢測∕,機車右側車身∕非汽（機）車∕,未注意車前狀態∕尚未發現肇事因素∕,未注意車前狀態∕未注意車前狀態∕,大學（研究）生∕無業者∕,社交活動∕社交活動∕,本國∕本國∕
10301,,YYA1,10301YY000003,2014,1,1,15,30,金門縣,金湖鎮,,NA,伯玉路,五,,NA,,,,,,魯王墓旁彎道路段,NA,NA,NA,NA,NA,NA,NA,NA,NA,0,0,0,晴,日間自然光線,村里道路,50,彎曲路及附近,一般車道（未劃分快慢車道）,柏油,乾燥,無缺陷,無障礙物,良好,無號誌,無號誌,窄式無柵欄,未繪設車道線,未繪設快慢車道分隔線,有,撞交通島,未依規定減速,Y000,YY00,3,3,2014/1/1,伯玉路五段,,金門縣金湖鎮魯王墓旁彎道路段,118.3897645,24.4505133,租賃車 小客車∕ ∕,小客車租貸車,28∕0∕,未受傷,55****7代號2156,其他,有適當之駕照,不明,汽車左前車頭（身）,未依規定減速∕動物竄出∕,未依規定減速∕未依規定減速∕,其他,其他,本國∕本國∕
10301,10301Y00020002,YYA1,10301YY000005,2014,1,4,19,25,金門縣,金沙鎮,,NA,環島北路,三,,NA,,,,,,高坑候車亭路段,NA,NA,NA,NA,NA,NA,NA,NA,NA,0,1,0,晴,夜間（或隧道、地下道、涵洞）有照明,村里道路,60,三岔路,交岔口附近,柏油,乾燥,無缺陷,無障礙物,良好,無號誌,無號誌,無標記,未繪設車道線,未繪設快慢車道分隔線,有,追撞,酒醉（後）駕駛失控,Y000,YY00,1,2,2014/1/4,環島北路三段,,金門縣金沙鎮高坑候車亭路段,118.388325,24.466263,普通重型 機車∕公營公車 大客車∕,機車普通重型∕公營公車∕,50∕48∕,受傷∕未受傷∕,73****C代號1040∕30***H代號2157∕,其他∕其他∕,有適當之駕照∕有適當之駕照∕,經呼氣檢測0.56至0.80mg∕L或血液檢測0.111至0.16∕經檢測無酒精反應∕,機車左側車身∕汽車右後車尾（身）∕,酒醉（後）駕駛失控∕尚未發現肇事因素∕,酒醉（後）駕駛失控∕酒醉（後）駕駛失控∕,非技術工及體力工∕汽車、火車駕駛員及船員∕,不明∕運輸∕,本國∕本國∕
10301,10301Y00020001,YYA1,10301YY000006,2014,1,4,8,22,金門縣,金湖鎮,,NA,環島南路,三,,NA,,,中山路,,,機場圓環往金湖方向,NA,NA,NA,NA,NA,NA,NA,NA,NA,0,1,0,晴,日間自然光線,村里道路,50,圓環,一般車道（未劃分快慢車道）,柏油,乾燥,無缺陷,無障礙物,良好,閃光號誌,正常,無分向設施,車道線（無標記）,未繪設快慢車道分隔線,有,側撞,未保持行車安全間隔,Y000,YY00,1,2,2014/1/4,環島南路三段,中山路,,118.36415,24.43852,計程車 小客車∕普通重型 機車∕,小客車計程車∕機車普通重型∕,41∕30∕,未受傷∕受傷∕,08***5代號2158∕65****V代號2159∕,其他∕其他∕,有適當之駕照∕有適當之駕照∕,經觀察未飲酒∕經觀察未飲酒∕,汽車右後車尾（身）∕機車左側車身∕,未保持行車安全間隔∕尚未發現肇事因素∕,未保持行車安全間隔∕未保持行車安全間隔∕,汽車、火車駕駛員及船員∕服務工作者∕,運輸∕上、下班∕,本國∕本國∕