年月,總編號,處理單位,處理編號,年,月,日,時,分,縣市,區,村里,鄰,街道,段,巷,弄,號,公尺處,街道.1,段.1,側,附近,道路,公里,公尺處.1,向,車道,平交道,公里.1,公尺處.2,附近.1,死,受傷,X2.30,天候,光線,道路類別,速限,道路型態,事故位置,路面鋪裝,路面狀態,路面缺陷,障礙物,視距,號誌種類,號誌動作,分向設施,快車道或一般車道間,快慢車道間,路面邊線,事故類型及型態,主要肇因,警局,分局,案件類別,事故類別,日期,道路1,道路2,概略位置,lon,lat,車種,當事者區分.類別.,年齡,受傷程度,車輛牌照號碼,車輛用途,駕駛資格情形,飲酒情形,車輛撞擊部位最初,肇事因素個別,肇事因素主要,職.業,旅次目的,國籍
10301,10301Y00030001,YYA1,10301YY000008,2014,1,2,11,0,金門縣,金湖鎮,,NA,環島北路,三,,NA,,,,,,0136柱路燈桿屠宰場路段,NA,NA,NA,NA,NA,NA,NA,NA,NA,0,0,0,晴,日間自然光線,村里道路,60,彎曲路及附近,路肩、路緣,柏油,乾燥,無缺陷,無障礙物,良好,無號誌,無號誌,附標記,未繪設車道線,未繪設快慢車道分隔線,有,撞路樹、電桿,未注意車前狀態,Y000,YY00,1,3,2014/1/2,環島北路三段,,金門縣金湖鎮0136柱路燈桿屠宰場路段,118.388325,24.466263,自用 小客車∕ ∕,小客車自用,63∕0∕,未受傷,04****7代號2160,其他,有適當之駕照,經檢測無酒精反應,汽車右前車頭（身）,未注意車前狀態∕尚未發現肇事因素∕,未注意車前狀態∕未注意車前狀態∕,其他,其他,本國∕本國∕
10301,10301Y00020006,YYA1,10301YY000011,2014,1,6,8,31,金門縣,金湖鎮,,NA,環島南路,三,,NA,,,瓊徑路,,,,NA,NA,NA,NA,NA,NA,NA,NA,NA,0,1,0,晴,日間自然光線,村里道路,50,三岔路,交岔路口內,柏油,乾燥,無缺陷,無障礙物,良好,行車管制號誌,正常,無分向設施,未繪設車道線,未繪設快慢車道分隔線,有,側撞,未依規定讓車,Y000,YY00,1,2,2014/1/6,環島南路三段,瓊徑路,,118.3917905,24.44048713,自用 小客車∕普通重型 機車∕,小客車自用∕機車普通重型∕,28∕19∕,未受傷∕受傷∕,02****E代號2161∕3J****1代號2162∕,其他∕其他∕,有適當之駕照∕有適當之駕照∕,經呼氣檢測未超過0.15mg∕L或血液檢測未超過0.03∕經檢測無酒精反應∕,不明∕不明∕,未依規定讓車∕未注意車前狀態∕,未依規定讓車∕未依規定讓車∕,非技術工及體力工∕其他∕,上、下班∕社交活動∕,本國∕本國∕
10301,10301Y00020008,YYA1,10301YY000013,2014,1,6,22,57,金門縣,金湖鎮,,NA,黃海路,,,NA,,,,,,監理站前路段,NA,NA,NA,NA,NA,NA,NA,NA,NA,0,1,0,晴,夜間（或隧道、地下道、涵洞）有照明,村里道路,60,直路,一般車道（未劃分快慢車道）,柏油,乾燥,無缺陷,無障礙物,良好,無號誌,無號誌,無標記,未繪設車道線,未繪設快慢車道分隔線,有,路上翻車、摔倒,未注意車前狀態,Y000,YY00,1,2,2014/1/6,黃海路,,金門縣金湖鎮監理站前路段,118.4256931,24.452032,普通重型 機車∕ ∕,機車普通重型,56∕0∕,受傷,K8****6代號2163,其他,無照（已達考照年齡）,無法檢測,機車左側車身,未注意車前狀態∕尚未發現肇事因素∕,未注意車前狀態∕未注意車前狀態∕,其他,其他,本國∕本國∕
10301,10301Y00020009,YYA1,10301YY000014,2014,1,7,7,5,金門縣,金湖鎮,,NA,三多路,,,NA,,,南機路,,,,NA,NA,NA,NA,NA,NA,NA,NA,NA,0,1,0,晴,日間自然光線,村里道路,50,四岔路,交岔路口內,柏油,乾燥,突出（高低）不平,道路工事（程）中,良好,閃光號誌,無動作,無分向設施,未繪設車道線,未繪設快慢車道分隔線,無,路口交岔撞,未依規定讓車,Y000,YY00,1,2,2014/1/7,三多路,南機路,,118.4406486,24.4439697,自用 小貨車(含客、貨兩用)∕普通重型 機車∕,小貨車自用∕機車普通重型∕,58∕28∕,未受傷∕受傷∕,29****S代號2164∕PZ****3代號2165∕,其他∕其他∕,有適當之駕照∕有適當之駕照∕,經檢測無酒精反應∕經檢測無酒精反應∕,汽車右前車頭（身）∕機車左側車身∕,未依規定讓車∕未注意車前狀態∕,未依規定讓車∕未依規定讓車∕,非技術工及體力工∕服務工作者∕,上、下班∕上、下班∕,本國∕本國∕
10301,10301Y00020013,YYA1,10301YY000017,2014,1,8,10,24,金門縣,金湖鎮,新市里,NA,復興路,,,NA,24,,,,,,NA,NA,NA,NA,NA,NA,NA,NA,NA,0,1,0,晴,日間自然光線,村里道路,50,四岔路,交岔口附近,柏油,乾燥,無缺陷,無障礙物,良好,無號誌,無號誌,無標記,未繪設車道線,未繪設快慢車道分隔線,有,同向通行中,未注意車前狀態,Y000,YY00,1,2,2014/1/8,復興路24號,,金門縣金湖鎮新市里,118.4161413,24.4412321,普通重型 機車∕行人 人∕,機車普通重型∕行人∕,19∕85∕,未受傷∕受傷∕,AA*****0代號2166,其他∕非駕駛人及乘客∕,有適當之駕照∕非汽（機）車駕駛人∕,經檢測無酒精反應∕非駕駛人，未檢測∕,機車前車頭∕非汽（機）車∕,未注意車前狀態∕尚未發現肇事因素∕,未注意車前狀態∕未注意車前狀態∕,大學（研究）生∕無業者∕,其他∕其他∕,本國∕本國∕
10301,,YYA1,10301YY000020,2014,1,9,8,20,金門縣,金湖鎮,,NA,環島南路,四,,NA,,,,,,夏興51號前,NA,NA,NA,NA,NA,NA,NA,NA,NA,0,0,0,晴,日間自然光線,村里道路,50,其他,一般車道（未劃分快慢車道）,柏油,乾燥,無缺陷,無障礙物,良好,無號誌,無號誌,無標記,未繪設車道線,未繪設快慢車道分隔線,有,撞工程施工,煞車失靈,Y000,YY00,4,3,2014/1/9,環島南路四段,,金門縣金湖鎮夏興51號前,118.40101,24.438041,自用 大貨車∕ ∕普通重型 機車∕普通重型 機車∕普通輕型 機車∕普通重型 機車∕,大貨車自用機車普通重型∕機車普通重型∕機車普通輕型∕機車普通重型∕,52∕54∕46∕41∕33∕25∕,未受傷未受傷∕未受傷∕未受傷∕未受傷∕,07***J代號769LD****2代號2167∕81****K代號2168∕WZ****8代號2169∕73****A代號2170∕,其他其他∕其他∕其他∕其他∕,有適當之駕照有適當之駕照∕有適當之駕照∕有適當之駕照∕有適當之駕照∕,經檢測無酒精反應經觀察未飲酒∕經觀察未飲酒∕經觀察未飲酒∕經觀察未飲酒∕,汽車右前車頭（身）機車右側車身∕機車右側車身∕機車右側車身∕機車右側車身∕,煞車失靈∕尚未發現肇事因素∕尚未發現肇事因素∕尚未發現肇事因素∕尚未發現肇事因素∕尚未發現肇事因素∕,煞車失靈∕煞車失靈∕煞車失靈∕煞車失靈∕煞車失靈∕煞車失靈∕,汽車、火車駕駛員及船員不明∕不明∕不明∕不明∕,購物不明∕不明∕不明∕不明∕,本國∕本國∕本國∕本國∕本國∕本國∕
10301,10301Y00020015,YYA1,10301YY000021,2014,1,9,11,30,金門縣,金湖鎮,,NA,,,,NA,,,,,,信義新村42號前,NA,NA,NA,NA,NA,NA,NA,NA,NA,0,1,0,晴,日間自然光線,村里道路,40,三岔路,交岔路口內,其他鋪裝,乾燥,無缺陷,無障礙物,良好,無號誌,無號誌,無分向設施,未繪設車道線,未繪設快慢車道分隔線,無,側撞,未注意車前狀態,Y000,YY00,1,2,2014/1/9,金門縣金湖鎮信義新村42號前,,金門縣金湖鎮信義新村42號前,118.410361,24.435293,自用 小客車∕普通重型 機車∕,小客車自用∕機車普通重型∕,25∕55∕,未受傷∕受傷∕,5K****5代號2171∕PZ****0代號2172∕,其他∕其他∕,有適當之駕照∕有適當之駕照∕,經檢測無酒精反應∕經檢測無酒精反應∕,汽車前車頭∕機車前車頭∕,未注意車前狀態∕未靠右行駛∕,未注意車前狀態∕未注意車前狀態∕,技術員及助理人員∕家庭主婦（夫）∕,社交活動∕不明∕,本國∕本國∕
10301,,YYA1,10301YY000025,2014,1,10,16,59,金門縣,金沙鎮,,NA,,,,NA,,,,,,忠孝新村511號前,NA,NA,NA,NA,NA,NA,NA,NA,NA,0,0,0,NA,NA,NA,0,NA,NA,NA,NA,NA,NA,NA,NA,NA,NA,NA,NA,NA,NA,NA,Y000,YY00,1,4,2014/1/10,金門縣金沙鎮忠孝新村511號前,,金門縣金沙鎮忠孝新村511號前,118.413013,24.493643,自用 小客車∕自用 小客車∕,小客車自用∕小客車自用∕,46∕54∕,,6F****9代號2173∕6F****6代號2174∕,,,,,,,,,本國∕本國∕
10301,10301Y00020031,YYA1,10301YY000042,2014,1,16,9,22,金門縣,金湖鎮,,NA,黃海路,,,NA,Jan-90,,,,,,NA,NA,NA,NA,NA,NA,NA,NA,NA,0,1,0,晴,日間自然光線,村里道路,40,直路,一般車道（未劃分快慢車道）,柏油,乾燥,無缺陷,無障礙物,良好,無號誌,無號誌,無標記,未繪設車道線,未繪設快慢車道分隔線,有,穿越道路中,搶越行人穿越道,Y000,YY00,1,2,2014/1/16,黃海路90-1號,,金門縣金湖鎮,118.4256931,24.452032,自用 小客車∕行人 人∕,小客車自用∕行人∕,84∕54∕,未受傷∕受傷∕,37****8代號547,其他∕非駕駛人及乘客∕,有適當之駕照∕非汽（機）車駕駛人∕,經檢測無酒精反應∕非駕駛人，未檢測∕,汽車右前車頭（身）∕非汽（機）車∕,搶越行人穿越道∕穿越道路未注意左右來車∕,搶越行人穿越道∕搶越行人穿越道∕,無業者∕不明∕,不明∕不明∕,本國∕本國∕
10301,,YYA1,10301YY000043,2014,1,16,15,58,金門縣,金湖鎮,,NA,環島南路,四,,NA,,,,,,陶瓷廠大門口路段,NA,NA,NA,NA,NA,NA,NA,NA,NA,0,0,0,晴,日間自然光線,村里道路,50,直路,一般車道（未劃分快慢車道）,柏油,乾燥,無缺陷,無障礙物,良好,無號誌,無號誌,無分向設施,未繪設車道線,未繪設快慢車道分隔線,有,對向擦撞,未靠右行駛,Y000,YY00,1,4,2014/1/16,環島南路四段,,金門縣金湖鎮陶瓷廠大門口路段,118.40101,24.438041,普通重型 機車∕自用 小客車∕,機車普通重型∕小客車自用∕,39∕32∕,未受傷∕未受傷∕,22****W代號2175∕EZ****6代號2176∕,其他∕其他∕,有適當之駕照∕有適當之駕照∕,經檢測無酒精反應∕經檢測無酒精反應∕,機車左側車身∕汽車左前車頭（身）∕,未靠右行駛∕未注意車前狀態∕,未靠右行駛∕未靠右行駛∕,家庭主婦（夫）∕非技術工及體力工∕,購物∕購物∕,本國∕本國∕
10301,10301Y00020058,YYA1,10301YY000044,2014,1,17,6,5,金門縣,金湖鎮,,NA,環島南路,四,,NA,,,,,,夏興路段柱0587號路燈桿,NA,NA,NA,NA,NA,NA,NA,NA,NA,0,2,0,晴,日間自然光線,村里道路,50,彎曲路及附近,一般車道（未劃分快慢車道）,柏油,乾燥,無缺陷,無障礙物,良好,無號誌,無號誌,附標記,未繪設車道線,快慢車道分隔線,有,對向擦撞,超速失控,Y000,YY00,1,2,2014/1/17,環島南路四段,,金門縣金湖鎮夏興路段柱0587號路燈桿,118.40101,24.438041,自用 小客車∕自用 小貨車(含客、貨兩用)∕,小客車自用∕小貨車自用∕,34∕67∕,受傷∕受傷∕,AB*****2代號2177∕WY****7代號2178∕,其他∕其他∕,有適當之駕照∕有適當之駕照∕,不明∕不明∕,汽車右側車身∕汽車前車頭∕,超速失控∕尚未發現肇事因素∕,超速失控∕超速失控∕,不明∕不明∕,不明∕不明∕,本國∕本國∕
10301,,YYA1,10301YY000046,2014,1,18,9,0,金門縣,金湖鎮,山外里,NA,中興路,,,NA,,,光武路,,,路口內,NA,NA,NA,NA,NA,NA,NA,NA,NA,0,0,0,晴,日間自然光線,村里道路,40,四岔路,交岔路口內,柏油,乾燥,無缺陷,無障礙物,良好,無號誌,無號誌,無分向設施,未繪設車道線,未繪設快慢車道分隔線,有,路口交岔撞,未依規定讓車,Y000,YY00,1,4,2014/1/18,中興路,光武路,,118.4259582,24.45169024,普通重型 機車∕自用 小客車∕普通重型 機車,機車普通重型∕小客車自用∕機車普通重型,18∕35∕53,未受傷∕未受傷∕未受傷,AD*****1代號2179∕6F****0代號2180∕85****T代號2181,其他∕其他∕其他,無照（未達考照年齡）∕有適當之駕照∕非汽（機）車駕駛人,經檢測無酒精反應∕經檢測無酒精反應∕非駕駛人，未檢測,機車右側車身∕汽車右前車頭（身）∕機車左側車身,未依規定讓車∕未依規定減速∕尚未發現肇事因素,未依規定讓車∕未依規定讓車∕未依規定讓車,高中生∕其他∕其他,其他∕其他∕其他,本國∕本國∕本國
10301,10301Y00020036,YYA1,10301YY000048,2014,1,19,14,12,金門縣,金湖鎮,新湖里,NA,太湖路,一,,NA,,,,,,1479路燈桿前,NA,NA,NA,NA,NA,NA,NA,NA,NA,0,1,0,晴,日間自然光線,村里道路,50,直路,一般車道（未劃分快慢車道）,柏油,乾燥,無缺陷,無障礙物,良好,無號誌,無號誌,無標記,未繪設車道線,未繪設快慢車道分隔線,有,同向擦撞,未保持行車安全間隔,Y000,YY00,1,2,2014/1/19,太湖路一段,,金門縣金湖鎮新湖里1479路燈桿前,118.4047483,24.4473343,計程車 小客車∕普通重型 機車∕,小客車計程車∕機車普通重型∕,64∕73∕,未受傷∕受傷∕,01***5代號2182∕PZ****0代號1642∕,其他∕其他∕,有適當之駕照∕越級駕駛∕,經檢測無酒精反應∕經檢測無酒精反應∕,汽車右前車頭（身）∕機車左側車身∕,未保持行車安全間隔∕尚未發現肇事因素∕,未保持行車安全間隔∕未保持行車安全間隔∕,其他∕無業者∕,其他∕其他∕,本國∕本國∕
10301,10301Y00020035,YYA1,10301YY000049,2014,1,19,13,13,金門縣,金湖鎮,,NA,伯玉路,五,,NA,,,,,,魯王墓前路段,NA,NA,NA,NA,NA,NA,NA,NA,NA,0,2,0,晴,日間自然光線,村里道路,50,彎曲路及附近,一般車道（未劃分快慢車道）,柏油,乾燥,無缺陷,無障礙物,彎道,無號誌,無號誌,窄式無柵欄,未繪設車道線,未繪設快慢車道分隔線,有,路上翻車、摔倒,未依規定減速,Y000,YY00,1,2,2014/1/19,伯玉路五段,,金門縣金湖鎮魯王墓前路段,118.3897645,24.4505133,普通重型 機車∕ ∕乘客 人,機車普通重型乘客,19∕0∕20,受傷受傷,15****G代號218315****G代號2183,其他其他,有適當之駕照非汽（機）車駕駛人,經檢測無酒精反應非駕駛人，未檢測,機車前車頭非汽（機）車,未依規定減速∕尚未發現肇事因素∕尚未發現肇事因素,未依規定減速∕未依規定減速∕未依規定減速,大學（研究）生大學（研究）生,其他其他,本國∕本國∕本國
10301,10301Y00020039,YYA1,10301YY000052,2014,1,22,4,22,金門縣,金湖鎮,,NA,黃海路,,,NA,,,復興路,,,,NA,NA,NA,NA,NA,NA,NA,NA,NA,0,1,0,陰,夜間（或隧道、地下道、涵洞）有照明,村里道路,40,四岔路,交岔路口內,柏油,乾燥,無缺陷,無障礙物,良好,閃光號誌,正常,無分向設施,未繪設車道線,未繪設快慢車道分隔線,有,路口交岔撞,未依規定讓車,Y000,YY00,1,2,2014/1/22,黃海路,復興路,,118.4143341,24.44234488,自用 小客車∕電動自行車 慢車∕,小客車自用∕電動自行車∕,35∕51∕,未受傷∕受傷∕,15****S代號2184,其他∕其他∕,有適當之駕照∕非汽（機）車駕駛人∕,經檢測無酒精反應∕經檢測無酒精反應∕,汽車左前車頭（身）∕非汽（機）車∕,未依規定讓車∕未依規定減速∕,未依規定讓車∕未依規定讓車∕,非技術工及體力工∕非技術工及體力工∕,上、下班∕上、下班∕,本國∕非本國∕
10301,,YYA1,10301YY000055,2014,1,22,15,58,金門縣,金湖鎮,,NA,環島北路,三,,NA,,,,,,屠宰場前路段,NA,NA,NA,NA,NA,NA,NA,NA,NA,0,0,0,晴,日間自然光線,村里道路,60,直路,一般車道（未劃分快慢車道）,柏油,乾燥,無缺陷,無障礙物,良好,無號誌,無號誌,無標記,未繪設車道線,未繪設快慢車道分隔線,有,同向擦撞,違規停車或暫停不當而肇事,Y000,YY00,1,4,2014/1/22,環島北路三段,,金門縣金湖鎮屠宰場前路段,118.388325,24.466263,計程車 小客車∕普通重型 機車∕,小客車計程車∕機車普通重型∕,66∕26∕,未受傷∕未受傷∕,VX***3代號2185∕71****D代號2186∕,其他∕其他∕,有適當之駕照∕有適當之駕照∕,經檢測無酒精反應∕經檢測無酒精反應∕,汽車右後車尾（身）∕機車左側車身∕,違規停車或暫停不當而肇事∕未注意車前狀態∕,違規停車或暫停不當而肇事∕違規停車或暫停不當而肇事∕,其他∕其他∕,其他∕其他∕,本國∕本國∕
10301,,YYA1,10301YY000056,2014,1,22,16,34,金門縣,金湖鎮,新市里,NA,林森路,,,NA,,,,,,金湖國小前路段,NA,NA,NA,NA,NA,NA,NA,NA,NA,0,0,0,晴,日間自然光線,村里道路,40,直路,一般車道（未劃分快慢車道）,柏油,乾燥,無缺陷,無障礙物,良好,無號誌,無號誌,無標記,未繪設車道線,未繪設快慢車道分隔線,有,倒車撞,倒車未依規定,Y000,YY00,1,4,2014/1/22,林森路,,金門縣金湖鎮新市里金湖國小前路段,118.4162571,24.4417488,自用 小客車∕自用 小客車∕,小客車自用∕小客車自用∕,55∕27∕,未受傷∕未受傷∕,AG****1代號2187∕WY****5代號2188∕,其他∕其他∕,有適當之駕照∕有適當之駕照∕,經檢測無酒精反應∕經檢測無酒精反應∕,汽車後車尾∕汽車前車頭∕,倒車未依規定∕尚未發現肇事因素∕,倒車未依規定∕倒車未依規定∕,其他∕其他∕,其他∕其他∕,本國∕本國∕
10301,10301Y00020041,YYA1,10301YY000057,2014,1,23,7,45,金門縣,金湖鎮,,NA,伯玉路,五,,NA,,,瓊徑路,,,,NA,NA,NA,NA,NA,NA,NA,NA,NA,0,1,0,晴,日間自然光線,村里道路,60,圓環,一般車道（未劃分快慢車道）,柏油,乾燥,無缺陷,無障礙物,良好,無號誌,無號誌,無分向設施,車道線（附標記）,未繪設快慢車道分隔線,有,其他,未依規定讓車,Y000,YY00,1,2,2014/1/23,伯玉路五段,瓊徑路,,118.3851529,24.44734108,普通重型 機車∕自用 小客車∕,機車普通重型∕小客車自用∕,18∕58∕,受傷∕未受傷∕,27****D代號2189∕AA*****6代號2190∕,其他∕其他∕,無照（未達考照年齡）∕有適當之駕照∕,經檢測無酒精反應∕經檢測無酒精反應∕,機車前車頭∕汽車右後車尾（身）∕,未依規定讓車∕未注意車前狀態∕,未依規定讓車∕未依規定讓車∕,不明∕民意代表、行政主管、企業主管及經理人員∕,不明∕上、下班∕,本國∕本國∕
10301,10301Y00020043,YYA1,10301YY000060,2014,1,24,8,14,金門縣,金湖鎮,,NA,,,,NA,,,,,,金湖鎮公所旁路段,NA,NA,NA,NA,NA,NA,NA,NA,NA,0,1,0,晴,日間自然光線,村里道路,50,四岔路,交岔口附近,柏油,乾燥,無缺陷,無障礙物,良好,無號誌,無號誌,無分向設施,未繪設車道線,未繪設快慢車道分隔線,有,其他,未注意車前狀態,Y000,YY00,1,2,2014/1/24,金門縣金湖鎮金湖鎮公所旁路段,,金門縣金湖鎮金湖鎮公所旁路段,118.4168637,24.4415005,自用 小客車∕行人 人∕,小客車自用∕行人∕,24∕21∕,未受傷∕受傷∕,05****2代號2191,其他∕非駕駛人及乘客∕,有適當之駕照∕非汽（機）車駕駛人∕,經檢測無酒精反應∕非駕駛人，未檢測∕,汽車前車頭∕非汽（機）車∕,未注意車前狀態∕尚未發現肇事因素∕,未注意車前狀態∕未注意車前狀態∕,服務工作者∕服務工作者∕,其他∕其他∕,本國∕本國∕
10301,10301Y00020042,YYA1,10301YY000061,2014,1,24,7,30,金門縣,金沙鎮,,NA,環島東路,一,,NA,,,,,,金沙鎮公所前,NA,NA,NA,NA,NA,NA,NA,NA,NA,0,1,0,晴,日間自然光線,村里道路,50,直路,一般車道（未劃分快慢車道）,柏油,乾燥,無缺陷,無障礙物,良好,無號誌,無號誌,無標記,未繪設車道線,未繪設快慢車道分隔線,有,路口交岔撞,未注意車前狀態,Y000,YY00,1,2,2014/1/24,環島東路一段,,金門縣金沙鎮金沙鎮公所前,118.4213083,24.4841071,自用 小客車∕腳踏自行車 慢車∕,小客車自用∕腳踏自行車∕,52∕58∕,未受傷∕受傷∕,WY****7代號2192,其他∕其他∕,有適當之駕照∕非汽（機）車駕駛人∕,經檢測無酒精反應∕非駕駛人，未檢測∕,汽車前車頭∕非汽（機）車∕,未注意車前狀態∕橫越道路不慎∕,未注意車前狀態∕未注意車前狀態∕,不明∕家庭主婦（夫）∕,其他∕購物∕,本國∕本國∕
10301,10301Y00030005,YYA1,10301YY000062,2014,1,24,11,30,金門縣,金湖鎮,,NA,,,,NA,,,,,,尚義機場航廈旅客下車處,NA,NA,NA,NA,NA,NA,NA,NA,NA,0,0,0,晴,日間自然光線,專用道路,50,直路,一般車道（未劃分快慢車道）,水泥,乾燥,無缺陷,無障礙物,良好,無號誌,無號誌,無分向設施,車道線（無標記）,未繪設快慢車道分隔線,有,同向擦撞,開啟車門不當而肇事,Y000,YY00,1,3,2014/1/24,金門縣金湖鎮尚義機場航廈旅客下車處,,金門縣金湖鎮尚義機場航廈旅客下車處,118.376631,24.437699,自用 小客車∕自用 小貨車(含客、貨兩用)∕,小客車自用∕小貨車自用∕,52∕74∕,未受傷∕未受傷∕,6F****7代號2193∕6F****9代號2194∕,其他∕其他∕,有適當之駕照∕有適當之駕照∕,經檢測無酒精反應∕經檢測無酒精反應∕,汽車左側車身∕汽車右側車身∕,開啟車門不當而肇事∕未注意車前狀態∕,開啟車門不當而肇事∕開啟車門不當而肇事∕,其他∕服務工作者∕,其他∕其他∕,本國∕本國∕
10301,10301Y00020053,YYA1,10301YY000063,2014,1,25,11,55,金門縣,金湖鎮,,NA,黃海路,,,NA,,,南機路,,,,NA,NA,NA,NA,NA,NA,NA,NA,NA,0,1,0,晴,日間自然光線,村里道路,60,三岔路,交岔路口內,柏油,乾燥,無缺陷,無障礙物,良好,無號誌,無號誌,無分向設施,未繪設車道線,未繪設快慢車道分隔線,有,側撞,違規超車,Y000,YY00,1,2,2014/1/25,黃海路,南機路,,118.4275278,24.4541466,普通重型 機車∕自用 小客車∕,機車普通重型∕小客車自用∕,34∕52∕,受傷∕未受傷∕,71****W代號2195∕ZV****7代號2196∕,其他∕其他∕,越級駕駛∕有適當之駕照∕,經檢測無酒精反應∕經檢測無酒精反應∕,機車前車頭∕汽車左後車尾（身）∕,違規超車∕左轉彎未依規定∕,違規超車∕違規超車∕,服務工作者∕技術工∕,上、下班∕社交活動∕,本國∕本國∕
10301,,YYA1,10301YY000070,2014,1,24,17,50,金門縣,金沙鎮,,NA,,,,NA,,,,,,國中路2號前,NA,NA,NA,NA,NA,NA,NA,NA,NA,0,0,0,晴,夜間（或隧道、地下道、涵洞）有照明,市區道路,60,三岔路,交岔口附近,柏油,乾燥,無缺陷,無障礙物,良好,無號誌,無號誌,無標記,未繪設車道線,未繪設快慢車道分隔線,無,路上翻車、摔倒,酒醉（後）駕駛失控,Y000,YY00,1,4,2014/1/24,金門縣金沙鎮國中路2號前,,金門縣金沙鎮國中路2號前,118.4143889,24.4891988,普通重型 機車∕ ∕,機車普通重型,53∕0∕,未受傷,PZ****2代號2197,其他,有適當之駕照,無法檢測,不明,酒醉（後）駕駛失控∕尚未發現肇事因素∕,酒醉（後）駕駛失控∕酒醉（後）駕駛失控∕,農林漁牧工作者,其他,本國∕本國∕
10301,10301Y00020047,YYA1,10301YY000072,2014,1,29,17,59,金門縣,金沙鎮,,NA,五福街,,,NA,21,,,,,前路口,NA,NA,NA,NA,NA,NA,NA,NA,NA,0,1,0,晴,晨或暮光,村里道路,40,四岔路,交岔路口內,水泥,濕潤,無缺陷,無障礙物,其他,無號誌,無號誌,無分向設施,未繪設車道線,未繪設快慢車道分隔線,有,路口交岔撞,未依規定讓車,Y000,YY00,1,2,2014/1/29,五福街21號,,金門縣金沙鎮前路口,118.4134282,24.488077,普通重型 機車∕自用 小貨車(含客、貨兩用)∕,機車普通重型∕小貨車自用∕,23∕33∕,受傷∕未受傷∕,J5****7代號2198∕6F****6代號2199∕,其他∕其他∕,有適當之駕照∕有適當之駕照∕,經檢測無酒精反應∕經檢測無酒精反應∕,機車右側車身∕汽車前車頭∕,未依規定讓車∕未依規定減速∕,未依規定讓車∕未依規定讓車∕,大學（研究）生∕專業人員∕,社交活動∕購物∕,本國∕本國∕
10301,,YYA1,10301YY000073,2014,1,30,5,39,金門縣,金湖鎮,山外里,NA,,,,NA,,,,,,山外76之1號,NA,NA,NA,NA,NA,NA,NA,NA,NA,0,0,0,晴,夜間（或隧道、地下道、涵洞）有照明,其他,40,廣場,其他,其他鋪裝,乾燥,無缺陷,無障礙物,良好,無號誌,無號誌,無分向設施,未繪設車道線,未繪設快慢車道分隔線,無,倒車撞,起步未注意其他車（人）安全,Y000,YY00,1,4,2014/1/30,金門縣金湖鎮山外里山外76之1號,,金門縣金湖鎮山外里山外76之1號,118.4162306,24.4418802,自用 小客車∕自用 小客車∕,小客車自用∕小客車自用∕,54∕24∕,未受傷∕未受傷∕,WY****9代號2200∕86****8代號2201∕,其他∕其他∕,有適當之駕照∕有適當之駕照∕,經檢測無酒精反應∕非駕駛人，未檢測∕,汽車右後車尾（身）∕汽車右後車尾（身）∕,起步未注意其他車（人）安全∕其他引起事故之違規或不當行為∕,起步未注意其他車（人）安全∕起步未注意其他車（人）安全∕,其他∕其他∕,其他∕其他∕,本國∕本國∕
10301,10301Y00020048,YYA1,10301YY000074,2014,1,30,11,17,金門縣,金湖鎮,,NA,,,,NA,,,,,,信義新村94號旁巷口,NA,NA,NA,NA,NA,NA,NA,NA,NA,0,1,0,晴,日間自然光線,村里道路,40,三岔路,交岔路口內,其他鋪裝,乾燥,無缺陷,無障礙物,良好,無號誌,無號誌,無分向設施,未繪設車道線,未繪設快慢車道分隔線,無,側撞,未靠右行駛,Y000,YY00,1,2,2014/1/30,金門縣金湖鎮信義新村94號旁巷口,,金門縣金湖鎮信義新村94號旁巷口,118.410361,24.435293,普通重型 機車∕自用 小客車∕,機車普通重型∕小客車自用∕,58∕30∕,受傷∕未受傷∕,73****J代號2202∕27****S代號2203∕,其他∕其他∕,有適當之駕照∕有適當之駕照∕,經檢測無酒精反應∕經檢測無酒精反應∕,機車前車頭∕汽車左前車頭（身）∕,未靠右行駛∕未注意車前狀態∕,未靠右行駛∕未靠右行駛∕,不明∕不明∕,不明∕不明∕,本國∕本國∕
10301,10301Y00020057,YZA1,10301YZ000001,2014,1,1,0,5,金門縣,金寧鄉,,NA,慈湖路,三,,NA,,,,,,慈堤路段,NA,NA,NA,NA,NA,NA,NA,NA,NA,0,2,0,晴,夜間（或隧道、地下道、涵洞）無照明,村里道路,50,直路,一般車道（未劃分快慢車道）,柏油,乾燥,無缺陷,路上有停車,其他,無號誌,無號誌,附標記,未繪設車道線,未繪設快慢車道分隔線,有,其他,未注意車前狀態,Y000,YZ00,1,2,2014/1/1,慈湖路三段,,金門縣金寧鄉慈堤路段,118.3001065,24.4637277,普通重型 機車∕普通重型 機車∕普通重型 機車∕乘客 人∕,機車普通重型∕機車普通重型∕機車普通重型∕乘客∕,19∕19∕19∕20∕,受傷∕未受傷∕未受傷∕受傷∕,MU****1代號2204∕AD*****1代號2205∕AD*****3代號2206∕MU****1代號2204∕,其他∕其他∕其他∕其他∕,無照（已達考照年齡）∕有適當之駕照∕有適當之駕照∕非汽（機）車駕駛人∕,不明∕經觀察未飲酒∕經觀察未飲酒∕非駕駛人，未檢測∕,機車前車頭∕機車後車尾∕機車右側車身∕非汽（機）車∕,未注意車前狀態∕違規停車或暫停不當而肇事∕違規停車或暫停不當而肇事∕尚未發現肇事因素∕,未注意車前狀態∕未注意車前狀態∕未注意車前狀態∕未注意車前狀態∕,大學（研究）生∕大學（研究）生∕大學（研究）生∕大學（研究）生∕,不明∕不明∕不明∕不明∕,本國∕本國∕本國∕本國∕