年月,總編號,處理單位,處理編號,年,月,日,時,分,縣市,區,村里,鄰,街道,段,巷,弄,號,公尺處,街道.1,段.1,側,附近,道路,公里,公尺處.1,向,車道,平交道,公里.1,公尺處.2,附近.1,死,受傷,X2.30,天候,光線,道路類別,速限,道路型態,事故位置,路面鋪裝,路面狀態,路面缺陷,障礙物,視距,號誌種類,號誌動作,分向設施,快車道或一般車道間,快慢車道間,路面邊線,事故類型及型態,主要肇因,警局,分局,案件類別,事故類別,日期,道路1,道路2,概略位置,lon,lat,車種,當事者區分.類別.,年齡,受傷程度,車輛牌照號碼,車輛用途,駕駛資格情形,飲酒情形,車輛撞擊部位最初,肇事因素個別,肇事因素主要,職.業,旅次目的,國籍
10301,,YZA1,10301YZ000002,2014,1,1,14,5,金門縣,金寧鄉,,NA,伯玉路,二,,NA,,,,,,靠近榜林圓環,NA,NA,NA,NA,NA,NA,NA,NA,NA,0,0,0,晴,NA,NA,70,NA,NA,NA,NA,NA,NA,NA,NA,NA,NA,NA,NA,NA,NA,NA,Y000,YZ00,1,4,2014/1/1,伯玉路二段,,金門縣金寧鄉靠近榜林圓環,118.3416148,24.4414563,自用 小客車∕自用 小客車∕,小客車自用∕小客車自用∕,28∕27∕,,09****X代號2207∕AD*****2代號2208∕,,,,,,,,,本國∕非本國∕
10301,10301Y00030002,YZA1,10301YZ000004,2014,1,3,18,8,金門縣,金城鎮,,NA,中興路,,161,NA,18,,,,,,NA,NA,NA,NA,NA,NA,NA,NA,NA,0,0,0,晴,夜間（或隧道、地下道、涵洞）有照明,村里道路,30,直路,一般車道（未劃分快慢車道）,柏油,乾燥,無缺陷,路上有停車,良好,無號誌,無號誌,無分向設施,未繪設車道線,未繪設快慢車道分隔線,有,其他,未注意車前狀態,Y000,YZ00,1,3,2014/1/3,中興路161巷18號,,金門縣金城鎮,118.3184644,24.4344876,自用 小客車∕自用 小客車∕,小客車自用∕小客車自用∕,19∕32∕,未受傷∕未受傷∕,93****6代號2209∕05****2代號2210∕,其他∕其他∕,有適當之駕照∕有適當之駕照∕,經檢測無酒精反應∕經觀察未飲酒∕,汽車右側車身∕汽車右後車尾（身）∕,未注意車前狀態∕違規停車或暫停不當而肇事∕,未注意車前狀態∕未注意車前狀態∕,高中生∕服務工作者∕,其他∕其他∕,本國∕本國∕
10301,10301Y00020004,YZA1,10301YZ000007,2014,1,5,13,45,金門縣,金城鎮,東門里,NA,北堤路,,9,NA,7,,,,,,NA,NA,NA,NA,NA,NA,NA,NA,NA,0,1,0,晴,日間自然光線,村里道路,40,四岔路,交岔路口內,其他鋪裝,乾燥,無缺陷,路上有停車,路上停放車輛,無號誌,無號誌,無分向設施,未繪設車道線,未繪設快慢車道分隔線,無,路口交岔撞,未依規定讓車,Y000,YZ00,1,2,2014/1/5,北堤路9巷7號,,金門縣金城鎮東門里,118.3167419,24.4294062,普通重型 機車∕自用 小客車∕,機車普通重型∕小客車自用∕,23∕23∕,受傷∕未受傷∕,50****T代號2211∕50****D代號2212∕,其他∕其他∕,有適當之駕照∕有適當之駕照∕,經檢測無酒精反應∕經檢測無酒精反應∕,機車右側車身∕汽車左前車頭（身）∕,未依規定讓車∕未依規定減速∕,未依規定讓車∕未依規定讓車∕,大學（研究）生∕大學（研究）生∕,社交活動∕社交活動∕,本國∕本國∕
10301,10301Y00020005,YZA1,10301YZ000009,2014,1,5,20,27,金門縣,金寧鄉,,NA,頂林路,,,NA,,,,,,07555號燈桿前,NA,NA,NA,NA,NA,NA,NA,NA,NA,0,1,0,晴,夜間（或隧道、地下道、涵洞）有照明,村里道路,50,三岔路,交岔路口內,柏油,乾燥,無缺陷,無障礙物,良好,無號誌,無號誌,無分向設施,未繪設車道線,未繪設快慢車道分隔線,有,側撞,未依規定讓車,Y000,YZ00,1,2,2014/1/5,頂林路,,金門縣金寧鄉07555號燈桿前,118.3246113,24.4625018,自用 小客車∕普通重型 機車∕,小客車自用∕機車普通重型∕,51∕19∕,未受傷∕受傷∕,03****2代號2213∕38****W代號2214∕,其他∕其他∕,有適當之駕照∕有適當之駕照∕,經檢測無酒精反應∕經檢測無酒精反應∕,汽車前車頭∕機車前車頭∕,未依規定讓車∕未依規定減速∕,未依規定讓車∕未依規定讓車∕,不明∕不明∕,其他∕其他∕,本國∕本國∕
10301,10301Y00020003,YZA1,10301YZ000010,2014,1,5,11,40,金門縣,金寧鄉,,NA,伯玉路,二,,NA,,,,,,1055號燈桿前路段,NA,NA,NA,NA,NA,NA,NA,NA,NA,0,2,0,晴,日間自然光線,縣道,70,直路,慢車道,柏油,乾燥,無缺陷,無障礙物,良好,無號誌,無號誌,無標記,未繪設車道線,快慢車道分隔線,有,追撞,未保持行車安全距離,Y000,YZ00,1,2,2014/1/5,伯玉路二段,,金門縣金寧鄉1055號燈桿前路段,118.3416148,24.4414563,普通重型 機車∕普通重型 機車∕,機車普通重型∕機車普通重型∕,29∕79∕,受傷∕受傷∕,29****K代號2215∕10****T代號935∕,其他∕其他∕,有適當之駕照∕有適當之駕照∕,經檢測無酒精反應∕經檢測無酒精反應∕,機車前車頭∕機車後車尾∕,未保持行車安全距離∕其他引起事故之違規或不當行為∕,未保持行車安全距離∕未保持行車安全距離∕,技術工∕無業者∕,社交活動∕其他∕,本國∕本國∕
10301,10301Y00020007,YZA1,10301YZ000012,2014,1,6,20,34,金門縣,金城鎮,西門里,NA,環島北路,一,,NA,,,,,,統精加油站前,NA,NA,NA,NA,NA,NA,NA,NA,NA,0,1,0,晴,夜間（或隧道、地下道、涵洞）有照明,縣道,50,三岔路,交岔口附近,柏油,乾燥,無缺陷,無障礙物,良好,無號誌,無號誌,附標記,未繪設車道線,未繪設快慢車道分隔線,有,側撞,未保持行車安全距離,Y000,YZ00,1,2,2014/1/6,環島北路一段,,金門縣金城鎮西門里統精加油站前,118.3283226,24.4462231,普通重型 機車∕自用 小客車∕,機車普通重型∕小客車自用∕,27∕23∕,受傷∕未受傷∕,65****J代號2216∕YP****8代號2217∕,其他∕其他∕,有適當之駕照∕有適當之駕照∕,經檢測無酒精反應∕經檢測無酒精反應∕,機車左側車身∕汽車右後車尾（身）∕,未保持行車安全距離∕尚未發現肇事因素∕,未保持行車安全距離∕未保持行車安全距離∕,技術員及助理人員∕技術員及助理人員∕,社交活動∕社交活動∕,本國∕本國∕
10301,10301Y00020010,YZA1,10301YZ000015,2014,1,7,13,1,金門縣,金寧鄉,,NA,伯玉路,一,,NA,90,,,,,陳金福號旁空地,NA,NA,NA,NA,NA,NA,NA,NA,NA,0,1,0,晴,日間自然光線,村里道路,60,其他,其他,碎石,乾燥,無缺陷,無障礙物,良好,無號誌,無號誌,無分向設施,未繪設車道線,未繪設快慢車道分隔線,無,撞號誌、標誌桿,迴轉未依規定,Y000,YZ00,1,2,2014/1/7,伯玉路一段90號,,金門縣金寧鄉陳金福號旁空地,118.3267756,24.4346914,營業用 小貨車(含客、貨兩用)∕ ∕,小貨車營業用,24∕0∕,受傷,82****5代號2218,其他,有適當之駕照,經檢測無酒精反應,汽車左前車頭（身）,迴轉未依規定∕尚未發現肇事因素∕,迴轉未依規定∕迴轉未依規定∕,服務工作者,業務聯繫,本國∕本國∕
10301,10301Y00020012,YZA1,10301YZ000016,2014,1,7,21,29,金門縣,金寧鄉,,NA,林湖路,,,NA,315,,,,,,NA,NA,NA,NA,NA,NA,NA,NA,NA,0,1,0,晴,夜間（或隧道、地下道、涵洞）有照明,村里道路,50,直路,一般車道（未劃分快慢車道）,柏油,乾燥,無缺陷,無障礙物,良好,無號誌,無號誌,無標記,未繪設車道線,未繪設快慢車道分隔線,有,路上翻車、摔倒,未注意車前狀態,Y000,YZ00,1,2,2014/1/7,林湖路315號,,金門縣金寧鄉,118.330303,24.4320985,腳踏自行車 慢車∕ ∕,腳踏自行車,68∕0∕,受傷,,其他,非汽（機）車駕駛人,經觀察未飲酒,非汽（機）車,未注意車前狀態∕尚未發現肇事因素∕,未注意車前狀態∕未注意車前狀態∕,無業者,不明,本國∕本國∕
10301,10301Y00020014,YZA1,10301YZ000018,2014,1,8,17,4,金門縣,金城鎮,西門里,NA,環島北路,,,NA,88,,,,,,NA,NA,NA,NA,NA,NA,NA,NA,NA,0,1,0,晴,日間自然光線,鄉道,50,直路,一般車道（未劃分快慢車道）,柏油,乾燥,無缺陷,無障礙物,良好,無號誌,無號誌,附標記,未繪設車道線,未繪設快慢車道分隔線,有,同向擦撞,違規超車,Y000,YZ00,1,2,2014/1/8,環島北路88號,,金門縣金城鎮西門里,118.322662,24.441264,自用 小貨車(含客、貨兩用)∕普通重型 機車∕,小貨車自用∕機車普通重型∕,53∕73∕,未受傷∕受傷∕,94****N代號2219∕PZ****3代號2220∕,其他∕其他∕,有適當之駕照∕有適當之駕照∕,經檢測無酒精反應∕經檢測無酒精反應∕,汽車右側車身∕機車後車尾∕,違規超車∕尚未發現肇事因素∕,違規超車∕違規超車∕,技術工∕農林漁牧工作者∕,上、下班∕社交活動∕,本國∕本國∕
10301,10301Y00020016,YZA1,10301YZ000022,2014,1,9,16,0,金門縣,金寧鄉,湖埔村,NA,,,,NA,,,,,,埔后191號前路口,NA,NA,NA,NA,NA,NA,NA,NA,NA,0,2,0,晴,日間自然光線,村里道路,40,四岔路,交岔路口內,柏油,乾燥,無缺陷,無障礙物,建築物,無號誌,無號誌,無分向設施,未繪設車道線,未繪設快慢車道分隔線,有,路口交岔撞,未依規定讓車,Y000,YZ00,NA,NA,2014/1/9,金門縣金寧鄉湖埔村埔后191號前路口,,金門縣金寧鄉湖埔村埔后191號前路口,118.3140488,24.4472977,自用 小客車∕普通重型 機車∕乘客 人,小客車自用∕機車普通重型∕乘客,21∕19∕19,未受傷∕受傷∕受傷,OX****1代號2221∕98****G代號2222∕98****G代號2222,其他∕其他∕其他,有適當之駕照∕有適當之駕照∕非汽（機）車駕駛人,經檢測無酒精反應∕經檢測無酒精反應∕非駕駛人，未檢測,汽車右前車頭（身）∕機車前車頭∕非汽（機）車,未依規定讓車∕未依規定減速∕尚未發現肇事因素,未依規定讓車∕未依規定讓車∕未依規定讓車,大學（研究）生∕大學（研究）生∕大學（研究）生,其他∕不明∕不明,本國∕本國∕本國
10301,10301Y00020017,YZ00,10301YZ000023,2014,1,9,16,18,金門縣,金城鎮,,NA,中興路,,,NA,48,,,,,,NA,NA,NA,NA,NA,NA,NA,NA,NA,0,1,0,晴,日間自然光線,村里道路,40,直路,一般車道（未劃分快慢車道）,水泥,乾燥,無缺陷,無障礙物,良好,無號誌,無號誌,無分向設施,未繪設車道線,未繪設快慢車道分隔線,無,穿越道路中,穿越道路未注意左右來車,Y000,YZ00,1,2,2014/1/9,中興路48號,,金門縣金城鎮,118.3170477,24.432715,行人 人∕電動自行車 慢車∕,行人∕電動自行車∕,11∕81∕,受傷∕未受傷∕,,非駕駛人及乘客∕其他∕,非汽（機）車駕駛人∕非汽（機）車駕駛人∕,非駕駛人，未檢測∕經檢測無酒精反應∕,非汽（機）車∕非汽（機）車∕,穿越道路未注意左右來車∕未注意車前狀態∕,穿越道路未注意左右來車∕穿越道路未注意左右來車∕,小學生∕不明∕,上、下學∕不明∕,本國∕本國∕
10301,10301Y00020011,YZA1,10301YZ000024,2014,1,7,17,42,金門縣,金寧鄉,,NA,林湖路,,,NA,,,,,,宏濟殿前路段,NA,NA,NA,NA,NA,NA,NA,NA,NA,0,1,0,晴,晨或暮光,村里道路,50,三岔路,交岔路口內,柏油,乾燥,無缺陷,無障礙物,良好,無號誌,無號誌,無分向設施,未繪設車道線,未繪設快慢車道分隔線,有,側撞,未依規定讓車,Y000,YZ00,1,2,2014/1/7,林湖路,,金門縣金寧鄉宏濟殿前路段,118.330303,24.4320985,普通重型 機車∕自用 小貨車(含客、貨兩用)∕,機車普通重型∕小貨車自用∕,57∕26∕,受傷∕未受傷∕,PZ****6代號2223∕6F****1代號2224∕,其他∕其他∕,有適當之駕照∕有適當之駕照∕,經檢測無酒精反應∕經檢測無酒精反應∕,機車右側車身∕汽車前車頭∕,未依規定讓車∕未依規定減速∕,未依規定讓車∕未依規定讓車∕,不明∕不明∕,不明∕不明∕,本國∕本國∕
10301,10301Y00020018,YZA1,10301YZ000026,2014,1,10,20,5,金門縣,金寧鄉,,NA,伯玉路,一,,NA,,,,,,0941號燈桿前路段,NA,NA,NA,NA,NA,NA,NA,NA,NA,0,1,0,晴,夜間（或隧道、地下道、涵洞）有照明,村里道路,60,直路,一般車道（未劃分快慢車道）,柏油,乾燥,無缺陷,無障礙物,良好,無號誌,無號誌,無標記,未繪設車道線,快慢車道分隔線,有,路上翻車、摔倒,酒醉（後）駕駛失控,Y000,YZ00,1,2,2014/1/10,伯玉路一段,,金門縣金寧鄉0941號燈桿前路段,118.3267756,24.4346914,普通重型 機車∕ ∕,機車普通重型,35∕0∕,受傷,AD*****9代號2225,其他,無照（已達考照年齡）,經呼氣檢測0.56至0.80mg∕L或血液檢測0.111至0.16,機車右側車身,酒醉（後）駕駛失控∕尚未發現肇事因素∕,酒醉（後）駕駛失控∕酒醉（後）駕駛失控∕,非技術工及體力工,其他,本國∕本國∕
10301,10301Y00020019,YZA1,10301YZ000027,2014,1,11,7,25,金門縣,金寧鄉,,NA,桃園路,,,NA,,,,,,1322號燈桿前,NA,NA,NA,NA,NA,NA,NA,NA,NA,0,2,0,晴,日間自然光線,村里道路,50,直路,一般車道（未劃分快慢車道）,柏油,乾燥,無缺陷,無障礙物,良好,無號誌,無號誌,附標記,未繪設車道線,未繪設快慢車道分隔線,有,對向擦撞,違規超車,Y000,YZ00,1,2,2014/1/11,桃園路,,金門縣金寧鄉1322號燈桿前,118.3446627,24.4317794,自用 小客車∕普通重型 機車∕乘客 人,小客車自用∕機車普通重型∕乘客,27∕18∕20,未受傷∕受傷∕受傷,YM****3代號2226∕57****G代號2227∕57****G代號2227,其他∕其他∕其他,有適當之駕照∕無照（未達考照年齡）∕非汽（機）車駕駛人,經檢測無酒精反應∕經檢測無酒精反應∕非駕駛人，未檢測,汽車右前車頭（身）∕機車前車頭∕不明,違規超車∕尚未發現肇事因素∕尚未發現肇事因素,違規超車∕違規超車∕違規超車,不明∕不明∕不明,其他∕其他∕其他,本國∕本國∕本國
10301,10301Y00020020,YZA1,10301YZ000028,2014,1,11,18,28,金門縣,金寧鄉,,NA,伯玉路,一,,NA,,,,,,0935號燈桿前路段,NA,NA,NA,NA,NA,NA,NA,NA,NA,0,2,0,晴,夜間（或隧道、地下道、涵洞）有照明,縣道,60,直路,慢車道,柏油,乾燥,無缺陷,無障礙物,良好,無號誌,無號誌,無標記,未繪設車道線,快慢車道分隔線,有,穿越道路中,未注意車前狀態,Y000,YZ00,1,2,2014/1/11,伯玉路一段,,金門縣金寧鄉0935號燈桿前路段,118.3267756,24.4346914,普通重型 機車∕行人 人∕,機車普通重型∕行人∕,28∕40∕,受傷∕受傷∕,33****G代號2228,其他∕非駕駛人及乘客∕,有適當之駕照∕非汽（機）車駕駛人∕,經檢測無酒精反應∕非駕駛人，未檢測∕,機車前車頭∕非汽（機）車∕,未注意車前狀態∕未依規定行走行人穿越道、地下道、天橋而穿越道路∕,未注意車前狀態∕未注意車前狀態∕,服務工作者∕服務工作者∕,上、下班∕購物∕,本國∕本國∕
10301,10301Y00020021,YZA1,10301YZ000029,2014,1,11,19,20,金門縣,金城鎮,,NA,,,,NA,,,,,,環島北路29號前路段,NA,NA,NA,NA,NA,NA,NA,NA,NA,0,1,0,晴,夜間（或隧道、地下道、涵洞）有照明,村里道路,60,直路,一般車道（未劃分快慢車道）,柏油,乾燥,無缺陷,無障礙物,良好,無號誌,無號誌,無標記,未繪設車道線,未繪設快慢車道分隔線,有,其他,起步未注意其他車（人）安全,Y000,YZ00,1,2,2014/1/11,金門縣金城鎮環島北路29號前路段,,金門縣金城鎮環島北路29號前路段,118.322662,24.441264,自用 小客車∕普通重型 機車∕,小客車自用∕機車普通重型∕,51∕22∕,未受傷∕受傷∕,6F****7代號2229∕20****E代號1434∕,其他∕其他∕,有適當之駕照∕有適當之駕照∕,經檢測無酒精反應∕經檢測無酒精反應∕,不明∕機車左側車身∕,起步未注意其他車（人）安全∕未注意車前狀態∕,起步未注意其他車（人）安全∕起步未注意其他車（人）安全∕,售貨員∕大學（研究）生∕,其他∕其他∕,本國∕本國∕
10301,10301Y00020022,YZA1,10301YZ000030,2014,1,12,7,8,金門縣,金城鎮,西門里,NA,環島北路,,38,2,11,,,,,,NA,NA,NA,NA,NA,NA,NA,NA,NA,0,1,0,晴,日間自然光線,鄉道,40,四岔路,交岔路口內,柏油,乾燥,無缺陷,無障礙物,良好,無號誌,無號誌,無分向設施,未繪設車道線,未繪設快慢車道分隔線,無,路口交岔撞,未依規定讓車,Y000,YZ00,1,2,2014/1/12,環島北路38巷2弄11號,,金門縣金城鎮西門里,118.322662,24.441264,普通輕型 機車∕自用 小客車∕,機車普通輕型∕小客車自用∕,67∕52∕,受傷∕未受傷∕,WZ****5代號2230∕6F****8代號2231∕,其他∕其他∕,有適當之駕照∕有適當之駕照∕,經檢測無酒精反應∕經檢測無酒精反應∕,機車前車頭∕汽車左前車頭（身）∕,未依規定讓車∕未依規定減速∕,未依規定讓車∕未依規定讓車∕,家庭主婦（夫）∕家庭主婦（夫）∕,社交活動∕社交活動∕,本國∕本國∕
10301,,YZA1,10301YZ000031,2014,1,12,7,30,金門縣,金城鎮,西門里,NA,民權路,,226,4,22,,,,,,NA,NA,NA,NA,NA,NA,NA,NA,NA,0,0,0,NA,NA,NA,0,NA,NA,NA,NA,NA,NA,NA,NA,NA,NA,NA,NA,NA,NA,NA,Y000,YZ00,1,4,2014/1/12,民權路226巷4弄22號,,金門縣金城鎮西門里,118.3193849,24.4396401,自用 小客車∕自用 小客車∕,小客車自用∕小客車自用∕,23∕34∕,,05****7代號1769∕19****V代號2232∕,,,,,,,,,本國∕本國∕
10301,10301Y00020023,YZA1,10301YZ000032,2014,1,12,7,48,金門縣,金城鎮,西門里,NA,民權路,,,NA,85,,,,,,NA,NA,NA,NA,NA,NA,NA,NA,NA,0,1,0,晴,日間自然光線,村里道路,40,直路,一般車道（未劃分快慢車道）,柏油,乾燥,無缺陷,其他障礙物,良好,無號誌,無號誌,附標記,未繪設車道線,未繪設快慢車道分隔線,有,同向通行中,未注意車前狀態,Y000,YZ00,1,2,2014/1/12,民權路85號,,金門縣金城鎮西門里,118.3146864,24.4332883,自用 小客車∕行人 人∕,小客車自用∕行人∕,38∕36∕,未受傷∕受傷∕,94****2代號2233,其他∕非駕駛人及乘客∕,有適當之駕照∕非汽（機）車駕駛人∕,經檢測無酒精反應∕非駕駛人，未檢測∕,汽車右前車頭（身）∕非汽（機）車∕,未注意車前狀態∕其他引起事故之疏失或行為∕,未注意車前狀態∕未注意車前狀態∕,事務工作者∕服務工作者∕,上、下班∕社交活動∕,本國∕本國∕
10301,,YZA1,10301YZ000033,2014,1,12,16,10,金門縣,金城鎮,,NA,,,,NA,,,,,,小西門591號旁道路,NA,NA,NA,NA,NA,NA,NA,NA,NA,0,0,0,晴,NA,NA,4,NA,NA,NA,NA,NA,NA,NA,NA,NA,NA,NA,NA,NA,NA,NA,Y000,YZ00,1,4,2014/1/12,金門縣金城鎮小西門591號旁道路,,金門縣金城鎮小西門591號旁道路,118.328131,24.412812,自用 小客車∕自用 小客車∕,小客車自用∕小客車自用∕,33∕41∕,,AC*****7代號2234∕6F****5代號2235∕,,,,,,,,,本國∕本國∕
10301,10301Y00020024,YZA1,10301YZ000034,2014,1,13,21,0,金門縣,金寧鄉,,NA,桃園路,,,NA,,,,,,1333路燈桿旁,NA,NA,NA,NA,NA,NA,NA,NA,NA,0,1,0,陰,日間自然光線,村里道路,50,直路,其他,柏油,乾燥,無缺陷,無障礙物,良好,無號誌,無號誌,無標記,未繪設車道線,未繪設快慢車道分隔線,有,衝出路外,酒醉（後）駕駛失控,Y000,YZ00,1,2,2014/1/13,桃園路,,金門縣金寧鄉1333路燈桿旁,118.3446627,24.4317794,普通重型 機車∕ ∕,機車普通重型,18∕0∕,受傷,70****U代號2236,其他,無照（已達考照年齡）,經呼氣檢測超過0.80mg∕L或血液檢測超過0.16,機車前車頭,酒醉（後）駕駛失控∕尚未發現肇事因素∕,酒醉（後）駕駛失控∕酒醉（後）駕駛失控∕,高中生,其他,本國∕本國∕
10301,10301Y00020025,YZA1,10301YZ000035,2014,1,14,8,55,金門縣,金城鎮,,NA,民生路,,,NA,,,,,,金城車站圓環,NA,NA,NA,NA,NA,NA,NA,NA,NA,0,1,0,陰,日間自然光線,村里道路,40,三岔路,交岔路口內,柏油,乾燥,無缺陷,無障礙物,良好,無號誌,無號誌,無分向設施,未繪設車道線,未繪設快慢車道分隔線,有,其他,起步未注意其他車（人）安全,Y000,YZ00,1,2,2014/1/14,民生路,,金門縣金城鎮金城車站圓環,118.3190184,24.43575,普通重型 機車∕普通重型 機車∕,機車普通重型∕機車普通重型∕,75∕21∕,受傷∕未受傷∕,27****E代號2237∕89****F代號2238∕,其他∕其他∕,有適當之駕照∕有適當之駕照∕,經檢測無酒精反應∕經檢測無酒精反應∕,機車右側車身∕機車前車頭∕,起步未注意其他車（人）安全∕未注意車前狀態∕,起步未注意其他車（人）安全∕起步未注意其他車（人）安全∕,其他∕大學（研究）生∕,其他∕其他∕,本國∕本國∕
10301,10301Y00020026,YZA1,10301YZ000036,2014,1,14,8,59,金門縣,金寧鄉,榜林村,NA,伯玉路,一,,NA,,,,,,榜林圓環,NA,NA,NA,NA,NA,NA,NA,NA,NA,0,1,0,晴,日間自然光線,縣道,60,圓環,一般車道（未劃分快慢車道）,柏油,乾燥,無缺陷,無障礙物,良好,無號誌,無號誌,無分向設施,車道線（附標記）,未繪設快慢車道分隔線,有,其他,未依規定讓車,Y000,YZ00,1,2,2014/1/14,伯玉路一段,,金門縣金寧鄉榜林村榜林圓環,118.3267756,24.4346914,自用 小客車∕普通輕型 機車∕,小客車自用∕機車普通輕型∕,26∕60∕,未受傷∕受傷∕,AA*****6代號2239∕WZ****3代號2240∕,其他∕其他∕,有適當之駕照∕有適當之駕照∕,經檢測無酒精反應∕經檢測無酒精反應∕,汽車左前車頭（身）∕機車前車頭∕,未依規定讓車∕未注意車前狀態∕,未依規定讓車∕未依規定讓車∕,事務工作者∕家庭主婦（夫）∕,社交活動∕社交活動∕,本國∕本國∕
10301,10301Y00020027,YZA1,10301YZ000037,2014,1,15,14,40,金門縣,金寧鄉,,NA,頂林路,,,NA,,,林堡路,,,,NA,NA,NA,NA,NA,NA,NA,NA,NA,0,1,0,晴,日間自然光線,村里道路,50,四岔路,交岔路口內,柏油,乾燥,無缺陷,無障礙物,良好,無號誌,無號誌,無分向設施,未繪設車道線,未繪設快慢車道分隔線,有,路口交岔撞,未依規定讓車,Y000,YZ00,1,2,2014/1/15,頂林路,林堡路,,118.3392044,24.4486849,自用 小客車∕普通重型 機車∕,小客車自用∕機車普通重型∕,29∕56∕,未受傷∕受傷∕,03****X代號2241∕61****E代號2242∕,其他∕其他∕,有適當之駕照∕有適當之駕照∕,經檢測無酒精反應∕經檢測無酒精反應∕,汽車左側車身∕機車前車頭∕,未依規定讓車∕未依規定減速∕,未依規定讓車∕未依規定讓車∕,不明∕不明∕,不明∕不明∕,本國∕本國∕
10301,10301Y00020028,YZA1,10301YZ000038,2014,1,15,17,50,金門縣,金城鎮,,NA,民權路,,,NA,188,,,,,,NA,NA,NA,NA,NA,NA,NA,NA,NA,0,1,0,晴,夜間（或隧道、地下道、涵洞）有照明,村里道路,50,直路,一般車道（未劃分快慢車道）,柏油,乾燥,無缺陷,無障礙物,良好,無號誌,無號誌,無標記,未繪設車道線,未繪設快慢車道分隔線,有,側撞,未依規定讓車,Y000,YZ00,1,2,2014/1/15,民權路188號,,金門縣金城鎮,118.3197267,24.4385954,自用 小客車∕普通重型 機車∕,小客車自用∕機車普通重型∕,43∕26∕,未受傷∕受傷∕,XN****8代號2243∕LB****8代號2244∕,其他∕其他∕,有適當之駕照∕有適當之駕照∕,經檢測無酒精反應∕經檢測無酒精反應∕,汽車前車頭∕機車前車頭∕,未依規定讓車∕未注意車前狀態∕,未依規定讓車∕未依規定讓車∕,不明∕不明∕,不明∕不明∕,本國∕本國∕
10301,10301Y00020029,YZA1,10301YZ000039,2014,1,16,7,55,金門縣,金城鎮,,NA,環島西路,一,,NA,129,,,,,,NA,NA,NA,NA,NA,NA,NA,NA,NA,0,1,0,晴,日間自然光線,村里道路,40,三岔路,交岔路口內,柏油,乾燥,無缺陷,無障礙物,良好,無號誌,無號誌,無分向設施,未繪設車道線,未繪設快慢車道分隔線,有,側撞,未依規定讓車,Y000,YZ00,1,2,2014/1/16,環島西路一段129號,,金門縣金城鎮,118.3184801,24.4172073,自用 小貨車(含客、貨兩用)∕普通重型 機車∕,小貨車自用∕機車普通重型∕,24∕38∕,未受傷∕受傷∕,11****S代號2245∕23****U代號2246∕,其他∕其他∕,有適當之駕照∕有適當之駕照∕,經檢測無酒精反應∕經檢測無酒精反應∕,汽車前車頭∕機車前車頭∕,未依規定讓車∕未依規定減速∕,未依規定讓車∕未依規定讓車∕,技術工∕不明∕,上、下班∕上、下班∕,本國∕本國∕
10301,10301Y00020030,YZA1,10301YZ000040,2014,1,16,8,35,金門縣,金寧鄉,,NA,,,,NA,,,,,,榜林圓環內路段,NA,NA,NA,NA,NA,NA,NA,NA,NA,0,2,0,晴,日間自然光線,村里道路,40,圓環,一般車道（未劃分快慢車道）,柏油,乾燥,無缺陷,無障礙物,良好,無號誌,無號誌,無分向設施,未繪設車道線,未繪設快慢車道分隔線,有,其他,未依規定讓車,Y000,YZ00,1,2,2014/1/16,金門縣金寧鄉榜林圓環內路段,,金門縣金寧鄉榜林圓環內路段,118.330294,24.438568,普通重型 機車∕普通重型 機車∕,機車普通重型∕機車普通重型∕,22∕24∕,受傷∕受傷∕,17****F代號2247∕38****V代號2248∕,其他∕其他∕,有適當之駕照∕有適當之駕照∕,經檢測無酒精反應∕經檢測無酒精反應∕,機車前車頭∕機車前車頭∕,未依規定讓車∕未注意車前狀態∕,未依規定讓車∕未依規定讓車∕,大學（研究）生∕其他∕,不明∕不明∕,本國∕本國∕
10301,10301Y00020032,YZA1,10301YZ000041,2014,1,16,11,23,金門縣,金城鎮,,NA,伯玉路,一,,NA,,,桃園路,,,,NA,NA,NA,NA,NA,NA,NA,NA,NA,0,1,0,晴,日間自然光線,村里道路,60,四岔路,交岔路口內,柏油,乾燥,無缺陷,無障礙物,良好,行車管制號誌,正常,無分向設施,未繪設車道線,未繪設快慢車道分隔線,有,側撞,右轉彎未依規定,Y000,YZ00,1,2,2014/1/16,伯玉路一段,桃園路,,118.3245732,24.4324356,自用 小貨車(含客、貨兩用)∕普通重型 機車∕,小貨車自用∕機車普通重型∕,27∕23∕,未受傷∕受傷∕,AC*****2代號2249∕PZ****9代號2250∕,其他∕其他∕,有適當之駕照∕有適當之駕照∕,經檢測無酒精反應∕經檢測無酒精反應∕,不明∕機車前車頭∕,右轉彎未依規定∕未注意車前狀態∕,右轉彎未依規定∕右轉彎未依規定∕,事務工作者∕其他∕,其他∕其他∕,本國∕本國∕
10301,10301Y00020033,YZA1,10301YZ000045,2014,1,17,10,22,金門縣,金城鎮,西門里,NA,民權路,,,NA,,,,,,地方法院前路段,NA,NA,NA,NA,NA,NA,NA,NA,NA,0,1,0,晴,日間自然光線,村里道路,40,三岔路,交岔路口內,柏油,乾燥,無缺陷,無障礙物,良好,無號誌,無號誌,無分向設施,未繪設車道線,未繪設快慢車道分隔線,有,其他,未依規定讓車,Y000,YZ00,1,2,2014/1/17,民權路,,金門縣金城鎮西門里地方法院前路段,118.3168946,24.4355379,普通重型 機車∕普通輕型 機車∕,機車普通重型∕機車普通輕型∕,47∕61∕,未受傷∕受傷∕,AD*****5代號2251∕WZ****8代號2252∕,其他∕其他∕,有適當之駕照∕有適當之駕照∕,經檢測無酒精反應∕經檢測無酒精反應∕,機車左側車身∕機車前車頭∕,未依規定讓車∕未注意車前狀態∕,未依規定讓車∕未依規定讓車∕,技術員及助理人員∕家庭主婦（夫）∕,社交活動∕社交活動∕,本國∕本國∕