年月,總編號,處理單位,處理編號,年,月,日,時,分,縣市,區,村里,鄰,街道,段,巷,弄,號,公尺處,街道.1,段.1,側,附近,道路,公里,公尺處.1,向,車道,平交道,公里.1,公尺處.2,附近.1,死,受傷,X2.30,天候,光線,道路類別,速限,道路型態,事故位置,路面鋪裝,路面狀態,路面缺陷,障礙物,視距,號誌種類,號誌動作,分向設施,快車道或一般車道間,快慢車道間,路面邊線,事故類型及型態,主要肇因,警局,分局,案件類別,事故類別,日期,道路1,道路2,概略位置,lon,lat,車種,當事者區分.類別.,年齡,受傷程度,車輛牌照號碼,車輛用途,駕駛資格情形,飲酒情形,車輛撞擊部位最初,肇事因素個別,肇事因素主要,職.業,旅次目的,國籍
10301,10301Y00020034,YZA1,10301YZ000047,2014,1,17,21,30,金門縣,金城鎮,,NA,珠水路,,,NA,,,,,,金門城路口,NA,NA,NA,NA,NA,NA,NA,NA,NA,0,1,0,晴,夜間（或隧道、地下道、涵洞）有照明,縣道,50,四岔路,交岔路口內,柏油,乾燥,無缺陷,無障礙物,良好,閃光號誌,正常,無分向設施,未繪設車道線,未繪設快慢車道分隔線,有,路口交岔撞,未依規定讓車,Y000,YZ00,1,2,2014/1/17,珠水路,,金門縣金城鎮金門城路口,118.3077405,24.4021607,自用 小客車∕大型重型1(550C.C.以上) 機車∕,小客車自用∕機車大型重型1（550C.C.以上）∕,33∕25∕,未受傷∕受傷∕,CK****0代號2253∕LM**8代號2254∕,其他∕其他∕,有適當之駕照∕有適當之駕照∕,經檢測無酒精反應∕經檢測無酒精反應∕,汽車左前車頭（身）∕機車前車頭∕,未依規定讓車∕未依規定減速∕,未依規定讓車∕未依規定讓車∕,服務工作者∕不明∕,其他∕其他∕,本國∕本國∕
10301,10301Y00020037,YZA1,10301YZ000050,2014,1,20,7,40,金門縣,金城鎮,賢庵里,NA,環島西路,一,,NA,,,,,,庵前路口,NA,NA,NA,NA,NA,NA,NA,NA,NA,0,1,0,晴,日間自然光線,村里道路,50,四岔路,交岔口附近,柏油,乾燥,無缺陷,無障礙物,良好,閃光號誌,正常,無標記,未繪設車道線,未繪設快慢車道分隔線,有,其他,左轉彎未依規定,Y000,YZ00,1,2,2014/1/20,環島西路一段,,金門縣金城鎮賢庵里庵前路口,118.3184801,24.4172073,自用 小客車∕普通重型 機車∕,小客車自用∕機車普通重型∕,62∕40∕,未受傷∕受傷∕,WY****6代號2255∕3J****2代號2256∕,其他∕其他∕,有適當之駕照∕有適當之駕照∕,經檢測無酒精反應∕經檢測無酒精反應∕,汽車左後車尾（身）∕機車前車頭∕,左轉彎未依規定∕尚未發現肇事因素∕,左轉彎未依規定∕左轉彎未依規定∕,技術工∕技術員及助理人員∕,其他∕上、下班∕,本國∕本國∕
10301,10301Y00020038,YZA1,10301YZ000051,2014,1,21,17,42,金門縣,金寧鄉,,NA,桃園路,,,NA,,,,,,靠近伯玉路一段路口,NA,NA,NA,NA,NA,NA,NA,NA,NA,0,1,0,晴,日間自然光線,村里道路,50,四岔路,交岔口附近,柏油,乾燥,無缺陷,無障礙物,良好,行車管制號誌,正常,無標記,未繪設車道線,未繪設快慢車道分隔線,有,追撞,未保持行車安全距離,Y000,YZ00,1,2,2014/1/21,桃園路,,金門縣金寧鄉靠近伯玉路一段路口,118.3446627,24.4317794,自用 小客車∕自用 小客車∕自用 小貨車(含客、貨兩用),小客車自用∕小客車自用∕小貨車自用,37∕65∕53,未受傷∕受傷∕未受傷,10****V代號1671∕6F****8代號2257∕04****2代號2258,其他∕其他∕其他,有適當之駕照∕有適當之駕照∕有適當之駕照,經檢測無酒精反應∕經檢測無酒精反應∕經檢測無酒精反應,汽車前車頭∕汽車後車尾∕汽車後車尾,未保持行車安全距離∕尚未發現肇事因素∕尚未發現肇事因素,未保持行車安全距離∕未保持行車安全距離∕未保持行車安全距離,技術員及助理人員∕技術員及助理人員∕技術工,上、下班∕上、下班∕上、下班,本國∕本國∕本國
10301,10301Y00020040,YZA1,10301YZ000053,2014,1,22,9,25,金門縣,金寧鄉,,NA,,,,NA,,,,,,頂埔下39號前路口,NA,NA,NA,NA,NA,NA,NA,NA,NA,0,2,0,晴,日間自然光線,村里道路,40,四岔路,交岔路口內,柏油,乾燥,無缺陷,無障礙物,建築物,無號誌,無號誌,無分向設施,未繪設車道線,未繪設快慢車道分隔線,有,路口交岔撞,未依規定讓車,Y000,YZ00,1,2,2014/1/22,金門縣金寧鄉頂埔下39號前路口,,金門縣金寧鄉頂埔下39號前路口,118.3099021,24.4474013,自用 小貨車(含客、貨兩用)∕計程車 小客車∕乘客 人,小貨車自用∕小客車計程車∕乘客,22∕34∕22,受傷∕未受傷∕受傷,WY****3代號2259∕VX***2代號2260∕WY****3代號2259,其他∕其他∕其他,有適當之駕照∕有適當之駕照∕非汽（機）車駕駛人,經檢測無酒精反應∕經檢測無酒精反應∕非駕駛人，未檢測,汽車右後車尾（身）∕汽車前車頭∕非汽（機）車,未依規定讓車∕未依規定減速∕尚未發現肇事因素,未依規定讓車∕未依規定讓車∕未依規定讓車,技術工∕汽車、火車駕駛員及船員∕技術工,業務聯繫∕業務聯繫∕業務聯繫,本國∕本國∕本國
10301,10301Y00020050,YZA1,10301YZ000054,2014,1,9,21,44,金門縣,金寧鄉,盤山里,NA,大學路,,,NA,1,,,,,往環島西路二段機車停車場,NA,NA,NA,NA,NA,NA,NA,NA,NA,0,1,0,陰,夜間（或隧道、地下道、涵洞）無照明,其他,50,直路,一般車道（未劃分快慢車道）,柏油,濕潤,無缺陷,無障礙物,良好,無號誌,無號誌,寬式（50公分以上）,車道線（附標記）,未繪設快慢車道分隔線,有,路上翻車、摔倒,超速失控,Y000,YZ00,1,2,2014/1/9,大學路1號,,金門縣金寧鄉盤山里往環島西路二段機車停車場,118.3148723,24.4566699,普通重型 機車∕ ∕,機車普通重型,19∕0∕,受傷,M6****5代號2261,其他,有適當之駕照,經檢測無酒精反應,機車前車頭,超速失控∕尚未發現肇事因素∕,超速失控∕超速失控∕,大學（研究）生,其他,本國∕本國∕
10301,10301Y00030003,YZA1,10301YZ000058,2014,1,23,13,45,金門縣,金寧鄉,,NA,,,,NA,,,,,,埔邊22號,NA,NA,NA,NA,NA,NA,NA,NA,NA,0,0,0,晴,日間自然光線,村里道路,40,三岔路,一般車道（未劃分快慢車道）,柏油,乾燥,無缺陷,路上有停車,良好,無號誌,無號誌,無分向設施,未繪設車道線,未繪設快慢車道分隔線,有,對向擦撞,未保持行車安全間隔,Y000,YZ00,1,3,2014/1/23,金門縣金寧鄉埔邊22號,,金門縣金寧鄉埔邊22號,118.317249,24.439896,自用 小貨車(含客、貨兩用)∕自用 小客車∕自用 小客車,小貨車自用∕小客車自用∕小客車自用,47∕32∕48,未受傷∕未受傷∕未受傷,AS****7代號2262∕03****2代號143∕11****E代號2263,其他∕其他∕其他,有適當之駕照∕有適當之駕照∕有適當之駕照,經檢測無酒精反應∕經檢測無酒精反應∕不明,汽車左前車頭（身）∕汽車左側車身∕汽車左後車尾（身）,未保持行車安全間隔∕未保持行車安全間隔∕違規停車或暫停不當而肇事,未保持行車安全間隔∕未保持行車安全間隔∕未保持行車安全間隔,技術工∕服務工作者∕技術工,購物∕購物∕購物,本國∕本國∕本國
10301,10301Y00030004,YZA1,10301YZ000059,2014,1,24,7,48,金門縣,金寧鄉,,NA,環島北路,一,,NA,,,,,,0032號燈桿,NA,NA,NA,NA,NA,NA,NA,NA,NA,0,0,0,晴,日間自然光線,村里道路,60,直路,一般車道（未劃分快慢車道）,柏油,乾燥,無缺陷,無障礙物,良好,無號誌,無號誌,無標記,未繪設車道線,未繪設快慢車道分隔線,有,追撞,未保持行車安全距離,Y000,YZ00,NA,NA,2014/1/24,環島北路一段,,金門縣金寧鄉0032號燈桿,118.3283226,24.4462231,自用 小客車∕自用 小客車∕,小客車自用∕小客車自用∕,27∕33∕,未受傷∕未受傷∕,07****2代號2264∕18****V代號2265∕,其他∕其他∕,有適當之駕照∕有適當之駕照∕,經檢測無酒精反應∕經檢測無酒精反應∕,汽車前車頭∕汽車後車尾∕,未保持行車安全距離∕尚未發現肇事因素∕,未保持行車安全距離∕未保持行車安全距離∕,不明∕事務工作者∕,其他∕上、下班∕,本國∕本國∕
10301,10301Y00020056,YZA1,10301YZ000064,2014,1,23,19,50,金門縣,金城鎮,,NA,金山路,,,NA,,,,,,小西門05550號路燈桿前路段,NA,NA,NA,NA,NA,NA,NA,NA,NA,0,2,0,晴,夜間（或隧道、地下道、涵洞）有照明,村里道路,50,直路,一般車道（未劃分快慢車道）,柏油,乾燥,無缺陷,無障礙物,良好,無號誌,無號誌,無標記,未繪設車道線,未繪設快慢車道分隔線,有,撞路樹、電桿,超速失控,Y000,YZ00,1,2,2014/1/23,金山路,,金門縣金城鎮小西門05550號路燈桿前路段,118.3277754,24.4167689,自用 小客車∕ ∕乘客 人,小客車自用乘客,17∕0∕17,受傷受傷,ON****5代號2266ON****5代號2266,其他其他,無照（未達考照年齡）非汽（機）車駕駛人,不明經檢測無酒精反應,汽車前車頭非汽（機）車,超速失控∕尚未發現肇事因素∕尚未發現肇事因素,超速失控∕超速失控∕超速失控,高中生高中生,不明不明,本國∕本國∕本國
10301,10301Y00020054,YZA1,10301YZ000065,2014,1,26,8,50,金門縣,烈嶼鄉,,NA,,,,NA,,,,,,庵頂往西宅09438號路燈桿前路段,NA,NA,NA,NA,NA,NA,NA,NA,NA,0,2,0,晴,日間自然光線,村里道路,50,坡路,一般車道（未劃分快慢車道）,水泥,乾燥,無缺陷,無障礙物,良好,無號誌,無號誌,無標記,未繪設車道線,未繪設快慢車道分隔線,有,路上翻車、摔倒,未注意車前狀態,Y000,YZ00,1,2,2014/1/26,金門縣烈嶼鄉庵頂往西宅09438號路燈桿前路段,,金門縣烈嶼鄉庵頂往西宅09438號路燈桿前路段,118.248416,24.428949,普通重型 機車∕ ∕乘客 人,機車普通重型乘客,24∕0∕80,受傷受傷,12****F代號226712****F代號2267,其他其他,有適當之駕照非汽（機）車駕駛人,經檢測無酒精反應非駕駛人，未檢測,機車左側車身非汽（機）車,未注意車前狀態∕尚未發現肇事因素∕尚未發現肇事因素,未注意車前狀態∕未注意車前狀態∕未注意車前狀態,不明不明,不明不明,本國∕本國∕本國
10301,10301Y00020044,YZA1,10301YZ000066,2014,1,27,10,50,金門縣,金城鎮,,NA,北堤路,,,NA,58,,,,,,NA,NA,NA,NA,NA,NA,NA,NA,NA,0,2,0,晴,日間自然光線,村里道路,40,直路,一般車道（未劃分快慢車道）,柏油,乾燥,無缺陷,無障礙物,良好,無號誌,無號誌,無標記,未繪設車道線,快慢車道分隔線,有,側撞,迴轉未依規定,Y000,YZ00,1,2,2014/1/27,北堤路58號,,金門縣金城鎮,118.3167419,24.4294062,自用 小貨車(含客、貨兩用)∕普通重型 機車∕乘客 人,小貨車自用∕機車普通重型∕乘客,65∕56∕78,未受傷∕受傷∕受傷,W7****2代號2268∕PZ****8代號2269∕PZ****8代號2269,其他∕其他∕其他,無照（已達考照年齡）∕有適當之駕照∕非汽（機）車駕駛人,經檢測無酒精反應∕經檢測無酒精反應∕非駕駛人，未檢測,汽車左前車頭（身）∕機車右側車身∕非汽（機）車,迴轉未依規定∕未注意車前狀態∕尚未發現肇事因素,迴轉未依規定∕迴轉未依規定∕迴轉未依規定,技術工∕其他∕其他,上、下班∕其他∕其他,本國∕本國∕本國
10301,10301Y00020045,YZ00,10301YZ000067,2014,1,27,15,5,金門縣,金城鎮,北門里,NA,中興路,,161,NA,8,,,,,路段,NA,NA,NA,NA,NA,NA,NA,NA,NA,0,1,0,晴,日間自然光線,村里道路,40,直路,一般車道（未劃分快慢車道）,柏油,乾燥,無缺陷,無障礙物,良好,無號誌,無號誌,無分向設施,未繪設車道線,未繪設快慢車道分隔線,有,對撞,未注意車前狀態,Y000,YZ00,1,2,2014/1/27,中興路161巷8號,,金門縣金城鎮北門里路段,118.3186301,24.4343327,普通重型 機車∕普通重型 機車∕,機車普通重型∕機車普通重型∕,46∕30∕,未受傷∕受傷∕,16****V代號2270∕PZ****5代號2115∕,其他∕其他∕,有適當之駕照∕有適當之駕照∕,經檢測無酒精反應∕經檢測無酒精反應∕,機車前車頭∕機車前車頭∕,未注意車前狀態∕未注意車前狀態∕,未注意車前狀態∕未注意車前狀態∕,技術員及助理人員∕技術員及助理人員∕,社交活動∕社交活動∕,本國∕本國∕
10301,10301Y00020055,YZA1,10301YZ000068,2014,1,27,15,25,金門縣,金寧鄉,盤山村,NA,伯玉路,二,,NA,,,,,,1076號路燈桿前路段,NA,NA,NA,NA,NA,NA,NA,NA,NA,0,1,0,晴,日間自然光線,鄉道,60,直路,慢車道,柏油,乾燥,無缺陷,無障礙物,良好,無號誌,無號誌,附標記,未繪設車道線,快慢車道分隔線,有,路上翻車、摔倒,未注意車前狀態,Y000,YZ00,1,2,2014/1/27,伯玉路二段,,金門縣金寧鄉盤山村1076號路燈桿前路段,118.3416148,24.4414563,普通重型 機車∕ ∕,機車普通重型,60∕0∕,受傷,75****D代號2271,其他,有適當之駕照,經檢測無酒精反應,機車右側車身,未注意車前狀態∕尚未發現肇事因素∕,未注意車前狀態∕未注意車前狀態∕,家庭主婦（夫）,社交活動,本國∕本國∕
10301,10301Y00020046,YZA1,10301YZ000069,2014,1,28,17,30,金門縣,金寧鄉,,NA,伯玉路,一,,NA,236,,,,,,NA,NA,NA,NA,NA,NA,NA,NA,NA,0,1,0,晴,日間自然光線,村里道路,60,三岔路,交岔路口內,柏油,乾燥,無缺陷,無障礙物,良好,無號誌,無號誌,無標記,未繪設車道線,快慢車道分隔線,有,側撞,右轉彎未依規定,Y000,YZ00,1,2,2014/1/28,伯玉路一段236號,,金門縣金寧鄉,118.3267756,24.4346914,自用 小客車∕普通重型 機車∕,小客車自用∕機車普通重型∕,59∕51∕,未受傷∕受傷∕,6F****1代號2272∕K9****0代號1702∕,其他∕其他∕,有適當之駕照∕有適當之駕照∕,經檢測無酒精反應∕經檢測無酒精反應∕,汽車右側車身∕機車前車頭∕,右轉彎未依規定∕未注意車前狀態∕,右轉彎未依規定∕右轉彎未依規定∕,不明∕不明∕,不明∕不明∕,本國∕本國∕
10301,10301Y00030006,YZA1,10301YZ000071,2014,1,29,12,57,金門縣,金寧鄉,,NA,伯玉路,二,,NA,,,,,,聖祖貢糖前,NA,NA,NA,NA,NA,NA,NA,NA,NA,0,0,0,晴,日間自然光線,縣道,70,三岔路,交岔口附近,柏油,乾燥,無缺陷,無障礙物,良好,行車管制號誌,正常,附標記,未繪設車道線,快慢車道分隔線,有,追撞,未注意車前狀態,Y000,YZ00,1,3,2014/1/29,伯玉路二段,,金門縣金寧鄉聖祖貢糖前,118.3416148,24.4414563,遊覽車 大客車∕自用 小客車∕,遊覽車∕小客車自用∕,43∕46∕,未受傷∕未受傷∕,18***L代號2273∕AF*****1代號2274∕,其他∕其他∕,有適當之駕照∕有適當之駕照∕,經檢測無酒精反應∕經檢測無酒精反應∕,汽車右前車頭（身）∕汽車左後車尾（身）∕,未注意車前狀態∕尚未發現肇事因素∕,未注意車前狀態∕未注意車前狀態∕,服務工作者∕不明∕,觀光旅遊∕不明∕,本國∕本國∕
10301,10301Y00030007,YZA1,10301YZ000075,2014,1,16,12,40,金門縣,金寧鄉,,NA,,,,NA,,,,,,頂埔下39號前路口,NA,NA,NA,NA,NA,NA,NA,NA,NA,0,0,0,晴,日間自然光線,村里道路,40,四岔路,交岔路口內,柏油,乾燥,無缺陷,無障礙物,建築物,無號誌,無號誌,無分向設施,未繪設車道線,未繪設快慢車道分隔線,有,路口交岔撞,未依規定讓車,Y000,YZ00,1,3,2014/1/16,金門縣金寧鄉頂埔下39號前路口,,金門縣金寧鄉頂埔下39號前路口,118.3099021,24.4474013,自用 小貨車(含客、貨兩用)∕自用 小客車∕,小貨車自用∕小客車自用∕,48∕51∕,未受傷∕未受傷∕,WY****6代號2275∕V4****5代號2276∕,其他∕其他∕,有適當之駕照∕有適當之駕照∕,經觀察未飲酒∕經觀察未飲酒∕,汽車前車頭∕汽車左後車尾（身）∕,未依規定讓車∕未依規定減速∕,未依規定讓車∕未依規定讓車∕,技術工∕其他∕,其他∕其他∕,本國∕本國∕
10301,10301Y00020051,YZA1,10301YZ000076,2014,1,17,15,57,金門縣,金城鎮,,NA,,,,NA,,,,,,東門圓環,NA,NA,NA,NA,NA,NA,NA,NA,NA,0,1,0,陰,日間自然光線,縣道,40,圓環,一般車道（未劃分快慢車道）,柏油,乾燥,無缺陷,無障礙物,良好,無號誌,無號誌,無分向設施,車道線（無標記）,未繪設快慢車道分隔線,有,其他,未依規定讓車,Y000,YZ00,1,2,2014/1/17,金門縣金城鎮東門圓環,,金門縣金城鎮東門圓環,118.321386,24.431515,自用 小客車∕普通重型 機車∕,小客車自用∕機車普通重型∕,47∕35∕,未受傷∕受傷∕,6F****1代號1845∕15****J代號221∕,其他∕其他∕,有適當之駕照∕有適當之駕照∕,經檢測無酒精反應∕經檢測無酒精反應∕,汽車左前車頭（身）∕機車右側車身∕,未依規定讓車∕未注意車前狀態∕,未依規定讓車∕未依規定讓車∕,技術工∕服務工作者∕,其他∕上、下班∕,本國∕本國∕
10301,10301Y00020049,YZA1,10301YZ000077,2014,1,31,8,55,金門縣,金城鎮,,NA,伯玉路,一,,NA,,,,,,0909號路燈桿附近路段,NA,NA,NA,NA,NA,NA,NA,NA,NA,0,1,0,晴,日間自然光線,村里道路,60,直路,路肩、路緣,柏油,乾燥,無缺陷,無障礙物,良好,無號誌,無號誌,無標記,未繪設車道線,快慢車道分隔線,有,衝出路外,超速失控,Y000,YZ00,1,2,2014/1/31,伯玉路一段,,金門縣金城鎮0909號路燈桿附近路段,118.3267756,24.4346914,自用 小客車∕ ∕,小客車自用,50∕0∕,受傷,AA*****1代號2277,其他,有適當之駕照,經檢測無酒精反應,汽車右前車頭（身）,超速失控∕尚未發現肇事因素∕,超速失控∕超速失控∕,其他,其他,本國∕本國∕
10301,10301Y00020052,YZA1,10301YZ000078,2014,1,24,7,42,金門縣,金城鎮,賢庵里,NA,,,,NA,,,,,,賢聚1之2號前路段,NA,NA,NA,NA,NA,NA,NA,NA,NA,0,1,0,晴,日間自然光線,村里道路,40,三岔路,交岔路口內,柏油,乾燥,無缺陷,其他障礙物,良好,無號誌,無號誌,無分向設施,未繪設車道線,未繪設快慢車道分隔線,有,路上翻車、摔倒,未注意車前狀態,Y000,YZ00,1,2,2014/1/24,金門縣金城鎮賢庵里賢聚1之2號前路段,,金門縣金城鎮賢庵里賢聚1之2號前路段,118.3166667,24.4166667,普通重型 機車∕ ∕,機車普通重型,60∕0∕,受傷,66****C代號2278,其他,有適當之駕照,經檢測無酒精反應,機車前車頭,未注意車前狀態∕尚未發現肇事因素∕,未注意車前狀態∕未注意車前狀態∕,技術員及助理人員,上、下班,本國∕本國∕
10302,10302Y00020004,YYA1,10302YY000002,2014,2,1,14,36,金門縣,金沙鎮,,NA,,,,NA,,,,,,劉澳21號前,NA,NA,NA,NA,NA,NA,NA,NA,NA,0,1,0,晴,日間自然光線,村里道路,40,直路,一般車道（未劃分快慢車道）,柏油,乾燥,無缺陷,無障礙物,建築物,無號誌,無號誌,無分向設施,未繪設車道線,未繪設快慢車道分隔線,無,穿越道路中,穿越道路未注意左右來車,Y000,YY00,1,2,2014/2/1,金門縣金沙鎮劉澳21號前,,金門縣金沙鎮劉澳21號前,118.388685,24.482234,行人 人∕自用 小客車∕,行人∕小客車自用∕,10∕39∕,受傷∕未受傷∕,∕08****X代號2279∕,非駕駛人及乘客∕其他∕,非汽（機）車駕駛人∕有適當之駕照∕,非駕駛人，未檢測∕經檢測無酒精反應∕,非汽（機）車∕汽車前車頭∕,穿越道路未注意左右來車∕尚未發現肇事因素∕,穿越道路未注意左右來車∕穿越道路未注意左右來車∕,小學生∕警察人員∕,其他∕其他∕,本國∕本國∕
10302,10302Y00020005,YYA1,10302YY000005,2014,2,1,21,5,金門縣,金湖鎮,,NA,士校路,,,NA,,,,,,太湖二橋橋頭,NA,NA,NA,NA,NA,NA,NA,NA,NA,0,1,0,陰,夜間（或隧道、地下道、涵洞）有照明,村里道路,50,四岔路,交岔路口內,柏油,乾燥,無缺陷,無障礙物,良好,無號誌,無號誌,無分向設施,未繪設車道線,未繪設快慢車道分隔線,有,撞護欄（樁）,未注意車前狀態,Y000,YY00,1,2,2014/2/1,士校路,,金門縣金湖鎮太湖二橋橋頭,118.4271704,24.4453138,普通輕型 機車∕ ∕,機車普通輕型,29∕0∕,受傷,WZ****5代號2280,其他,無照（已達考照年齡）,經檢測無酒精反應,機車前車頭,未注意車前狀態∕尚未發現肇事因素∕,未注意車前狀態∕未注意車前狀態∕,其他,其他,本國∕本國∕
10302,10302Y00020008,YYA1,10302YY000008,2014,2,4,0,8,金門縣,金湖鎮,,NA,士校路,,,NA,,,,,,幹訓班前路段,NA,NA,NA,NA,NA,NA,NA,NA,NA,0,1,0,陰,夜間（或隧道、地下道、涵洞）有照明,村里道路,50,三岔路,交岔口附近,柏油,乾燥,無缺陷,無障礙物,良好,無號誌,無號誌,附標記,未繪設車道線,未繪設快慢車道分隔線,有,撞路樹、電桿,酒醉（後）駕駛失控,Y000,YY00,1,2,2014/2/4,士校路,,金門縣金湖鎮幹訓班前路段,118.4271704,24.4453138,自用 小客車∕ ∕,小客車自用,30∕0∕,受傷,AA*****8代號2281,其他,無照（已達考照年齡）,經呼氣檢測0.56至0.80mg∕L或血液檢測0.111至0.16,汽車前車頭,酒醉（後）駕駛失控∕尚未發現肇事因素∕,酒醉（後）駕駛失控∕酒醉（後）駕駛失控∕,非技術工及體力工,其他,本國∕本國∕
10302,10302Y00030003,YYA1,10302YY000009,2014,2,3,14,5,金門縣,金沙鎮,,NA,光華路,一,,NA,,,,,,山西22號前,NA,NA,NA,NA,NA,NA,NA,NA,NA,0,0,0,晴,日間自然光線,村里道路,50,直路,一般車道（未劃分快慢車道）,柏油,乾燥,無缺陷,無障礙物,良好,無號誌,無號誌,無標記,未繪設車道線,未繪設快慢車道分隔線,有,倒車撞,倒車未依規定,Y000,YY00,1,3,2014/2/3,光華路一段,,金門縣金沙鎮山西22號前,118.428921,24.4909929,自用 小貨車(含客、貨兩用)∕自用 小客車∕,小貨車自用∕小客車自用∕,27∕52∕,未受傷∕未受傷∕,20****S代號2282∕6F****7代號2193∕,其他∕其他∕,有適當之駕照∕有適當之駕照∕,不明∕經觀察未飲酒∕,汽車右後車尾（身）∕汽車左側車身∕,倒車未依規定∕違規停車或暫停不當而肇事∕,倒車未依規定∕倒車未依規定∕,服務工作者∕不明∕,不明∕購物∕,本國∕本國∕
10302,10302Y00020011,YYA1,10302YY000014,2014,2,6,12,25,金門縣,金沙鎮,,NA,高陽路,,,NA,,,,,,01891號燈桿斗門路段,NA,NA,NA,NA,NA,NA,NA,NA,NA,0,1,0,雨,日間自然光線,村里道路,60,直路,一般車道（未劃分快慢車道）,柏油,濕潤,無缺陷,無障礙物,良好,無號誌,無號誌,無標記,未繪設車道線,未繪設快慢車道分隔線,有,衝出路外,未注意車前狀態,Y000,YY00,1,2,2014/2/6,高陽路,,金門縣金沙鎮01891號燈桿斗門路段,118.4078483,24.4727311,自用 小客車∕ ∕,小客車自用,50∕0∕,受傷,15****V代號2283,其他,有適當之駕照,經檢測無酒精反應,汽車前車頭,未注意車前狀態∕尚未發現肇事因素∕,未注意車前狀態∕未注意車前狀態∕,農林漁牧工作者,購物,本國∕本國∕
10302,,YYA1,10302YY000017,2014,2,6,20,30,金門縣,金沙鎮,,NA,,,,NA,,,,,,忠孝新村2號旁路口,NA,NA,NA,NA,NA,NA,NA,NA,NA,0,0,0,雨,夜間（或隧道、地下道、涵洞）無照明,村里道路,40,四岔路,交岔路口內,其他鋪裝,濕潤,無缺陷,無障礙物,良好,無號誌,無號誌,無分向設施,未繪設車道線,未繪設快慢車道分隔線,無,路口交岔撞,未依規定讓車,Y000,YY00,1,4,2014/2/6,金門縣金沙鎮忠孝新村2號旁路口,,金門縣金沙鎮忠孝新村2號旁路口,118.413013,24.493643,自用 小客車∕普通重型 機車∕,小客車自用∕機車普通重型∕,55∕23∕,未受傷∕未受傷∕,27****Y代號2284∕3J****5代號2285∕,其他∕其他∕,有適當之駕照∕有適當之駕照∕,經檢測無酒精反應∕經檢測無酒精反應∕,汽車右前車頭（身）∕機車右側車身∕,未依規定讓車∕未依規定減速∕,未依規定讓車∕未依規定讓車∕,其他∕其他∕,其他∕其他∕,本國∕本國∕
10302,10302Y00020030,YYA1,10302YY000018,2014,2,9,13,14,金門縣,金湖鎮,,NA,環島東路,四,,NA,,,,,,農試所路段0368路燈附近,NA,NA,NA,NA,NA,NA,NA,NA,NA,0,1,0,雨,日間自然光線,村里道路,60,直路,一般車道（未劃分快慢車道）,柏油,濕潤,無缺陷,無障礙物,良好,無號誌,無號誌,無標記,未繪設車道線,未繪設快慢車道分隔線,有,衝出路外,酒醉（後）駕駛失控,Y000,YY00,1,2,2014/2/9,環島東路四段,,金門縣金湖鎮農試所路段0368路燈附近,118.4527137,24.4487036,普通輕型 機車∕ ∕,機車普通輕型,76∕0∕,受傷,WZ****2代號2286,其他,有適當之駕照,經呼氣檢測超過0.80mg∕L或血液檢測超過0.16,機車右側車身,酒醉（後）駕駛失控∕尚未發現肇事因素∕,酒醉（後）駕駛失控∕酒醉（後）駕駛失控∕,其他,其他,本國∕本國∕
10302,,YYA1,10302YY000019,2014,2,9,8,24,金門縣,金湖鎮,,NA,自強路,,,NA,,,中興路,,,,NA,NA,NA,NA,NA,NA,NA,NA,NA,0,0,0,NA,NA,NA,0,NA,NA,NA,NA,NA,NA,NA,NA,NA,NA,NA,NA,NA,NA,NA,Y000,YY00,1,4,2014/2/9,自強路,中興路,,118.4154511,24.44068118,行人 人∕計程車 小客車∕,行人∕小客車計程車∕,58∕64∕,,∕02***X代號2288∕,,,,,,,,,本國∕本國∕
10302,10302Y00020015,YYA1,10302YY000023,2014,2,11,18,10,金門縣,金湖鎮,,NA,環島北路,二,,NA,,,,,,0108柱路燈桿路段,NA,NA,NA,NA,NA,NA,NA,NA,NA,0,1,0,晴,晨或暮光,村里道路,60,直路,路肩、路緣,柏油,乾燥,無缺陷,無障礙物,良好,無號誌,無號誌,附標記,未繪設車道線,未繪設快慢車道分隔線,有,追撞,未注意車前狀態,Y000,YY00,1,2,2014/2/11,環島北路二段,,金門縣金湖鎮0108柱路燈桿路段,118.3537405,24.452631,普通重型 機車∕普通重型 機車∕,機車普通重型∕機車普通重型∕,48∕63∕,受傷∕未受傷∕,16****V代號2289∕PZ****3代號2290∕,其他∕其他∕,有適當之駕照∕有適當之駕照∕,經檢測無酒精反應∕經檢測無酒精反應∕,機車右側車身∕機車後車尾∕,未注意車前狀態∕裝卸貨不當∕,未注意車前狀態∕未注意車前狀態∕,其他∕農林漁牧工作者∕,其他∕其他∕,本國∕本國∕
10302,,YYA1,10302YY000027,2014,2,14,16,50,金門縣,金湖鎮,,NA,伯玉路,五,,NA,,,瓊徑路,,,,NA,NA,NA,NA,NA,NA,NA,NA,NA,0,0,0,NA,NA,NA,0,NA,NA,NA,NA,NA,NA,NA,NA,NA,NA,NA,NA,NA,NA,NA,Y000,YY00,1,4,2014/2/14,伯玉路五段,瓊徑路,,118.3851529,24.44734108,自用 小貨車(含客、貨兩用)∕普通重型 機車∕,小貨車自用∕機車普通重型∕,41∕23∕,,06****2代號2291∕80****W代號2292∕,,,,,,,,,本國∕本國∕