年月,總編號,處理單位,處理編號,年,月,日,時,分,縣市,區,村里,鄰,街道,段,巷,弄,號,公尺處,街道.1,段.1,側,附近,道路,公里,公尺處.1,向,車道,平交道,公里.1,公尺處.2,附近.1,死,受傷,X2.30,天候,光線,道路類別,速限,道路型態,事故位置,路面鋪裝,路面狀態,路面缺陷,障礙物,視距,號誌種類,號誌動作,分向設施,快車道或一般車道間,快慢車道間,路面邊線,事故類型及型態,主要肇因,警局,分局,案件類別,事故類別,日期,道路1,道路2,概略位置,lon,lat,車種,當事者區分.類別.,年齡,受傷程度,車輛牌照號碼,車輛用途,駕駛資格情形,飲酒情形,車輛撞擊部位最初,肇事因素個別,肇事因素主要,職.業,旅次目的,國籍
10302,10302Y00030008,YYA1,10302YY000030,2014,2,16,19,27,金門縣,金湖鎮,,NA,環島南路,三,,NA,,,,,,機場圓環地下道路段,NA,NA,NA,NA,NA,NA,NA,NA,NA,0,0,0,晴,夜間（或隧道、地下道、涵洞）有照明,村里道路,50,地下道,一般車道（未劃分快慢車道）,柏油,乾燥,無缺陷,路上有停車,路上停放車輛,無號誌,無號誌,無標記,未繪設車道線,未繪設快慢車道分隔線,有,同向擦撞,未注意車前狀態,Y000,YY00,1,3,2014/2/16,環島南路三段,,金門縣金湖鎮機場圓環地下道路段,118.3757827,24.4398961,自用 小客車∕自用 小貨車(含客、貨兩用)∕自用 小客車,小客車自用∕小貨車自用∕小客車自用,51∕37∕54,未受傷∕未受傷∕未受傷,14****V代號2293∕6F****8代號2294∕04****X代號2295,其他∕其他∕其他,有適當之駕照∕有適當之駕照∕有適當之駕照,經觀察未飲酒∕經觀察未飲酒∕經檢測無酒精反應,汽車左前車頭（身）∕汽車左側車身∕汽車左前車頭（身）,未注意車前狀態∕拋錨未採安全措施∕尚未發現肇事因素,未注意車前狀態∕未注意車前狀態∕未注意車前狀態,服務工作者∕農林漁牧工作者∕服務工作者,上、下班∕上、下班∕上、下班,本國∕本國∕本國
10302,10302Y00030009,YYA1,10302YY000032,2014,2,17,16,25,金門縣,金湖鎮,,NA,環島南路,三,,NA,,,瓊義路,,,,NA,NA,NA,NA,NA,NA,NA,NA,NA,0,0,0,晴,日間自然光線,村里道路,60,四岔路,交岔口附近,柏油,乾燥,無缺陷,無障礙物,良好,行車管制號誌,正常,附標記,車道線（無標記）,未繪設快慢車道分隔線,有,衝出路外,未注意車前狀態,Y000,YY00,1,3,2014/2/17,環島南路三段,瓊義路,,118.3762326,24.4440968,自用 小客車∕ ∕,小客車自用,21∕0∕,未受傷,03****2代號1370,其他,有適當之駕照,經檢測無酒精反應,汽車前車頭,未注意車前狀態∕尚未發現肇事因素∕,未注意車前狀態∕未注意車前狀態∕,事務工作者,社交活動,本國∕本國∕
10302,10302Y00030001,YYA1,10302YY000037,2014,2,1,19,0,金門縣,金湖鎮,,NA,環中路,,,NA,,,,,,擎天水庫路段,NA,NA,NA,NA,NA,NA,NA,NA,NA,0,0,0,霧或煙,夜間（或隧道、地下道、涵洞）有照明,村里道路,50,彎曲路及附近,路肩、路緣,柏油,乾燥,無缺陷,無障礙物,良好,無號誌,無號誌,附標記,未繪設車道線,未繪設快慢車道分隔線,有,撞號誌、標誌桿,未依規定減速,Y000,YY00,1,3,2014/2/1,環中路,,金門縣金湖鎮擎天水庫路段,118.3912208,24.4595516,自用 小客車∕ ∕,小客車自用,44∕0∕,未受傷,6F****6代號2296,其他,有適當之駕照,不明,汽車前車頭,未依規定減速∕尚未發現肇事因素∕,未依規定減速∕未依規定減速∕,其他,其他,本國∕本國∕
10302,,YYA1,10302YY000041,2014,2,22,16,44,金門縣,金湖鎮,新市里,NA,林森路,,,NA,12,,,,,金湖國小大門前路口,NA,NA,NA,NA,NA,NA,NA,NA,NA,0,0,0,晴,日間自然光線,村里道路,40,四岔路,交岔路口內,柏油,乾燥,無缺陷,無障礙物,良好,無號誌,無號誌,無分向設施,未繪設車道線,未繪設快慢車道分隔線,有,路口交岔撞,未依規定讓車,Y000,YY00,1,4,2014/2/22,林森路12號,,金門縣金湖鎮新市里金湖國小大門前路口,118.4161669,24.4419294,普通重型 機車∕自用 小貨車(含客、貨兩用)∕,機車普通重型∕小貨車自用∕,19∕23∕,未受傷∕未受傷∕,38****W代號2297∕05****X代號2298∕,其他∕其他∕,有適當之駕照∕有適當之駕照∕,經檢測無酒精反應∕經檢測無酒精反應∕,機車左側車身∕汽車前車頭∕,未依規定讓車∕未依規定減速∕,未依規定讓車∕未依規定讓車∕,其他∕其他∕,其他∕其他∕,本國∕本國∕
10302,10302Y00030011,YYA1,10302YY000042,2014,2,22,21,25,金門縣,金湖鎮,,NA,市港路,,,NA,,,,,,湖前往新市圓環方向武德新莊第一個路口,NA,NA,NA,NA,NA,NA,NA,NA,NA,0,0,0,晴,夜間（或隧道、地下道、涵洞）有照明,村里道路,50,四岔路,交岔路口內,柏油,乾燥,無缺陷,無障礙物,良好,無號誌,無號誌,無分向設施,未繪設車道線,快慢車道分隔線,有,路口交岔撞,未依規定讓車,Y000,YY00,1,3,2014/2/22,市港路,,金門縣金湖鎮湖前往新市圓環方向武德新莊第一個路口,118.4099121,24.4348324,自用 小客車∕自用 小客車∕,小客車自用∕小客車自用∕,22∕22∕,未受傷∕未受傷∕,07****V代號2299∕07****2代號2300∕,其他∕其他∕,無照（已達考照年齡）∕有適當之駕照∕,經檢測無酒精反應∕經檢測無酒精反應∕,汽車左前車頭（身）∕汽車左後車尾（身）∕,未依規定讓車∕尚未發現肇事因素∕,未依規定讓車∕未依規定讓車∕,其他∕服務工作者∕,購物∕購物∕,本國∕本國∕
10302,10302Y00020032,YYA1,10302YY000044,2014,2,23,19,0,金門縣,金湖鎮,,NA,,,,NA,,,,,,新市圓環,NA,NA,NA,NA,NA,NA,NA,NA,NA,0,1,0,晴,夜間（或隧道、地下道、涵洞）有照明,村里道路,50,圓環,一般車道（未劃分快慢車道）,柏油,乾燥,無缺陷,無障礙物,良好,行車管制號誌,正常,無分向設施,車道線（無標記）,未繪設快慢車道分隔線,有,撞護欄（樁）,未注意車前狀態,Y000,YY00,1,2,2014/2/23,金門縣金湖鎮新市圓環,,金門縣金湖鎮新市圓環,118.413173,24.44069,普通重型 機車∕ ∕,機車普通重型,80∕0∕,受傷,XK****0代號2301,其他,有適當之駕照,無法檢測,機車右側車身,未注意車前狀態∕尚未發現肇事因素∕,未注意車前狀態∕未注意車前狀態∕,無業者,購物,本國∕本國∕
10302,10302Y00020025,YYA1,10302YY000045,2014,2,24,13,55,金門縣,金湖鎮,,NA,環島南路,四,,NA,,,,,,0559柱路燈桿路段,NA,NA,NA,NA,NA,NA,NA,NA,NA,0,1,0,晴,日間自然光線,村里道路,60,直路,路肩、路緣,柏油,乾燥,無缺陷,無障礙物,良好,無號誌,無號誌,附標記,未繪設車道線,快慢車道分隔線,有,撞路樹、電桿,未依規定減速,Y000,YY00,1,2,2014/2/24,環島南路四段,,金門縣金湖鎮0559柱路燈桿路段,118.40101,24.438041,自用 小貨車(含客、貨兩用)∕ ∕,小貨車自用,18∕0∕,受傷,19****S代號2302,其他,越級駕駛,經檢測無酒精反應,汽車前車頭,未依規定減速∕尚未發現肇事因素∕,未依規定減速∕未依規定減速∕,其他,其他,本國∕本國∕
10302,10302Y00030012,YYA1,10302YY000047,2014,2,25,16,50,金門縣,金湖鎮,,NA,三多路,,,NA,,,南機路,,,,NA,NA,NA,NA,NA,NA,NA,NA,NA,0,0,0,晴,日間自然光線,村里道路,50,四岔路,交岔路口內,柏油,乾燥,無缺陷,無障礙物,其他,閃光號誌,不正常,無分向設施,未繪設車道線,未繪設快慢車道分隔線,有,路口交岔撞,未依規定讓車,Y000,YY00,1,3,2014/2/25,三多路,南機路,,118.4406486,24.4439697,自用 小客車∕自用 小客車∕,小客車自用∕小客車自用∕,43∕60∕,未受傷∕未受傷∕,3E****3代號2303∕03****7代號2304∕,其他∕其他∕,有適當之駕照∕有適當之駕照∕,經檢測無酒精反應∕經檢測無酒精反應∕,汽車前車頭∕汽車左側車身∕,未依規定讓車∕未依規定減速∕,未依規定讓車∕未依規定讓車∕,服務工作者∕無業者∕,其他∕社交活動∕,本國∕本國∕
10302,10302Y00020029,YYA1,10302YY000052,2014,2,28,14,5,金門縣,金沙鎮,光前里,NA,陽沙路,,,NA,,,,,,01718路燈桿安瀾國小路段,NA,NA,NA,NA,NA,NA,NA,NA,NA,0,1,0,晴,日間自然光線,村里道路,60,彎曲路及附近,一般車道（未劃分快慢車道）,柏油,乾燥,無缺陷,無障礙物,良好,無號誌,無號誌,無標記,未繪設車道線,未繪設快慢車道分隔線,有,衝出路外,未依規定減速,Y000,YY00,1,2,2014/2/28,陽沙路,,金門縣金沙鎮光前里01718路燈桿安瀾國小路段,118.432385,24.4814738,普通重型 機車∕ ∕乘客 人,機車普通重型乘客,19∕0∕19,受傷未受傷,BM****8代號2305BM****8代號2305,其他其他,無照（已達考照年齡）非汽（機）車駕駛人,經檢測無酒精反應非駕駛人，未檢測,機車左側車身非汽（機）車,未依規定減速∕尚未發現肇事因素∕尚未發現肇事因素,未依規定減速∕未依規定減速∕未依規定減速,大學（研究）生大學（研究）生,其他其他,本國∕本國∕本國
10302,10302Y00020001,YZA1,10302YZ000001,2014,2,1,10,44,金門縣,金寧鄉,盤山村,NA,環島北路,二,,NA,,,,,,0051號路燈桿,NA,NA,NA,NA,NA,NA,NA,NA,NA,0,1,0,晴,日間自然光線,鄉道,50,直路,一般車道（未劃分快慢車道）,柏油,乾燥,無缺陷,無障礙物,良好,無號誌,無號誌,附標記,未繪設車道線,未繪設快慢車道分隔線,有,路上翻車、摔倒,未注意車前狀態,Y000,YZ00,1,2,2014/2/1,環島北路二段,,金門縣金寧鄉盤山村0051號路燈桿,118.3537405,24.452631,普通重型 機車∕ ∕,機車普通重型,51∕0∕,受傷,19****E代號2306,其他,有適當之駕照,經檢測無酒精反應,機車右側車身,未注意車前狀態∕尚未發現肇事因素∕,未注意車前狀態∕未注意車前狀態∕,家庭主婦（夫）,社交活動,本國∕本國∕
10302,10302Y00020003,YZA1,10302YZ000003,2014,2,1,12,34,金門縣,金城鎮,賢庵里,NA,西海路,三,22,22,2,,,,,,NA,NA,NA,NA,NA,NA,NA,NA,NA,0,1,0,晴,日間自然光線,村里道路,40,四岔路,交岔路口內,柏油,乾燥,無缺陷,無障礙物,良好,無號誌,無號誌,無分向設施,未繪設車道線,未繪設快慢車道分隔線,有,路口交岔撞,未注意車前狀態,Y000,YZ00,1,2,2014/2/1,西海路三段22巷22弄2號,,金門縣金城鎮賢庵里,118.3124964,24.4226194,腳踏自行車 慢車∕計程車 小客車∕,腳踏自行車∕小客車計程車∕,9∕56∕,受傷∕未受傷∕,∕58***Q代號2307∕,其他∕其他∕,非汽（機）車駕駛人∕有適當之駕照∕,經觀察未飲酒∕經檢測無酒精反應∕,非汽（機）車∕汽車右前車頭（身）∕,未注意車前狀態∕未依規定讓車∕,未注意車前狀態∕未注意車前狀態∕,小學生∕汽車、火車駕駛員及船員∕,其他∕運輸∕,本國∕本國∕
10302,10302Y00020002,YZA1,10302YZ000004,2014,2,1,10,57,金門縣,金城鎮,南門里,NA,民族路,,,NA,227,,,,,,NA,NA,NA,NA,NA,NA,NA,NA,NA,0,1,0,晴,日間自然光線,村里道路,40,四岔路,交岔路口內,柏油,乾燥,無缺陷,其他障礙物,良好,無號誌,無號誌,無分向設施,車道線（無標記）,未繪設快慢車道分隔線,有,側撞,未保持行車安全距離,Y000,YZ00,1,2,2014/2/1,民族路227號,,金門縣金城鎮南門里,118.3157499,24.4302723,普通輕型 機車∕自用 小客車∕,機車普通輕型∕小客車自用∕,23∕47∕,受傷∕未受傷∕,32****W代號2308∕2M****0代號2309∕,其他∕其他∕,有適當之駕照∕有適當之駕照∕,經檢測無酒精反應∕經檢測無酒精反應∕,機車右側車身∕汽車左側車身∕,未保持行車安全距離∕左轉彎未依規定∕,未保持行車安全距離∕未保持行車安全距離∕,不明∕不明∕,購物∕不明∕,本國∕本國∕
10302,10302Y00030002,YZA1,10302YZ000006,2014,2,2,13,20,金門縣,金城鎮,,NA,中興路,,146,NA,29,,,,,,NA,NA,NA,NA,NA,NA,NA,NA,NA,0,0,0,晴,日間自然光線,村里道路,40,三岔路,交岔口附近,其他鋪裝,乾燥,無缺陷,無障礙物,良好,無號誌,無號誌,無分向設施,未繪設車道線,未繪設快慢車道分隔線,無,追撞,未注意車前狀態,Y000,YZ00,1,3,2014/2/2,中興路146巷29號,,金門縣金城鎮,118.3198462,24.4331914,普通重型 機車∕自用 小客車∕普通重型 機車∕普通重型 機車∕,機車普通重型∕小客車自用∕機車普通重型∕機車普通重型∕,27∕39∕39∕39∕,未受傷∕未受傷∕未受傷∕未受傷∕,51****W代號2310∕09****V代號2311∕36****C代號2312∕26****Z代號2313∕,其他∕其他∕其他∕其他∕,有適當之駕照∕有適當之駕照∕有適當之駕照∕有適當之駕照∕,經檢測無酒精反應∕經檢測無酒精反應∕經觀察未飲酒∕經觀察未飲酒∕,機車前車頭∕汽車右後車尾（身）∕機車右側車身∕機車右側車身∕,未注意車前狀態∕違規停車或暫停不當而肇事∕尚未發現肇事因素∕尚未發現肇事因素∕,未注意車前狀態∕未注意車前狀態∕未注意車前狀態∕未注意車前狀態∕,不明∕不明∕不明∕不明∕,不明∕不明∕不明∕不明∕,本國∕本國∕本國∕本國∕
10302,10302Y00020006,YZA1,10302YZ000007,2014,2,3,16,10,金門縣,金寧鄉,,NA,伯玉路,二,,NA,363,,,,,沈建宏建築師事務所前路段,NA,NA,NA,NA,NA,NA,NA,NA,NA,0,2,0,晴,日間自然光線,村里道路,70,直路,慢車道,水泥,乾燥,無缺陷,無障礙物,良好,無號誌,無號誌,無標記,未繪設車道線,快慢車道分隔線,有,衝出路外,未注意車前狀態,Y000,YZ00,1,2,2014/2/3,伯玉路二段363號,,金門縣金寧鄉沈建宏建築師事務所前路段,118.3416148,24.4414563,普通重型 機車∕ ∕乘客 人,機車普通重型乘客,22∕0∕21,受傷受傷,56****E代號231456****E代號2314,其他其他,有適當之駕照非汽（機）車駕駛人,經檢測無酒精反應非駕駛人，未檢測,機車前車頭非汽（機）車,未注意車前狀態∕尚未發現肇事因素∕尚未發現肇事因素,未注意車前狀態∕未注意車前狀態∕未注意車前狀態,大學（研究）生大學（研究）生,觀光旅遊觀光旅遊,本國∕本國∕本國
10302,10302Y00020007,YZA1,10302YZ000010,2014,2,3,16,35,金門縣,金寧鄉,,NA,寧湖路,,,NA,,,,,,古寧國小側門口,NA,NA,NA,NA,NA,NA,NA,NA,NA,0,1,0,晴,日間自然光線,村里道路,40,三岔路,交岔路口內,柏油,乾燥,無缺陷,無障礙物,良好,無號誌,無號誌,無分向設施,未繪設車道線,未繪設快慢車道分隔線,有,穿越道路中,穿越道路未注意左右來車,Y000,YZ00,1,2,2014/2/3,寧湖路,,金門縣金寧鄉古寧國小側門口,118.3037454,24.4728141,行人 人∕自用 小客車∕,行人∕小客車自用∕,14∕31∕,受傷∕未受傷∕,∕WY****6代號2315∕,非駕駛人及乘客∕其他∕,非汽（機）車駕駛人∕有適當之駕照∕,非駕駛人，未檢測∕經檢測無酒精反應∕,非汽（機）車∕汽車右前車頭（身）∕,穿越道路未注意左右來車∕未注意車前狀態∕,穿越道路未注意左右來車∕穿越道路未注意左右來車∕,小學生∕其他∕,社交活動∕觀光旅遊∕,本國∕本國∕
10302,10302Y00030004,YZA1,10302YZ000011,2014,2,4,8,38,金門縣,金寧鄉,,NA,環島北路,二,,NA,,,,,,后盤山路口,NA,NA,NA,NA,NA,NA,NA,NA,NA,0,0,0,晴,日間自然光線,村里道路,60,四岔路,交岔路口內,柏油,乾燥,無缺陷,無障礙物,良好,無號誌,無號誌,無分向設施,未繪設車道線,未繪設快慢車道分隔線,有,路口交岔撞,未依規定讓車,Y000,YZ00,1,3,2014/2/4,環島北路二段,,金門縣金寧鄉后盤山路口,118.3537405,24.452631,自用 小客車∕自用 小客車∕,小客車自用∕小客車自用∕,31∕58∕,未受傷∕未受傷∕,6F****3代號2316∕WY****8代號2317∕,其他∕其他∕,有適當之駕照∕有適當之駕照∕,經檢測無酒精反應∕經檢測無酒精反應∕,汽車前車頭∕汽車左側車身∕,未依規定讓車∕未依規定減速∕,未依規定讓車∕未依規定讓車∕,不明∕不明∕,不明∕不明∕,本國∕本國∕
10302,10302Y00020009,YZA1,10302YZ000012,2014,2,4,0,15,金門縣,烈嶼鄉,,NA,,,,NA,,,,,,后宅往西方09393號路燈桿前路段,NA,NA,NA,NA,NA,NA,NA,NA,NA,0,1,0,晴,夜間（或隧道、地下道、涵洞）有照明,鄉道,50,彎曲路及附近,一般車道（未劃分快慢車道）,柏油,乾燥,無缺陷,無障礙物,良好,無號誌,無號誌,無標記,未繪設車道線,未繪設快慢車道分隔線,有,衝出路外,酒醉（後）駕駛失控,Y000,YZ00,1,2,2014/2/4,金門縣烈嶼鄉后宅往西方09393號路燈桿前路段,,金門縣烈嶼鄉后宅往西方09393號路燈桿前路段,118.246147,24.439821,自用 小客車∕ ∕,小客車自用,55∕0∕,受傷,05****7代號2318,其他,有適當之駕照,經呼氣檢測超過0.80mg∕L或血液檢測超過0.16,汽車右前車頭（身）,酒醉（後）駕駛失控∕尚未發現肇事因素∕,酒醉（後）駕駛失控∕酒醉（後）駕駛失控∕,服務工作者,其他,本國∕本國∕
10302,10302Y00020010,YZA1,10302YZ000013,2014,2,4,13,28,金門縣,金寧鄉,,NA,伯玉路,二,,NA,,,,,,浯洲一條根前路段,NA,NA,NA,NA,NA,NA,NA,NA,NA,0,1,0,晴,日間自然光線,村里道路,70,直路,快車道,水泥,乾燥,無缺陷,無障礙物,良好,無號誌,無號誌,無標記,未繪設車道線,快慢車道分隔線,有,側撞,未依規定讓車,Y000,YZ00,1,2,2014/2/4,伯玉路二段,,金門縣金寧鄉浯洲一條根前路段,118.3416148,24.4414563,遊覽車 大客車∕普通重型 機車∕,遊覽車∕機車普通重型∕,32∕32∕,未受傷∕受傷∕,WW***6代號2319∕PZ****2代號2320∕,其他∕其他∕,有適當之駕照∕有適當之駕照∕,經檢測無酒精反應∕經檢測無酒精反應∕,汽車右後車尾（身）∕機車右側車身∕,未依規定讓車∕未注意車前狀態∕,未依規定讓車∕未依規定讓車∕,汽車、火車駕駛員及船員∕技術工∕,業務聯繫∕其他∕,本國∕本國∕
10302,10302Y00020012,YZA1,10302YZ000015,2014,2,6,15,40,金門縣,金寧鄉,,NA,伯玉路,,,NA,,,,,,榜林圓環,NA,NA,NA,NA,NA,NA,NA,NA,NA,0,1,0,陰,日間自然光線,村里道路,50,圓環,一般車道（未劃分快慢車道）,柏油,濕潤,無缺陷,無障礙物,良好,無號誌,無號誌,無分向設施,車道線（無標記）,未繪設快慢車道分隔線,有,其他,未依規定讓車,Y000,YZ00,1,2,2014/2/6,伯玉路,,金門縣金寧鄉榜林圓環,118.3267756,24.4346914,普通重型 機車∕自用 小貨車(含客、貨兩用)∕,機車普通重型∕小貨車自用∕,30∕57∕,受傷∕未受傷∕,31****G代號2321∕27****J代號2322∕,其他∕其他∕,有適當之駕照∕有適當之駕照∕,經檢測無酒精反應∕經檢測無酒精反應∕,機車左側車身∕汽車右前車頭（身）∕,未依規定讓車∕未注意車前狀態∕,未依規定讓車∕未依規定讓車∕,技術員及助理人員∕不明∕,其他∕其他∕,本國∕本國∕
10302,,YZA1,10302YZ000016,2014,2,6,20,45,金門縣,金城鎮,,NA,民族路,,,NA,,,,,,體育館停車場出入口,NA,NA,NA,NA,NA,NA,NA,NA,NA,0,0,0,晴,NA,NA,40,NA,NA,NA,NA,NA,NA,NA,NA,NA,NA,NA,NA,NA,NA,NA,Y000,YZ00,1,4,2014/2/6,民族路,,金門縣金城鎮體育館停車場出入口,118.3157499,24.4302723,自用 小客車∕ ∕,小客車自用,29∕0∕,,AA*****9代號2323,,,,,,,,,本國∕本國∕
10302,10302Y00020013,YZA1,10302YZ000020,2014,2,10,16,14,金門縣,金城鎮,,NA,西海路,二,,NA,,,,,,賢聚叉路口,NA,NA,NA,NA,NA,NA,NA,NA,NA,0,1,0,陰,日間自然光線,村里道路,50,三岔路,交岔路口內,柏油,乾燥,無缺陷,無障礙物,良好,無號誌,無號誌,無分向設施,未繪設車道線,未繪設快慢車道分隔線,有,同向擦撞,違規超車,Y000,YZ00,1,2,2014/2/10,西海路二段,,金門縣金城鎮賢聚叉路口,118.3041626,24.4144371,自用 小客車∕普通重型 機車∕,小客車自用∕機車普通重型∕,40∕24∕,未受傷∕受傷∕,05****7代號2324∕85****T代號2325∕,其他∕其他∕,有適當之駕照∕有適當之駕照∕,經檢測無酒精反應∕經檢測無酒精反應∕,汽車右側車身∕機車左側車身∕,違規超車∕尚未發現肇事因素∕,違規超車∕違規超車∕,技術員及助理人員∕無業者∕,上、下班∕其他∕,本國∕本國∕
10302,10302Y00020014,YZA1,10302YZ000021,2014,2,10,17,45,金門縣,金湖鎮,,NA,,,,NA,,,,,,新市圓環,NA,NA,NA,NA,NA,NA,NA,NA,NA,0,1,0,晴,日間自然光線,村里道路,50,圓環,一般車道（未劃分快慢車道）,柏油,乾燥,無缺陷,無障礙物,良好,行車管制號誌,正常,無分向設施,未繪設車道線,快慢車道分隔線,有,其他,未依規定讓車,Y000,YZ00,1,2,2014/2/10,金門縣金湖鎮新市圓環,,金門縣金湖鎮新市圓環,118.413173,24.44069,普通重型 機車∕自用 小客車∕,機車普通重型∕小客車自用∕,33∕50∕,受傷∕未受傷∕,27****D代號2326∕22****S代號2327∕,其他∕其他∕,有適當之駕照∕有適當之駕照∕,經檢測無酒精反應∕經檢測無酒精反應∕,機車左側車身∕汽車右前車頭（身）∕,未依規定讓車∕未注意車前狀態∕,未依規定讓車∕未依規定讓車∕,服務工作者∕家庭主婦（夫）∕,購物∕購物∕,本國∕本國∕
10302,10302Y00030005,YZA1,10302YZ000022,2014,2,10,15,5,金門縣,金城鎮,,NA,西海路,二,,NA,47,,,,,,NA,NA,NA,NA,NA,NA,NA,NA,NA,0,0,0,晴,日間自然光線,村里道路,50,直路,一般車道（未劃分快慢車道）,柏油,乾燥,無缺陷,無障礙物,良好,無號誌,無號誌,無標記,未繪設車道線,未繪設快慢車道分隔線,有,追撞,未保持行車安全距離,Y000,YZ00,1,3,2014/2/10,西海路二段47號,,金門縣金城鎮,118.3041626,24.4144371,計程車 小客車∕普通重型 機車∕,小客車計程車∕機車普通重型∕,41∕24∕,未受傷∕未受傷∕,08***5代號2158∕10****Z代號2328∕,其他∕其他∕,有適當之駕照∕有適當之駕照∕,經檢測無酒精反應∕經檢測無酒精反應∕,汽車前車頭∕機車後車尾∕,未保持行車安全距離∕左轉彎未依規定∕,未保持行車安全距離∕未保持行車安全距離∕,不明∕不明∕,不明∕不明∕,本國∕本國∕
10302,10302Y00030006,YZA1,10302YZ000024,2014,2,12,5,28,金門縣,金城鎮,,NA,中興路,,,NA,,,莒光路,,,,NA,NA,NA,NA,NA,NA,NA,NA,NA,0,0,0,晴,夜間（或隧道、地下道、涵洞）有照明,村里道路,40,四岔路,交岔路口內,水泥,乾燥,無缺陷,無障礙物,良好,無號誌,無號誌,無分向設施,未繪設車道線,未繪設快慢車道分隔線,無,路口交岔撞,未依規定讓車,Y000,YZ00,1,3,2014/2/12,中興路,莒光路,,118.3169615,24.43272812,計程車 小客車∕自用 小客車∕,小客車計程車∕小客車自用∕,34∕19∕,未受傷∕未受傷∕,12***5代號1197∕ZL****2代號2329∕,其他∕其他∕,有適當之駕照∕有適當之駕照∕,經檢測無酒精反應∕經檢測無酒精反應∕,汽車右前車頭（身）∕汽車左前車頭（身）∕,未依規定讓車∕未依規定減速∕,未依規定讓車∕未依規定讓車∕,汽車、火車駕駛員及船員∕不明∕,其他∕不明∕,本國∕本國∕
10302,10302Y00020016,YZA1,10302YZ000025,2014,2,12,7,38,金門縣,金城鎮,,NA,中興路,,,NA,,,,,,金城鎮公所後方停車場前路段,NA,NA,NA,NA,NA,NA,NA,NA,NA,0,1,0,晴,日間自然光線,村里道路,50,三岔路,交岔路口內,柏油,乾燥,無缺陷,無障礙物,良好,無號誌,無號誌,無分向設施,未繪設車道線,未繪設快慢車道分隔線,有,側撞,未依規定讓車,Y000,YZ00,1,2,2014/2/12,中興路,,金門縣金城鎮金城鎮公所後方停車場前路段,118.3209249,24.4326671,自用 小客車∕普通重型 機車∕,小客車自用∕機車普通重型∕,45∕49∕,未受傷∕受傷∕,WY****2代號2330∕65****C代號2331∕,其他∕其他∕,有適當之駕照∕有適當之駕照∕,經檢測無酒精反應∕經檢測無酒精反應∕,汽車前車頭∕機車前車頭∕,未依規定讓車∕未依規定減速∕,未依規定讓車∕未依規定讓車∕,不明∕不明∕,上、下班∕上、下班∕,本國∕本國∕
10302,10302Y00020017,YZA1,10302YZ000026,2014,2,12,11,19,金門縣,金城鎮,珠沙里,NA,金山路,,,NA,,,,,,05653號路燈桿,NA,NA,NA,NA,NA,NA,NA,NA,NA,0,1,0,晴,日間自然光線,鄉道,40,直路,一般車道（未劃分快慢車道）,柏油,乾燥,無缺陷,無障礙物,良好,無號誌,無號誌,附標記,未繪設車道線,未繪設快慢車道分隔線,有,路上翻車、摔倒,未注意車前狀態,Y000,YZ00,1,2,2014/2/12,金山路,,金門縣金城鎮珠沙里05653號路燈桿,118.3277754,24.4167689,普通重型 機車∕ ∕,機車普通重型,71∕0∕,受傷,13****K代號2332,其他,有適當之駕照,經檢測無酒精反應,機車前車頭,未注意車前狀態∕尚未發現肇事因素∕,未注意車前狀態∕未注意車前狀態∕,農林漁牧工作者,社交活動,本國∕本國∕
10302,10302Y00030007,YZA1,10302YZ000028,2014,2,15,8,56,金門縣,金城鎮,,NA,民族路,,,NA,,,環島西路,一,,,NA,NA,NA,NA,NA,NA,NA,NA,NA,0,0,0,晴,日間自然光線,村里道路,50,三岔路,交岔路口內,柏油,乾燥,無缺陷,無障礙物,良好,無號誌,無號誌,無分向設施,未繪設車道線,未繪設快慢車道分隔線,有,其他,逆向行駛,Y000,YZ00,1,3,2014/2/15,民族路,環島西路一段,,118.321341,24.430973,自用 大貨車∕普通重型 機車∕,大貨車自用∕機車普通重型∕,48∕24∕,未受傷∕未受傷∕,42***D代號2333∕33****Z代號2334∕,其他∕其他∕,有適當之駕照∕有適當之駕照∕,經檢測無酒精反應∕經檢測無酒精反應∕,汽車右後車尾（身）∕機車前車頭∕,逆向行駛∕未注意車前狀態∕,逆向行駛∕逆向行駛∕,不明∕不明∕,不明∕不明∕,本國∕本國∕
10302,10302Y00020018,YZA1,10302YZ000029,2014,2,16,15,0,金門縣,金寧鄉,,NA,環島北路,一,,NA,,,,,,大學路路口,NA,NA,NA,NA,NA,NA,NA,NA,NA,0,1,0,陰,日間自然光線,村里道路,60,三岔路,交岔口附近,柏油,乾燥,無缺陷,無障礙物,良好,行車管制號誌,正常,無標記,未繪設車道線,未繪設快慢車道分隔線,有,追撞,未保持行車安全距離,Y000,YZ00,1,2,2014/2/16,環島北路一段,,金門縣金寧鄉大學路路口,118.3283226,24.4462231,普通重型 機車∕計程車 小客車∕,機車普通重型∕小客車計程車∕,19∕48∕,受傷∕未受傷∕,AA*****3代號2335∕06***5代號2336∕,其他∕其他∕,有適當之駕照∕有適當之駕照∕,經檢測無酒精反應∕經檢測無酒精反應∕,機車前車頭∕汽車右後車尾（身）∕,未保持行車安全距離∕尚未發現肇事因素∕,未保持行車安全距離∕未保持行車安全距離∕,其他∕其他∕,其他∕其他∕,本國∕本國∕