年月,總編號,處理單位,處理編號,年,月,日,時,分,縣市,區,村里,鄰,街道,段,巷,弄,號,公尺處,街道.1,段.1,側,附近,道路,公里,公尺處.1,向,車道,平交道,公里.1,公尺處.2,附近.1,死,受傷,X2.30,天候,光線,道路類別,速限,道路型態,事故位置,路面鋪裝,路面狀態,路面缺陷,障礙物,視距,號誌種類,號誌動作,分向設施,快車道或一般車道間,快慢車道間,路面邊線,事故類型及型態,主要肇因,警局,分局,案件類別,事故類別,日期,道路1,道路2,概略位置,lon,lat,車種,當事者區分.類別.,年齡,受傷程度,車輛牌照號碼,車輛用途,駕駛資格情形,飲酒情形,車輛撞擊部位最初,肇事因素個別,肇事因素主要,職.業,旅次目的,國籍
10302,10302Y00020019,YZA1,10302YZ000031,2014,2,17,12,20,金門縣,金寧鄉,,NA,大學路,,,NA,Jan-55,,,,,,NA,NA,NA,NA,NA,NA,NA,NA,NA,0,3,0,雨,日間自然光線,村里道路,40,直路,一般車道（未劃分快慢車道）,柏油,濕潤,無缺陷,無障礙物,良好,無號誌,無號誌,窄式無柵欄,未繪設車道線,未繪設快慢車道分隔線,有,同向通行中,未注意車前狀態,Y000,YZ00,1,2,2014/2/17,大學路55-1號,,金門縣金寧鄉,118.325279,24.4466751,普通重型 機車∕行人 人∕乘客 人,機車普通重型∕行人∕乘客,20∕20∕21,受傷∕受傷∕受傷,55****U代號233755****U代號2337,其他∕非駕駛人及乘客∕其他,有適當之駕照∕非汽（機）車駕駛人∕非汽（機）車駕駛人,經檢測無酒精反應∕非駕駛人，未檢測∕非駕駛人，未檢測,機車前車頭∕非汽（機）車∕非汽（機）車,未注意車前狀態∕其他引起事故之疏失或行為∕尚未發現肇事因素,未注意車前狀態∕未注意車前狀態∕未注意車前狀態,大學（研究）生∕大學（研究）生∕大學（研究）生,其他∕其他∕其他,本國∕非本國∕本國
10302,10302Y00020020,YZA1,10302YZ000033,2014,2,17,17,40,金門縣,金寧鄉,盤山村,NA,林堡路,,,NA,下堡2,,,,,,NA,NA,NA,NA,NA,NA,NA,NA,NA,0,1,0,晴,日間自然光線,村里道路,50,三岔路,交岔路口內,柏油,濕潤,無缺陷,無障礙物,良好,無號誌,無號誌,無分向設施,未繪設車道線,未繪設快慢車道分隔線,有,側撞,未依規定讓車,Y000,YZ00,1,2,2014/2/17,金門縣金寧鄉盤山村下堡2號,,金門縣金寧鄉盤山村,118.3424309,24.4530326,普通重型 機車∕自用 小客車∕,機車普通重型∕小客車自用∕,52∕20∕,受傷∕未受傷∕,PZ****2代號2338∕18****V代號2339∕,其他∕其他∕,有適當之駕照∕有適當之駕照∕,經檢測無酒精反應∕經檢測無酒精反應∕,機車前車頭∕汽車右前車頭（身）∕,未依規定讓車∕未依規定減速∕,未依規定讓車∕未依規定讓車∕,技術員及助理人員∕事務工作者∕,上、下班∕上、下班∕,本國∕本國∕
10302,10302Y00020021,YZA1,10302YZ000034,2014,2,17,19,18,金門縣,金寧鄉,,NA,,,,NA,,,,,,榜林圓環內,NA,NA,NA,NA,NA,NA,NA,NA,NA,0,1,0,晴,夜間（或隧道、地下道、涵洞）有照明,村里道路,60,圓環,一般車道（未劃分快慢車道）,柏油,乾燥,無缺陷,無障礙物,良好,無號誌,無號誌,無分向設施,未繪設車道線,快慢車道分隔線,有,其他,未依規定讓車,Y000,YZ00,1,2,2014/2/17,金門縣金寧鄉榜林圓環內,,金門縣金寧鄉榜林圓環內,118.330294,24.438568,自用 小貨車(含客、貨兩用)∕普通重型 機車∕,小貨車自用∕機車普通重型∕,41∕44∕,未受傷∕受傷∕,24****3代號2340∕22****G代號2341∕,其他∕其他∕,有適當之駕照∕有適當之駕照∕,經檢測無酒精反應∕經檢測無酒精反應∕,汽車左前車頭（身）∕機車前車頭∕,未依規定讓車∕未注意車前狀態∕,未依規定讓車∕未依規定讓車∕,不明∕家庭主婦（夫）∕,其他∕其他∕,本國∕本國∕
10302,10302Y00020022,YZA1,10302YZ000035,2014,2,18,11,20,金門縣,金城鎮,,NA,民權路,,,NA,173,,,,,,NA,NA,NA,NA,NA,NA,NA,NA,NA,0,1,0,晴,日間自然光線,村里道路,50,四岔路,交岔路口內,柏油,乾燥,無缺陷,無障礙物,良好,無號誌,無號誌,無分向設施,未繪設車道線,未繪設快慢車道分隔線,有,同向擦撞,違規超車,Y000,YZ00,1,2,2014/2/18,民權路173號,,金門縣金城鎮,118.3192898,24.4381016,遊覽車 大客車∕普通輕型 機車∕,遊覽車∕機車普通輕型∕,40∕78∕,未受傷∕受傷∕,A4***1代號2342∕38****B代號2343∕,其他∕其他∕,有適當之駕照∕有適當之駕照∕,經檢測無酒精反應∕經檢測無酒精反應∕,汽車右側車身∕機車左側車身∕,違規超車∕尚未發現肇事因素∕,違規超車∕違規超車∕,汽車、火車駕駛員及船員∕不明∕,運輸∕不明∕,本國∕本國∕
10302,10302Y00020023,YZA1,10302YZ000036,2014,2,18,22,14,金門縣,金城鎮,東門里,NA,北堤路,,,NA,,,,,,88巷1號,NA,NA,NA,NA,NA,NA,NA,NA,NA,0,1,0,雨,夜間（或隧道、地下道、涵洞）有照明,鄉道,40,直路,一般車道（未劃分快慢車道）,柏油,濕潤,無缺陷,路上有停車,路上停放車輛,無號誌,無號誌,附標記,未繪設車道線,快慢車道分隔線,有,其他,未注意車前狀態,Y000,YZ00,1,2,2014/2/18,北堤路,,金門縣金城鎮東門里88巷1號,118.3167419,24.4294062,普通重型 機車∕自用 小貨車(含客、貨兩用)∕,機車普通重型∕小貨車自用∕,19∕50∕,受傷∕未受傷∕,00****Z代號2344∕WY****0代號2345∕,其他∕其他∕,有適當之駕照∕有適當之駕照∕,經檢測無酒精反應∕經觀察未飲酒∕,機車前車頭∕汽車左後車尾（身）∕,未注意車前狀態∕違規停車或暫停不當而肇事∕,未注意車前狀態∕未注意車前狀態∕,高中生∕其他∕,不明∕其他∕,本國∕本國∕
10302,10302Y00020024,YZA1,10302YZ000038,2014,2,21,18,5,金門縣,金城鎮,,NA,民生路,,,NA,10,,,,,,NA,NA,NA,NA,NA,NA,NA,NA,NA,0,2,0,晴,夜間（或隧道、地下道、涵洞）有照明,村里道路,40,三岔路,交岔口附近,柏油,乾燥,無缺陷,無障礙物,良好,無號誌,無號誌,無標記,未繪設車道線,快慢車道分隔線,有,側撞,違反特定標誌（線）禁制,Y000,YZ00,1,2,2014/2/21,民生路10號,,金門縣金城鎮,118.3190184,24.43575,普通重型 機車∕普通重型 機車∕乘客 人,機車普通重型∕機車普通重型∕乘客,57∕41∕15,未受傷∕受傷∕受傷,PZ****2代號2346∕67****T代號2347∕67****T代號2347,其他∕其他∕其他,有適當之駕照∕有適當之駕照∕非汽（機）車駕駛人,經檢測無酒精反應∕經檢測無酒精反應∕非駕駛人，未檢測,機車前車頭∕機車左側車身∕非汽（機）車,違反特定標誌（線）禁制∕尚未發現肇事因素∕尚未發現肇事因素,違反特定標誌（線）禁制∕違反特定標誌（線）禁制∕違反特定標誌（線）禁制,其他∕其他∕國中生,其他∕其他∕其他,本國∕本國∕本國
10302,,YZA1,10302YZ000039,2014,2,21,17,50,金門縣,金城鎮,珠沙里,NA,,,,NA,,,,,,和平社區7號前路段,NA,NA,NA,NA,NA,NA,NA,NA,NA,0,0,0,NA,NA,NA,0,NA,NA,NA,NA,NA,NA,NA,NA,NA,NA,NA,NA,NA,NA,NA,Y000,YZ00,1,4,2014/2/21,金門縣金城鎮珠沙里和平社區7號前路段,,金門縣金城鎮珠沙里和平社區7號前路段,118.32784,24.414351,自用 小客車∕自用 小客車∕,小客車自用∕小客車自用∕,47∕47∕,,6F****7代號2348∕14****S代號2349∕,,,,,,,,,本國∕本國∕
10302,10302Y00030010,YZA1,10302YZ000040,2014,2,22,8,35,金門縣,金寧鄉,,NA,,,,NA,,,,,,埔後03286號路燈桿旁路口,NA,NA,NA,NA,NA,NA,NA,NA,NA,0,0,0,晴,日間自然光線,村里道路,40,四岔路,交岔路口內,水泥,乾燥,無缺陷,無障礙物,良好,無號誌,無號誌,無分向設施,未繪設車道線,未繪設快慢車道分隔線,無,路口交岔撞,未依規定讓車,Y000,YZ00,1,3,2014/2/22,金門縣金寧鄉埔後03286號路燈桿旁路口,,金門縣金寧鄉埔後03286號路燈桿旁路口,118.317029,24.442928,普通重型 機車∕自用 小客車∕,機車普通重型∕小客車自用∕,27∕32∕,未受傷∕未受傷∕,25****F代號2350∕30****3代號2351∕,其他∕其他∕,有適當之駕照∕有適當之駕照∕,經檢測無酒精反應∕經檢測無酒精反應∕,機車前車頭∕汽車前車頭∕,未依規定讓車∕未依規定減速∕,未依規定讓車∕未依規定讓車∕,不明∕不明∕,不明∕不明∕,本國∕本國∕
10302,10302Y00020031,YZA1,10302YZ000043,2014,2,23,17,10,金門縣,金城鎮,,NA,伯玉路,一,,NA,15,,,,,,NA,NA,NA,NA,NA,NA,NA,NA,NA,0,3,0,晴,日間自然光線,村里道路,60,直路,一般車道（未劃分快慢車道）,柏油,乾燥,無缺陷,無障礙物,良好,無號誌,無號誌,無標記,未繪設車道線,快慢車道分隔線,有,側撞,未依規定讓車,Y000,YZ00,1,2,2014/2/23,伯玉路一段15號,,金門縣金城鎮,118.3267756,24.4346914,普通重型 機車∕普通重型 機車∕乘客 人,機車普通重型∕機車普通重型∕乘客,20∕19∕19,受傷∕受傷∕受傷,PS****1代號2352∕H9****8代號2353∕H9****8代號2353,其他∕其他∕其他,有適當之駕照∕有適當之駕照∕非汽（機）車駕駛人,經檢測無酒精反應∕經檢測無酒精反應∕非駕駛人，未檢測,機車前車頭∕機車左側車身∕非汽（機）車,未依規定讓車∕未注意車前狀態∕尚未發現肇事因素,未依規定讓車∕未依規定讓車∕未依規定讓車,大學（研究）生∕大學（研究）生∕大學（研究）生,不明∕不明∕不明,本國∕本國∕本國
10302,10302Y00020026,YZA1,10302YZ000046,2014,2,24,18,26,金門縣,金寧鄉,湖埔村,NA,,,,NA,,,,,,東坑6號,NA,NA,NA,NA,NA,NA,NA,NA,NA,0,1,0,晴,夜間（或隧道、地下道、涵洞）有照明,鄉道,40,彎曲路及附近,一般車道（未劃分快慢車道）,柏油,乾燥,無缺陷,無障礙物,良好,無號誌,無號誌,無標記,未繪設車道線,未繪設快慢車道分隔線,有,路上翻車、摔倒,酒醉（後）駕駛失控,Y000,YZ00,1,2,2014/2/24,金門縣金寧鄉湖埔村東坑6號,,金門縣金寧鄉湖埔村東坑6號,118.2333908,24.4422512,普通重型 機車∕ ∕,機車普通重型,34∕0∕,受傷,21****F代號2354,其他,駕照被吊（註）銷,經呼氣檢測超過0.80mg∕L或血液檢測超過0.16,機車前車頭,酒醉（後）駕駛失控∕尚未發現肇事因素∕,酒醉（後）駕駛失控∕酒醉（後）駕駛失控∕,不明,不明,本國∕本國∕
10302,10302Y00020027,YZA1,10302YZ000048,2014,2,25,16,39,金門縣,金城鎮,東門里,NA,西海路,三,,NA,,,北堤路,,,浯江橋旁,NA,NA,NA,NA,NA,NA,NA,NA,NA,0,1,0,晴,日間自然光線,鄉道,40,四岔路,交岔路口內,柏油,乾燥,無缺陷,無障礙物,良好,行車管制號誌（附設行人專用號誌）,正常,無分向設施,未繪設車道線,未繪設快慢車道分隔線,有,同向通行中,搶越行人穿越道,Y000,YZ00,1,2,2014/2/25,西海路三段,北堤路,,118.3155284,24.42927395,營業用 小貨車(含客、貨兩用)∕行人 人∕,小貨車營業用∕行人∕,24∕80∕,未受傷∕受傷∕,05****7代號2355,其他∕非駕駛人及乘客∕,有適當之駕照∕非汽（機）車駕駛人∕,經觀察未飲酒∕非駕駛人，未檢測∕,汽車左前車頭（身）∕非汽（機）車∕,搶越行人穿越道∕尚未發現肇事因素∕,搶越行人穿越道∕搶越行人穿越道∕,不明∕不明∕,其他∕不明∕,本國∕本國∕
10302,10302Y00020033,YZA1,10302YZ000049,2014,2,24,17,15,金門縣,金城鎮,,NA,環島西路,一,,NA,18,,,,,,NA,NA,NA,NA,NA,NA,NA,NA,NA,0,1,0,晴,日間自然光線,村里道路,50,直路,一般車道（未劃分快慢車道）,柏油,乾燥,無缺陷,無障礙物,良好,無號誌,無號誌,無標記,未繪設車道線,未繪設快慢車道分隔線,有,同向擦撞,未保持行車安全距離,Y000,YZ00,1,2,2014/2/24,環島西路一段18號,,金門縣金城鎮,118.3184801,24.4172073,普通重型 機車∕普通重型 機車∕,機車普通重型∕機車普通重型∕,49∕48∕,受傷∕未受傷∕,81****D代號2356∕PZ****6代號2357∕,其他∕其他∕,有適當之駕照∕有適當之駕照∕,經檢測無酒精反應∕不明∕,機車前車頭∕機車後車尾∕,未保持行車安全距離∕尚未發現肇事因素∕,未保持行車安全距離∕未保持行車安全距離∕,其他∕其他∕,其他∕其他∕,本國∕本國∕
10302,,YZA1,10302YZ000050,2014,2,26,12,18,金門縣,金城鎮,,NA,光前路,,,NA,60,,,,,,NA,NA,NA,NA,NA,NA,NA,NA,NA,0,0,0,NA,NA,NA,0,NA,NA,NA,NA,NA,NA,NA,NA,NA,NA,NA,NA,NA,NA,NA,Y000,YZ00,4,2,2014/2/26,光前路60號,,金門縣金城鎮,118.3142468,24.4339885,營業用 小貨車(含客、貨兩用)∕普通重型 機車∕,小貨車營業用∕機車普通重型∕,27∕76∕,,10***N代號2358∕AA*****1代號2277∕,,,,,,,,,本國∕本國∕
10302,10302Y00020028,YZA1,10302YZ000051,2014,2,26,17,38,金門縣,金城鎮,西門里,NA,莒光路,,,NA,104,,,,,,NA,NA,NA,NA,NA,NA,NA,NA,NA,0,1,0,陰,日間自然光線,村里道路,40,四岔路,交岔路口內,柏油,濕潤,無缺陷,無障礙物,良好,無號誌,無號誌,無分向設施,未繪設車道線,未繪設快慢車道分隔線,無,路上翻車、摔倒,未注意車前狀態,Y000,YZ00,1,2,2014/2/26,莒光路104號,,金門縣金城鎮西門里,118.3169343,24.432731,普通重型 機車∕ ∕,機車普通重型,37∕0∕,受傷,00****D代號2359,其他,有適當之駕照,經檢測無酒精反應,機車前車頭,未注意車前狀態∕尚未發現肇事因素∕,未注意車前狀態∕未注意車前狀態∕,無業者,社交活動,本國∕本國∕
10303,,YYA1,10303YY000001,2014,3,1,15,31,金門縣,金湖鎮,,NA,太湖路,二,,NA,,,復國路,,,,NA,NA,NA,NA,NA,NA,NA,NA,NA,0,0,0,NA,NA,NA,0,NA,NA,NA,NA,NA,NA,NA,NA,NA,NA,NA,NA,NA,NA,NA,Y000,YY00,1,4,2014/3/1,太湖路二段,復國路,,118.427356,24.436017,自用 大貨車∕自用 小客車∕,大貨車自用∕小客車自用∕,70∕26∕,,VU***6代號2360∕YD****2代號2361∕,,,,,,,,,本國∕本國∕
10303,10303Y00020002,YYA1,10303YY000003,2014,3,2,18,33,金門縣,金湖鎮,瓊林里,NA,環島北路,三,,NA,,,,,,瓊林公車站前,NA,NA,NA,NA,NA,NA,NA,NA,NA,0,1,0,晴,夜間（或隧道、地下道、涵洞）有照明,村里道路,60,三岔路,交岔路口內,柏油,乾燥,無缺陷,無障礙物,良好,無號誌,無號誌,無分向設施,未繪設車道線,未繪設快慢車道分隔線,有,穿越道路中,未注意車前狀態,Y000,YY00,1,2,2014/3/2,環島北路三段,,金門縣金湖鎮瓊林里瓊林公車站前,118.388325,24.466263,自用 小客車∕行人 人∕,小客車自用∕行人∕,40∕58∕,未受傷∕受傷∕,6F****9代號2362,其他∕非駕駛人及乘客∕,有適當之駕照∕非汽（機）車駕駛人∕,經檢測無酒精反應∕非駕駛人，未檢測∕,汽車右前車頭（身）∕非汽（機）車∕,未注意車前狀態∕穿越道路未注意左右來車∕,未注意車前狀態∕未注意車前狀態∕,其他∕無業者∕,其他∕其他∕,本國∕本國∕
10303,10303Y00020005,YYA1,10303YY000005,2014,3,3,17,5,金門縣,金湖鎮,,NA,環島南路,四,,NA,,,,,,漁村路口,NA,NA,NA,NA,NA,NA,NA,NA,NA,0,2,0,晴,日間自然光線,村里道路,50,四岔路,交岔路口內,柏油,乾燥,無缺陷,無障礙物,良好,無號誌,無號誌,無分向設施,未繪設車道線,未繪設快慢車道分隔線,有,側撞,右轉彎未依規定,Y000,YY00,1,2,2014/3/3,環島南路四段,,金門縣金湖鎮漁村路口,118.40101,24.438041,自用 小貨車(含客、貨兩用)∕普通重型 機車∕乘客 人,小貨車自用∕機車普通重型∕乘客,50∕20∕19,未受傷∕受傷∕受傷,6F****8代號2363∕AD*****3代號2364∕AD*****3代號2364,其他∕其他∕其他,有適當之駕照∕有適當之駕照∕非汽（機）車駕駛人,經檢測無酒精反應∕經檢測無酒精反應∕非駕駛人，未檢測,汽車右前車頭（身）∕機車前車頭∕非汽（機）車,右轉彎未依規定∕未注意車前狀態∕尚未發現肇事因素,右轉彎未依規定∕右轉彎未依規定∕右轉彎未依規定,技術工∕大學（研究）生∕大學（研究）生,業務聯繫∕購物∕購物,本國∕本國∕本國
10303,10303Y00020006,YYA1,10303YY000006,2014,3,5,12,10,金門縣,金沙鎮,,NA,,,,NA,,,,,,忠孝新村511號前路口,NA,NA,NA,NA,NA,NA,NA,NA,NA,0,1,0,晴,日間自然光線,村里道路,40,四岔路,交岔路口內,其他鋪裝,乾燥,無缺陷,無障礙物,良好,無號誌,無號誌,無分向設施,未繪設車道線,未繪設快慢車道分隔線,無,路口交岔撞,未依規定讓車,Y000,YY00,1,2,2014/3/5,金門縣金沙鎮忠孝新村511號前路口,,金門縣金沙鎮忠孝新村511號前路口,118.413013,24.493643,普通重型 機車∕自用 小貨車(含客、貨兩用)∕,機車普通重型∕小貨車自用∕,26∕40∕,受傷∕未受傷∕,92****D代號2365∕6F****5代號2366∕,其他∕其他∕,有適當之駕照∕有適當之駕照∕,經檢測無酒精反應∕經呼氣檢測未超過0.15mg∕L或血液檢測未超過0.03∕,機車前車頭∕汽車左側車身∕,未依規定讓車∕未依規定減速∕,未依規定讓車∕未依規定讓車∕,其他∕其他∕,其他∕其他∕,本國∕本國∕
10303,,YYA1,10303YY000007,2014,3,5,14,14,金門縣,金湖鎮,,NA,環島南路,四,,NA,,,,,,168加油站前路段,NA,NA,NA,NA,NA,NA,NA,NA,NA,0,0,0,NA,NA,NA,50,NA,NA,NA,NA,NA,NA,NA,NA,NA,NA,NA,NA,NA,NA,NA,Y000,YY00,1,4,2014/3/5,環島南路四段,,金門縣金湖鎮168加油站前路段,118.40101,24.438041,自用 大貨車∕自用 小客車∕,大貨車自用∕小客車自用∕,52∕24∕,,01***J代號2367∕37****F代號2368∕,,,,,,,,,本國∕本國∕
10303,10303Y00020008,YYA1,10303YY000012,2014,3,5,17,20,金門縣,金湖鎮,下莊里,NA,光武路,,,NA,,,士校路,,,,NA,NA,NA,NA,NA,NA,NA,NA,NA,0,1,0,晴,日間自然光線,村里道路,50,三岔路,交岔路口內,柏油,乾燥,無缺陷,其他障礙物,其他,無號誌,無號誌,無分向設施,未繪設車道線,未繪設快慢車道分隔線,有,側撞,未依規定讓車,Y000,YY00,1,2,2014/3/5,光武路,士校路,,118.4295533,24.4493768,普通輕型 機車∕自用 小客車∕,機車普通輕型∕小客車自用∕,56∕64∕,受傷∕未受傷∕,WZ****2代號2369∕WY****3代號2370∕,其他∕其他∕,駕照被吊（註）銷∕有適當之駕照∕,無法檢測∕無法檢測∕,機車左側車身∕汽車前車頭∕,未依規定讓車∕未依規定減速∕,未依規定讓車∕未依規定讓車∕,服務工作者∕農林漁牧工作者∕,上、下班∕上、下班∕,本國∕本國∕
10303,10303Y00030002,YYA1,10303YY000014,2014,3,6,16,7,金門縣,金湖鎮,正義里,NA,經武路,,,NA,,,,,,1189號路燈近陳仔山路口,NA,NA,NA,NA,NA,NA,NA,NA,NA,0,0,0,晴,日間自然光線,村里道路,60,彎曲路及附近,一般車道（未劃分快慢車道）,柏油,乾燥,無缺陷,無障礙物,良好,無號誌,無號誌,無標記,未繪設車道線,未繪設快慢車道分隔線,有,撞路樹、電桿,未注意車前狀態,Y000,YY00,1,3,2014/3/6,經武路,,金門縣金湖鎮正義里1189號路燈近陳仔山路口,118.3875082,24.4434136,自用 小客車∕ ∕,小客車自用,32∕0∕,未受傷,UK****1代號2371,其他,有適當之駕照,經檢測無酒精反應,汽車右前車頭（身）,未注意車前狀態∕尚未發現肇事因素∕,未注意車前狀態∕未注意車前狀態∕,其他,其他,本國∕本國∕
10303,10303Y00020013,YYA1,10303YY000017,2014,3,7,9,25,金門縣,金湖鎮,新市里,NA,太湖路,一,,NA,,,,,,新市圓環內,NA,NA,NA,NA,NA,NA,NA,NA,NA,0,1,0,晴,日間自然光線,村里道路,50,圓環,一般車道（未劃分快慢車道）,柏油,乾燥,無缺陷,無障礙物,良好,無號誌,無號誌,無標記,車道線（無標記）,未繪設快慢車道分隔線,有,同向擦撞,未保持行車安全間隔,Y000,YY00,1,2,2014/3/7,太湖路一段,,金門縣金湖鎮新市里新市圓環內,118.4047483,24.4473343,自用 小客車∕普通重型 機車∕,小客車自用∕機車普通重型∕,70∕44∕,未受傷∕受傷∕,6F****1代號2372∕AD*****1代號2373∕,其他∕其他∕,有適當之駕照∕越級駕駛∕,經檢測無酒精反應∕經檢測無酒精反應∕,汽車右側車身∕機車後車尾∕,未保持行車安全間隔∕未保持行車安全間隔∕,未保持行車安全間隔∕未保持行車安全間隔∕,其他∕其他∕,其他∕其他∕,本國∕本國∕
10303,10303Y00020014,YYA1,10303YY000018,2014,3,7,9,38,金門縣,金沙鎮,光前里,NA,環島東路,一,,NA,,,,,,光前里活動中心右前路口,NA,NA,NA,NA,NA,NA,NA,NA,NA,0,2,0,晴,日間自然光線,村里道路,60,四岔路,交岔路口內,柏油,乾燥,無缺陷,無障礙物,良好,無號誌,無號誌,無分向設施,未繪設車道線,未繪設快慢車道分隔線,有,同向擦撞,違規超車,Y000,YY00,1,2,2014/3/7,環島東路一段,,金門縣金沙鎮光前里光前里活動中心右前路口,118.4213083,24.4841071,普通重型 機車∕普通重型 機車∕,機車普通重型∕機車普通重型∕,22∕41∕,受傷∕受傷∕,98****V代號2374∕PZ****5代號2375∕,其他∕其他∕,有適當之駕照∕有適當之駕照∕,經檢測無酒精反應∕經檢測無酒精反應∕,機車前車頭∕機車後車尾∕,違規超車∕尚未發現肇事因素∕,違規超車∕違規超車∕,大學（研究）生∕技術工∕,其他∕其他∕,本國∕本國∕
10303,10303Y00020047,YYA1,10303YY000023,2014,3,5,18,35,金門縣,金湖鎮,,NA,三多路,,,NA,,,,,,將臺水泥預拌廠01509號路燈桿處,NA,NA,NA,NA,NA,NA,NA,NA,NA,0,1,0,晴,夜間（或隧道、地下道、涵洞）有照明,村里道路,50,直路,一般車道（未劃分快慢車道）,水泥,乾燥,無缺陷,無障礙物,良好,無號誌,無號誌,無分向設施,未繪設車道線,未繪設快慢車道分隔線,有,撞路樹、電桿,酒醉（後）駕駛失控,Y000,YY00,1,2,2014/3/5,三多路,,金門縣金湖鎮將臺水泥預拌廠01509號路燈桿處,118.4374297,24.441638,普通重型 機車∕ ∕,機車普通重型,39∕0∕,受傷,11****U代號1373,其他,駕照被吊（註）銷,經呼氣檢測超過0.80mg∕L或血液檢測超過0.16,機車前車頭,酒醉（後）駕駛失控∕尚未發現肇事因素∕,酒醉（後）駕駛失控∕酒醉（後）駕駛失控∕,技術工,不明,本國∕本國∕
10303,10303Y00020019,YYA1,10303YY000026,2014,3,10,11,30,金門縣,金湖鎮,,NA,環島南路,二,,NA,,,,,,機場地下道路段,NA,NA,NA,NA,NA,NA,NA,NA,NA,0,1,0,晴,夜間（或隧道、地下道、涵洞）有照明,村里道路,50,地下道,一般車道（未劃分快慢車道）,柏油,乾燥,無缺陷,無障礙物,良好,無號誌,無號誌,無標記,未繪設車道線,未繪設快慢車道分隔線,有,撞護欄（樁）,未依規定減速,Y000,YY00,1,2,2014/3/10,環島南路二段,,金門縣金湖鎮機場地下道路段,118.3542572,24.4312377,自用 小客車∕ ∕,小客車自用,23∕0∕,受傷,04****X代號2376,其他,有適當之駕照,經檢測無酒精反應,汽車前車頭,未依規定減速∕尚未發現肇事因素∕,未依規定減速∕未依規定減速∕,保安工作者（不含警察人員）,業務聯繫,本國∕本國∕
10303,,YYA1,10303YY000030,2014,3,12,16,50,金門縣,金湖鎮,正義里,NA,,,,NA,,,,,,金門尚義機場貨運站停車格,NA,NA,NA,NA,NA,NA,NA,NA,NA,0,0,0,雨,日間自然光線,其他,40,其他,其他,柏油,濕潤,無缺陷,無障礙物,良好,無號誌,無號誌,無分向設施,未繪設車道線,未繪設快慢車道分隔線,無,同向擦撞,起步未注意其他車（人）安全,Y000,YY00,1,4,2014/3/12,金門縣金湖鎮正義里金門尚義機場貨運站停車格,,金門縣金湖鎮正義里金門尚義機場貨運站停車格,118.376631,24.437699,自用 小貨車(含客、貨兩用)∕租賃車 小客車∕,小貨車自用∕小客車租貸車∕,49∕39∕,未受傷∕未受傷∕,03****X代號2377∕RA*****9代號1879∕,其他∕其他∕,有適當之駕照∕有適當之駕照∕,經檢測無酒精反應∕經檢測無酒精反應∕,汽車右後車尾（身）∕汽車左後車尾（身）∕,起步未注意其他車（人）安全∕開啟車門不當而肇事∕,起步未注意其他車（人）安全∕起步未注意其他車（人）安全∕,其他∕其他∕,其他∕其他∕,本國∕本國∕
10303,10303Y00020027,YYA1,10303YY000037,2014,3,15,11,6,金門縣,金湖鎮,,NA,,,,NA,,,,,,武德新莊紅龍餐,NA,NA,NA,NA,NA,NA,NA,NA,NA,0,0,0,NA,NA,NA,0,NA,NA,NA,NA,NA,NA,NA,NA,NA,NA,NA,NA,NA,NA,NA,,,NA,NA,2014/3/15,金門縣金湖鎮武德新莊紅龍餐,,金門縣金湖鎮武德新莊紅龍餐,118.41389,24.439779,腳踏自行車 慢車∕自用 小客車∕,腳踏自行車∕小客車自用∕,56∕31∕,受傷∕未受傷∕,∕6F****0代號1609∕,其他∕其他∕,非汽（機）車駕駛人∕有適當之駕照∕,經檢測無酒精反應∕經檢測無酒精反應∕,非汽（機）車∕汽車左前車頭（身）∕,未靠右行駛∕未依規定減速∕,未靠右行駛∕未靠右行駛∕,其他∕其他∕,其他∕其他∕,本國∕本國∕
10303,,YYA1,10303YY000040,2014,3,21,11,40,金門縣,金湖鎮,,NA,,,,NA,,,,,,金門醫院停車場,NA,NA,NA,NA,NA,NA,NA,NA,NA,0,0,0,NA,NA,NA,0,NA,NA,NA,NA,NA,NA,NA,NA,NA,NA,NA,NA,NA,NA,NA,Y000,YY00,1,4,2014/3/21,金門縣金湖鎮金門醫院停車場,,金門縣金湖鎮金門醫院停車場,118.3240498,24.4479631,自用 小客車∕自用 小客車∕,小客車自用∕小客車自用∕,30∕26∕,,7B****3代號2378∕08****X代號2379∕,,,,,,,,,本國∕本國∕
10303,10303Y00020045,YYA1,10303YY000043,2014,3,22,13,50,金門縣,金湖鎮,,NA,太湖路,一,,NA,,,,,,1480號路燈桿處重劃區路段,NA,NA,NA,NA,NA,NA,NA,NA,NA,0,1,0,晴,日間自然光線,村里道路,50,三岔路,交岔路口內,柏油,乾燥,無缺陷,無障礙物,良好,無號誌,無號誌,無分向設施,未繪設車道線,未繪設快慢車道分隔線,有,追撞,未保持行車安全距離,Y000,YY00,1,2,2014/3/22,太湖路一段,,金門縣金湖鎮1480號路燈桿處重劃區路段,118.4047483,24.4473343,普通重型 機車∕自用 小客車∕,機車普通重型∕小客車自用∕,23∕59∕,受傷∕未受傷∕,68****S代號818∕WY****0代號2380∕,其他∕其他∕,有適當之駕照∕有適當之駕照∕,不明∕經檢測無酒精反應∕,機車前車頭∕汽車右側車身∕,未保持行車安全距離∕尚未發現肇事因素∕,未保持行車安全距離∕未保持行車安全距離∕,大學（研究）生∕技術工∕,不明∕業務聯繫∕,本國∕本國∕