年月,總編號,處理單位,處理編號,年,月,日,時,分,縣市,區,村里,鄰,街道,段,巷,弄,號,公尺處,街道.1,段.1,側,附近,道路,公里,公尺處.1,向,車道,平交道,公里.1,公尺處.2,附近.1,死,受傷,X2.30,天候,光線,道路類別,速限,道路型態,事故位置,路面鋪裝,路面狀態,路面缺陷,障礙物,視距,號誌種類,號誌動作,分向設施,快車道或一般車道間,快慢車道間,路面邊線,事故類型及型態,主要肇因,警局,分局,案件類別,事故類別,日期,道路1,道路2,概略位置,lon,lat,車種,當事者區分.類別.,年齡,受傷程度,車輛牌照號碼,車輛用途,駕駛資格情形,飲酒情形,車輛撞擊部位最初,肇事因素個別,肇事因素主要,職.業,旅次目的,國籍
10303,10303Y00020046,YYA1,10303YY000046,2014,3,23,7,40,金門縣,金湖鎮,,NA,瓊徑路,,,NA,,,經武路,,,,NA,NA,NA,NA,NA,NA,NA,NA,NA,0,1,0,晴,日間自然光線,村里道路,50,四岔路,交岔路口內,柏油,乾燥,無缺陷,無障礙物,良好,無號誌,無號誌,無分向設施,未繪設車道線,未繪設快慢車道分隔線,有,側撞,未依規定讓車,Y000,YY00,1,2,2014/3/23,瓊徑路,經武路,,118.3880485,24.44342822,自用 小貨車(含客、貨兩用)∕普通重型 機車∕,小貨車自用∕機車普通重型∕,54∕27∕,未受傷∕受傷∕,6F****5代號2381∕73****V代號2382∕,其他∕其他∕,有適當之駕照∕有適當之駕照∕,經檢測無酒精反應∕經檢測無酒精反應∕,汽車右後車尾（身）∕機車前車頭∕,未依規定讓車∕未依規定減速∕,未依規定讓車∕未依規定讓車∕,技術工∕技術工∕,上、下班∕上、下班∕,本國∕本國∕
10303,10303Y00020034,YYA1,10303YY000048,2014,3,23,14,59,金門縣,金湖鎮,,NA,環島南路,五,,NA,,,復國路,,,,NA,NA,NA,NA,NA,NA,NA,NA,NA,0,1,0,晴,日間自然光線,村里道路,50,三岔路,交岔路口內,柏油,乾燥,無缺陷,無障礙物,良好,無號誌,無號誌,無分向設施,未繪設車道線,未繪設快慢車道分隔線,有,追撞,未保持行車安全距離,Y000,YY00,1,2,2014/3/23,環島南路五段,復國路,,118.424448,24.432061,營業用 大貨車∕腳踏自行車 慢車∕,大貨車營業用∕腳踏自行車∕,57∕56∕,未受傷∕受傷∕,83***G代號2383,其他∕其他∕,有適當之駕照∕非汽（機）車駕駛人∕,經檢測無酒精反應∕經檢測無酒精反應∕,汽車右前車頭（身）∕非汽（機）車∕,未保持行車安全距離∕尚未發現肇事因素∕,未保持行車安全距離∕未保持行車安全距離∕,服務工作者∕服務工作者∕,運輸∕社交活動∕,本國∕本國∕
10303,10303Y00030006,YYA1,10303YY000049,2014,3,23,16,46,金門縣,金沙鎮,汶沙里,NA,沙青路,,,NA,,,,,,02034路燈前,NA,NA,NA,NA,NA,NA,NA,NA,NA,0,0,0,晴,日間自然光線,村里道路,60,直路,一般車道（未劃分快慢車道）,柏油,乾燥,無缺陷,無障礙物,良好,無號誌,無號誌,無標記,未繪設車道線,未繪設快慢車道分隔線,有,撞路樹、電桿,未注意車前狀態,Y000,YY00,1,3,2014/3/23,沙青路,,金門縣金沙鎮汶沙里02034路燈前,118.4130838,24.5066188,自用 小客車∕ ∕,小客車自用,26∕0∕,未受傷,WY****6代號2384,其他,有適當之駕照,經檢測無酒精反應,汽車前車頭,未注意車前狀態∕尚未發現肇事因素∕,未注意車前狀態∕未注意車前狀態∕,其他,其他,本國∕本國∕
10303,,YYA1,10303YY000051,2014,3,24,13,40,金門縣,金湖鎮,,NA,光武路,,,NA,,,士校路,,,,NA,NA,NA,NA,NA,NA,NA,NA,NA,0,0,0,NA,NA,NA,0,NA,NA,NA,NA,NA,NA,NA,NA,NA,NA,NA,NA,NA,NA,NA,Y000,YY00,1,4,2014/3/24,光武路,士校路,,118.4295533,24.4493768,計程車 小客車∕自用 小客車∕,小客車計程車∕小客車自用∕,57∕22∕,,VX***0代號2385∕WY****0代號2386∕,,,,,,,,,本國∕本國∕
10303,,YYA1,10303YY000056,2014,3,26,22,28,金門縣,金湖鎮,新市里,NA,,,,NA,,,,,,新市圓環內車道,NA,NA,NA,NA,NA,NA,NA,NA,NA,0,0,0,晴,夜間（或隧道、地下道、涵洞）有照明,村里道路,50,圓環,一般車道（未劃分快慢車道）,柏油,乾燥,無缺陷,無障礙物,良好,閃光號誌,正常,無分向設施,車道線（無標記）,未繪設快慢車道分隔線,有,其他,未依規定減速,Y000,YY00,1,4,2014/3/26,金門縣金湖鎮新市里新市圓環內車道,,金門縣金湖鎮新市里新市圓環內車道,118.413173,24.44069,自用 小客車∕自用 小客車∕,小客車自用∕小客車自用∕,20∕55∕,未受傷∕未受傷∕,AA*****3代號2387∕10****S代號2388∕,其他∕其他∕,有適當之駕照∕有適當之駕照∕,經檢測無酒精反應∕經檢測無酒精反應∕,汽車前車頭∕汽車右側車身∕,未依規定減速∕未依規定讓車∕,未依規定減速∕未依規定減速∕,其他∕民意代表、行政主管、企業主管及經理人員∕,其他∕其他∕,本國∕本國∕
10303,,YYA1,10303YY000058,2014,3,27,17,47,金門縣,金湖鎮,新市里,NA,復興路,,,NA,84,,,,,,NA,NA,NA,NA,NA,NA,NA,NA,NA,0,0,0,NA,NA,NA,50,NA,NA,NA,NA,NA,NA,NA,NA,NA,NA,NA,NA,NA,NA,NA,Y000,YY00,1,4,2014/3/27,復興路84號,,金門縣金湖鎮新市里,118.4161413,24.4412321,自用 大貨車∕自用 小客車∕,大貨車自用∕小客車自用∕,63∕33∕,,08****X代號2389∕6F****1代號1912∕,,,,,,,,,本國∕本國∕
10303,10303Y00020041,YYA1,10303YY000060,2014,3,29,19,5,金門縣,金沙鎮,,NA,環島北路,三,,NA,,,,,,斗門路段,NA,NA,NA,NA,NA,NA,NA,NA,NA,0,3,0,晴,夜間（或隧道、地下道、涵洞）有照明,村里道路,50,四岔路,交岔口附近,柏油,乾燥,無缺陷,無障礙物,良好,無號誌,無號誌,無標記,未繪設車道線,未繪設快慢車道分隔線,有,其他,起步未注意其他車（人）安全,Y000,YY00,1,2,2014/3/29,環島北路三段,,金門縣金沙鎮斗門路段,118.388325,24.466263,普通重型 機車∕普通重型 機車∕乘客 人,機車普通重型∕機車普通重型∕乘客,42∕23∕12,受傷∕受傷∕受傷,70****U代號2390∕IU****8代號2391∕70****U代號2390,其他∕其他∕其他,有適當之駕照∕有適當之駕照∕非汽（機）車駕駛人,經檢測無酒精反應∕經檢測無酒精反應∕非駕駛人，未檢測,機車左側車身∕機車前車頭∕非汽（機）車,起步未注意其他車（人）安全∕未注意車前狀態∕尚未發現肇事因素,起步未注意其他車（人）安全∕起步未注意其他車（人）安全∕起步未注意其他車（人）安全,服務工作者∕大學（研究）生∕小學生,其他∕上、下學∕其他,本國∕本國∕本國
10303,10303Y00020001,YZA1,10303YZ000002,2014,3,1,0,11,金門縣,金寧鄉,,NA,林湖路,,,NA,,,,,,靠近環島南路,NA,NA,NA,NA,NA,NA,NA,NA,NA,0,1,0,晴,夜間（或隧道、地下道、涵洞）有照明,村里道路,40,直路,一般車道（未劃分快慢車道）,水泥,乾燥,無缺陷,無障礙物,良好,無號誌,無號誌,無標記,未繪設車道線,未繪設快慢車道分隔線,有,衝出路外,酒醉（後）駕駛失控,Y000,YZ00,1,2,2014/3/1,林湖路,,金門縣金寧鄉靠近環島南路,118.330303,24.4320985,普通重型 機車∕ ∕,機車普通重型,25∕0∕,受傷,21****B代號2392,其他,有適當之駕照,經呼氣檢測0.41至0.55mg∕L或血液檢測0.081至0.11,機車右側車身,酒醉（後）駕駛失控∕尚未發現肇事因素∕,酒醉（後）駕駛失控∕酒醉（後）駕駛失控∕,大學（研究）生,上、下班,本國∕本國∕
10303,10303Y00020003,YZA1,10303YZ000004,2014,3,3,7,35,金門縣,金城鎮,,NA,環島西路,一,,NA,,,,,,東門圓環,NA,NA,NA,NA,NA,NA,NA,NA,NA,0,1,0,陰,日間自然光線,縣道,40,圓環,一般車道（未劃分快慢車道）,柏油,乾燥,無缺陷,無障礙物,良好,無號誌,無號誌,無分向設施,車道線（無標記）,未繪設快慢車道分隔線,有,其他,未保持行車安全距離,Y000,YZ00,1,2,2014/3/3,環島西路一段,,金門縣金城鎮東門圓環,118.3184801,24.4172073,自用 小客車∕普通重型 機車∕,小客車自用∕機車普通重型∕,55∕64∕,未受傷∕受傷∕,06****V代號123∕PZ****9代號2393∕,其他∕其他∕,有適當之駕照∕有適當之駕照∕,經檢測無酒精反應∕經檢測無酒精反應∕,汽車右前車頭（身）∕機車左側車身∕,未保持行車安全距離∕左轉彎未依規定∕,未保持行車安全距離∕未保持行車安全距離∕,事務工作者∕技術員及助理人員∕,上、下班∕上、下班∕,本國∕本國∕
10303,10303Y00020007,YZA1,10303YZ000008,2014,3,5,17,8,金門縣,金寧鄉,盤山村,NA,伯玉路,一,,NA,232-2,,,,,,NA,NA,NA,NA,NA,NA,NA,NA,NA,0,1,0,晴,日間自然光線,鄉道,60,直路,慢車道,柏油,乾燥,無缺陷,無障礙物,良好,無號誌,無號誌,附標記,未繪設車道線,快慢車道分隔線,有,側撞,右轉彎未依規定,Y000,YZ00,1,2,2014/3/5,伯玉路一段232-2號,,金門縣金寧鄉盤山村,118.3267756,24.4346914,自用 小客車∕普通重型 機車∕,小客車自用∕機車普通重型∕,25∕50∕,未受傷∕受傷∕,AA*****5代號2394∕PZ****0代號2395∕,其他∕其他∕,有適當之駕照∕有適當之駕照∕,經檢測無酒精反應∕經檢測無酒精反應∕,汽車右前車頭（身）∕機車前車頭∕,右轉彎未依規定∕未注意車前狀態∕,右轉彎未依規定∕右轉彎未依規定∕,技術員及助理人員∕技術工∕,上、下班∕上、下班∕,本國∕本國∕
10303,10303Y00020009,YZA1,10303YZ000009,2014,3,5,18,50,金門縣,金城鎮,,NA,民生路,,,NA,,,,,,00538號燈桿前路段,NA,NA,NA,NA,NA,NA,NA,NA,NA,0,1,0,晴,夜間（或隧道、地下道、涵洞）有照明,村里道路,40,三岔路,交岔口附近,柏油,乾燥,無缺陷,無障礙物,良好,無號誌,無號誌,無標記,未繪設車道線,未繪設快慢車道分隔線,有,其他,起步未注意其他車（人）安全,Y000,YZ00,1,2,2014/3/5,民生路,,金門縣金城鎮00538號燈桿前路段,118.3190184,24.43575,自用 小客車∕普通重型 機車∕,小客車自用∕機車普通重型∕,30∕24∕,未受傷∕受傷∕,24****S代號2396∕K7****5代號2397∕,其他∕其他∕,有適當之駕照∕有適當之駕照∕,經檢測無酒精反應∕經檢測無酒精反應∕,汽車左前車頭（身）∕機車右側車身∕,起步未注意其他車（人）安全∕未注意車前狀態∕,起步未注意其他車（人）安全∕起步未注意其他車（人）安全∕,家庭主婦（夫）∕售貨員∕,購物∕購物∕,非本國∕本國∕
10303,10303Y00030001,YZA1,10303YZ000010,2014,3,5,21,30,金門縣,金城鎮,,NA,民權路,,,NA,82,,,,,,NA,NA,NA,NA,NA,NA,NA,NA,NA,0,0,0,晴,夜間（或隧道、地下道、涵洞）有照明,鄉道,40,直路,一般車道（未劃分快慢車道）,柏油,乾燥,有坑洞,道路工事（程）中,良好,無號誌,無號誌,無標記,未繪設車道線,未繪設快慢車道分隔線,有,撞工程施工,未注意車前狀態,Y000,YZ00,1,3,2014/3/5,民權路82號,,金門縣金城鎮,118.3142259,24.4328116,自用 小客車∕ ∕,小客車自用,45∕0∕,未受傷,16****V代號2398,其他,有適當之駕照,經檢測無酒精反應,汽車前車頭,未注意車前狀態∕尚未發現肇事因素∕,未注意車前狀態∕未注意車前狀態∕,民意代表、行政主管、企業主管及經理人員,其他,本國∕本國∕
10303,10303Y00020004,YZA1,10303YZ000011,2014,3,3,10,10,金門縣,金寧鄉,,NA,環島西路,二,,NA,,,大學路,,,,NA,NA,NA,NA,NA,NA,NA,NA,NA,0,1,0,晴,日間自然光線,村里道路,50,三岔路,交岔口附近,柏油,乾燥,無缺陷,無障礙物,良好,無號誌,無號誌,無標記,未繪設車道線,未繪設快慢車道分隔線,有,同向擦撞,不明原因肇事,Y000,YZ00,1,2,2014/3/3,環島西路二段,大學路,,118.319604,24.444293,自用 小貨車(含客、貨兩用)∕普通輕型 機車∕,小貨車自用∕機車普通輕型∕,0∕72∕,不明∕受傷∕,∕WZ****2代號2399∕,其他∕其他∕,不明∕有適當之駕照∕,不明∕無法檢測∕,不明∕機車左側車身∕,不明原因肇事∕尚未發現肇事因素∕,不明原因肇事∕不明原因肇事∕,不明∕無業者∕,不明∕不明∕,本國∕本國∕
10303,10303Y00020010,YZA1,10303YZ000013,2014,3,6,12,30,金門縣,金城鎮,,NA,民權路,,,NA,,,,,,民生路口,NA,NA,NA,NA,NA,NA,NA,NA,NA,0,1,0,陰,日間自然光線,村里道路,40,四岔路,交岔路口內,柏油,乾燥,無缺陷,無障礙物,良好,行車管制號誌（附設行人專用號誌）,正常,無分向設施,未繪設車道線,未繪設快慢車道分隔線,有,其他,未保持行車安全間隔,Y000,YZ00,1,2,2014/3/6,民權路,,金門縣金城鎮民生路口,118.3168946,24.4355379,普通重型 機車∕自用 小客車∕,機車普通重型∕小客車自用∕,22∕62∕,受傷∕未受傷∕,LU****8代號2400∕06****X代號2401∕,其他∕其他∕,有適當之駕照∕有適當之駕照∕,經檢測無酒精反應∕經檢測無酒精反應∕,機車左側車身∕汽車右前車頭（身）∕,未保持行車安全間隔∕未保持行車安全間隔∕,未保持行車安全間隔∕未保持行車安全間隔∕,大學（研究）生∕其他∕,其他∕購物∕,本國∕本國∕
10303,10303Y00030003,YZA1,10303YZ000015,2014,3,6,19,11,金門縣,金寧鄉,,NA,伯玉路,二,,NA,,,,,,榜林圓環,NA,NA,NA,NA,NA,NA,NA,NA,NA,0,0,0,陰,夜間（或隧道、地下道、涵洞）有照明,村里道路,60,圓環,一般車道（未劃分快慢車道）,柏油,濕潤,無缺陷,無障礙物,良好,無號誌,無號誌,無分向設施,車道線（無標記）,未繪設快慢車道分隔線,有,追撞,未保持行車安全距離,Y000,YZ00,1,3,2014/3/6,伯玉路二段,,金門縣金寧鄉榜林圓環,118.3416148,24.4414563,自用 小客車∕自用 小客車∕,小客車自用∕小客車自用∕,23∕24∕,未受傷∕未受傷∕,HS****0代號2402∕28****S代號2403∕,其他∕其他∕,有適當之駕照∕有適當之駕照∕,經檢測無酒精反應∕經檢測無酒精反應∕,汽車前車頭∕汽車後車尾∕,未保持行車安全距離∕尚未發現肇事因素∕,未保持行車安全距離∕未保持行車安全距離∕,不明∕警察人員∕,其他∕其他∕,本國∕本國∕
10303,10303Y00020011,YZA1,10303YZ000016,2014,3,6,18,5,金門縣,金城鎮,西門里,NA,民生路,,,NA,,,,,,05805路燈桿前路段,NA,NA,NA,NA,NA,NA,NA,NA,NA,0,1,0,陰,晨或暮光,鄉道,40,四岔路,交岔路口內,柏油,乾燥,無缺陷,無障礙物,良好,無號誌,無號誌,無分向設施,未繪設車道線,未繪設快慢車道分隔線,有,路口交岔撞,未依規定讓車,Y000,YZ00,1,2,2014/3/6,民生路,,金門縣金城鎮西門里05805路燈桿前路段,118.3190184,24.43575,自用 小貨車(含客、貨兩用)∕普通重型 機車∕,小貨車自用∕機車普通重型∕,49∕35∕,未受傷∕受傷∕,EM****9代號2404∕29****G代號174∕,其他∕其他∕,有適當之駕照∕有適當之駕照∕,經檢測無酒精反應∕經檢測無酒精反應∕,汽車左側車身∕機車前車頭∕,未依規定讓車∕未依規定減速∕,未依規定讓車∕未依規定讓車∕,技術員及助理人員∕無業者∕,社交活動∕社交活動∕,本國∕本國∕
10303,10303Y00020012,YZA1,10303YZ000019,2014,3,7,7,21,金門縣,金城鎮,,NA,西海路,一,,NA,150-1,,,,,,NA,NA,NA,NA,NA,NA,NA,NA,NA,0,1,0,陰,日間自然光線,村里道路,50,彎曲路及附近,一般車道（未劃分快慢車道）,柏油,濕潤,無缺陷,無障礙物,良好,無號誌,無號誌,無標記,未繪設車道線,未繪設快慢車道分隔線,有,路上翻車、摔倒,未依規定減速,Y000,YZ00,1,2,2014/3/7,西海路一段150-1號,,金門縣金城鎮,118.2906709,24.4124946,普通重型 機車∕ ∕,機車普通重型,31∕0∕,受傷,39****X代號2405,其他,有適當之駕照,經檢測無酒精反應,機車左側車身,未依規定減速∕尚未發現肇事因素∕,未依規定減速∕未依規定減速∕,事務工作者,上、下班,本國∕本國∕
10303,10303Y00030004,YZA1,10303YZ000020,2014,3,7,15,34,金門縣,金寧鄉,湖埔村,NA,,,,NA,,,,,,埔后58號前路口,NA,NA,NA,NA,NA,NA,NA,NA,NA,0,0,0,晴,日間自然光線,村里道路,40,四岔路,交岔路口內,柏油,乾燥,無缺陷,無障礙物,建築物,無號誌,無號誌,無分向設施,未繪設車道線,未繪設快慢車道分隔線,有,路口交岔撞,未依規定讓車,Y000,YZ00,1,3,2014/3/7,金門縣金寧鄉湖埔村埔后58號前路口,,金門縣金寧鄉湖埔村埔后58號前路口,118.3140488,24.4472977,自用 小客車∕自用 小客車∕,小客車自用∕小客車自用∕,80∕38∕,未受傷∕未受傷∕,WY****2代號2406∕6F****0代號2407∕,其他∕其他∕,有適當之駕照∕有適當之駕照∕,經檢測無酒精反應∕經檢測無酒精反應∕,汽車右側車身∕汽車前車頭∕,未依規定讓車∕未依規定減速∕,未依規定讓車∕未依規定讓車∕,無業者∕技術員及助理人員∕,其他∕購物∕,本國∕本國∕
10303,10303Y00020015,YZA1,10303YZ000021,2014,3,7,18,25,金門縣,金寧鄉,湖埔村,NA,環島西路,二,,NA,,,,,,0813號路燈桿,NA,NA,NA,NA,NA,NA,NA,NA,NA,0,1,0,晴,夜間（或隧道、地下道、涵洞）有照明,鄉道,50,直路,一般車道（未劃分快慢車道）,柏油,乾燥,無缺陷,無障礙物,良好,無號誌,無號誌,附標記,未繪設車道線,未繪設快慢車道分隔線,有,對向通行中,未注意車前狀態,Y000,YZ00,1,2,2014/3/7,環島西路二段,,金門縣金寧鄉湖埔村0813號路燈桿,118.3148723,24.4566699,普通重型 機車∕行人 人∕,機車普通重型∕行人∕,23∕22∕,未受傷∕受傷∕,61****V代號2408,其他∕非駕駛人及乘客∕,有適當之駕照∕非汽（機）車駕駛人∕,經檢測無酒精反應∕非駕駛人，未檢測∕,機車前車頭∕非汽（機）車∕,未注意車前狀態∕尚未發現肇事因素∕,未注意車前狀態∕未注意車前狀態∕,大學（研究）生∕大學（研究）生∕,社交活動∕社交活動∕,本國∕非本國∕
10303,,YZA1,10303YZ000022,2014,3,8,9,45,金門縣,金寧鄉,,NA,伯玉路,一,220,NA,6,,,,,後方路口,NA,NA,NA,NA,NA,NA,NA,NA,NA,0,0,0,雨,NA,NA,30,NA,NA,NA,NA,NA,NA,NA,NA,NA,NA,NA,NA,NA,NA,NA,Y000,YZ00,1,4,2014/3/8,伯玉路一段220巷6號,,金門縣金寧鄉後方路口,118.3267756,24.4346914,普通重型 機車∕自用 小客車∕,機車普通重型∕小客車自用∕,43∕57∕,,07****V代號2409∕94****6代號2410∕,,,,,,,,,本國∕本國∕
10303,10303Y00020016,YZA1,10303YZ000024,2014,3,9,9,5,金門縣,金城鎮,,NA,民權路,,,NA,228,,,,,,NA,NA,NA,NA,NA,NA,NA,NA,NA,0,1,0,晴,日間自然光線,村里道路,50,四岔路,交岔口附近,柏油,乾燥,無缺陷,無障礙物,良好,無號誌,無號誌,附標記,未繪設車道線,未繪設快慢車道分隔線,有,側撞,違規超車,Y000,YZ00,1,2,2014/3/9,民權路228號,,金門縣金城鎮,118.3203705,24.4392567,普通重型 機車∕普通重型 機車∕,機車普通重型∕機車普通重型∕,25∕20∕,受傷∕未受傷∕,89****T代號2411∕89****T代號2412∕,其他∕其他∕,有適當之駕照∕有適當之駕照∕,經檢測無酒精反應∕經檢測無酒精反應∕,機車前車頭∕機車左側車身∕,違規超車∕尚未發現肇事因素∕,違規超車∕違規超車∕,技術員及助理人員∕大學（研究）生∕,社交活動∕社交活動∕,本國∕本國∕
10303,10303Y00020017,YZA1,10303YZ000025,2014,3,9,13,45,金門縣,金城鎮,,NA,民權路,,,NA,182,,,,,,NA,NA,NA,NA,NA,NA,NA,NA,NA,0,2,0,晴,日間自然光線,縣道,40,四岔路,交岔口附近,柏油,乾燥,無缺陷,無障礙物,良好,無號誌,無號誌,附標記,未繪設車道線,未繪設快慢車道分隔線,有,側撞,未保持行車安全距離,Y000,YZ00,1,2,2014/3/9,民權路182號,,金門縣金城鎮,118.3192898,24.4381016,普通重型 機車∕自用 小客車∕乘客 人,機車普通重型∕小客車自用∕乘客,19∕32∕19,受傷∕未受傷∕受傷,53****J代號2413∕77****Z代號2414∕53****J代號2413,其他∕其他∕其他,有適當之駕照∕有適當之駕照∕非汽（機）車駕駛人,經檢測無酒精反應∕經檢測無酒精反應∕非駕駛人，未檢測,機車左側車身∕汽車右後車尾（身）∕非汽（機）車,未保持行車安全距離∕尚未發現肇事因素∕尚未發現肇事因素,未保持行車安全距離∕未保持行車安全距離∕未保持行車安全距離,大學（研究）生∕技術工∕大學（研究）生,社交活動∕購物∕社交活動,本國∕本國∕本國
10303,10303Y00020018,YZA1,10303YZ000027,2014,3,10,9,9,金門縣,金寧鄉,湖埔村,NA,,,,NA,135,,,,,埔後供水站,NA,NA,NA,NA,NA,NA,NA,NA,NA,0,2,0,晴,日間自然光線,村里道路,40,四岔路,交岔路口內,柏油,乾燥,無缺陷,無障礙物,良好,無號誌,無號誌,無分向設施,未繪設車道線,未繪設快慢車道分隔線,無,路口交岔撞,未依規定讓車,Y000,YZ00,1,2,2014/3/10,金門縣金寧鄉湖埔村135,,金門縣金寧鄉湖埔村埔後供水站,118.317029,24.442928,普通重型 機車∕自用 大貨車∕乘客 人,機車普通重型∕大貨車自用∕乘客,20∕25∕20,受傷∕未受傷∕受傷,50****C代號2415∕20***U代號2416∕50****C代號2415,其他∕其他∕其他,有適當之駕照∕有適當之駕照∕非汽（機）車駕駛人,經檢測無酒精反應∕經檢測無酒精反應∕非駕駛人，未檢測,機車前車頭∕汽車左前車頭（身）∕非汽（機）車,未依規定讓車∕未依規定減速∕尚未發現肇事因素,未依規定讓車∕未依規定讓車∕未依規定讓車,大學（研究）生∕機械設備操作工及組裝工∕大學（研究）生,上、下學∕其他∕上、下學,本國∕本國∕本國
10303,10303Y00020020,YZA1,10303YZ000028,2014,3,11,12,38,金門縣,金城鎮,東門里,NA,伯玉路,一,,NA,218-1,,,,,,NA,NA,NA,NA,NA,NA,NA,NA,NA,0,1,0,雨,日間自然光線,鄉道,60,三岔路,交岔路口內,柏油,濕潤,無缺陷,無障礙物,良好,無號誌,無號誌,無分向設施,未繪設車道線,未繪設快慢車道分隔線,有,側撞,未依規定讓車,Y000,YZ00,1,2,2014/3/11,伯玉路一段218-1號,,金門縣金城鎮東門里,118.3267756,24.4346914,自用 小客車∕普通重型 機車∕,小客車自用∕機車普通重型∕,60∕41∕,未受傷∕受傷∕,25****S代號2417∕06****V代號2418∕,其他∕其他∕,有適當之駕照∕越級駕駛∕,經檢測無酒精反應∕經檢測無酒精反應∕,汽車左前車頭（身）∕機車前車頭∕,未依規定讓車∕未依規定減速∕,未依規定讓車∕未依規定讓車∕,家庭主婦（夫）∕技術員及助理人員∕,社交活動∕社交活動∕,本國∕本國∕
10303,10303Y00020021,YZA1,10303YZ000029,2014,3,11,16,15,金門縣,金城鎮,西門里,NA,民生路,,,NA,72,,,,,,NA,NA,NA,NA,NA,NA,NA,NA,NA,0,1,0,陰,日間自然光線,鄉道,40,四岔路,交岔路口內,柏油,濕潤,無缺陷,無障礙物,良好,無號誌,無號誌,無分向設施,未繪設車道線,未繪設快慢車道分隔線,有,路口交岔撞,未依規定讓車,Y000,YZ00,1,2,2014/3/11,民生路72號,,金門縣金城鎮西門里,118.3190184,24.43575,普通重型 機車∕自用 小客車∕,機車普通重型∕小客車自用∕,37∕30∕,受傷∕未受傷∕,10****G代號2419∕10****G代號2420∕,其他∕其他∕,有適當之駕照∕有適當之駕照∕,經檢測無酒精反應∕經檢測無酒精反應∕,機車前車頭∕汽車左前車頭（身）∕,未依規定讓車∕未依規定減速∕,未依規定讓車∕未依規定讓車∕,專業人員∕技術員及助理人員∕,社交活動∕社交活動∕,本國∕本國∕
10303,10303Y00020022,YZA1,10303YZ000031,2014,3,13,7,22,金門縣,金城鎮,賢庵里,NA,西海路,三,,NA,,,,,,空大前路段,NA,NA,NA,NA,NA,NA,NA,NA,NA,0,1,0,霧或煙,晨或暮光,村里道路,60,直路,一般車道（未劃分快慢車道）,柏油,濕潤,無缺陷,其他障礙物,良好,無號誌,無號誌,無標記,未繪設車道線,未繪設快慢車道分隔線,有,其他,拋錨未採安全措施,Y000,YZ00,1,2,2014/3/13,西海路三段,,金門縣金城鎮賢庵里空大前路段,118.3124964,24.4226194,自用 小客車∕普通重型 機車∕,小客車自用∕機車普通重型∕,44∕22∕,未受傷∕受傷∕,6F****9代號2421∕81****V代號2422∕,其他∕其他∕,有適當之駕照∕有適當之駕照∕,不明∕經檢測無酒精反應∕,汽車左後車尾（身）∕機車前車頭∕,拋錨未採安全措施∕未注意車前狀態∕,拋錨未採安全措施∕拋錨未採安全措施∕,家庭主婦（夫）∕非技術工及體力工∕,不明∕上、下班∕,本國∕本國∕
10303,10303Y00020023,YZA1,10303YZ000032,2014,3,13,17,28,金門縣,金城鎮,西門里,NA,環島西路,二,,NA,,,,,,13168路燈桿前,NA,NA,NA,NA,NA,NA,NA,NA,NA,0,1,0,晴,日間自然光線,鄉道,40,三岔路,交岔路口內,柏油,乾燥,無缺陷,其他障礙物,良好,無號誌,無號誌,無分向設施,未繪設車道線,未繪設快慢車道分隔線,有,路上翻車、摔倒,未依規定減速,Y000,YZ00,1,2,2014/3/13,環島西路二段,,金門縣金城鎮西門里13168路燈桿前,118.3148723,24.4566699,普通重型 機車∕ ∕,機車普通重型,19∕0∕,受傷,NN****0代號2423,其他,有適當之駕照,經檢測無酒精反應,機車左側車身,未依規定減速∕尚未發現肇事因素∕,未依規定減速∕未依規定減速∕,大學（研究）生,購物,本國∕本國∕
10303,10303Y00020024,YZA1,10303YZ000033,2014,3,14,11,45,金門縣,金寧鄉,,NA,,,,NA,,,,,,金寶來飯店前路口,NA,NA,NA,NA,NA,NA,NA,NA,NA,0,1,0,陰,日間自然光線,村里道路,40,四岔路,交岔路口內,水泥,乾燥,無缺陷,無障礙物,良好,無號誌,無號誌,無分向設施,未繪設車道線,未繪設快慢車道分隔線,有,路口交岔撞,未依規定讓車,Y000,YZ00,1,2,2014/3/14,金門縣金寧鄉金寶來飯店前路口,,金門縣金寧鄉金寶來飯店前路口,118.312619,24.440298,自用 小客車∕自用 小客車∕,小客車自用∕小客車自用∕,52∕54∕,受傷∕未受傷∕,6F****5代號2424∕05****2代號2425∕,其他∕其他∕,有適當之駕照∕無照（已達考照年齡）∕,經檢測無酒精反應∕經檢測無酒精反應∕,汽車左側車身∕汽車前車頭∕,未依規定讓車∕未依規定減速∕,未依規定讓車∕未依規定讓車∕,其他∕其他∕,其他∕其他∕,本國∕本國∕
10303,10303Y00020026,YZA1,10303YZ000034,2014,3,14,19,45,金門縣,金城鎮,北門里,NA,民生路,,,NA,Feb-37,,,,,,NA,NA,NA,NA,NA,NA,NA,NA,NA,0,1,0,晴,夜間（或隧道、地下道、涵洞）有照明,村里道路,40,直路,一般車道（未劃分快慢車道）,柏油,乾燥,無缺陷,無障礙物,良好,無號誌,無號誌,附標記,未繪設車道線,未繪設快慢車道分隔線,有,其他,起步未注意其他車（人）安全,Y000,YZ00,1,2,2014/3/14,民生路37-2號,,金門縣金城鎮北門里,118.3190184,24.43575,普通重型 機車∕普通重型 機車∕,機車普通重型∕機車普通重型∕,19∕20∕,未受傷∕受傷∕,03****Z代號2426∕AD*****2代號2427∕,其他∕其他∕,有適當之駕照∕有適當之駕照∕,經檢測無酒精反應∕經檢測無酒精反應∕,機車右側車身∕機車前車頭∕,起步未注意其他車（人）安全∕未注意車前狀態∕,起步未注意其他車（人）安全∕起步未注意其他車（人）安全∕,高中生∕大學（研究）生∕,社交活動∕社交活動∕,本國∕本國∕