年月,總編號,處理單位,處理編號,年,月,日,時,分,縣市,區,村里,鄰,街道,段,巷,弄,號,公尺處,街道.1,段.1,側,附近,道路,公里,公尺處.1,向,車道,平交道,公里.1,公尺處.2,附近.1,死,受傷,X2.30,天候,光線,道路類別,速限,道路型態,事故位置,路面鋪裝,路面狀態,路面缺陷,障礙物,視距,號誌種類,號誌動作,分向設施,快車道或一般車道間,快慢車道間,路面邊線,事故類型及型態,主要肇因,警局,分局,案件類別,事故類別,日期,道路1,道路2,概略位置,lon,lat,車種,當事者區分.類別.,年齡,受傷程度,車輛牌照號碼,車輛用途,駕駛資格情形,飲酒情形,車輛撞擊部位最初,肇事因素個別,肇事因素主要,職.業,旅次目的,國籍
10303,10303Y00020025,YZA1,10303YZ000035,2014,3,14,17,20,金門縣,金城鎮,,NA,民生路,,,NA,,,,,,05805號電桿前,NA,NA,NA,NA,NA,NA,NA,NA,NA,0,2,0,晴,日間自然光線,鄉道,40,四岔路,交岔路口內,柏油,乾燥,無缺陷,無障礙物,良好,無號誌,無號誌,無分向設施,未繪設車道線,未繪設快慢車道分隔線,無,路口交岔撞,未依規定讓車,Y000,YZ00,1,2,2014/3/14,民生路,,金門縣金城鎮05805號電桿前,118.3190184,24.43575,普通重型 機車∕自用 小客車∕乘客 人,機車普通重型∕小客車自用∕乘客,22∕26∕22,受傷∕未受傷∕受傷,MA****1代號2428∕06****2代號2429∕MA****1代號2428,其他∕其他∕其他,有適當之駕照∕有適當之駕照∕非汽（機）車駕駛人,經檢測無酒精反應∕經檢測無酒精反應∕非駕駛人，未檢測,機車前車頭∕汽車左側車身∕非汽（機）車,未依規定讓車∕未依規定減速∕尚未發現肇事因素,未依規定讓車∕未依規定讓車∕未依規定讓車,專科生∕售貨員∕專科生,上、下學∕上、下班∕上、下學,本國∕本國∕本國
10303,10303Y00030005,YZA1,10303YZ000036,2014,3,15,1,22,金門縣,金城鎮,,NA,光前路,,,NA,74,,,,,,NA,NA,NA,NA,NA,NA,NA,NA,NA,0,0,0,晴,夜間（或隧道、地下道、涵洞）有照明,縣道,40,直路,一般車道（未劃分快慢車道）,其他鋪裝,乾燥,無缺陷,無障礙物,良好,無號誌,無號誌,無分向設施,未繪設車道線,未繪設快慢車道分隔線,有,其他,未注意車前狀態,Y000,YZ00,1,3,2014/3/15,光前路74號,,金門縣金城鎮,118.3142468,24.4339885,自用 小客車∕自用 小客車∕,小客車自用∕小客車自用∕,41∕23∕,未受傷∕未受傷∕,6F****5代號2430∕75****3代號2431∕,其他∕其他∕,有適當之駕照∕有適當之駕照∕,經檢測無酒精反應∕經觀察未飲酒∕,汽車右前車頭（身）∕汽車右側車身∕,未注意車前狀態∕違規停車或暫停不當而肇事∕,未注意車前狀態∕未注意車前狀態∕,不明∕不明∕,不明∕不明∕,本國∕本國∕
10303,10303Y00020028,YZA1,10303YZ000038,2014,3,17,8,20,金門縣,金寧鄉,,NA,環島西路,二,,NA,,,,,,03321號路燈桿前路段,NA,NA,NA,NA,NA,NA,NA,NA,NA,0,1,0,晴,日間自然光線,鄉道,40,彎曲路及附近,一般車道（未劃分快慢車道）,水泥,乾燥,無缺陷,無障礙物,良好,無號誌,無號誌,無分向設施,未繪設車道線,未繪設快慢車道分隔線,無,路上翻車、摔倒,未注意車前狀態,Y000,YZ00,1,2,2014/3/17,環島西路二段,,金門縣金寧鄉03321號路燈桿前路段,118.3148723,24.4566699,普通重型 機車∕ ∕,機車普通重型,21∕0∕,受傷,82****R代號2432,其他,有適當之駕照,經檢測無酒精反應,機車前車頭,未注意車前狀態∕尚未發現肇事因素∕,未注意車前狀態∕未注意車前狀態∕,大學（研究）生,上、下學,本國∕本國∕
10303,10303Y00020029,YZA1,10303YZ000039,2014,3,21,12,5,金門縣,金寧鄉,,NA,環島北路,二,,NA,600,,,,,大慶鋁門窗前路段,NA,NA,NA,NA,NA,NA,NA,NA,NA,0,1,0,晴,日間自然光線,村里道路,60,直路,路肩、路緣,柏油,乾燥,無缺陷,無障礙物,良好,無號誌,無號誌,無標記,未繪設車道線,未繪設快慢車道分隔線,有,撞路樹、電桿,未注意車前狀態,Y000,YZ00,1,2,2014/3/21,環島北路二段600號,,金門縣金寧鄉大慶鋁門窗前路段,118.3537405,24.452631,自用 小客車∕ ∕,小客車自用,58∕0∕,受傷,6F****8代號2433,其他,有適當之駕照,經檢測無酒精反應,汽車左前車頭（身）,未注意車前狀態∕尚未發現肇事因素∕,未注意車前狀態∕未注意車前狀態∕,其他,其他,本國∕本國∕
10303,,YZA1,10303YZ000041,2014,3,21,15,43,金門縣,金城鎮,,NA,民權路,,226,4,16,,,,,,NA,NA,NA,NA,NA,NA,NA,NA,NA,0,0,0,晴,NA,NA,40,NA,NA,NA,NA,NA,NA,NA,NA,NA,NA,NA,NA,NA,NA,NA,Y000,YZ00,1,4,2014/3/21,民權路226巷4弄16號,,金門縣金城鎮,118.3193849,24.4396401,自用 小貨車(含客、貨兩用)∕自用 小客車∕,小貨車自用∕小客車自用∕,49∕26∕,,6F****6代號1525∕6F****6代號2434∕,,,,,,,,,本國∕本國∕
10303,10303Y00020030,YZA1,10303YZ000042,2014,3,22,13,20,金門縣,金寧鄉,,NA,環島西路,二,,NA,,,,,,0836號燈桿前路段,NA,NA,NA,NA,NA,NA,NA,NA,NA,0,1,0,晴,日間自然光線,縣道,50,直路,一般車道（未劃分快慢車道）,柏油,乾燥,無缺陷,無障礙物,良好,無號誌,無號誌,無標記,未繪設車道線,未繪設快慢車道分隔線,有,路上翻車、摔倒,未注意車前狀態,Y000,YZ00,1,2,2014/3/22,環島西路二段,,金門縣金寧鄉0836號燈桿前路段,118.3148723,24.4566699,普通輕型 機車∕ ∕,機車普通輕型,51∕0∕,受傷,38****B代號2435,其他,有適當之駕照,經檢測無酒精反應,機車右側車身,未注意車前狀態∕尚未發現肇事因素∕,未注意車前狀態∕未注意車前狀態∕,不明,其他,本國∕本國∕
10303,10303Y00020031,YZA1,10303YZ000044,2014,3,22,18,42,金門縣,金寧鄉,,NA,環島西路,二,,NA,,,,,,0823號路燈桿前路段,NA,NA,NA,NA,NA,NA,NA,NA,NA,0,1,0,晴,夜間（或隧道、地下道、涵洞）有照明,村里道路,50,直路,一般車道（未劃分快慢車道）,柏油,乾燥,無缺陷,無障礙物,良好,無號誌,無號誌,無標記,未繪設車道線,未繪設快慢車道分隔線,有,其他,貨物超長、寬、高而肇事,Y000,YZ00,1,2,2014/3/22,環島西路二段,,金門縣金寧鄉0823號路燈桿前路段,118.3148723,24.4566699,普通重型 機車∕普通重型 機車∕自用 小客車,機車普通重型∕機車普通重型∕小客車自用,70∕22∕54,未受傷∕受傷∕未受傷,20****V代號2436∕21****B代號2437∕6F****3代號2438,其他∕其他∕其他,有適當之駕照∕有適當之駕照∕有適當之駕照,經檢測無酒精反應∕經檢測無酒精反應∕經檢測無酒精反應,機車左側車身∕機車前車頭∕汽車前車頭,貨物超長、寬、高而肇事∕未注意車前狀態∕尚未發現肇事因素,貨物超長、寬、高而肇事∕貨物超長、寬、高而肇事∕貨物超長、寬、高而肇事,不明∕大學（研究）生∕不明,不明∕不明∕不明,本國∕本國∕本國
10303,10303Y00020032,YZA1,10303YZ000045,2014,3,22,19,40,金門縣,金城鎮,,NA,珠浦北路,,5,12,6,,,,,,NA,NA,NA,NA,NA,NA,NA,NA,NA,0,2,0,晴,夜間（或隧道、地下道、涵洞）有照明,村里道路,40,坡路,一般車道（未劃分快慢車道）,柏油,乾燥,無缺陷,無障礙物,良好,無號誌,無號誌,無分向設施,未繪設車道線,未繪設快慢車道分隔線,有,其他,違規停車或暫停不當而肇事,Y000,YZ00,1,2,2014/3/22,珠浦北路5巷12弄6號,,金門縣金城鎮,118.3192542,24.4333251,自用 小貨車(含客、貨兩用)∕自用 小客車∕乘客 人∕乘客 人∕,小貨車自用∕小客車自用∕乘客∕乘客∕,62∕24∕28∕31∕,未受傷∕未受傷∕受傷∕受傷∕,WY****1代號2439∕D2****0代號2440∕D2****0代號2440∕D2****0代號2440∕,其他∕其他∕其他∕其他∕,有適當之駕照∕有適當之駕照∕非汽（機）車駕駛人∕非汽（機）車駕駛人∕,經檢測無酒精反應∕經檢測無酒精反應∕非駕駛人，未檢測∕非駕駛人，未檢測∕,汽車前車頭∕汽車後車尾∕非汽（機）車∕非汽（機）車∕,違規停車或暫停不當而肇事∕尚未發現肇事因素∕尚未發現肇事因素∕尚未發現肇事因素∕,違規停車或暫停不當而肇事∕違規停車或暫停不當而肇事∕違規停車或暫停不當而肇事∕違規停車或暫停不當而肇事∕,其他∕其他∕其他∕其他∕,購物∕購物∕購物∕購物∕,本國∕本國∕本國∕本國∕
10303,10303Y00020033,YZA1,10303YZ000047,2014,3,23,10,56,金門縣,金城鎮,,NA,民族路,,,NA,302,,,,,,NA,NA,NA,NA,NA,NA,NA,NA,NA,0,2,0,晴,日間自然光線,鄉道,40,三岔路,交岔口附近,柏油,乾燥,無缺陷,無障礙物,良好,無號誌,無號誌,無標記,未繪設車道線,未繪設快慢車道分隔線,有,其他,迴轉未依規定,Y000,YZ00,1,2,2014/3/23,民族路302號,,金門縣金城鎮,118.3157499,24.4302723,腳踏自行車 慢車∕普通重型 機車∕,腳踏自行車∕機車普通重型∕,11∕34∕,受傷∕受傷∕,∕PZ****7代號2441∕,其他∕其他∕,非汽（機）車駕駛人∕有適當之駕照∕,經觀察未飲酒∕經檢測無酒精反應∕,非汽（機）車∕機車右側車身∕,迴轉未依規定∕未注意車前狀態∕,迴轉未依規定∕迴轉未依規定∕,小學生∕技術工∕,其他∕其他∕,本國∕本國∕
10303,10303Y00020036,YZA1,10303YZ000050,2014,3,24,11,21,金門縣,金城鎮,,NA,民權路,,,NA,,,,,,民生路口,NA,NA,NA,NA,NA,NA,NA,NA,NA,0,2,0,晴,日間自然光線,村里道路,40,四岔路,交岔路口內,柏油,乾燥,無缺陷,無障礙物,良好,行車管制號誌（附設行人專用號誌）,正常,無分向設施,未繪設車道線,未繪設快慢車道分隔線,有,同向擦撞,未保持行車安全間隔,Y000,YZ00,1,2,2014/3/24,民權路,,金門縣金城鎮民生路口,118.3168946,24.4355379,普通重型 機車∕自用 小客車∕乘客 人,機車普通重型∕小客車自用∕乘客,74∕81∕66,受傷∕未受傷∕受傷,PZ****0代號2442∕BM****3代號2443∕PZ****0代號2442,其他∕其他∕其他,有適當之駕照∕無照（已達考照年齡）∕非汽（機）車駕駛人,經檢測無酒精反應∕經檢測無酒精反應∕非駕駛人，未檢測,機車前車頭∕汽車右側車身∕非汽（機）車,未保持行車安全間隔∕未保持行車安全間隔∕尚未發現肇事因素,未保持行車安全間隔∕未保持行車安全間隔∕未保持行車安全間隔,無業者∕其他∕無業者,其他∕其他∕其他,本國∕本國∕本國
10303,,YZA1,10303YZ000052,2014,3,25,7,58,金門縣,金寧鄉,,NA,,,,NA,,,,,,埔後65號,NA,NA,NA,NA,NA,NA,NA,NA,NA,0,0,0,晴,NA,NA,40,NA,NA,NA,NA,NA,NA,NA,NA,NA,NA,NA,NA,NA,NA,NA,Y000,YZ00,1,4,2014/3/25,金門縣金寧鄉埔後65號,,金門縣金寧鄉埔後65號,118.317029,24.442928,自用 小客車∕自用 小貨車(含客、貨兩用)∕,小客車自用∕小貨車自用∕,34∕24∕,,08****V代號2444∕6F****6代號2445∕,,,,,,,,,本國∕本國∕
10303,10303Y00020037,YZA1,10303YZ000053,2014,3,25,8,24,金門縣,金城鎮,,NA,西海路,一,,NA,,,,,,水頭碼頭T字路口,NA,NA,NA,NA,NA,NA,NA,NA,NA,0,2,0,陰,日間自然光線,縣道,50,多岔路,交岔路口內,柏油,乾燥,無缺陷,無障礙物,良好,無號誌,無號誌,無標記,未繪設車道線,未繪設快慢車道分隔線,有,側撞,左轉彎未依規定,Y000,YZ00,1,2,2014/3/25,西海路一段,,金門縣金城鎮水頭碼頭T字路口,118.2906709,24.4124946,計程車 小客車∕普通重型 機車∕乘客 人,小客車計程車∕機車普通重型∕乘客,56∕30∕30,未受傷∕受傷∕受傷,VX***9代號2446∕05****B代號2447∕05****B代號2447,其他∕其他∕其他,有適當之駕照∕有適當之駕照∕非汽（機）車駕駛人,經檢測無酒精反應∕經檢測無酒精反應∕非駕駛人，未檢測,汽車左前車頭（身）∕機車前車頭∕非汽（機）車,左轉彎未依規定∕未依規定減速∕尚未發現肇事因素,左轉彎未依規定∕左轉彎未依規定∕左轉彎未依規定,汽車、火車駕駛員及船員∕服務工作者∕服務工作者,運輸∕上、下班∕上、下班,本國∕本國∕本國
10303,10303Y00020038,YZA1,10303YZ000054,2014,3,25,20,2,金門縣,金城鎮,賢庵里,NA,西海路,三,22,22,2,,,,,,NA,NA,NA,NA,NA,NA,NA,NA,NA,0,1,0,晴,夜間（或隧道、地下道、涵洞）有照明,村里道路,40,四岔路,交岔路口內,柏油,乾燥,無缺陷,無障礙物,良好,無號誌,無號誌,無分向設施,未繪設車道線,未繪設快慢車道分隔線,有,路口交岔撞,未依規定讓車,Y000,YZ00,1,2,2014/3/25,西海路三段22巷22弄2號,,金門縣金城鎮賢庵里,118.3124964,24.4226194,普通輕型 機車∕自用 小客車∕,機車普通輕型∕小客車自用∕,62∕65∕,受傷∕未受傷∕,RI****5代號1773∕04****V代號2448∕,其他∕其他∕,有適當之駕照∕有適當之駕照∕,經檢測無酒精反應∕經檢測無酒精反應∕,機車左側車身∕汽車左前車頭（身）∕,未依規定讓車∕未依規定減速∕,未依規定讓車∕未依規定讓車∕,家庭主婦（夫）∕技術工∕,上、下班∕其他∕,本國∕本國∕
10303,10303Y00020039,YZA1,10303YZ000055,2014,3,26,9,28,金門縣,金城鎮,,NA,西海路,三,2,NA,,,,,,,NA,NA,NA,NA,NA,NA,NA,NA,NA,0,1,0,晴,日間自然光線,村里道路,50,三岔路,交岔路口內,柏油,乾燥,無缺陷,無障礙物,良好,無號誌,無號誌,無分向設施,未繪設車道線,未繪設快慢車道分隔線,有,側撞,未依規定讓車,Y000,YZ00,1,2,2014/3/26,西海路三段2巷,,金門縣金城鎮,118.3124964,24.4226194,普通重型 機車∕普通重型 機車∕,機車普通重型∕機車普通重型∕,32∕50∕,未受傷∕受傷∕,80****T代號2449∕29****G代號1277∕,其他∕其他∕,有適當之駕照∕有適當之駕照∕,經檢測無酒精反應∕經檢測無酒精反應∕,機車前車頭∕機車前車頭∕,未依規定讓車∕未依規定減速∕,未依規定讓車∕未依規定讓車∕,服務工作者∕事務工作者∕,上、下班∕其他∕,本國∕本國∕
10303,10303Y00020035,YZA1,10303YZ000057,2014,3,23,22,10,金門縣,金城鎮,北門里,NA,民生路,,,NA,,,,,,金城車站旁,NA,NA,NA,NA,NA,NA,NA,NA,NA,0,1,0,晴,夜間（或隧道、地下道、涵洞）有照明,鄉道,40,四岔路,交岔路口內,柏油,乾燥,無缺陷,無障礙物,良好,無號誌,無號誌,無分向設施,未繪設車道線,未繪設快慢車道分隔線,有,路口交岔撞,違反特定標誌（線）禁制,Y000,YZ00,1,2,2014/3/23,民生路,,金門縣金城鎮北門里金城車站旁,118.3190184,24.43575,普通重型 機車∕自用 小客車∕,機車普通重型∕小客車自用∕,24∕56∕,受傷∕未受傷∕,3J****2代號2450∕28****S代號2451∕,其他∕其他∕,有適當之駕照∕有適當之駕照∕,經檢測無酒精反應∕經檢測無酒精反應∕,機車前車頭∕汽車右前車頭（身）∕,違反特定標誌（線）禁制∕未依規定減速∕,違反特定標誌（線）禁制∕違反特定標誌（線）禁制∕,技術員及助理人員∕技術員及助理人員∕,社交活動∕社交活動∕,本國∕本國∕
10303,10303Y00020040,YZA1,10303YZ000059,2014,3,28,11,45,金門縣,金城鎮,,NA,西海路,二,,NA,,,,,,03730號燈桿前,NA,NA,NA,NA,NA,NA,NA,NA,NA,0,3,0,晴,日間自然光線,縣道,50,直路,一般車道（未劃分快慢車道）,柏油,乾燥,無缺陷,無障礙物,良好,無號誌,無號誌,無標記,未繪設車道線,未繪設快慢車道分隔線,有,對撞,超速失控,Y000,YZ00,1,2,2014/3/28,西海路二段,,金門縣金城鎮03730號燈桿前,118.3041626,24.4144371,自用 小貨車(含客、貨兩用)∕自用 小客車∕自用 小客車∕乘客 人∕,小貨車自用∕小客車自用∕小客車自用∕乘客∕,22∕23∕22∕30∕,受傷∕受傷∕未受傷∕受傷∕,07****X代號2452∕08****2代號2453∕AA*****5代號2454∕08****2代號2453∕,其他∕其他∕其他∕其他∕,有適當之駕照∕有適當之駕照∕有適當之駕照∕非汽（機）車駕駛人∕,經檢測無酒精反應∕經檢測無酒精反應∕經檢測無酒精反應∕非駕駛人，未檢測∕,汽車左前車頭（身）∕汽車左前車頭（身）∕汽車右前車頭（身）∕非汽（機）車∕,超速失控∕尚未發現肇事因素∕尚未發現肇事因素∕尚未發現肇事因素∕,超速失控∕超速失控∕超速失控∕超速失控∕,服務工作者∕服務工作者∕服務工作者∕服務工作者∕,業務聯繫∕其他∕其他∕其他∕,本國∕本國∕本國∕本國∕
10303,10303Y00020042,YZA1,10303YZ000061,2014,3,30,11,28,金門縣,金寧鄉,盤山村,NA,環島北路,一,,NA,,,大學路,,,,NA,NA,NA,NA,NA,NA,NA,NA,NA,0,1,0,晴,日間自然光線,鄉道,50,三岔路,交岔口附近,柏油,乾燥,無缺陷,無障礙物,良好,行車管制號誌,正常,附標記,未繪設車道線,未繪設快慢車道分隔線,有,追撞,未保持行車安全距離,Y000,YZ00,1,2,2014/3/30,環島北路一段,大學路,,118.326867,24.44495544,自用 小貨車(含客、貨兩用)∕普通重型 機車∕,小貨車自用∕機車普通重型∕,51∕59∕,未受傷∕受傷∕,R4****2代號2455∕31****E代號2456∕,其他∕其他∕,有適當之駕照∕有適當之駕照∕,經檢測無酒精反應∕經檢測無酒精反應∕,汽車右前車頭（身）∕機車後車尾∕,未保持行車安全距離∕尚未發現肇事因素∕,未保持行車安全距離∕未保持行車安全距離∕,技術員及助理人員∕技術員及助理人員∕,社交活動∕社交活動∕,本國∕本國∕
10303,10303Y00020043,YZA1,10303YZ000062,2014,3,31,8,20,金門縣,金城鎮,,NA,民生路,,,NA,,,,,,大同之家旁路口,NA,NA,NA,NA,NA,NA,NA,NA,NA,0,1,0,雨,日間自然光線,鄉道,40,四岔路,交岔路口內,柏油,濕潤,無缺陷,無障礙物,良好,無號誌,無號誌,無分向設施,未繪設車道線,未繪設快慢車道分隔線,有,路口交岔撞,未依規定讓車,Y000,YZ00,1,2,2014/3/31,民生路,,金門縣金城鎮大同之家旁路口,118.3190184,24.43575,自用 小貨車(含客、貨兩用)∕普通重型 機車∕,小貨車自用∕機車普通重型∕,36∕25∕,未受傷∕受傷∕,L2****8代號1515∕82****T代號2457∕,其他∕其他∕,無照（已達考照年齡）∕有適當之駕照∕,經檢測無酒精反應∕經檢測無酒精反應∕,汽車左側車身∕機車前車頭∕,未依規定讓車∕未依規定減速∕,未依規定讓車∕未依規定讓車∕,技術工∕技術工∕,上、下班∕上、下班∕,本國∕本國∕
10303,10303Y00020044,YZA1,10303YZ000063,2014,3,31,16,37,金門縣,金城鎮,,NA,民生路,,,NA,60,,,,,,NA,NA,NA,NA,NA,NA,NA,NA,NA,0,2,0,陰,日間自然光線,鄉道,40,三岔路,交岔路口內,柏油,乾燥,無缺陷,無障礙物,良好,無號誌,無號誌,無分向設施,未繪設車道線,未繪設快慢車道分隔線,有,側撞,未依規定讓車,Y000,YZ00,1,2,2014/3/31,民生路60號,,金門縣金城鎮,118.3190184,24.43575,普通重型 機車∕普通重型 機車∕,機車普通重型∕機車普通重型∕,46∕28∕,受傷∕受傷∕,AD*****9代號2458∕3J****2代號2459∕,其他∕其他∕,有適當之駕照∕有適當之駕照∕,經檢測無酒精反應∕經檢測無酒精反應∕,機車右側車身∕機車前車頭∕,未依規定讓車∕尚未發現肇事因素∕,未依規定讓車∕未依規定讓車∕,事務工作者∕技術工∕,業務聯繫∕其他∕,本國∕本國∕
10304,10304Y00020002,YYA1,10304YY000002,2014,4,1,14,28,金門縣,金湖鎮,,NA,環島南路,五,,NA,,,士校路,,,,NA,NA,NA,NA,NA,NA,NA,NA,NA,0,2,0,晴,日間自然光線,村里道路,60,四岔路,交岔路口內,柏油,乾燥,無缺陷,無障礙物,良好,行車管制號誌,正常,無分向設施,未繪設車道線,未繪設快慢車道分隔線,有,其他,未注意車前狀態,Y000,YY00,1,2,2014/4/1,環島南路五段,士校路,,118.418513,24.434034,普通重型 機車∕普通重型 機車∕乘客 人,機車普通重型∕機車普通重型∕乘客,19∕48∕49,未受傷∕受傷∕受傷,60****C代號2460∕PZ****1代號2461∕PZ****1代號2461,其他∕其他∕其他,有適當之駕照∕有適當之駕照∕非汽（機）車駕駛人,經檢測無酒精反應∕經檢測無酒精反應∕非駕駛人，未檢測,機車左側車身∕機車右側車身∕不明,未注意車前狀態∕起步未注意其他車（人）安全∕尚未發現肇事因素,未注意車前狀態∕未注意車前狀態∕未注意車前狀態,大學（研究）生∕專業人員∕家庭主婦（夫）,其他∕購物∕購物,本國∕本國∕本國
10304,10304Y00020003,YYA1,10304YY000003,2014,4,2,7,18,金門縣,金沙鎮,,NA,國中路,,,NA,51,,,,,,NA,NA,NA,NA,NA,NA,NA,NA,NA,0,1,0,晴,日間自然光線,村里道路,50,直路,一般車道（未劃分快慢車道）,柏油,乾燥,無缺陷,無障礙物,良好,無號誌,無號誌,無標記,未繪設車道線,未繪設快慢車道分隔線,有,其他,未注意車前狀態,Y000,YY00,1,2,2014/4/2,國中路51號,,金門縣金沙鎮,118.4143889,24.4891988,自用 小客車∕行人 人∕,小客車自用∕行人∕,21∕13∕,未受傷∕受傷∕,39****6代號2462,其他∕非駕駛人及乘客∕,有適當之駕照∕非汽（機）車駕駛人∕,經檢測無酒精反應∕非駕駛人，未檢測∕,汽車右前車頭（身）∕非汽（機）車∕,未注意車前狀態∕尚未發現肇事因素∕,未注意車前狀態∕未注意車前狀態∕,農林漁牧工作者∕國中生∕,上、下班∕上、下班∕,本國∕本國∕
10304,10304Y00010001,YYA1,10304YY000005,2014,4,2,13,43,金門縣,金沙鎮,,NA,,,,NA,,,,,,后水頭73號旁產業道路后水頭至斗門之產業道路路口,NA,NA,NA,NA,NA,NA,NA,NA,NA,1,0,0,陰,日間自然光線,其他,40,四岔路,交岔路口內,水泥,濕潤,突出（高低）不平,無障礙物,良好,無號誌,無號誌,無分向設施,未繪設車道線,未繪設快慢車道分隔線,無,路口交岔撞,未依規定讓車,Y000,YY00,1,1,2014/4/2,金門縣金沙鎮后水頭73號旁產業道路后水頭至斗門之產業道路路口,,金門縣金沙鎮后水頭73號旁產業道路后水頭至斗門之產業道路路口,118.4137179,24.4821177,自用 小客車∕普通輕型 機車∕,小客車自用∕機車普通輕型∕,31∕67∕,未受傷∕24小時內死亡∕,15****V代號2463∕DS****9代號2464∕,其他∕其他∕,有適當之駕照∕有適當之駕照∕,經檢測無酒精反應∕經觀察未飲酒∕,汽車右前車頭（身）∕機車前車頭∕,未依規定讓車∕未注意車前狀態∕,未依規定讓車∕未依規定讓車∕,專業人員∕家庭主婦（夫）∕,其他∕其他∕,本國∕本國∕
10304,10304Y00020045,YYA1,10304YY000008,2014,4,4,13,25,金門縣,金湖鎮,新市里,NA,中正路,,,NA,,,,,,與復興路口,NA,NA,NA,NA,NA,NA,NA,NA,NA,0,1,0,晴,日間自然光線,村里道路,40,四岔路,交岔路口內,柏油,乾燥,無缺陷,無障礙物,良好,無號誌,無號誌,無分向設施,未繪設車道線,未繪設快慢車道分隔線,有,路口交岔撞,未依規定讓車,Y000,YY00,1,2,2014/4/4,中正路,,金門縣金湖鎮新市里與復興路口,118.4156249,24.4409009,自用 小客車∕普通輕型 機車∕,小客車自用∕機車普通輕型∕,45∕67∕,未受傷∕受傷∕,WY****0代號2465∕WZ****6代號2466∕,其他∕其他∕,有適當之駕照∕有適當之駕照∕,經檢測無酒精反應∕無法檢測∕,汽車右前車頭（身）∕機車右側車身∕,未依規定讓車∕未依規定減速∕,未依規定讓車∕未依規定讓車∕,其他∕其他∕,其他∕其他∕,本國∕本國∕
10304,10304Y00020004,YYA1,10304YY000011,2014,4,5,18,3,金門縣,金湖鎮,,NA,環島南路,三,,NA,,,,,,象德宮路段,NA,NA,NA,NA,NA,NA,NA,NA,NA,0,1,0,晴,晨或暮光,村里道路,60,坡路,路肩、路緣,柏油,乾燥,無缺陷,無障礙物,良好,無號誌,無號誌,附標記,未繪設車道線,未繪設快慢車道分隔線,有,其他,未依規定減速,Y000,YY00,1,2,2014/4/5,環島南路三段,,金門縣金湖鎮象德宮路段,118.3757827,24.4398961,自用 小客車∕ ∕,小客車自用,22∕0∕,受傷,03****V代號2467,其他,有適當之駕照,經檢測無酒精反應,汽車前車頭,未依規定減速∕尚未發現肇事因素∕,未依規定減速∕未依規定減速∕,其他,其他,本國∕本國∕
10304,,YYA1,10304YY000013,2014,4,4,11,0,金門縣,金沙鎮,,NA,環島北路,四,,NA,,,,,,洋山路口,NA,NA,NA,NA,NA,NA,NA,NA,NA,0,0,0,NA,NA,NA,0,NA,NA,NA,NA,NA,NA,NA,NA,NA,NA,NA,NA,NA,NA,NA,Y000,YY00,1,4,2014/4/4,環島北路四段,,金門縣金沙鎮洋山路口,118.4045085,24.4840105,計程車 小客車∕自用 小客車∕,小客車計程車∕小客車自用∕,42∕55∕,,03***5代號2468∕5C****9代號2469∕,,,,,,,,,本國∕本國∕
10304,10304Y00020012,YYA1,10304YY000016,2014,4,10,15,56,金門縣,金湖鎮,正義里,NA,環島南路,四,,NA,,,,,,夏興往成功路口下坡處,NA,NA,NA,NA,NA,NA,NA,NA,NA,0,2,0,晴,日間自然光線,村里道路,50,坡路,一般車道（未劃分快慢車道）,柏油,乾燥,無缺陷,無障礙物,良好,無號誌,無號誌,無標記,未繪設車道線,快慢車道分隔線,有,其他,未依規定減速,Y000,YY00,1,2,2014/4/10,環島南路四段,,金門縣金湖鎮正義里夏興往成功路口下坡處,118.40101,24.438041,自用 小客車∕普通重型 機車∕乘客 人,小客車自用∕機車普通重型∕乘客,29∕47∕32,未受傷∕受傷∕受傷,AA*****0代號2470∕29****W代號2471∕29****W代號2471,其他∕其他∕其他,有適當之駕照∕有適當之駕照∕非汽（機）車駕駛人,經檢測無酒精反應∕經檢測無酒精反應∕不明,汽車右側車身∕機車左側車身∕不明,未依規定減速∕尚未發現肇事因素∕尚未發現肇事因素,未依規定減速∕未依規定減速∕未依規定減速,其他∕其他∕其他,其他∕其他∕其他,本國∕本國∕本國
10304,,YYA1,10304YY000024,2014,4,11,14,30,金門縣,金湖鎮,新市里,NA,復興路,,,NA,,,,,,台灣銀行對面停車場,NA,NA,NA,NA,NA,NA,NA,NA,NA,0,0,0,晴,日間自然光線,其他,20,其他,其他,水泥,乾燥,無缺陷,無障礙物,良好,無號誌,無號誌,無分向設施,未繪設車道線,未繪設快慢車道分隔線,無,倒車撞,倒車未依規定,Y000,YY00,1,4,2014/4/11,復興路,,金門縣金湖鎮新市里台灣銀行對面停車場,118.4161413,24.4412321,自用 小客車∕自用 小客車∕,小客車自用∕小客車自用∕,34∕41∕,未受傷∕未受傷∕,OP****8代號2472∕6F****3代號2473∕,其他∕其他∕,有適當之駕照∕有適當之駕照∕,不明∕不明∕,汽車右後車尾（身）∕汽車右後車尾（身）∕,倒車未依規定∕尚未發現肇事因素∕,倒車未依規定∕倒車未依規定∕,其他∕其他∕,其他∕其他∕,本國∕本國∕