年月,總編號,處理單位,處理編號,年,月,日,時,分,縣市,區,村里,鄰,街道,段,巷,弄,號,公尺處,街道.1,段.1,側,附近,道路,公里,公尺處.1,向,車道,平交道,公里.1,公尺處.2,附近.1,死,受傷,X2.30,天候,光線,道路類別,速限,道路型態,事故位置,路面鋪裝,路面狀態,路面缺陷,障礙物,視距,號誌種類,號誌動作,分向設施,快車道或一般車道間,快慢車道間,路面邊線,事故類型及型態,主要肇因,警局,分局,案件類別,事故類別,日期,道路1,道路2,概略位置,lon,lat,車種,當事者區分.類別.,年齡,受傷程度,車輛牌照號碼,車輛用途,駕駛資格情形,飲酒情形,車輛撞擊部位最初,肇事因素個別,肇事因素主要,職.業,旅次目的,國籍
10304,,YYA1,10304YY000029,2014,4,15,12,30,金門縣,金湖鎮,,NA,伯玉路,四,,NA,,,,,,1163號路燈桿前,NA,NA,NA,NA,NA,NA,NA,NA,NA,0,0,0,NA,NA,NA,0,NA,NA,NA,NA,NA,NA,NA,NA,NA,NA,NA,NA,NA,NA,NA,Y000,YY00,1,4,2014/4/15,伯玉路四段,,金門縣金湖鎮1163號路燈桿前,118.3798588,24.4470039,自用 小客車∕自用 小客車∕,小客車自用∕小客車自用∕,29∕34∕,,38****B代號2474∕6F****0代號2475∕,,,,,,,,,本國∕本國∕
10304,10304Y00020047,YYA1,10304YY000032,2014,4,15,22,14,金門縣,金湖鎮,正義里,NA,環島南路,四,,NA,,,瓊徑路,,,,NA,NA,NA,NA,NA,NA,NA,NA,NA,0,1,0,晴,夜間（或隧道、地下道、涵洞）有照明,村里道路,50,直路,路肩、路緣,柏油,乾燥,無缺陷,無障礙物,良好,無號誌,無號誌,無標記,未繪設車道線,快慢車道分隔線,有,撞護欄（樁）,未注意車前狀態,Y000,YY00,1,2,2014/4/15,環島南路四段,瓊徑路,,118.3917905,24.44048713,普通重型 機車∕ ∕,機車普通重型,50∕0∕,受傷,FK****2代號2476,其他,有適當之駕照,無法檢測,機車右側車身,未注意車前狀態∕尚未發現肇事因素∕,未注意車前狀態∕未注意車前狀態∕,其他,其他,本國∕本國∕
10304,10304Y00020030,YYA1,10304YY000035,2014,4,17,17,45,金門縣,金湖鎮,,NA,市港路,,,NA,,,,,,好口味餐廳,NA,NA,NA,NA,NA,NA,NA,NA,NA,0,1,0,晴,日間自然光線,村里道路,50,三岔路,交岔路口內,柏油,乾燥,無缺陷,無障礙物,良好,無號誌,無號誌,無分向設施,未繪設車道線,快慢車道分隔線,有,側撞,違規超車,Y000,YY00,1,2,2014/4/17,市港路,,金門縣金湖鎮好口味餐廳,118.4099121,24.4348324,普通重型 機車∕自用 小貨車(含客、貨兩用)∕,機車普通重型∕小貨車自用∕,33∕57∕,受傷∕未受傷∕,AD*****7代號2477∕6F****9代號2478∕,其他∕其他∕,有適當之駕照∕有適當之駕照∕,經檢測無酒精反應∕經檢測無酒精反應∕,機車右側車身∕汽車左前車頭（身）∕,違規超車∕尚未發現肇事因素∕,違規超車∕違規超車∕,技術員及助理人員∕服務工作者∕,上、下學∕購物∕,本國∕本國∕
10304,10304Y00020027,YYA1,10304YY000040,2014,4,20,9,54,金門縣,金湖鎮,,NA,太湖路,一,,NA,,,,,,新市圓環,NA,NA,NA,NA,NA,NA,NA,NA,NA,0,1,0,晴,日間自然光線,村里道路,50,圓環,一般車道（未劃分快慢車道）,柏油,乾燥,無缺陷,無障礙物,良好,行車管制號誌,正常,無分向設施,車道線（無標記）,未繪設快慢車道分隔線,有,其他,右轉彎未依規定,Y000,YY00,1,2,2014/4/20,太湖路一段,,金門縣金湖鎮新市圓環,118.4047483,24.4473343,營業用 大貨車∕普通輕型 機車∕,大貨車營業用∕機車普通輕型∕,51∕38∕,未受傷∕受傷∕,86***G代號2479∕WZ****9代號2480∕,砂石車∕其他∕,有適當之駕照∕有適當之駕照∕,經檢測無酒精反應∕經檢測無酒精反應∕,不明∕機車前車頭∕,右轉彎未依規定∕未注意車前狀態∕,右轉彎未依規定∕右轉彎未依規定∕,汽車、火車駕駛員及船員∕保安工作者（不含警察人員）∕,運輸∕其他∕,本國∕本國∕
10304,10304Y00020031,YYA1,10304YY000047,2014,4,26,7,30,金門縣,金湖鎮,,NA,經武路,,,NA,,,,,,1182柱路燈,NA,NA,NA,NA,NA,NA,NA,NA,NA,0,1,0,陰,日間自然光線,村里道路,60,三岔路,交岔口附近,柏油,乾燥,無缺陷,無障礙物,良好,無號誌,無號誌,無標記,未繪設車道線,未繪設快慢車道分隔線,有,側撞,違規超車,Y000,YY00,1,2,2014/4/26,經武路,,金門縣金湖鎮1182柱路燈,118.3875082,24.4434136,自用 小貨車(含客、貨兩用)∕普通重型 機車∕,小貨車自用∕機車普通重型∕,57∕59∕,未受傷∕受傷∕,6F****0代號2481∕PZ****5代號2482∕,其他∕其他∕,有適當之駕照∕有適當之駕照∕,經檢測無酒精反應∕經檢測無酒精反應∕,汽車右側車身∕機車左側車身∕,違規超車∕左轉彎未依規定∕,違規超車∕違規超車∕,其他∕其他∕,其他∕其他∕,本國∕本國∕
10304,10304Y00020033,YYA1,10304YY000048,2014,4,26,16,50,金門縣,金湖鎮,,NA,環島南路,四,,NA,,,,,,漁村路口,NA,NA,NA,NA,NA,NA,NA,NA,NA,0,2,0,雨,日間自然光線,村里道路,50,四岔路,交岔路口內,柏油,濕潤,無缺陷,無障礙物,良好,無號誌,無號誌,無分向設施,未繪設車道線,未繪設快慢車道分隔線,有,追撞,不明原因肇事,Y000,YY00,1,2,2014/4/26,環島南路四段,,金門縣金湖鎮漁村路口,118.40101,24.438041,普通重型 機車∕普通重型 機車∕,機車普通重型∕機車普通重型∕,22∕21∕,受傷∕受傷∕,33****E代號2483∕03****W代號2484∕,其他∕其他∕,有適當之駕照∕有適當之駕照∕,經檢測無酒精反應∕經檢測無酒精反應∕,機車左側車身∕機車前車頭∕,不明原因肇事∕未保持行車安全距離∕,不明原因肇事∕不明原因肇事∕,大學（研究）生∕大學（研究）生∕,觀光旅遊∕觀光旅遊∕,本國∕本國∕
10304,10304Y00020032,YYA1,10304YY000049,2014,4,27,10,16,金門縣,金沙鎮,,NA,環島北路,四,,NA,,,,,,榮湖取水站路段,NA,NA,NA,NA,NA,NA,NA,NA,NA,0,1,0,晴,日間自然光線,村里道路,50,三岔路,交岔路口內,柏油,乾燥,無缺陷,無障礙物,良好,無號誌,無號誌,無分向設施,未繪設車道線,未繪設快慢車道分隔線,有,側撞,未保持行車安全距離,Y000,YY00,1,2,2014/4/27,環島北路四段,,金門縣金沙鎮榮湖取水站路段,118.4045085,24.4840105,普通重型 機車∕自用 小客車∕,機車普通重型∕小客車自用∕,21∕50∕,受傷∕未受傷∕,75****C代號2485∕WY****6代號2486∕,其他∕其他∕,有適當之駕照∕有適當之駕照∕,經檢測無酒精反應∕經檢測無酒精反應∕,機車前車頭∕汽車右前車頭（身）∕,未保持行車安全距離∕尚未發現肇事因素∕,未保持行車安全距離∕未保持行車安全距離∕,大學（研究）生∕技術工∕,社交活動∕購物∕,本國∕本國∕
10304,10304Y00020034,YYA1,10304YY000050,2014,4,28,7,29,金門縣,金湖鎮,,NA,環島南路,四,,NA,,,,,,漁村路口,NA,NA,NA,NA,NA,NA,NA,NA,NA,0,2,0,晴,日間自然光線,村里道路,50,三岔路,交岔路口內,柏油,乾燥,無缺陷,無障礙物,良好,無號誌,無號誌,無分向設施,未繪設車道線,未繪設快慢車道分隔線,有,側撞,未依規定讓車,Y000,YY00,1,2,2014/4/28,環島南路四段,,金門縣金湖鎮漁村路口,118.40101,24.438041,普通重型 機車∕普通輕型 機車∕,機車普通重型∕機車普通輕型∕,40∕47∕,受傷∕受傷∕,PZ****1代號2487∕ZU****9代號2488∕,其他∕其他∕,越級駕駛∕有適當之駕照∕,經檢測無酒精反應∕經檢測無酒精反應∕,機車右側車身∕機車前車頭∕,未依規定讓車∕未注意車前狀態∕,未依規定讓車∕未依規定讓車∕,農林漁牧工作者∕售貨員∕,社交活動∕上、下班∕,本國∕本國∕
10304,10304Y00020035,YYA1,10304YY000052,2014,4,29,21,38,金門縣,金湖鎮,,NA,伯玉路,四,,NA,,,,,,小徑侯車亭路段,NA,NA,NA,NA,NA,NA,NA,NA,NA,0,1,0,晴,夜間（或隧道、地下道、涵洞）有照明,村里道路,70,直路,路肩、路緣,柏油,乾燥,無缺陷,無障礙物,良好,無號誌,無號誌,附標記,車道線（附標記）,未繪設快慢車道分隔線,無,其他,未注意車前狀態,Y000,YY00,1,2,2014/4/29,伯玉路四段,,金門縣金湖鎮小徑侯車亭路段,118.3798588,24.4470039,普通重型 機車∕ ∕,機車普通重型,24∕0∕,受傷,17****G代號2489,其他,有適當之駕照,經檢測無酒精反應,機車右側車身,未注意車前狀態∕尚未發現肇事因素∕,未注意車前狀態∕未注意車前狀態∕,其他,上、下班,本國∕本國∕
10304,10304Y00020036,YYA1,10304YY000053,2014,4,30,15,20,金門縣,金沙鎮,,NA,高陽路,,,NA,,,,,,蔡厝路段D1879號燈桿,NA,NA,NA,NA,NA,NA,NA,NA,NA,0,3,0,晴,日間自然光線,村里道路,60,直路,一般車道（未劃分快慢車道）,柏油,濕潤,無缺陷,無障礙物,良好,無號誌,無號誌,無標記,未繪設車道線,未繪設快慢車道分隔線,有,路上翻車、摔倒,未注意車前狀態,Y000,YY00,1,2,2014/4/30,高陽路,,金門縣金沙鎮蔡厝路段D1879號燈桿,118.4078483,24.4727311,普通重型 機車∕ ∕乘客 人∕乘客 人∕,機車普通重型乘客∕乘客∕,29∕0∕29∕1∕,受傷受傷∕受傷∕,AD*****8代號2490AD*****8代號2490∕AD*****8代號2490∕,其他其他∕其他∕,有適當之駕照非汽（機）車駕駛人∕非汽（機）車駕駛人∕,經檢測無酒精反應非駕駛人，未檢測∕非駕駛人，未檢測∕,機車右側車身非汽（機）車∕非汽（機）車∕,未注意車前狀態∕尚未發現肇事因素∕尚未發現肇事因素∕尚未發現肇事因素∕,未注意車前狀態∕未注意車前狀態∕未注意車前狀態∕未注意車前狀態∕,服務工作者服務工作者∕未就學兒童∕,觀光旅遊觀光旅遊∕觀光旅遊∕,本國∕本國∕本國∕本國∕
10304,10304Y00030001,YYA1,10304YY000054,2014,4,30,18,6,金門縣,金湖鎮,,NA,黃海路,,,NA,79,,,,,,NA,NA,NA,NA,NA,NA,NA,NA,NA,0,0,0,晴,日間自然光線,村里道路,50,直路,一般車道（未劃分快慢車道）,柏油,乾燥,無缺陷,無障礙物,良好,無號誌,無號誌,無標記,未繪設車道線,未繪設快慢車道分隔線,有,側撞,酒醉（後）駕駛失控,Y000,YY00,1,3,2014/4/30,黃海路79號,,金門縣金湖鎮,118.4256931,24.452032,普通重型 機車∕普通重型 機車∕,機車普通重型∕機車普通重型∕,61∕24∕,未受傷∕未受傷∕,PZ****2代號2491∕47****A代號2492∕,其他∕其他∕,有適當之駕照∕有適當之駕照∕,經呼氣檢測超過0.80mg∕L或血液檢測超過0.16∕經檢測無酒精反應∕,機車前車頭∕機車後車尾∕,酒醉（後）駕駛失控∕尚未發現肇事因素∕,酒醉（後）駕駛失控∕酒醉（後）駕駛失控∕,服務工作者∕服務工作者∕,不明∕購物∕,本國∕本國∕
10304,10304Y00020001,YZA1,10304YZ000001,2014,4,1,13,0,金門縣,金城鎮,,NA,珠浦西路,,,NA,10,,,,,野宴燒烤前,NA,NA,NA,NA,NA,NA,NA,NA,NA,0,1,0,陰,日間自然光線,村里道路,40,直路,一般車道（未劃分快慢車道）,柏油,乾燥,無缺陷,無障礙物,良好,無號誌,無號誌,無標記,未繪設車道線,未繪設快慢車道分隔線,有,其他,穿越道路未注意左右來車,Y000,YZ00,1,2,2014/4/1,珠浦西路10號,,金門縣金城鎮野宴燒烤前,118.3147803,24.4384226,行人 人∕自用 小貨車(含客、貨兩用)∕,行人∕小貨車自用∕,76∕70∕,受傷∕未受傷∕,∕6F****8代號2493∕,非駕駛人及乘客∕其他∕,非汽（機）車駕駛人∕有適當之駕照∕,非駕駛人，未檢測∕經檢測無酒精反應∕,非汽（機）車∕汽車左前車頭（身）∕,穿越道路未注意左右來車∕未注意車前狀態∕,穿越道路未注意左右來車∕穿越道路未注意左右來車∕,無業者∕其他∕,社交活動∕社交活動∕,本國∕本國∕
10304,10304Y00020005,YZA1,10304YZ000004,2014,4,2,12,43,金門縣,金城鎮,,NA,西海路,一,,NA,,,,,,水頭村路口,NA,NA,NA,NA,NA,NA,NA,NA,NA,0,1,0,陰,日間自然光線,村里道路,50,三岔路,交岔口附近,柏油,乾燥,無缺陷,無障礙物,良好,無號誌,無號誌,附標記,未繪設車道線,未繪設快慢車道分隔線,有,路上翻車、摔倒,未依規定減速,Y000,YZ00,1,2,2014/4/2,西海路一段,,金門縣金城鎮水頭村路口,118.2906709,24.4124946,普通重型 機車∕ ∕,機車普通重型,52∕0∕,受傷,13****S代號2494,其他,無照（已達考照年齡）,經檢測無酒精反應,機車前車頭,未依規定減速∕尚未發現肇事因素∕,未依規定減速∕未依規定減速∕,其他,其他,本國∕本國∕
10304,10304Y00020006,YZA1,10304YZ000006,2014,4,2,23,50,金門縣,金城鎮,,NA,民權路,,,NA,,,民生路,,,,NA,NA,NA,NA,NA,NA,NA,NA,NA,0,1,0,陰,夜間（或隧道、地下道、涵洞）有照明,村里道路,50,四岔路,交岔路口內,柏油,濕潤,無缺陷,無障礙物,良好,閃光號誌,正常,無分向設施,未繪設車道線,未繪設快慢車道分隔線,有,側撞,未依規定讓車,Y000,YZ00,1,2,2014/4/2,民權路,民生路,,118.318387,24.437086,普通重型 機車∕普通重型 機車∕,機車普通重型∕機車普通重型∕,22∕24∕,受傷∕未受傷∕,89****B代號2495∕AA*****6代號2496∕,其他∕其他∕,有適當之駕照∕有適當之駕照∕,經檢測無酒精反應∕經呼氣檢測未超過0.15mg∕L或血液檢測未超過0.03∕,不明∕不明∕,未依規定讓車∕未注意車前狀態∕,未依規定讓車∕未依規定讓車∕,其他∕其他∕,其他∕其他∕,本國∕本國∕
10304,10304Y00020020,YZA1,10304YZ000007,2014,4,4,13,40,金門縣,金城鎮,,NA,珠浦東路,,,NA,15,,,,,,NA,NA,NA,NA,NA,NA,NA,NA,NA,0,1,0,晴,日間自然光線,村里道路,40,四岔路,交岔路口內,其他鋪裝,乾燥,無缺陷,無障礙物,建築物,無號誌,無號誌,無分向設施,未繪設車道線,未繪設快慢車道分隔線,無,路口交岔撞,未依規定讓車,Y000,YZ00,1,2,2014/4/4,珠浦東路15號,,金門縣金城鎮,118.3189755,24.4310564,普通重型 機車∕普通重型 機車∕,機車普通重型∕機車普通重型∕,47∕21∕,未受傷∕受傷∕,01****X代號2497∕26****Z代號2498∕,其他∕其他∕,有適當之駕照∕有適當之駕照∕,經檢測無酒精反應∕經檢測無酒精反應∕,機車前車頭∕機車前車頭∕,未依規定讓車∕未依規定減速∕,未依規定讓車∕未依規定讓車∕,事務工作者∕家庭主婦（夫）∕,業務聯繫∕其他∕,本國∕本國∕
10304,10304Y00020007,YZA1,10304YZ000009,2014,4,4,7,52,金門縣,金城鎮,,NA,民生路,,,NA,7,,,,,金城車站前,NA,NA,NA,NA,NA,NA,NA,NA,NA,0,2,0,晴,日間自然光線,鄉道,40,三岔路,交岔路口內,柏油,乾燥,無缺陷,無障礙物,良好,無號誌,無號誌,無分向設施,未繪設車道線,未繪設快慢車道分隔線,有,側撞,未保持行車安全距離,Y000,YZ00,1,2,2014/4/4,民生路7號,,金門縣金城鎮金城車站前,118.25711,24.426885,電動自行車 慢車∕腳踏自行車 慢車∕,電動自行車∕腳踏自行車∕,63∕55∕,受傷∕受傷∕,,其他∕其他∕,非汽（機）車駕駛人∕非汽（機）車駕駛人∕,經檢測無酒精反應∕經檢測無酒精反應∕,非汽（機）車∕非汽（機）車∕,未保持行車安全距離∕尚未發現肇事因素∕,未保持行車安全距離∕未保持行車安全距離∕,其他∕其他∕,其他∕購物∕,本國∕本國∕
10304,10304Y00020018,YZA1,10304YZ000010,2014,4,4,19,15,金門縣,金寧鄉,,NA,環島西路,二,,NA,,,,,,香格里拉公車站牌旁路段,NA,NA,NA,NA,NA,NA,NA,NA,NA,0,2,0,陰,夜間（或隧道、地下道、涵洞）有照明,村里道路,60,三岔路,交岔路口內,柏油,乾燥,無缺陷,無障礙物,良好,無號誌,無號誌,無標記,未繪設車道線,未繪設快慢車道分隔線,有,側撞,未依規定讓車,Y000,YZ00,1,2,2014/4/4,環島西路二段,,金門縣金寧鄉香格里拉公車站牌旁路段,118.3148723,24.4566699,自用 小客車∕普通重型 機車∕乘客 人,小客車自用∕機車普通重型∕乘客,33∕20∕21,未受傷∕受傷∕受傷,02****7代號2499∕PZ****2代號2500∕PZ****2代號2500,其他∕其他∕其他,有適當之駕照∕不明∕非汽（機）車駕駛人,經檢測無酒精反應∕經檢測無酒精反應∕非駕駛人，未檢測,汽車左側車身∕機車前車頭∕非汽（機）車,未依規定讓車∕未注意車前狀態∕尚未發現肇事因素,未依規定讓車∕未依規定讓車∕未依規定讓車,家庭主婦（夫）∕大學（研究）生∕大學（研究）生,不明∕不明∕不明,本國∕非本國∕非本國
10304,10304Y00020046,YZA1,10304YZ000012,2014,4,4,14,50,金門縣,烈嶼鄉,,NA,,,,NA,,,,,,紅山段09246路燈桿旁路段,NA,NA,NA,NA,NA,NA,NA,NA,NA,0,2,0,晴,日間自然光線,村里道路,50,彎曲路及附近,一般車道（未劃分快慢車道）,柏油,乾燥,無缺陷,無障礙物,良好,無號誌,無號誌,附標記,未繪設車道線,未繪設快慢車道分隔線,有,衝出路外,未依規定減速,Y000,YZ00,1,2,2014/4/4,金門縣烈嶼鄉紅山段09246路燈桿旁路段,,金門縣烈嶼鄉紅山段09246路燈桿旁路段,118.2351192,24.4279737,普通重型 機車∕ ∕乘客 人,機車普通重型乘客,21∕0∕21,受傷受傷,03****G代號250103****G代號2501,其他其他,有適當之駕照非汽（機）車駕駛人,不明非駕駛人，未檢測,機車左側車身非汽（機）車,未依規定減速∕尚未發現肇事因素∕尚未發現肇事因素,未依規定減速∕未依規定減速∕未依規定減速,大學（研究）生大學（研究）生,觀光旅遊觀光旅遊,本國∕本國∕本國
10304,10304Y00020008,YZA1,10304YZ000014,2014,4,7,12,0,金門縣,金寧鄉,,NA,林湖路,,,NA,,,,,,00438燈桿前,NA,NA,NA,NA,NA,NA,NA,NA,NA,0,1,0,陰,日間自然光線,鄉道,40,三岔路,交岔路口內,柏油,濕潤,無缺陷,無障礙物,良好,無號誌,無號誌,附標記,未繪設車道線,未繪設快慢車道分隔線,有,追撞,未保持行車安全距離,Y000,YZ00,1,2,2014/4/7,林湖路,,金門縣金寧鄉00438燈桿前,118.330303,24.4320985,自用 小客車∕自用 小貨車(含客、貨兩用)∕,小客車自用∕小貨車自用∕,25∕51∕,受傷∕未受傷∕,6F****9代號2502∕5E****6代號2503∕,其他∕其他∕,有適當之駕照∕有適當之駕照∕,經檢測無酒精反應∕經檢測無酒精反應∕,汽車前車頭∕汽車後車尾∕,未保持行車安全距離∕尚未發現肇事因素∕,未保持行車安全距離∕未保持行車安全距離∕,其他∕其他∕,上、下班∕其他∕,本國∕本國∕
10304,10304Y00020009,YZA1,10304YZ000015,2014,4,8,11,53,金門縣,金城鎮,,NA,民生路,,,NA,,,,,,中興路口,NA,NA,NA,NA,NA,NA,NA,NA,NA,0,1,0,晴,日間自然光線,村里道路,40,四岔路,交岔路口內,柏油,乾燥,無缺陷,無障礙物,良好,行車管制號誌,正常,無分向設施,未繪設車道線,未繪設快慢車道分隔線,有,追撞,未保持行車安全距離,Y000,YZ00,1,2,2014/4/8,民生路,,金門縣金城鎮中興路口,118.3190184,24.43575,普通重型 機車∕自用 小客車∕,機車普通重型∕小客車自用∕,29∕43∕,受傷∕未受傷∕,48****F代號2504∕6F****8代號2505∕,其他∕其他∕,有適當之駕照∕有適當之駕照∕,經檢測無酒精反應∕經檢測無酒精反應∕,機車前車頭∕汽車左後車尾（身）∕,未保持行車安全距離∕左轉彎未依規定∕,未保持行車安全距離∕未保持行車安全距離∕,其他∕其他∕,其他∕其他∕,本國∕本國∕
10304,10304Y00020010,YZA1,10304YZ000017,2014,4,10,19,20,金門縣,金寧鄉,,NA,伯玉路,二,,NA,,,,,,路燈編號0982前路段,NA,NA,NA,NA,NA,NA,NA,NA,NA,0,1,0,晴,晨或暮光,縣道,70,直路,一般車道（未劃分快慢車道）,其他鋪裝,乾燥,無缺陷,道路工事（程）中,其他,無號誌,無號誌,無標記,未繪設車道線,快慢車道分隔線,無,追撞,未保持行車安全距離,Y000,YZ00,1,2,2014/4/10,伯玉路二段,,金門縣金寧鄉路燈編號0982前路段,118.3416148,24.4414563,普通重型 機車∕普通重型 機車∕,機車普通重型∕機車普通重型∕,19∕19∕,受傷∕未受傷∕,N6****0代號2506∕27****F代號2507∕,其他∕其他∕,有適當之駕照∕有適當之駕照∕,經檢測無酒精反應∕經檢測無酒精反應∕,機車後車尾∕不明∕,未保持行車安全距離∕未注意車前狀態∕,未保持行車安全距離∕未保持行車安全距離∕,大學（研究）生∕大學（研究）生∕,其他∕其他∕,本國∕本國∕
10304,10304Y00020037,YZA1,10304YZ000018,2014,4,9,17,21,金門縣,金寧鄉,,NA,伯玉路,二,,NA,,,,,,前厝段,NA,NA,NA,NA,NA,NA,NA,NA,NA,0,1,0,晴,日間自然光線,縣道,70,直路,一般車道（未劃分快慢車道）,其他鋪裝,乾燥,突出（高低）不平,道路工事（程）中,其他,無號誌,無號誌,附標記,未繪設車道線,快慢車道分隔線,無,路上翻車、摔倒,未注意車前狀態,Y000,YZ00,1,2,2014/4/9,伯玉路二段,,金門縣金寧鄉前厝段,118.3416148,24.4414563,普通重型 機車∕ ∕,機車普通重型,54∕0∕,受傷,YM****5代號2508,其他,越級駕駛,經檢測無酒精反應,機車前車頭,未注意車前狀態∕尚未發現肇事因素∕,未注意車前狀態∕未注意車前狀態∕,技術工,其他,本國∕本國∕
10304,,YZA1,10304YZ000019,2014,4,9,11,38,金門縣,金城鎮,,NA,中興路,,205,NA,1,,,,,,NA,NA,NA,NA,NA,NA,NA,NA,NA,0,0,0,晴,NA,NA,40,NA,NA,NA,NA,NA,NA,NA,NA,NA,NA,NA,NA,NA,NA,NA,Y000,YZ00,1,4,2014/4/9,中興路205巷1號,,金門縣金城鎮,118.3202368,24.4345419,自用 小貨車(含客、貨兩用)∕自用 小客車∕,小貨車自用∕小客車自用∕,21∕35∕,,A2****6代號2509∕05****7代號2510∕,,,,,,,,,本國∕本國∕
10304,10304Y00020016,YZA1,10304YZ000020,2014,4,9,19,5,金門縣,金寧鄉,,NA,環島西路,二,,NA,,,,,,0812號燈桿前路段,NA,NA,NA,NA,NA,NA,NA,NA,NA,0,2,0,晴,夜間（或隧道、地下道、涵洞）有照明,縣道,50,直路,一般車道（未劃分快慢車道）,柏油,乾燥,無缺陷,無障礙物,其他,無號誌,無號誌,附標記,未繪設車道線,未繪設快慢車道分隔線,有,同向通行中,未注意車前狀態,Y000,YZ00,1,2,2014/4/9,環島西路二段,,金門縣金寧鄉0812號燈桿前路段,118.3148723,24.4566699,普通重型 機車∕行人 人∕,機車普通重型∕行人∕,24∕26∕,受傷∕受傷∕,AD*****6代號2511,其他∕非駕駛人及乘客∕,有適當之駕照∕非汽（機）車駕駛人∕,經檢測無酒精反應∕非駕駛人，未檢測∕,機車前車頭∕非汽（機）車∕,未注意車前狀態∕尚未發現肇事因素∕,未注意車前狀態∕未注意車前狀態∕,大學（研究）生∕大學（研究）生∕,購物∕不明∕,本國∕本國∕
10304,10304Y00020011,YZA1,10304YZ000021,2014,4,10,16,19,金門縣,金寧鄉,盤山村,NA,伯玉路,一,,NA,,,,,,金門加油站,NA,NA,NA,NA,NA,NA,NA,NA,NA,0,1,0,晴,日間自然光線,縣道,60,直路,一般車道（未劃分快慢車道）,柏油,乾燥,無缺陷,無障礙物,良好,無號誌,無號誌,附標記,未繪設車道線,快慢車道分隔線,有,追撞,未保持行車安全距離,Y000,YZ00,1,2,2014/4/10,伯玉路一段,,金門縣金寧鄉盤山村金門加油站,118.3267756,24.4346914,普通重型 機車∕普通重型 機車∕,機車普通重型∕機車普通重型∕,21∕32∕,未受傷∕受傷∕,36****F代號2512∕06****K代號2513∕,其他∕其他∕,有適當之駕照∕有適當之駕照∕,經檢測無酒精反應∕經檢測無酒精反應∕,機車前車頭∕機車左側車身∕,未保持行車安全距離∕左轉彎未依規定∕,未保持行車安全距離∕未保持行車安全距離∕,不明∕不明∕,不明∕其他∕,本國∕本國∕
10304,10304Y00020017,YZA1,10304YZ000022,2014,4,10,17,29,金門縣,金城鎮,東門里,NA,模範街,,,NA,,,,,,前縣商會,NA,NA,NA,NA,NA,NA,NA,NA,NA,0,1,0,晴,日間自然光線,縣道,40,彎曲路及附近,一般車道（未劃分快慢車道）,其他鋪裝,乾燥,無缺陷,路上有停車,路上停放車輛,無號誌,無號誌,無分向設施,未繪設車道線,未繪設快慢車道分隔線,有,追撞,未保持行車安全距離,Y000,YZ00,1,2,2014/4/10,模範街,,金門縣金城鎮東門里前縣商會,118.3190685,24.4316459,普通重型 機車∕普通重型 機車∕,機車普通重型∕機車普通重型∕,25∕23∕,未受傷∕受傷∕,78****F代號2514∕67****Z代號2515∕,其他∕其他∕,有適當之駕照∕有適當之駕照∕,經檢測無酒精反應∕經檢測無酒精反應∕,機車前車頭∕機車後車尾∕,未保持行車安全距離∕尚未發現肇事因素∕,未保持行車安全距離∕未保持行車安全距離∕,不明∕不明∕,其他∕其他∕,本國∕本國∕
10304,10304Y00020019,YZA1,10304YZ000023,2014,4,11,16,19,金門縣,金城鎮,,NA,環島北路,一,,NA,88,,,,,,NA,NA,NA,NA,NA,NA,NA,NA,NA,0,3,0,晴,日間自然光線,縣道,50,四岔路,交岔口附近,柏油,乾燥,無缺陷,無障礙物,良好,無號誌,無號誌,附標記,未繪設車道線,未繪設快慢車道分隔線,有,側撞,左轉彎未依規定,Y000,YZ00,1,2,2014/4/11,環島北路一段88號,,金門縣金城鎮,118.3283226,24.4462231,普通重型 機車∕普通重型 機車∕乘客 人,機車普通重型∕機車普通重型∕乘客,60∕20∕20,受傷∕受傷∕受傷,MF****1代號2516∕9H****1代號2517∕9H****1代號2517,其他∕其他∕其他,有適當之駕照∕有適當之駕照∕非汽（機）車駕駛人,經檢測無酒精反應∕經檢測無酒精反應∕非駕駛人，未檢測,機車左側車身∕機車前車頭∕非汽（機）車,左轉彎未依規定∕違規超車∕尚未發現肇事因素,左轉彎未依規定∕左轉彎未依規定∕左轉彎未依規定,技術工∕大學（研究）生∕大學（研究）生,其他∕其他∕其他,本國∕本國∕本國
10304,10304Y00020013,YZA1,10304YZ000025,2014,4,12,20,24,金門縣,金城鎮,東門里,NA,環島西路,一,,NA,,,,,,北堤路口,NA,NA,NA,NA,NA,NA,NA,NA,NA,0,2,0,晴,日間自然光線,縣道,40,四岔路,交岔口附近,柏油,乾燥,無缺陷,無障礙物,良好,閃光號誌,正常,無標記,未繪設車道線,未繪設快慢車道分隔線,有,對撞,逆向行駛,Y000,YZ00,1,2,2014/4/12,環島西路一段,,金門縣金城鎮東門里北堤路口,118.3184801,24.4172073,普通重型 機車∕普通重型 機車∕,機車普通重型∕機車普通重型∕,60∕32∕,受傷∕受傷∕,72****U代號2518∕YD****7代號2519∕,其他∕其他∕,有適當之駕照∕有適當之駕照∕,經檢測無酒精反應∕經檢測無酒精反應∕,機車前車頭∕機車右側車身∕,逆向行駛∕尚未發現肇事因素∕,逆向行駛∕逆向行駛∕,售貨員∕專業人員∕,其他∕購物∕,本國∕本國∕