年月,總編號,處理單位,處理編號,年,月,日,時,分,縣市,區,村里,鄰,街道,段,巷,弄,號,公尺處,街道.1,段.1,側,附近,道路,公里,公尺處.1,向,車道,平交道,公里.1,公尺處.2,附近.1,死,受傷,X2.30,天候,光線,道路類別,速限,道路型態,事故位置,路面鋪裝,路面狀態,路面缺陷,障礙物,視距,號誌種類,號誌動作,分向設施,快車道或一般車道間,快慢車道間,路面邊線,事故類型及型態,主要肇因,警局,分局,案件類別,事故類別,日期,道路1,道路2,概略位置,lon,lat,車種,當事者區分.類別.,年齡,受傷程度,車輛牌照號碼,車輛用途,駕駛資格情形,飲酒情形,車輛撞擊部位最初,肇事因素個別,肇事因素主要,職.業,旅次目的,國籍
10304,10304Y00020021,YZA1,10304YZ000026,2014,4,12,15,19,金門縣,金寧鄉,,NA,頂林路,,,NA,,,,,,07561燈桿,NA,NA,NA,NA,NA,NA,NA,NA,NA,0,1,0,晴,日間自然光線,縣道,50,直路,一般車道（未劃分快慢車道）,柏油,乾燥,無缺陷,無障礙物,良好,無號誌,無號誌,附標記,車道線（附標記）,未繪設快慢車道分隔線,有,路上翻車、摔倒,未注意車前狀態,Y000,YZ00,1,2,2014/4/12,頂林路,,金門縣金寧鄉07561燈桿,118.3246113,24.4625018,普通重型 機車∕ ∕,機車普通重型,70∕0∕,受傷,69****U代號2520,其他,有適當之駕照,經檢測無酒精反應,機車右側車身,未注意車前狀態∕尚未發現肇事因素∕,未注意車前狀態∕未注意車前狀態∕,家庭主婦（夫）,其他,本國∕本國∕
10304,10304Y00020038,YZA1,10304YZ000027,2014,4,12,17,19,金門縣,金寧鄉,,NA,慈湖路,,,NA,,,,,,下埔下路段,NA,NA,NA,NA,NA,NA,NA,NA,NA,0,3,0,晴,日間自然光線,村里道路,50,直路,一般車道（未劃分快慢車道）,柏油,乾燥,無缺陷,無障礙物,良好,無號誌,無號誌,附標記,未繪設車道線,未繪設快慢車道分隔線,有,同向擦撞,違規超車,Y000,YZ00,1,2,2014/4/12,慈湖路,,金門縣金寧鄉下埔下路段,118.3001065,24.4637277,普通重型 機車∕腳踏自行車 慢車∕乘客 人,機車普通重型∕腳踏自行車∕乘客,20∕32∕21,受傷∕受傷∕受傷,32****F代號252132****F代號2521,其他∕其他∕其他,有適當之駕照∕非汽（機）車駕駛人∕非汽（機）車駕駛人,經檢測無酒精反應∕非駕駛人，未檢測∕非駕駛人，未檢測,機車前車頭∕非汽（機）車∕非汽（機）車,違規超車∕尚未發現肇事因素∕尚未發現肇事因素,違規超車∕違規超車∕違規超車,其他∕不明∕不明,觀光旅遊∕其他∕觀光旅遊,本國∕本國∕本國
10304,10304Y00020014,YZA1,10304YZ000028,2014,4,14,14,28,金門縣,金城鎮,,NA,民權路,,,NA,178,,,,,金門地方法院前,NA,NA,NA,NA,NA,NA,NA,NA,NA,0,1,0,晴,日間自然光線,村里道路,40,三岔路,交岔路口內,柏油,乾燥,無缺陷,無障礙物,良好,無號誌,無號誌,無分向設施,未繪設車道線,未繪設快慢車道分隔線,有,側撞,未保持行車安全間隔,Y000,YZ00,1,2,2014/4/14,民權路178號,,金門縣金城鎮金門地方法院前,118.3185718,24.4373124,普通輕型 機車∕自用 小客車∕,機車普通輕型∕小客車自用∕,80∕28∕,受傷∕未受傷∕,WZ****7代號2522∕6F****0代號2523∕,其他∕其他∕,有適當之駕照∕有適當之駕照∕,經檢測無酒精反應∕經檢測無酒精反應∕,機車左側車身∕汽車右側車身∕,未保持行車安全間隔∕未保持行車安全間隔∕,未保持行車安全間隔∕未保持行車安全間隔∕,無業者∕警察人員∕,其他∕觀光旅遊∕,本國∕本國∕
10304,10304Y00020022,YZA1,10304YZ000030,2014,4,15,18,5,金門縣,金城鎮,北門里,NA,民生路,,45,NA,口,,,,,前三叉路口,NA,NA,NA,NA,NA,NA,NA,NA,NA,0,1,0,晴,晨或暮光,村里道路,40,三岔路,交岔路口內,柏油,乾燥,無缺陷,無障礙物,良好,無號誌,無號誌,無分向設施,未繪設車道線,未繪設快慢車道分隔線,有,追撞,右轉彎未依規定,Y000,YZ00,1,2,2014/4/15,金門縣金城鎮北門里口,,金門縣金城鎮北門里前三叉路口,118.3166667,24.4166667,自用 小貨車(含客、貨兩用)∕普通重型 機車∕,小貨車自用∕機車普通重型∕,37∕61∕,未受傷∕受傷∕,6F****3代號2524∕86****K代號2525∕,裝載危險物品車∕其他∕,有適當之駕照∕有適當之駕照∕,經檢測無酒精反應∕經檢測無酒精反應∕,汽車左後車尾（身）∕機車前車頭∕,右轉彎未依規定∕未保持行車安全距離∕,右轉彎未依規定∕右轉彎未依規定∕,非技術工及體力工∕無業者∕,運輸∕購物∕,本國∕本國∕
10304,10304Y00020015,YZA1,10304YZ000031,2014,4,15,14,12,金門縣,金寧鄉,,NA,,,,NA,,,,,,埔後活動中心前路口,NA,NA,NA,NA,NA,NA,NA,NA,NA,0,1,0,晴,日間自然光線,村里道路,40,四岔路,交岔路口內,柏油,乾燥,無缺陷,無障礙物,良好,無號誌,無號誌,無分向設施,未繪設車道線,未繪設快慢車道分隔線,有,路口交岔撞,未依規定讓車,Y000,YZ00,1,2,2014/4/15,金門縣金寧鄉埔後活動中心前路口,,金門縣金寧鄉埔後活動中心前路口,118.317029,24.442928,自用 小客車∕普通重型 機車∕,小客車自用∕機車普通重型∕,23∕23∕,未受傷∕受傷∕,AA*****2代號2526∕59****Y代號2527∕,其他∕其他∕,有適當之駕照∕有適當之駕照∕,經檢測無酒精反應∕經檢測無酒精反應∕,汽車前車頭∕機車左側車身∕,未依規定讓車∕未依規定減速∕,未依規定讓車∕未依規定讓車∕,大學（研究）生∕大學（研究）生∕,其他∕其他∕,本國∕本國∕
10304,10304Y00020023,YZA1,10304YZ000033,2014,4,16,7,44,金門縣,金城鎮,,NA,西海路,一,,NA,,,,,,水頭港T字路口,NA,NA,NA,NA,NA,NA,NA,NA,NA,0,1,0,晴,日間自然光線,村里道路,40,三岔路,交岔路口內,柏油,乾燥,無缺陷,無障礙物,良好,無號誌,無號誌,無分向設施,未繪設車道線,未繪設快慢車道分隔線,有,路上翻車、摔倒,未依規定減速,Y000,YZ00,1,2,2014/4/16,西海路一段,,金門縣金城鎮水頭港T字路口,118.2906709,24.4124946,普通重型 機車∕ ∕,機車普通重型,44∕0∕,受傷,15****K代號2528,其他,有適當之駕照,經檢測無酒精反應,機車前車頭,未依規定減速∕尚未發現肇事因素∕,未依規定減速∕未依規定減速∕,其他,上、下班,本國∕本國∕
10304,10304Y00020024,YZA1,10304YZ000034,2014,4,16,8,35,金門縣,金城鎮,,NA,民族路,,,NA,,,環島西路,一,,,NA,NA,NA,NA,NA,NA,NA,NA,NA,0,1,0,晴,日間自然光線,鄉道,50,三岔路,交岔路口內,柏油,乾燥,無缺陷,無障礙物,良好,無號誌,無號誌,無分向設施,未繪設車道線,未繪設快慢車道分隔線,有,側撞,未依規定讓車,Y000,YZ00,1,2,2014/4/16,民族路,環島西路一段,,118.321341,24.430973,普通輕型 機車∕自用 小客車∕,機車普通輕型∕小客車自用∕,58∕28∕,受傷∕未受傷∕,WZ****3代號2529∕AA*****2代號2530∕,其他∕其他∕,有適當之駕照∕駕照被吊扣∕,經檢測無酒精反應∕經檢測無酒精反應∕,機車左側車身∕汽車前車頭∕,未依規定讓車∕未依規定減速∕,未依規定讓車∕未依規定讓車∕,家庭主婦（夫）∕技術工∕,購物∕上、下班∕,本國∕本國∕
10304,10304Y00020029,YZA1,10304YZ000036,2014,4,17,14,16,金門縣,金寧鄉,,NA,桃園路,,,NA,,,,,,往東湖路1300柱前,NA,NA,NA,NA,NA,NA,NA,NA,NA,0,2,0,晴,日間自然光線,縣道,60,三岔路,交岔路口內,柏油,乾燥,無缺陷,無障礙物,良好,無號誌,無號誌,無分向設施,車道線（無標記）,未繪設快慢車道分隔線,有,側撞,左轉彎未依規定,Y000,YZ00,1,2,2014/4/17,桃園路,,金門縣金寧鄉往東湖路1300柱前,118.3446627,24.4317794,動力機械 其他車∕自用 小貨車(含客、貨兩用)∕乘客 人,動力機械∕小貨車自用∕乘客,32∕24∕33,未受傷∕受傷∕受傷,∕AA*****5代號2531∕AA*****5代號2531,其他∕其他∕其他,有適當之駕照∕有適當之駕照∕非汽（機）車駕駛人,經檢測無酒精反應∕經檢測無酒精反應∕非駕駛人，未檢測,汽車左前車頭（身）∕汽車左前車頭（身）∕非汽（機）車,左轉彎未依規定∕尚未發現肇事因素∕尚未發現肇事因素,左轉彎未依規定∕左轉彎未依規定∕左轉彎未依規定,其他∕其他∕其他,其他∕其他∕其他,本國∕本國∕本國
10304,10304Y00020025,YZA1,10304YZ000037,2014,4,18,14,40,金門縣,金寧鄉,,NA,伯玉路,一,,NA,,,,,,榜林圓環,NA,NA,NA,NA,NA,NA,NA,NA,NA,0,2,0,晴,日間自然光線,縣道,60,圓環,一般車道（未劃分快慢車道）,柏油,乾燥,無缺陷,無障礙物,良好,無號誌,無號誌,無分向設施,車道線（無標記）,未繪設快慢車道分隔線,有,追撞,酒醉（後）駕駛失控,Y000,YZ00,1,2,2014/4/18,伯玉路一段,,金門縣金寧鄉榜林圓環,118.3267756,24.4346914,自用 小貨車(含客、貨兩用)∕普通重型 機車∕乘客 人,小貨車自用∕機車普通重型∕乘客,48∕24∕22,未受傷∕受傷∕受傷,6F****9代號2532∕BP****6代號2533∕BP****6代號2533,其他∕其他∕其他,有適當之駕照∕有適當之駕照∕非汽（機）車駕駛人,經呼氣檢測0.56至0.80mg∕L或血液檢測0.111至0.16∕經檢測無酒精反應∕非駕駛人，未檢測,汽車前車頭∕機車後車尾∕非汽（機）車,酒醉（後）駕駛失控∕尚未發現肇事因素∕尚未發現肇事因素,酒醉（後）駕駛失控∕酒醉（後）駕駛失控∕酒醉（後）駕駛失控,民意代表、行政主管、企業主管及經理人員∕大學（研究）生∕大學（研究）生,其他∕其他∕其他,本國∕本國∕本國
10304,10304Y00020026,YZA1,10304YZ000038,2014,4,18,19,58,金門縣,金城鎮,,NA,環島北路,一,,NA,,,,,,文化局前,NA,NA,NA,NA,NA,NA,NA,NA,NA,0,1,0,晴,晨或暮光,縣道,60,直路,一般車道（未劃分快慢車道）,柏油,乾燥,無缺陷,無障礙物,良好,無號誌,無號誌,無標記,未繪設車道線,未繪設快慢車道分隔線,有,側撞,右轉彎未依規定,Y000,YZ00,1,2,2014/4/18,環島北路一段,,金門縣金城鎮文化局前,118.3283226,24.4462231,自用 小客車∕普通重型 機車∕,小客車自用∕機車普通重型∕,25∕33∕,未受傷∕受傷∕,6F****7代號2534∕66****D代號2535∕,其他∕其他∕,有適當之駕照∕有適當之駕照∕,經檢測無酒精反應∕經檢測無酒精反應∕,汽車右前車頭（身）∕機車前車頭∕,右轉彎未依規定∕未保持行車安全距離∕,右轉彎未依規定∕右轉彎未依規定∕,不明∕不明∕,其他∕其他∕,本國∕本國∕
10304,10304Y00010002,YZA1,10304YZ000039,2014,4,19,2,44,金門縣,金城鎮,,NA,民生路,,,NA,,,,,,東門圓環,NA,NA,NA,NA,NA,NA,NA,NA,NA,1,1,0,晴,夜間（或隧道、地下道、涵洞）有照明,村里道路,40,直路,一般車道（未劃分快慢車道）,柏油,乾燥,無缺陷,無障礙物,良好,無號誌,無號誌,無標記,未繪設車道線,未繪設快慢車道分隔線,有,對向擦撞,未依規定減速,Y000,YZ00,1,1,2014/4/19,民生路,,金門縣金城鎮東門圓環,118.3190184,24.43575,普通重型 機車∕計程車 小客車∕乘客 人,機車普通重型∕小客車計程車∕乘客,14∕35∕16,24小時內死亡∕未受傷∕受傷,11****F代號2536∕09***5代號2537∕11****F代號2536,其他∕其他∕其他,無照（未達考照年齡）∕有適當之駕照∕非汽（機）車駕駛人,不明∕經檢測無酒精反應∕不明,機車後車尾∕汽車左前車頭（身）∕非汽（機）車,未依規定減速∕尚未發現肇事因素∕尚未發現肇事因素,未依規定減速∕未依規定減速∕未依規定減速,國中生∕其他∕國中生,其他∕上、下班∕其他,本國∕本國∕本國
10304,10304Y00020028,YZA1,10304YZ000041,2014,4,20,12,25,金門縣,金城鎮,,NA,環島北路,一,,NA,38,,,,,,NA,NA,NA,NA,NA,NA,NA,NA,NA,0,1,0,晴,日間自然光線,鄉道,60,三岔路,交岔路口內,柏油,乾燥,無缺陷,無障礙物,良好,無號誌,無號誌,無標記,未繪設車道線,未繪設快慢車道分隔線,有,側撞,左轉彎未依規定,Y000,YZ00,1,2,2014/4/20,環島北路一段38號,,金門縣金城鎮,118.3283226,24.4462231,自用 小客車∕普通重型 機車∕,小客車自用∕機車普通重型∕,50∕20∕,未受傷∕受傷∕,6F****7代號2090∕G9****8代號2538∕,其他∕其他∕,有適當之駕照∕有適當之駕照∕,經檢測無酒精反應∕經檢測無酒精反應∕,汽車左側車身∕機車前車頭∕,左轉彎未依規定∕未保持行車安全距離∕,左轉彎未依規定∕左轉彎未依規定∕,其他∕大學（研究）生∕,其他∕其他∕,本國∕本國∕
10304,10304Y00020039,YZA1,10304YZ000042,2014,4,21,17,42,金門縣,金寧鄉,,NA,瓊安路,,,NA,,,,,,山灶路段07465號路燈桿,NA,NA,NA,NA,NA,NA,NA,NA,NA,0,2,0,晴,日間自然光線,鄉道,60,彎曲路及附近,一般車道（未劃分快慢車道）,柏油,乾燥,無缺陷,無障礙物,良好,無號誌,無號誌,無標記,未繪設車道線,未繪設快慢車道分隔線,有,路上翻車、摔倒,未依規定減速,Y000,YZ00,1,2,2014/4/21,瓊安路,,金門縣金寧鄉山灶路段07465號路燈桿,118.343873,24.4603508,普通重型 機車∕ ∕乘客 人,機車普通重型乘客,25∕0∕27,受傷受傷,62****B代號253962****B代號2539,其他其他,有適當之駕照非汽（機）車駕駛人,經檢測無酒精反應經觀察未飲酒,機車左側車身非汽（機）車,未依規定減速∕尚未發現肇事因素∕尚未發現肇事因素,未依規定減速∕未依規定減速∕未依規定減速,非技術工及體力工非技術工及體力工,上、下班上、下班,本國∕本國∕本國
10304,10304Y00020044,YZA1,10304YZ000043,2014,4,18,11,10,金門縣,金寧鄉,,NA,大學路,,,NA,Jan-55,,,,,,NA,NA,NA,NA,NA,NA,NA,NA,NA,0,1,0,晴,日間自然光線,縣道,50,直路,一般車道（未劃分快慢車道）,柏油,乾燥,無缺陷,無障礙物,良好,無號誌,無號誌,寬式（50公分以上）,未繪設車道線,未繪設快慢車道分隔線,有,路上翻車、摔倒,未注意車前狀態,Y000,YZ00,1,2,2014/4/18,大學路55-1號,,金門縣金寧鄉,118.325279,24.4466751,普通重型 機車∕ ∕,機車普通重型,20∕0∕,受傷,53****F代號2540,其他,有適當之駕照,經檢測無酒精反應,機車右側車身,未注意車前狀態∕尚未發現肇事因素∕,未注意車前狀態∕未注意車前狀態∕,大學（研究）生,上、下學,本國∕本國∕
10304,10304Y00020040,YZA1,10304YZ000044,2014,4,22,22,40,金門縣,金城鎮,,NA,珠浦南路,,75,NA,3,,,,,,NA,NA,NA,NA,NA,NA,NA,NA,NA,0,1,0,晴,夜間（或隧道、地下道、涵洞）有照明,其他,40,直路,一般車道（未劃分快慢車道）,無鋪裝,乾燥,有坑洞,其他障礙物,坡道,無號誌,無號誌,無分向設施,未繪設車道線,未繪設快慢車道分隔線,無,路上翻車、摔倒,酒醉（後）駕駛失控,Y000,YZ00,1,2,2014/4/22,珠浦南路75巷3號,,金門縣金城鎮,118.3143581,24.4317252,普通輕型 機車∕ ∕,機車普通輕型,48∕0∕,受傷,39****B代號2541,其他,有適當之駕照,經呼氣檢測超過0.80mg∕L或血液檢測超過0.16,機車左側車身,酒醉（後）駕駛失控∕尚未發現肇事因素∕,酒醉（後）駕駛失控∕酒醉（後）駕駛失控∕,無業者,其他,本國∕本國∕
10304,10304Y00020041,YZA1,10304YZ000045,2014,4,24,12,19,金門縣,金寧鄉,盤山村,NA,環島北路,二,,NA,711,,頂林路,,,,NA,NA,NA,NA,NA,NA,NA,NA,NA,0,1,0,晴,日間自然光線,縣道,60,四岔路,交岔路口內,柏油,乾燥,無缺陷,無障礙物,良好,行車管制號誌,正常,無分向設施,未繪設車道線,未繪設快慢車道分隔線,有,路口交岔撞,違反號誌管制或指揮,Y000,YZ00,1,2,2014/4/24,環島北路二段711號,頂林路,,118.3444116,24.4493316,電動自行車 慢車∕計程車 小客車∕,電動自行車∕小客車計程車∕,94∕39∕,受傷∕未受傷∕,∕15***5代號2542∕,其他∕其他∕,非汽（機）車駕駛人∕有適當之駕照∕,無法檢測∕經檢測無酒精反應∕,非汽（機）車∕汽車右前車頭（身）∕,違反號誌管制或指揮∕尚未發現肇事因素∕,違反號誌管制或指揮∕違反號誌管制或指揮∕,無業者∕服務工作者∕,不明∕運輸∕,本國∕本國∕
10304,10304Y00030002,YZA1,10304YZ000046,2014,4,24,20,14,金門縣,金寧鄉,,NA,桃園路,,,NA,,,東湖路,,,柱1304號前燈桿,NA,NA,NA,NA,NA,NA,NA,NA,NA,0,0,0,晴,夜間（或隧道、地下道、涵洞）有照明,縣道,60,三岔路,交岔路口內,柏油,乾燥,無缺陷,無障礙物,良好,無號誌,無號誌,無分向設施,未繪設車道線,未繪設快慢車道分隔線,無,其他,未依規定減速,Y000,YZ00,1,3,2014/4/24,桃園路,東湖路,,118.3409757,24.4297648,自用 小客車∕自用 小客車∕,小客車自用∕小客車自用∕,22∕32∕,未受傷∕未受傷∕,06****X代號110∕07****V代號2543∕,其他∕其他∕,有適當之駕照∕有適當之駕照∕,經觀察未飲酒∕經觀察未飲酒∕,汽車右後車尾（身）∕汽車右前車頭（身）∕,未依規定減速∕尚未發現肇事因素∕,未依規定減速∕未依規定減速∕,其他∕其他∕,其他∕其他∕,本國∕本國∕
10304,10304Y00020043,YZA1,10304YZ000051,2014,4,28,17,35,金門縣,金城鎮,,NA,民權路,,,NA,,,珠浦西路,,,路口,NA,NA,NA,NA,NA,NA,NA,NA,NA,0,2,0,晴,日間自然光線,鄉道,50,四岔路,交岔口附近,柏油,乾燥,無缺陷,無障礙物,良好,行車管制號誌（附設行人專用號誌）,正常,無標記,未繪設車道線,未繪設快慢車道分隔線,有,追撞,未注意車前狀態,Y000,YZ00,1,2,2014/4/28,民權路,珠浦西路,,118.3161782,24.4357325,自用 小客車∕自用 小貨車(含客、貨兩用)∕行人 人,小客車自用∕小貨車自用∕行人,60∕32∕18,受傷∕未受傷∕受傷,6F****9代號2544∕6F****6代號2545∕,其他∕其他∕非駕駛人及乘客,有適當之駕照∕有適當之駕照∕非汽（機）車駕駛人,經觀察未飲酒∕經觀察未飲酒∕非駕駛人，未檢測,汽車左前車頭（身）∕汽車右後車尾（身）∕非汽（機）車,未注意車前狀態∕尚未發現肇事因素∕尚未發現肇事因素,未注意車前狀態∕未注意車前狀態∕未注意車前狀態,家庭主婦（夫）∕家庭主婦（夫）∕高中生,其他∕其他∕上、下學,本國∕本國∕本國
10304,10304Y00020042,YZA1,10304YZ000055,2014,4,28,2,20,金門縣,金城鎮,,NA,環島北路,一,,NA,,,,,,文化局前路段,NA,NA,NA,NA,NA,NA,NA,NA,NA,0,1,0,晴,夜間（或隧道、地下道、涵洞）有照明,縣道,60,直路,一般車道（未劃分快慢車道）,柏油,乾燥,無缺陷,無障礙物,良好,無號誌,無號誌,無標記,未繪設車道線,未繪設快慢車道分隔線,有,撞動物,未注意車前狀態,Y000,YZ00,1,2,2014/4/28,環島北路一段,,金門縣金城鎮文化局前路段,118.3283226,24.4462231,普通重型 機車∕ ∕,機車普通重型,19∕0∕,受傷,97****T代號2546,其他,有適當之駕照,經檢測無酒精反應,機車前車頭,未注意車前狀態∕動物竄出∕,未注意車前狀態∕未注意車前狀態∕,大學（研究）生,其他,本國∕本國∕
10305,,YYA1,10305YY000002,2014,5,2,7,55,金門縣,金湖鎮,新市里,NA,太湖路,二,,NA,,,,,,1489路燈前路段,NA,NA,NA,NA,NA,NA,NA,NA,NA,0,0,0,晴,日間自然光線,村里道路,50,直路,一般車道（未劃分快慢車道）,柏油,乾燥,無缺陷,無障礙物,良好,無號誌,無號誌,無標記,未繪設車道線,未繪設快慢車道分隔線,有,追撞,未保持行車安全距離,Y000,YY00,1,4,2014/5/2,太湖路二段,,金門縣金湖鎮新市里1489路燈前路段,118.4170143,24.4394812,自用 小客車∕自用 小客車∕,小客車自用∕小客車自用∕,30∕40∕,未受傷∕未受傷∕,6F****6代號2547∕08****7代號2548∕,其他∕其他∕,有適當之駕照∕有適當之駕照∕,經檢測無酒精反應∕經檢測無酒精反應∕,汽車前車頭∕汽車後車尾∕,未保持行車安全距離∕尚未發現肇事因素∕,未保持行車安全距離∕未保持行車安全距離∕,其他∕其他∕,其他∕其他∕,本國∕本國∕
10305,10305Y00020004,YYA1,10305YY000006,2014,5,3,21,50,金門縣,金湖鎮,,NA,環島南路,四,,NA,,,,,,漁村路口,NA,NA,NA,NA,NA,NA,NA,NA,NA,0,1,0,晴,夜間（或隧道、地下道、涵洞）有照明,村里道路,50,四岔路,交岔口附近,柏油,乾燥,無缺陷,無障礙物,良好,無號誌,無號誌,附標記,車道線（無標記）,未繪設快慢車道分隔線,有,側撞,變換車道或方向不當,Y000,YY00,1,2,2014/5/3,環島南路四段,,金門縣金湖鎮漁村路口,118.40101,24.438041,租賃車 小客車∕普通輕型 機車∕,小客車租貸車∕機車普通輕型∕,49∕57∕,未受傷∕受傷∕,RA*****9代號2549∕DT****6代號2550∕,其他∕其他∕,有適當之駕照∕有適當之駕照∕,經檢測無酒精反應∕經檢測無酒精反應∕,汽車左前車頭（身）∕機車前車頭∕,變換車道或方向不當∕尚未發現肇事因素∕,變換車道或方向不當∕變換車道或方向不當∕,其他∕其他∕,其他∕其他∕,本國∕本國∕
10305,10305Y00020005,YYA1,10305YY000008,2014,5,4,13,20,金門縣,金沙鎮,,NA,浦華路,,,NA,,,環島東路,,,,NA,NA,NA,NA,NA,NA,NA,NA,NA,0,1,0,雨,日間自然光線,村里道路,50,四岔路,交岔路口內,柏油,濕潤,無缺陷,無障礙物,良好,閃光號誌,正常,無分向設施,未繪設車道線,未繪設快慢車道分隔線,有,路口交岔撞,未依規定讓車,Y000,YY00,1,2,2014/5/4,浦華路,環島東路,,118.4462076,24.45419698,自用 小客車∕普通重型 機車∕,小客車自用∕機車普通重型∕,48∕79∕,未受傷∕受傷∕,08****2代號2551∕59****W代號2552∕,其他∕其他∕,有適當之駕照∕有適當之駕照∕,經檢測無酒精反應∕經檢測無酒精反應∕,汽車左前車頭（身）∕機車左側車身∕,未依規定讓車∕未依規定減速∕,未依規定讓車∕未依規定讓車∕,專業人員∕無業者∕,購物∕購物∕,本國∕本國∕
10305,,YYA1,10305YY000009,2014,5,4,20,24,金門縣,金湖鎮,,NA,市港路,,,NA,,,,,,66號前路口,NA,NA,NA,NA,NA,NA,NA,NA,NA,0,0,0,NA,NA,NA,0,NA,NA,NA,NA,NA,NA,NA,NA,NA,NA,NA,NA,NA,NA,NA,Y000,YY00,1,4,2014/5/4,市港路,,金門縣金湖鎮66號前路口,118.4099121,24.4348324,計程車 小客車∕自用 小客車∕,小客車計程車∕小客車自用∕,64∕43∕,,01***5代號2182∕6F****8代號2553∕,,,,,,,,,本國∕本國∕
10305,10305Y00020006,YYA1,10305YY000010,2014,5,5,10,17,金門縣,金湖鎮,,NA,環島南路,四,,NA,,,,,,夏興11號前,NA,NA,NA,NA,NA,NA,NA,NA,NA,0,1,0,晴,日間自然光線,村里道路,40,彎曲路及附近,一般車道（未劃分快慢車道）,柏油,乾燥,無缺陷,無障礙物,良好,無號誌,無號誌,附標記,未繪設車道線,快慢車道分隔線,無,同向擦撞,變換車道或方向不當,Y000,YY00,1,2,2014/5/5,環島南路四段,,金門縣金湖鎮夏興11號前,118.40101,24.438041,普通重型 機車∕自用 大貨車∕,機車普通重型∕大貨車自用∕,76∕37∕,受傷∕未受傷∕,67****V代號2554∕03***L代號2555∕,其他∕其他∕,有適當之駕照∕有適當之駕照∕,經檢測無酒精反應∕經檢測無酒精反應∕,機車左側車身∕汽車右側車身∕,變換車道或方向不當∕尚未發現肇事因素∕,變換車道或方向不當∕變換車道或方向不當∕,無業者∕服務工作者∕,其他∕業務聯繫∕,本國∕本國∕
10305,10305Y00020044,YYA1,10305YY000014,2014,5,6,18,34,金門縣,金沙鎮,,NA,環中路,,,NA,,,,,,象山金剛寺前路段,NA,NA,NA,NA,NA,NA,NA,NA,NA,0,1,0,晴,夜間（或隧道、地下道、涵洞）有照明,村里道路,50,坡路,一般車道（未劃分快慢車道）,柏油,乾燥,無缺陷,無障礙物,良好,無號誌,無號誌,無標記,未繪設車道線,未繪設快慢車道分隔線,有,撞動物,未注意車前狀態,Y000,YY00,1,2,2014/5/6,環中路,,金門縣金沙鎮象山金剛寺前路段,118.3912208,24.4595516,普通重型 機車∕ ∕,機車普通重型,33∕0∕,受傷,PZ****2代號2556,其他,有適當之駕照,經檢測無酒精反應,機車前車頭,未注意車前狀態∕尚未發現肇事因素∕,未注意車前狀態∕未注意車前狀態∕,不明,其他,本國∕本國∕
10305,10305Y00020009,YYA1,10305YY000015,2014,5,6,20,45,金門縣,金沙鎮,光前里,NA,環島東路,一,,NA,,,,,,光前里活動中心右前路口,NA,NA,NA,NA,NA,NA,NA,NA,NA,0,1,0,晴,夜間（或隧道、地下道、涵洞）有照明,村里道路,60,四岔路,交岔路口內,柏油,乾燥,無缺陷,無障礙物,良好,無號誌,無號誌,無分向設施,未繪設車道線,未繪設快慢車道分隔線,有,側撞,未依規定讓車,Y000,YY00,1,2,2014/5/6,環島東路一段,,金門縣金沙鎮光前里光前里活動中心右前路口,118.4213083,24.4841071,自用 小客車∕普通重型 機車∕乘客 人,小客車自用∕機車普通重型∕乘客,36∕19∕19,未受傷∕未受傷∕受傷,Z9****3代號2557∕K8****5代號2558∕K8****5代號2558,其他∕其他∕其他,有適當之駕照∕有適當之駕照∕非汽（機）車駕駛人,經檢測無酒精反應∕經檢測無酒精反應∕非駕駛人，未檢測,汽車右前車頭（身）∕機車前車頭∕非汽（機）車,未依規定讓車∕未依規定減速∕尚未發現肇事因素,未依規定讓車∕未依規定讓車∕未依規定讓車,其他∕大學（研究）生∕大學（研究）生,其他∕其他∕其他,本國∕本國∕非本國
10305,10305Y00020012,YYA1,10305YY000017,2014,5,7,16,38,金門縣,金湖鎮,,NA,太湖路,二,,NA,,,,,,護國寺路口,NA,NA,NA,NA,NA,NA,NA,NA,NA,0,2,0,陰,日間自然光線,村里道路,50,三岔路,交岔路口內,柏油,乾燥,無缺陷,無障礙物,良好,無號誌,無號誌,無分向設施,未繪設車道線,未繪設快慢車道分隔線,有,側撞,迴轉未依規定,Y000,YY00,1,2,2014/5/7,太湖路二段,,金門縣金湖鎮護國寺路口,118.4170143,24.4394812,自用 小客車∕普通重型 機車∕乘客 人,小客車自用∕機車普通重型∕乘客,47∕19∕19,未受傷∕受傷∕受傷,9F****5代號2559∕23****U代號2560∕23****U代號2560,其他∕其他∕其他,有適當之駕照∕有適當之駕照∕非汽（機）車駕駛人,經檢測無酒精反應∕經檢測無酒精反應∕非駕駛人，未檢測,汽車左前車頭（身）∕機車前車頭∕非汽（機）車,迴轉未依規定∕未依規定減速∕尚未發現肇事因素,迴轉未依規定∕迴轉未依規定∕迴轉未依規定,服務工作者∕高中生∕高中生,購物∕上、下學∕上、下學,本國∕本國∕本國
10305,10305Y00020013,YYA1,10305YY000020,2014,5,8,7,26,金門縣,金湖鎮,,NA,士校路,,,NA,,,南機路,,,路口,NA,NA,NA,NA,NA,NA,NA,NA,NA,0,2,0,晴,日間自然光線,村里道路,50,四岔路,交岔路口內,柏油,濕潤,無缺陷,無障礙物,良好,無號誌,無號誌,無分向設施,未繪設車道線,未繪設快慢車道分隔線,有,路口交岔撞,未依規定減速,Y000,YY00,1,2,2014/5/8,士校路,南機路,,118.4326247,24.4500123,自用 小客車∕自用 小客車∕乘客 人∕乘客 人∕,小客車自用∕小客車自用∕乘客∕乘客∕,32∕37∕7∕12∕,未受傷∕未受傷∕受傷∕受傷∕,75****U代號2561∕CX****3代號2562∕CX****3代號2562∕CX****3代號2562∕,其他∕其他∕其他∕其他∕,有適當之駕照∕有適當之駕照∕非汽（機）車駕駛人∕非汽（機）車駕駛人∕,經檢測無酒精反應∕經檢測無酒精反應∕非駕駛人，未檢測∕非駕駛人，未檢測∕,汽車前車頭∕汽車右側車身∕非汽（機）車∕非汽（機）車∕,未依規定減速∕未依規定讓車∕尚未發現肇事因素∕尚未發現肇事因素∕,未依規定減速∕未依規定減速∕未依規定減速∕未依規定減速∕,其他∕其他∕小學生∕小學生∕,其他∕其他∕上、下學∕上、下學∕,本國∕本國∕本國∕本國∕