年月,總編號,處理單位,處理編號,年,月,日,時,分,縣市,區,村里,鄰,街道,段,巷,弄,號,公尺處,街道.1,段.1,側,附近,道路,公里,公尺處.1,向,車道,平交道,公里.1,公尺處.2,附近.1,死,受傷,X2.30,天候,光線,道路類別,速限,道路型態,事故位置,路面鋪裝,路面狀態,路面缺陷,障礙物,視距,號誌種類,號誌動作,分向設施,快車道或一般車道間,快慢車道間,路面邊線,事故類型及型態,主要肇因,警局,分局,案件類別,事故類別,日期,道路1,道路2,概略位置,lon,lat,車種,當事者區分.類別.,年齡,受傷程度,車輛牌照號碼,車輛用途,駕駛資格情形,飲酒情形,車輛撞擊部位最初,肇事因素個別,肇事因素主要,職.業,旅次目的,國籍
10305,10305Y00020057,YYA1,10305YY000027,2014,5,9,22,20,金門縣,金沙鎮,,NA,環島北路,四,,NA,,,,,,自來水廠路段,NA,NA,NA,NA,NA,NA,NA,NA,NA,0,3,0,晴,夜間（或隧道、地下道、涵洞）有照明,村里道路,60,三岔路,交岔口附近,柏油,乾燥,無缺陷,無障礙物,良好,無號誌,無號誌,附標記,未繪設車道線,未繪設快慢車道分隔線,有,對向擦撞,違規超車,Y000,YY00,1,2,2014/5/9,環島北路四段,,金門縣金沙鎮自來水廠路段,118.4045085,24.4840105,自用 小客車∕普通重型 機車∕乘客 人,小客車自用∕機車普通重型∕乘客,31∕20∕19,受傷∕受傷∕受傷,6F****9代號2563∕NR****2代號2564∕NR****2代號2564,其他∕其他∕其他,有適當之駕照∕有適當之駕照∕非汽（機）車駕駛人,經檢測無酒精反應∕不明∕非駕駛人，未檢測,汽車左前車頭（身）∕機車前車頭∕非汽（機）車,違規超車∕尚未發現肇事因素∕尚未發現肇事因素,違規超車∕違規超車∕違規超車,其他∕大學（研究）生∕大學（研究）生,不明∕上、下學∕上、下學,本國∕本國∕本國
10305,10305Y00020015,YYA1,10305YY000033,2014,5,11,9,20,金門縣,金沙鎮,,NA,光華路,一,,NA,,,,,,01776號路燈,NA,NA,NA,NA,NA,NA,NA,NA,NA,0,1,0,陰,日間自然光線,村里道路,50,三岔路,交岔口附近,柏油,乾燥,無缺陷,無障礙物,良好,無號誌,無號誌,無標記,未繪設車道線,未繪設快慢車道分隔線,有,衝出路外,未注意車前狀態,Y000,YY00,1,2,2014/5/11,光華路一段,,金門縣金沙鎮01776號路燈,118.428921,24.4909929,普通重型 機車∕ ∕,機車普通重型,18∕0∕,受傷,37****Y代號2565,其他,有適當之駕照,經檢測無酒精反應,機車前車頭,未注意車前狀態∕尚未發現肇事因素∕,未注意車前狀態∕未注意車前狀態∕,其他,其他,本國∕本國∕
10305,,YYA1,10305YY000037,2014,5,11,18,55,金門縣,金湖鎮,新市里,NA,復興路,,,NA,,,,,,土地銀行前路口,NA,NA,NA,NA,NA,NA,NA,NA,NA,0,0,0,雨,夜間（或隧道、地下道、涵洞）有照明,村里道路,50,四岔路,交岔路口內,柏油,濕潤,無缺陷,無障礙物,良好,無號誌,無號誌,無分向設施,未繪設車道線,未繪設快慢車道分隔線,有,倒車撞,倒車未依規定,Y000,YY00,1,4,2014/5/11,復興路,,金門縣金湖鎮新市里土地銀行前路口,118.4161413,24.4412321,自用 小客車∕自用 小客車∕,小客車自用∕小客車自用∕,21∕39∕,未受傷∕未受傷∕,AC*****5代號2566∕11****W代號2567∕,其他∕其他∕,有適當之駕照∕有適當之駕照∕,經檢測無酒精反應∕經檢測無酒精反應∕,汽車左後車尾（身）∕汽車左前車頭（身）∕,倒車未依規定∕尚未發現肇事因素∕,倒車未依規定∕倒車未依規定∕,其他∕其他∕,其他∕其他∕,本國∕本國∕
10305,10305Y00030003,YYA1,10305YY000042,2014,5,14,4,50,金門縣,金湖鎮,,NA,環島南路,五,,NA,,,,,,星宿王朝路段,NA,NA,NA,NA,NA,NA,NA,NA,NA,0,0,0,霧或煙,晨或暮光,村里道路,60,三岔路,交岔路口內,柏油,濕潤,無缺陷,無障礙物,良好,無號誌,無號誌,無分向設施,未繪設車道線,未繪設快慢車道分隔線,有,衝出路外,酒醉（後）駕駛失控,Y000,YY00,1,3,2014/5/14,環島南路五段,,金門縣金湖鎮星宿王朝路段,118.4239844,24.4324232,自用 小客車∕ ∕,小客車自用,49∕0∕,未受傷,6F****5代號2568,其他,有適當之駕照,經呼氣檢測超過0.80mg∕L或血液檢測超過0.16,汽車右前車頭（身）,酒醉（後）駕駛失控∕尚未發現肇事因素∕,酒醉（後）駕駛失控∕酒醉（後）駕駛失控∕,家庭主婦（夫）,不明,本國∕本國∕
10305,10305Y00020016,YYA1,10305YY000043,2014,5,14,7,53,金門縣,金湖鎮,,NA,環島東路,三,,NA,,,,,,0348柱燈桿林務所路段,NA,NA,NA,NA,NA,NA,NA,NA,NA,0,1,0,霧或煙,日間自然光線,村里道路,60,直路,一般車道（未劃分快慢車道）,柏油,濕潤,無缺陷,無障礙物,良好,無號誌,無號誌,附標記,未繪設車道線,未繪設快慢車道分隔線,有,其他,動物竄出,Y000,YY00,1,2,2014/5/14,環島東路三段,,金門縣金湖鎮0348柱燈桿林務所路段,118.4412269,24.4597558, ∕普通重型 機車∕,∕機車普通重型∕,31∕60∕,∕受傷∕,∕AD*****8代號2569∕,∕其他∕,∕有適當之駕照∕,∕經檢測無酒精反應∕,∕機車左側車身∕,動物竄出∕尚未發現肇事因素∕,動物竄出∕動物竄出∕,∕其他∕,∕上、下班∕,本國∕本國∕
10305,10305Y00020026,YYA1,10305YY000047,2014,5,16,3,50,金門縣,金湖鎮,山外里,NA,士校路,,,NA,,,,,,幹訓班右前轉彎處路段,NA,NA,NA,NA,NA,NA,NA,NA,NA,0,1,0,晴,夜間（或隧道、地下道、涵洞）有照明,村里道路,50,彎曲路及附近,一般車道（未劃分快慢車道）,柏油,乾燥,無缺陷,無障礙物,良好,無號誌,無號誌,無標記,未繪設車道線,未繪設快慢車道分隔線,有,撞護欄（樁）,未依規定減速,Y000,YY00,1,2,2014/5/16,士校路,,金門縣金湖鎮山外里幹訓班右前轉彎處路段,118.4271704,24.4453138,租賃車 小客車∕ ∕,小客車租貸車,21∕0∕,受傷,39****6代號2570,其他,有適當之駕照,經檢測無酒精反應,汽車右前車頭（身）,未依規定減速∕尚未發現肇事因素∕,未依規定減速∕未依規定減速∕,其他,其他,本國∕本國∕
10305,10305Y00020027,YYA1,10305YY000052,2014,5,17,22,0,金門縣,金湖鎮,,NA,太湖路,二,,NA,,,國順街,,,路口,NA,NA,NA,NA,NA,NA,NA,NA,NA,0,1,0,霧或煙,夜間（或隧道、地下道、涵洞）有照明,村里道路,50,三岔路,交岔路口內,柏油,乾燥,無缺陷,無障礙物,其他,無號誌,無號誌,無分向設施,未繪設車道線,未繪設快慢車道分隔線,有,穿越道路中,未依規定減速,Y000,YY00,1,2,2014/5/17,太湖路二段,國順街,,118.4166746,24.43960129,自用 小客車∕行人 人∕,小客車自用∕行人∕,29∕62∕,未受傷∕受傷∕,09****V代號2571,其他∕非駕駛人及乘客∕,有適當之駕照∕非汽（機）車駕駛人∕,經檢測無酒精反應∕經觀察未飲酒∕,汽車左前車頭（身）∕非汽（機）車∕,未依規定減速∕未依規定行走行人穿越道、地下道、天橋而穿越道路∕,未依規定減速∕未依規定減速∕,農林漁牧工作者∕家庭主婦（夫）∕,觀光旅遊∕其他∕,本國∕本國∕
10305,10305Y00020041,YYA1,10305YY000055,2014,5,18,12,56,金門縣,金沙鎮,,NA,環島北路,四,,NA,,,,,,金沙水庫路口,NA,NA,NA,NA,NA,NA,NA,NA,NA,0,6,0,雨,日間自然光線,村里道路,40,四岔路,交岔路口內,柏油,濕潤,無缺陷,無障礙物,良好,無號誌,無號誌,無分向設施,未繪設車道線,未繪設快慢車道分隔線,有,側撞,未依規定讓車,Y000,YY00,1,2,2014/5/18,環島北路四段,,金門縣金沙鎮金沙水庫路口,118.4045085,24.4840105,自用 小貨車(含客、貨兩用)∕自用 小客車∕乘客 人∕乘客 人∕乘客 人∕乘客 人∕,小貨車自用∕小客車自用∕乘客∕乘客∕乘客∕乘客∕,61∕52∕62∕58∕55∕56∕,受傷∕受傷∕受傷∕受傷∕受傷∕受傷∕,6F****9代號2572∕06****7代號2573∕6F****9代號2572∕06****7代號2573∕06****7代號2573∕06****7代號2573∕,其他∕其他∕其他∕其他∕其他∕其他∕,有適當之駕照∕有適當之駕照∕非汽（機）車駕駛人∕非汽（機）車駕駛人∕非汽（機）車駕駛人∕非汽（機）車駕駛人∕,經檢測無酒精反應∕經檢測無酒精反應∕經檢測無酒精反應∕經檢測無酒精反應∕經檢測無酒精反應∕經檢測無酒精反應∕,汽車右前車頭（身）∕汽車左前車頭（身）∕非汽（機）車∕非汽（機）車∕非汽（機）車∕非汽（機）車∕,未依規定讓車∕未依規定減速∕尚未發現肇事因素∕尚未發現肇事因素∕尚未發現肇事因素∕尚未發現肇事因素∕,未依規定讓車∕未依規定讓車∕未依規定讓車∕未依規定讓車∕未依規定讓車∕未依規定讓車∕,服務工作者∕警察人員∕家庭主婦（夫）∕事務工作者∕家庭主婦（夫）∕家庭主婦（夫）∕,其他∕社交活動∕社交活動∕社交活動∕社交活動∕社交活動∕,本國∕本國∕本國∕本國∕本國∕本國∕
10305,10305Y00020017,YYA1,10305YY000057,2014,5,19,12,30,金門縣,金湖鎮,,NA,太湖路,二,,NA,,,國順街,,,路口,NA,NA,NA,NA,NA,NA,NA,NA,NA,0,1,0,晴,日間自然光線,村里道路,50,三岔路,交岔路口內,柏油,乾燥,無缺陷,無障礙物,良好,無號誌,無號誌,無分向設施,未繪設車道線,未繪設快慢車道分隔線,有,側撞,左轉彎未依規定,Y000,YY00,1,2,2014/5/19,太湖路二段,國順街,,118.4166746,24.43960129,自用 小客車∕普通重型 機車∕,小客車自用∕機車普通重型∕,62∕20∕,未受傷∕受傷∕,6F****2代號2574∕81****B代號2575∕,其他∕其他∕,有適當之駕照∕有適當之駕照∕,經檢測無酒精反應∕經檢測無酒精反應∕,汽車左側車身∕機車前車頭∕,左轉彎未依規定∕未保持行車安全距離∕,左轉彎未依規定∕左轉彎未依規定∕,服務工作者∕大學（研究）生∕,購物∕社交活動∕,本國∕本國∕
10305,,YYA1,10305YY000060,2014,5,20,11,22,金門縣,金湖鎮,,NA,環島南路,三,,NA,,,,,,機場圓環路段,NA,NA,NA,NA,NA,NA,NA,NA,NA,0,0,0,NA,NA,NA,0,NA,NA,NA,NA,NA,NA,NA,NA,NA,NA,NA,NA,NA,NA,NA,Y000,YY00,1,4,2014/5/20,環島南路三段,,金門縣金湖鎮機場圓環路段,118.3757827,24.4398961,自用 小貨車(含客、貨兩用)∕自用 小貨車(含客、貨兩用)∕,小貨車自用∕小貨車自用∕,25∕63∕,,91****T代號2576∕8T****0代號2577∕,,,,,,,,,本國∕本國∕
10305,10305Y00030009,YYA1,10305YY000061,2014,5,20,11,32,金門縣,金湖鎮,,NA,,,,NA,,,,,,西峰路1735號路燈桿前路段,NA,NA,NA,NA,NA,NA,NA,NA,NA,0,0,0,晴,日間自然光線,村里道路,40,三岔路,交岔路口內,柏油,乾燥,無缺陷,無障礙物,良好,無號誌,無號誌,無分向設施,未繪設車道線,未繪設快慢車道分隔線,有,側撞,未保持行車安全間隔,Y000,YY00,1,3,2014/5/20,金門縣金湖鎮西峰路1735號路燈桿前路段,,金門縣金湖鎮西峰路1735號路燈桿前路段,118.4504593,24.4273377,自用 小貨車(含客、貨兩用)∕公營公車 大客車∕,小貨車自用∕公營公車∕,64∕45∕,未受傷∕未受傷∕,6F****8代號2578∕31***H代號2579∕,其他∕其他∕,有適當之駕照∕有適當之駕照∕,經檢測無酒精反應∕經檢測無酒精反應∕,汽車右前車頭（身）∕汽車左前車頭（身）∕,未保持行車安全間隔∕尚未發現肇事因素∕,未保持行車安全間隔∕未保持行車安全間隔∕,農林漁牧工作者∕汽車、火車駕駛員及船員∕,業務聯繫∕運輸∕,本國∕本國∕
10305,10305Y00020031,YYA1,10305YY000062,2014,5,21,7,45,金門縣,金沙鎮,,NA,三民路,,,NA,,,復興街,,,,NA,NA,NA,NA,NA,NA,NA,NA,NA,0,1,0,雨,日間自然光線,村里道路,40,四岔路,交岔路口內,柏油,濕潤,無缺陷,無障礙物,其他,無號誌,無號誌,無分向設施,未繪設車道線,未繪設快慢車道分隔線,有,路口交岔撞,未依規定讓車,Y000,YY00,1,2,2014/5/21,三民路,復興街,,118.4135735,24.48897055,租賃車 小客車∕自用 小客車∕自用 小客車,小客車租貸車∕小客車自用∕小客車自用,20∕33∕38,未受傷∕受傷∕未受傷,40****V代號2580∕02****X代號2581∕6F****6代號2582,其他∕其他∕其他,無照（已達考照年齡）∕有適當之駕照∕有適當之駕照,經檢測無酒精反應∕經檢測無酒精反應∕經觀察未飲酒,汽車前車頭∕汽車左前車頭（身）∕汽車右後車尾（身）,未依規定讓車∕未依規定減速∕尚未發現肇事因素,未依規定讓車∕未依規定讓車∕未依規定讓車,服務工作者∕技術員及助理人員∕服務工作者,購物∕上、下班∕其他,本國∕本國∕本國
10305,10305Y00020030,YYA1,10305YY000064,2014,5,21,7,28,金門縣,金湖鎮,,NA,環島南路,三,,NA,,,中山路,,,尚義機場圓環,NA,NA,NA,NA,NA,NA,NA,NA,NA,0,1,0,雨,日間自然光線,村里道路,60,圓環,一般車道（未劃分快慢車道）,柏油,濕潤,無缺陷,無障礙物,其他,閃光號誌,正常,無分向設施,未繪設車道線,未繪設快慢車道分隔線,有,其他,未依規定讓車,Y000,YY00,1,2,2014/5/21,環島南路三段,中山路,,118.36415,24.43852,自用 小客車∕自用 小客車∕,小客車自用∕小客車自用∕,48∕49∕,受傷∕未受傷∕,6F****1代號2583∕HF****1代號2584∕,其他∕其他∕,有適當之駕照∕有適當之駕照∕,經檢測無酒精反應∕經檢測無酒精反應∕,汽車左側車身∕汽車右側車身∕,未依規定讓車∕未注意車前狀態∕,未依規定讓車∕未依規定讓車∕,其他∕其他∕,上、下班∕其他∕,本國∕本國∕
10305,,YYA1,10305YY000075,2014,5,27,17,50,金門縣,金沙鎮,,NA,環島東路,一,,NA,,,復興街,,,,NA,NA,NA,NA,NA,NA,NA,NA,NA,0,0,0,晴,日間自然光線,村里道路,50,四岔路,交岔口附近,其他鋪裝,乾燥,無缺陷,無障礙物,良好,無號誌,無號誌,附標記,未繪設車道線,未繪設快慢車道分隔線,有,其他,左轉彎未依規定,Y000,YY00,1,4,2014/5/27,環島東路一段,復興街,,118.413114,24.488629,自用 小客車∕自用 小客車∕,小客車自用∕小客車自用∕,59∕26∕,未受傷∕未受傷∕,AD*****0代號2585∕CV****2代號2586∕,其他∕其他∕,有適當之駕照∕有適當之駕照∕,經檢測無酒精反應∕經檢測無酒精反應∕,汽車右前車頭（身）∕汽車右前車頭（身）∕,左轉彎未依規定∕尚未發現肇事因素∕,左轉彎未依規定∕左轉彎未依規定∕,其他∕其他∕,其他∕其他∕,本國∕本國∕
10305,10305Y00030011,YYA1,10305YY000076,2014,5,27,20,30,金門縣,金湖鎮,,NA,士校路,,,NA,,,,,,下莊 路段28210號路燈桿處,NA,NA,NA,NA,NA,NA,NA,NA,NA,0,0,0,晴,夜間（或隧道、地下道、涵洞）無照明,村里道路,50,彎曲路及附近,一般車道（未劃分快慢車道）,柏油,乾燥,無缺陷,無障礙物,良好,無號誌,無號誌,無標記,未繪設車道線,未繪設快慢車道分隔線,有,對向擦撞,逆向行駛,Y000,YY00,1,3,2014/5/27,士校路,,金門縣金湖鎮下莊 路段28210號路燈桿處,118.4271704,24.4453138,自用 小客車∕自用 小貨車(含客、貨兩用)∕,小客車自用∕小貨車自用∕,42∕58∕,未受傷∕未受傷∕,6F****7代號2587∕6F****9代號2588∕,其他∕其他∕,有適當之駕照∕有適當之駕照∕,不明∕經檢測無酒精反應∕,汽車左前車頭（身）∕汽車左側車身∕,逆向行駛∕尚未發現肇事因素∕,逆向行駛∕逆向行駛∕,技術工∕服務工作者∕,不明∕購物∕,本國∕本國∕
10305,10305Y00020042,YYA1,10305YY000077,2014,5,29,7,50,金門縣,金湖鎮,溪湖里,NA,環島東路,四,,NA,,,士校路,,,下新厝路口,NA,NA,NA,NA,NA,NA,NA,NA,NA,0,2,0,晴,日間自然光線,村里道路,50,四岔路,交岔路口內,柏油,乾燥,無缺陷,無障礙物,良好,閃光號誌,無動作,無分向設施,未繪設車道線,未繪設快慢車道分隔線,有,路口交岔撞,未依規定讓車,Y000,YY00,1,2,2014/5/29,環島東路四段,士校路,,118.4462076,24.45419698,公營公車 大客車∕普通重型 機車∕乘客 人,公營公車∕機車普通重型∕乘客,31∕55∕0,未受傷∕受傷∕受傷,VU***9代號2589∕PZ****6代號2590∕PZ****6代號2590,其他∕其他∕其他,有適當之駕照∕越級駕駛∕非汽（機）車駕駛人,經檢測無酒精反應∕經檢測無酒精反應∕非駕駛人，未檢測,汽車前車頭∕機車左側車身∕不明,未依規定讓車∕未依規定減速∕尚未發現肇事因素,未依規定讓車∕未依規定讓車∕未依規定讓車,汽車、火車駕駛員及船員∕其他∕其他,運輸∕其他∕其他,本國∕本國∕本國
10305,10305Y00020043,YYA1,10305YY000078,2014,5,30,8,42,金門縣,金湖鎮,,NA,黃海路,,,NA,,,,,,金湖國小側門前路段,NA,NA,NA,NA,NA,NA,NA,NA,NA,0,1,0,晴,日間自然光線,村里道路,50,三岔路,交岔口附近,柏油,乾燥,無缺陷,無障礙物,良好,無號誌,無號誌,附標記,未繪設車道線,未繪設快慢車道分隔線,有,同向擦撞,未保持行車安全間隔,Y000,YY00,1,2,2014/5/30,黃海路,,金門縣金湖鎮金湖國小側門前路段,118.4256931,24.452032,自用 小客車∕普通重型 機車∕,小客車自用∕機車普通重型∕,51∕50∕,未受傷∕受傷∕,6F****3代號2591∕22****C代號2592∕,其他∕其他∕,有適當之駕照∕有適當之駕照∕,經檢測無酒精反應∕經檢測無酒精反應∕,汽車右側車身∕機車左側車身∕,未保持行車安全間隔∕未靠右行駛∕,未保持行車安全間隔∕未保持行車安全間隔∕,服務工作者∕服務工作者∕,上、下班∕上、下班∕,本國∕本國∕
10305,10305Y00020001,YZA1,10305YZ000001,2014,5,1,14,40,金門縣,金寧鄉,,NA,大學路,,,NA,,,,,,金門大學綜合行政大樓前路口,NA,NA,NA,NA,NA,NA,NA,NA,NA,0,1,0,陰,日間自然光線,其他,50,三岔路,交岔路口內,柏油,濕潤,無缺陷,無障礙物,良好,無號誌,無號誌,無分向設施,未繪設車道線,未繪設快慢車道分隔線,有,側撞,未依規定讓車,Y000,YZ00,1,2,2014/5/1,大學路,,金門縣金寧鄉金門大學綜合行政大樓前路口,118.325279,24.4466751,普通重型 機車∕普通重型 機車∕,機車普通重型∕機車普通重型∕,22∕20∕,未受傷∕受傷∕,73****Z代號2593∕00****A代號2594∕,其他∕其他∕,有適當之駕照∕有適當之駕照∕,經檢測無酒精反應∕經檢測無酒精反應∕,機車右側車身∕機車前車頭∕,未依規定讓車∕未依規定減速∕,未依規定讓車∕未依規定讓車∕,大學（研究）生∕大學（研究）生∕,上、下班∕上、下班∕,本國∕本國∕
10305,10305Y00020002,YZA1,10305YZ000003,2014,5,3,15,51,金門縣,金寧鄉,,NA,瓊安路,,,NA,,,,,,后沙路段浯記一條根附近,NA,NA,NA,NA,NA,NA,NA,NA,NA,0,1,0,晴,日間自然光線,村里道路,50,彎曲路及附近,一般車道（未劃分快慢車道）,柏油,乾燥,無缺陷,無障礙物,良好,無號誌,無號誌,無標記,未繪設車道線,未繪設快慢車道分隔線,有,撞路樹、電桿,酒醉（後）駕駛失控,Y000,YZ00,1,2,2014/5/3,瓊安路,,金門縣金寧鄉后沙路段浯記一條根附近,118.343873,24.4603508,普通重型 機車∕ ∕,機車普通重型,33∕0∕,受傷,53****F代號2595,其他,有適當之駕照,經呼氣檢測超過0.80mg∕L或血液檢測超過0.16,機車前車頭,酒醉（後）駕駛失控∕尚未發現肇事因素∕,酒醉（後）駕駛失控∕酒醉（後）駕駛失控∕,其他,其他,本國∕本國∕
10305,10305Y00020007,YZA1,10305YZ000004,2014,5,3,9,5,金門縣,金城鎮,,NA,珠水路,,,NA,,,,,,金門城東門牌樓外第2支燈桿,NA,NA,NA,NA,NA,NA,NA,NA,NA,0,2,0,晴,日間自然光線,鄉道,50,直路,一般車道（未劃分快慢車道）,柏油,乾燥,無缺陷,無障礙物,良好,無號誌,無號誌,無標記,未繪設車道線,未繪設快慢車道分隔線,有,追撞,未保持行車安全距離,Y000,YZ00,1,2,2014/5/3,珠水路,,金門縣金城鎮金門城東門牌樓外第2支燈桿,118.3077405,24.4021607,腳踏自行車 慢車∕腳踏自行車 慢車∕,腳踏自行車∕腳踏自行車∕,20∕20∕,受傷∕受傷∕,,其他∕其他∕,非汽（機）車駕駛人∕非汽（機）車駕駛人∕,經檢測無酒精反應∕經檢測無酒精反應∕,非汽（機）車∕非汽（機）車∕,未保持行車安全距離∕尚未發現肇事因素∕,未保持行車安全距離∕未保持行車安全距離∕,大學（研究）生∕大學（研究）生∕,社交活動∕社交活動∕,本國∕本國∕
10305,10305Y00020055,YZA1,10305YZ000005,2014,5,3,11,45,金門縣,金寧鄉,,NA,環島西路,二,,NA,,,,,,0894號燈桿前路段,NA,NA,NA,NA,NA,NA,NA,NA,NA,0,1,0,晴,日間自然光線,鄉道,50,彎曲路及附近,一般車道（未劃分快慢車道）,柏油,乾燥,無缺陷,無障礙物,良好,無號誌,無號誌,無標記,未繪設車道線,未繪設快慢車道分隔線,有,衝出路外,未依規定減速,Y000,YZ00,1,2,2014/5/3,環島西路二段,,金門縣金寧鄉0894號燈桿前路段,118.3148723,24.4566699,普通重型 機車∕ ∕,機車普通重型,21∕0∕,受傷,AD*****9代號2596,其他,有適當之駕照,經檢測無酒精反應,機車前車頭,未依規定減速∕尚未發現肇事因素∕,未依規定減速∕未依規定減速∕,大學（研究）生,社交活動,本國∕本國∕
10305,10305Y00020003,YZA1,10305YZ000007,2014,5,4,8,47,金門縣,金寧鄉,,NA,林堡路,,,NA,,,,,,00472號路燈桿,NA,NA,NA,NA,NA,NA,NA,NA,NA,0,1,0,晴,日間自然光線,村里道路,50,直路,一般車道（未劃分快慢車道）,柏油,乾燥,無缺陷,無障礙物,良好,無號誌,無號誌,無標記,未繪設車道線,未繪設快慢車道分隔線,有,路上翻車、摔倒,未注意車前狀態,Y000,YZ00,1,2,2014/5/4,林堡路,,金門縣金寧鄉00472號路燈桿,118.3345146,24.4434579,普通重型 機車∕ ∕,機車普通重型,44∕0∕,受傷,60****A代號2597,其他,無照（已達考照年齡）,經檢測無酒精反應,機車右側車身,未注意車前狀態∕尚未發現肇事因素∕,未注意車前狀態∕未注意車前狀態∕,其他,購物,本國∕本國∕
10305,10305Y00030004,YZA1,10305YZ000011,2014,5,2,15,34,金門縣,金城鎮,,NA,民族路,,,NA,226,,,,,,NA,NA,NA,NA,NA,NA,NA,NA,NA,0,0,0,晴,日間自然光線,村里道路,50,直路,一般車道（未劃分快慢車道）,柏油,乾燥,無缺陷,無障礙物,良好,無號誌,無號誌,無分向設施,車道線（無標記）,未繪設快慢車道分隔線,有,倒車撞,倒車未依規定,Y000,YZ00,1,3,2014/5/2,民族路226號,,金門縣金城鎮,118.3157499,24.4302723,自用 小貨車(含客、貨兩用)∕普通重型 機車∕,小貨車自用∕機車普通重型∕,55∕36∕,未受傷∕未受傷∕,6J****2代號2598∕BK****2代號2599∕,其他∕其他∕,有適當之駕照∕有適當之駕照∕,經觀察未飲酒∕經觀察未飲酒∕,汽車後車尾∕機車左側車身∕,倒車未依規定∕尚未發現肇事因素∕,倒車未依規定∕倒車未依規定∕,不明∕不明∕,不明∕不明∕,本國∕本國∕
10305,10305Y00020018,YZA1,10305YZ000012,2014,5,2,16,31,金門縣,金寧鄉,,NA,環島北路,二,,NA,,,,,,頂堡段,NA,NA,NA,NA,NA,NA,NA,NA,NA,0,1,0,晴,夜間（或隧道、地下道、涵洞）有照明,縣道,60,三岔路,交岔路口內,柏油,乾燥,無缺陷,無障礙物,樹木、農作物,無號誌,無號誌,無分向設施,未繪設車道線,未繪設快慢車道分隔線,有,側撞,右轉彎未依規定,Y000,YZ00,1,2,2014/5/2,環島北路二段,,金門縣金寧鄉頂堡段,118.3537405,24.452631,自用 小貨車(含客、貨兩用)∕普通重型 機車∕,小貨車自用∕機車普通重型∕,54∕23∕,未受傷∕受傷∕,WY****1代號2600∕59****K代號2601∕,其他∕其他∕,有適當之駕照∕有適當之駕照∕,經檢測無酒精反應∕經檢測無酒精反應∕,汽車右前車頭（身）∕機車前車頭∕,右轉彎未依規定∕未保持行車安全距離∕,右轉彎未依規定∕右轉彎未依規定∕,技術工∕保安工作者（不含警察人員）∕,其他∕其他∕,本國∕本國∕
10305,10305Y00020008,YZA1,10305YZ000013,2014,5,5,17,49,金門縣,金城鎮,,NA,西海路,一,,NA,,,,,,03758燈桿,NA,NA,NA,NA,NA,NA,NA,NA,NA,0,1,0,晴,日間自然光線,縣道,40,直路,一般車道（未劃分快慢車道）,柏油,乾燥,無缺陷,無障礙物,良好,無號誌,無號誌,附標記,未繪設車道線,未繪設快慢車道分隔線,有,追撞,未保持行車安全距離,Y000,YZ00,1,2,2014/5/5,西海路一段,,金門縣金城鎮03758燈桿,118.2906709,24.4124946,自用 小客車∕普通重型 機車∕,小客車自用∕機車普通重型∕,23∕21∕,未受傷∕受傷∕,09****V代號2602∕77****V代號2603∕,其他∕其他∕,有適當之駕照∕有適當之駕照∕,經檢測無酒精反應∕經檢測無酒精反應∕,汽車右前車頭（身）∕機車左側車身∕,未保持行車安全距離∕尚未發現肇事因素∕,未保持行車安全距離∕未保持行車安全距離∕,大學（研究）生∕大學（研究）生∕,上、下班∕上、下班∕,本國∕本國∕
10305,10305Y00030001,YZA1,10305YZ000016,2014,5,6,22,10,金門縣,金寧鄉,,NA,大學路,,53,NA,7,,,,,,NA,NA,NA,NA,NA,NA,NA,NA,NA,0,0,0,陰,夜間（或隧道、地下道、涵洞）有照明,村里道路,40,直路,一般車道（未劃分快慢車道）,水泥,油滑,無缺陷,無障礙物,良好,無號誌,無號誌,無分向設施,未繪設車道線,未繪設快慢車道分隔線,無,同向擦撞,酒醉（後）駕駛失控,Y000,YZ00,1,3,2014/5/6,大學路53巷7號,,金門縣金寧鄉,118.325279,24.4466751,自用 小客車∕自用 小客車∕,小客車自用∕小客車自用∕,38∕26∕,未受傷∕未受傷∕,54****7代號2604∕RA*****3代號2605∕,其他∕其他∕,有適當之駕照∕有適當之駕照∕,經呼氣檢測0.56至0.80mg∕L或血液檢測0.111至0.16∕經觀察未飲酒∕,汽車左前車頭（身）∕汽車左側車身∕,酒醉（後）駕駛失控∕尚未發現肇事因素∕,酒醉（後）駕駛失控∕酒醉（後）駕駛失控∕,技術工∕技術工∕,購物∕其他∕,本國∕本國∕
10305,10305Y00030002,YZA1,10305YZ000018,2014,5,7,17,55,金門縣,金城鎮,,NA,環島西路,一,,NA,,,,,,14號前路段,NA,NA,NA,NA,NA,NA,NA,NA,NA,0,0,0,雨,日間自然光線,村里道路,50,直路,一般車道（未劃分快慢車道）,柏油,濕潤,無缺陷,無障礙物,良好,無號誌,無號誌,無標記,未繪設車道線,未繪設快慢車道分隔線,有,追撞,未保持行車安全距離,Y000,YZ00,1,3,2014/5/7,環島西路一段,,金門縣金城鎮14號前路段,118.3184801,24.4172073,普通重型 機車∕自用 小貨車(含客、貨兩用)∕,機車普通重型∕小貨車自用∕,61∕55∕,未受傷∕未受傷∕,BE****5代號2606∕71****X代號1604∕,其他∕其他∕,無照（已達考照年齡）∕有適當之駕照∕,經檢測無酒精反應∕經檢測無酒精反應∕,機車前車頭∕汽車後車尾∕,未保持行車安全距離∕尚未發現肇事因素∕,未保持行車安全距離∕未保持行車安全距離∕,不明∕不明∕,不明∕不明∕,本國∕本國∕