年月,總編號,處理單位,處理編號,年,月,日,時,分,縣市,區,村里,鄰,街道,段,巷,弄,號,公尺處,街道.1,段.1,側,附近,道路,公里,公尺處.1,向,車道,平交道,公里.1,公尺處.2,附近.1,死,受傷,X2.30,天候,光線,道路類別,速限,道路型態,事故位置,路面鋪裝,路面狀態,路面缺陷,障礙物,視距,號誌種類,號誌動作,分向設施,快車道或一般車道間,快慢車道間,路面邊線,事故類型及型態,主要肇因,警局,分局,案件類別,事故類別,日期,道路1,道路2,概略位置,lon,lat,車種,當事者區分.類別.,年齡,受傷程度,車輛牌照號碼,車輛用途,駕駛資格情形,飲酒情形,車輛撞擊部位最初,肇事因素個別,肇事因素主要,職.業,旅次目的,國籍
10305,,YZA1,10305YZ000019,2014,5,7,18,53,金門縣,金城鎮,,NA,民權路,,88,NA,,,,,,路口,NA,NA,NA,NA,NA,NA,NA,NA,NA,0,0,0,雨,NA,NA,50,NA,NA,NA,NA,NA,NA,NA,NA,NA,NA,NA,NA,NA,NA,NA,Y000,YZ00,1,4,2014/5/7,民權路88巷,,金門縣金城鎮路口,118.3137772,24.4334849,自用 小客車∕普通重型 機車∕,小客車自用∕機車普通重型∕,56∕20∕,,6F****2代號2607∕90****D代號2608∕,,,,,,,,,本國∕本國∕
10305,,YZA1,10305YZ000021,2014,5,8,13,27,金門縣,金寧鄉,,NA,林堡路,,,NA,,,,,,下堡34號前,NA,NA,NA,NA,NA,NA,NA,NA,NA,0,0,0,晴,NA,NA,50,NA,NA,NA,NA,NA,NA,NA,NA,NA,NA,NA,NA,NA,NA,NA,Y000,YZ00,1,4,2014/5/8,林堡路,,金門縣金寧鄉下堡34號前,118.3345146,24.4434579,自用 小客車∕自用 小客車∕,小客車自用∕小客車自用∕,37∕75∕,,ZX****0代號2609∕Z7****9代號2610∕,,,,,,,,,本國∕本國∕
10305,10305Y00020011,YZA1,10305YZ000022,2014,5,7,13,19,金門縣,金寧鄉,,NA,桃園路,,,NA,,,東湖路,,,路口,NA,NA,NA,NA,NA,NA,NA,NA,NA,0,1,0,雨,日間自然光線,縣道,50,三岔路,交岔路口內,柏油,濕潤,無缺陷,其他障礙物,彎道,無號誌,無號誌,無分向設施,未繪設車道線,未繪設快慢車道分隔線,有,路上翻車、摔倒,未依規定減速,Y000,YZ00,1,2,2014/5/7,桃園路,東湖路,,118.3409757,24.4297648,普通重型 機車∕ ∕,機車普通重型,22∕0∕,受傷,31****H代號2611,其他,有適當之駕照,經檢測無酒精反應,機車右側車身,未依規定減速∕尚未發現肇事因素∕,未依規定減速∕未依規定減速∕,大學（研究）生,上、下班,本國∕本國∕
10305,10305Y00020010,YZA1,10305YZ000023,2014,5,7,12,45,金門縣,金寧鄉,盤山村,NA,大學路,,53,NA,,,,,,產業道路口,NA,NA,NA,NA,NA,NA,NA,NA,NA,0,1,0,雨,日間自然光線,其他,40,四岔路,交岔路口內,水泥,濕潤,無缺陷,無障礙物,樹木、農作物,無號誌,無號誌,無分向設施,未繪設車道線,未繪設快慢車道分隔線,無,對撞,未依規定讓車,Y000,YZ00,1,2,2014/5/7,大學路53巷,,金門縣金寧鄉盤山村產業道路口,118.325279,24.4466751,普通重型 機車∕自用 小客車∕乘客 人,機車普通重型∕小客車自用∕乘客,24∕62∕23,受傷∕未受傷∕未受傷,XH****8代號2612∕06****X代號2613∕XH****8代號2612,其他∕其他∕其他,有適當之駕照∕有適當之駕照∕非汽（機）車駕駛人,經檢測無酒精反應∕經檢測無酒精反應∕非駕駛人，未檢測,機車前車頭∕汽車左後車尾（身）∕非汽（機）車,未依規定讓車∕未依規定減速∕尚未發現肇事因素,未依規定讓車∕未依規定讓車∕未依規定讓車,服務工作者∕無業者∕售貨員,上、下班∕其他∕其他,本國∕本國∕本國
10305,10305Y00020045,YZA1,10305YZ000024,2014,5,7,15,43,金門縣,金寧鄉,湖埔村,NA,慈湖路,二,,NA,,,,,,福興汽車修配廠路段,NA,NA,NA,NA,NA,NA,NA,NA,NA,0,1,0,晴,日間自然光線,鄉道,50,直路,一般車道（未劃分快慢車道）,柏油,乾燥,無缺陷,無障礙物,良好,無號誌,無號誌,無標記,未繪設車道線,未繪設快慢車道分隔線,有,路上翻車、摔倒,酒醉（後）駕駛失控,Y000,YZ00,1,2,2014/5/7,慈湖路二段,,金門縣金寧鄉湖埔村福興汽車修配廠路段,118.3086295,24.4503462,普通重型 機車∕ ∕,機車普通重型,45∕0∕,受傷,BC****7代號265,其他,有適當之駕照,經呼氣檢測0.56至0.80mg∕L或血液檢測0.111至0.16,機車前車頭,酒醉（後）駕駛失控∕尚未發現肇事因素∕,酒醉（後）駕駛失控∕酒醉（後）駕駛失控∕,保安工作者（不含警察人員）,其他,本國∕本國∕
10305,10305Y00020014,YZA1,10305YZ000025,2014,5,9,13,59,金門縣,金寧鄉,,NA,大學路,,,NA,,,,,,往湖南產業道路,NA,NA,NA,NA,NA,NA,NA,NA,NA,0,1,0,雨,日間自然光線,村里道路,40,四岔路,交岔口附近,水泥,濕潤,無缺陷,無障礙物,良好,無號誌,無號誌,無分向設施,未繪設車道線,未繪設快慢車道分隔線,無,路上翻車、摔倒,未注意車前狀態,Y000,YZ00,1,2,2014/5/9,大學路,,金門縣金寧鄉往湖南產業道路,118.325279,24.4466751,普通重型 機車∕ ∕,機車普通重型,22∕0∕,受傷,CG****8代號2614,其他,有適當之駕照,經檢測無酒精反應,機車右側車身,未注意車前狀態∕尚未發現肇事因素∕,未注意車前狀態∕未注意車前狀態∕,大學（研究）生,上、下學,本國∕本國∕
10305,10305Y00030005,YZA1,10305YZ000026,2014,5,8,13,49,金門縣,金城鎮,賢庵里,NA,環島西路,一,,NA,,,,,,藥井產業道,NA,NA,NA,NA,NA,NA,NA,NA,NA,0,0,0,晴,日間自然光線,村里道路,50,三岔路,交岔路口內,柏油,乾燥,無缺陷,無障礙物,良好,無號誌,無號誌,無分向設施,未繪設車道線,未繪設快慢車道分隔線,有,追撞,未保持行車安全距離,Y000,YZ00,1,3,2014/5/8,環島西路一段,,金門縣金城鎮賢庵里藥井產業道,118.3184801,24.4172073,計程車 小客車∕自用 小客車∕普通重型 機車,小客車計程車∕小客車自用∕機車普通重型,57∕56∕52,未受傷∕未受傷∕未受傷,59***Q代號309∕6F****7代號2615∕05****E代號2616,其他∕其他∕其他,有適當之駕照∕有適當之駕照∕有適當之駕照,經檢測無酒精反應∕經檢測無酒精反應∕經檢測無酒精反應,汽車前車頭∕汽車左後車尾（身）∕機車前車頭,未保持行車安全距離∕尚未發現肇事因素∕尚未發現肇事因素,未保持行車安全距離∕未保持行車安全距離∕未保持行車安全距離,汽車、火車駕駛員及船員∕不明∕不明,運輸∕不明∕不明,本國∕本國∕本國
10305,,YZA1,10305YZ000028,2014,5,10,15,20,金門縣,金城鎮,,NA,光前路,,,NA,,,,,,華僑之家前路口,NA,NA,NA,NA,NA,NA,NA,NA,NA,0,0,0,晴,NA,NA,40,NA,NA,NA,NA,NA,NA,NA,NA,NA,NA,NA,NA,NA,NA,NA,Y000,YZ00,1,4,2014/5/10,光前路,,金門縣金城鎮華僑之家前路口,118.3142468,24.4339885,公營公車 大客車∕遊覽車 大客車∕,公營公車∕遊覽車∕,29∕58∕,,33***H代號2617∕15***L代號548∕,,,,,,,,,本國∕本國∕
10305,10305Y00020033,YZA1,10305YZ000029,2014,5,10,11,8,金門縣,金寧鄉,,NA,伯玉路,二,,NA,,,,,,中山林前路段1040號燈桿,NA,NA,NA,NA,NA,NA,NA,NA,NA,0,1,0,陰,日間自然光線,村里道路,60,直路,慢車道,其他鋪裝,乾燥,突出（高低）不平,無障礙物,良好,無號誌,無號誌,無標記,未繪設車道線,未繪設快慢車道分隔線,無,路上翻車、摔倒,未注意車前狀態,Y000,YZ00,1,2,2014/5/10,伯玉路二段,,金門縣金寧鄉中山林前路段1040號燈桿,118.3416148,24.4414563,普通重型 機車∕ ∕,機車普通重型,21∕0∕,受傷,06****Z代號2618,其他,有適當之駕照,經檢測無酒精反應,機車左側車身,未注意車前狀態∕尚未發現肇事因素∕,未注意車前狀態∕未注意車前狀態∕,大學（研究）生,其他,本國∕本國∕
10305,10305Y00020032,YZA1,10305YZ000030,2014,5,9,19,33,金門縣,金城鎮,,NA,民權路,,,NA,,,,,,摩斯漢堡前路段,NA,NA,NA,NA,NA,NA,NA,NA,NA,0,2,0,雨,夜間（或隧道、地下道、涵洞）有照明,村里道路,50,四岔路,交岔路口內,柏油,濕潤,無缺陷,無障礙物,良好,無號誌,無號誌,無分向設施,未繪設車道線,未繪設快慢車道分隔線,有,側撞,起步未注意其他車（人）安全,Y000,YZ00,1,2,2014/5/9,民權路,,金門縣金城鎮摩斯漢堡前路段,118.3168946,24.4355379,自用 小客車∕普通重型 機車∕乘客 人,小客車自用∕機車普通重型∕乘客,47∕20∕19,未受傷∕受傷∕受傷,03****9代號2619∕PR****3代號2620∕PR****3代號2620,其他∕其他∕其他,有適當之駕照∕有適當之駕照∕非汽（機）車駕駛人,經檢測無酒精反應∕經檢測無酒精反應∕非駕駛人，未檢測,汽車左前車頭（身）∕機車前車頭∕不明,起步未注意其他車（人）安全∕未注意車前狀態∕尚未發現肇事因素,起步未注意其他車（人）安全∕起步未注意其他車（人）安全∕起步未注意其他車（人）安全,家庭主婦（夫）∕大學（研究）生∕大學（研究）生,上、下班∕購物∕購物,本國∕本國∕本國
10305,10305Y00020019,YZA1,10305YZ000031,2014,5,8,13,54,金門縣,金城鎮,南門里,NA,西海路,三,,NA,,,,,,體育館前,NA,NA,NA,NA,NA,NA,NA,NA,NA,0,1,0,晴,日間自然光線,鄉道,40,直路,一般車道（未劃分快慢車道）,柏油,乾燥,無缺陷,無障礙物,良好,無號誌,無號誌,附標記,未繪設車道線,未繪設快慢車道分隔線,有,其他,車輛零件脫落,Y000,YZ00,1,2,2014/5/8,西海路三段,,金門縣金城鎮南門里體育館前,118.3124964,24.4226194,自用 小客車∕普通重型 機車∕,小客車自用∕機車普通重型∕,22∕56∕,未受傷∕受傷∕,6F****8代號2621∕3J****3代號2622∕,其他∕其他∕,有適當之駕照∕有適當之駕照∕,經檢測無酒精反應∕經檢測無酒精反應∕,汽車右前車頭（身）∕機車左側車身∕,車輛零件脫落∕尚未發現肇事因素∕,車輛零件脫落∕車輛零件脫落∕,大學（研究）生∕其他∕,其他∕其他∕,本國∕本國∕
10305,10305Y00020052,YZA1,10305YZ000032,2014,5,7,19,0,金門縣,金城鎮,,NA,環島西路,二,,NA,,,環島北路,一,,救國團前附近,NA,NA,NA,NA,NA,NA,NA,NA,NA,0,1,0,雨,夜間（或隧道、地下道、涵洞）有照明,鄉道,50,三岔路,交岔口附近,柏油,濕潤,無缺陷,其他障礙物,路上停放車輛,行車管制號誌（附設行人專用號誌）,正常,附標記,未繪設車道線,未繪設快慢車道分隔線,有,其他,未注意車前狀態,Y000,YZ00,1,2,2014/5/7,環島西路二段,環島北路一段,,118.321074,24.439927,普通重型 機車∕自用 小客車∕,機車普通重型∕小客車自用∕,22∕41∕,受傷∕未受傷∕,HU****7代號2623∕6F****9代號2624∕,其他∕其他∕,有適當之駕照∕有適當之駕照∕,經檢測無酒精反應∕經檢測無酒精反應∕,機車前車頭∕汽車左後車尾（身）∕,未注意車前狀態∕違規停車或暫停不當而肇事∕,未注意車前狀態∕未注意車前狀態∕,專科生∕其他∕,上、下學∕不明∕,本國∕本國∕
10305,10305Y00020040,YZA1,10305YZ000034,2014,5,10,22,5,金門縣,金城鎮,,NA,民權路,,,NA,,,,,,金帝飯店前路段,NA,NA,NA,NA,NA,NA,NA,NA,NA,0,2,0,陰,夜間（或隧道、地下道、涵洞）有照明,村里道路,50,直路,一般車道（未劃分快慢車道）,柏油,濕潤,無缺陷,無障礙物,良好,無號誌,無號誌,無分向設施,未繪設車道線,未繪設快慢車道分隔線,有,同向通行中,酒醉（後）駕駛失控,Y000,YZ00,1,2,2014/5/10,民權路,,金門縣金城鎮金帝飯店前路段,118.3168946,24.4355379,普通輕型 機車∕行人 人∕,機車普通輕型∕行人∕,50∕43∕,受傷∕受傷∕,WZ****3代號2625,其他∕非駕駛人及乘客∕,有適當之駕照∕非汽（機）車駕駛人∕,經呼氣檢測超過0.80mg∕L或血液檢測超過0.16∕非駕駛人，未檢測∕,機車前車頭∕非汽（機）車∕,酒醉（後）駕駛失控∕尚未發現肇事因素∕,酒醉（後）駕駛失控∕酒醉（後）駕駛失控∕,技術工∕家庭主婦（夫）∕,其他∕其他∕,本國∕本國∕
10305,10305Y00020020,YZA1,10305YZ000035,2014,5,10,18,0,金門縣,金城鎮,,NA,,,,NA,,,,,,富康一村8巷1號旁路口,NA,NA,NA,NA,NA,NA,NA,NA,NA,0,1,0,雨,日間自然光線,村里道路,40,三岔路,交岔路口內,其他鋪裝,濕潤,無缺陷,無障礙物,良好,無號誌,無號誌,無分向設施,未繪設車道線,未繪設快慢車道分隔線,無,側撞,未依規定讓車,Y000,YZ00,1,2,2014/5/10,金門縣金城鎮富康一村8巷1號旁路口,,金門縣金城鎮富康一村8巷1號旁路口,118.320257,24.437578,自用 小客車∕普通重型 機車∕,小客車自用∕機車普通重型∕,56∕49∕,未受傷∕受傷∕,6F****6代號2626∕76****C代號2627∕,其他∕其他∕,有適當之駕照∕有適當之駕照∕,經檢測無酒精反應∕經檢測無酒精反應∕,汽車右前車頭（身）∕機車右側車身∕,未依規定讓車∕未依規定減速∕,未依規定讓車∕未依規定讓車∕,民意代表、行政主管、企業主管及經理人員∕事務工作者∕,其他∕其他∕,本國∕本國∕
10305,10305Y00020056,YZA1,10305YZ000036,2014,5,11,13,0,金門縣,烈嶼鄉,,NA,,,,NA,,,,,,南塘往青岐路段09085路燈附近,NA,NA,NA,NA,NA,NA,NA,NA,NA,0,1,0,雨,日間自然光線,縣道,50,直路,一般車道（未劃分快慢車道）,柏油,濕潤,無缺陷,無障礙物,良好,無號誌,無號誌,無標記,未繪設車道線,未繪設快慢車道分隔線,有,對向擦撞,未注意車前狀態,Y000,YZ00,1,2,2014/5/11,金門縣烈嶼鄉南塘往青岐路段09085路燈附近,,金門縣烈嶼鄉南塘往青岐路段09085路燈附近,118.2257211,24.4161038,自用 小客車∕普通重型 機車∕,小客車自用∕機車普通重型∕,40∕59∕,未受傷∕受傷∕,HX****9代號2628∕67****J代號2629∕,其他∕其他∕,有適當之駕照∕有適當之駕照∕,經檢測無酒精反應∕無法檢測∕,汽車左前車頭（身）∕機車左側車身∕,未注意車前狀態∕尚未發現肇事因素∕,未注意車前狀態∕未注意車前狀態∕,不明∕不明∕,不明∕不明∕,本國∕本國∕
10305,10305Y00020021,YZA1,10305YZ000038,2014,5,10,18,5,金門縣,金寧鄉,,NA,,,,NA,,,,,,金寶來飯店前路口,NA,NA,NA,NA,NA,NA,NA,NA,NA,0,1,0,陰,日間自然光線,村里道路,40,四岔路,交岔路口內,柏油,乾燥,無缺陷,無障礙物,良好,無號誌,無號誌,無分向設施,未繪設車道線,未繪設快慢車道分隔線,無,路口交岔撞,未依規定讓車,Y000,YZ00,1,2,2014/5/10,金門縣金寧鄉金寶來飯店前路口,,金門縣金寧鄉金寶來飯店前路口,118.312619,24.440298,自用 小客車∕普通重型 機車∕,小客車自用∕機車普通重型∕,62∕26∕,未受傷∕受傷∕,6F****1代號2630∕27****F代號2631∕,其他∕其他∕,有適當之駕照∕有適當之駕照∕,經檢測無酒精反應∕經檢測無酒精反應∕,汽車左前車頭（身）∕機車前車頭∕,未依規定讓車∕未依規定減速∕,未依規定讓車∕未依規定讓車∕,民意代表、行政主管、企業主管及經理人員∕技術工∕,其他∕其他∕,本國∕本國∕
10305,10305Y00020023,YZA1,10305YZ000039,2014,5,12,13,46,金門縣,金城鎮,,NA,民生路,,,NA,,,,,,金門地方法院旁,NA,NA,NA,NA,NA,NA,NA,NA,NA,0,1,0,陰,日間自然光線,村里道路,40,直路,一般車道（未劃分快慢車道）,水泥,濕潤,無缺陷,無障礙物,良好,無號誌,無號誌,無標記,未繪設車道線,未繪設快慢車道分隔線,有,追撞,未保持行車安全距離,Y000,YZ00,1,2,2014/5/12,民生路,,金門縣金城鎮金門地方法院旁,118.3190184,24.43575,自用 小客車∕普通重型 機車∕,小客車自用∕機車普通重型∕,28∕61∕,未受傷∕受傷∕,19****N代號2632∕CB****1代號2633∕,其他∕其他∕,有適當之駕照∕有適當之駕照∕,經檢測無酒精反應∕經檢測無酒精反應∕,汽車前車頭∕機車後車尾∕,未保持行車安全距離∕尚未發現肇事因素∕,未保持行車安全距離∕未保持行車安全距離∕,其他∕其他∕,其他∕其他∕,本國∕本國∕
10305,10305Y00020024,YZA1,10305YZ000040,2014,5,13,10,5,金門縣,金城鎮,,NA,環島西路,二,,NA,,,,,,救國團前路段13168燈桿,NA,NA,NA,NA,NA,NA,NA,NA,NA,0,1,0,雨,日間自然光線,村里道路,50,直路,一般車道（未劃分快慢車道）,柏油,濕潤,無缺陷,無障礙物,良好,無號誌,無號誌,無標記,未繪設車道線,未繪設快慢車道分隔線,有,側撞,左轉彎未依規定,Y000,YZ00,1,2,2014/5/13,環島西路二段,,金門縣金城鎮救國團前路段13168燈桿,118.3148723,24.4566699,自用 小客車∕普通重型 機車∕,小客車自用∕機車普通重型∕,68∕28∕,未受傷∕受傷∕,01****X代號2634∕3J****0代號2635∕,其他∕其他∕,有適當之駕照∕有適當之駕照∕,經檢測無酒精反應∕經檢測無酒精反應∕,汽車左前車頭（身）∕機車前車頭∕,左轉彎未依規定∕未依規定減速∕,左轉彎未依規定∕左轉彎未依規定∕,其他∕其他∕,其他∕其他∕,本國∕本國∕
10305,10305Y00020022,YZA1,10305YZ000041,2014,5,12,11,0,金門縣,金寧鄉,,NA,伯玉路,二,,NA,,,,,,0176號燈桿前路段,NA,NA,NA,NA,NA,NA,NA,NA,NA,0,2,0,陰,日間自然光線,縣道,70,三岔路,交岔口附近,柏油,乾燥,突出（高低）不平,道路工事（程）中,良好,無號誌,無號誌,無標記,未繪設車道線,未繪設快慢車道分隔線,有,路上翻車、摔倒,未注意車前狀態,Y000,YZ00,1,2,2014/5/12,伯玉路二段,,金門縣金寧鄉0176號燈桿前路段,118.3416148,24.4414563,普通重型 機車∕ ∕乘客 人,機車普通重型乘客,20∕0∕20,受傷受傷,H2****0代號2636H2****0代號2636,其他其他,有適當之駕照非汽（機）車駕駛人,經檢測無酒精反應非駕駛人，未檢測,機車右側車身非汽（機）車,未注意車前狀態∕尚未發現肇事因素∕尚未發現肇事因素,未注意車前狀態∕未注意車前狀態∕未注意車前狀態,大學（研究）生大學（研究）生,其他其他,本國∕本國∕本國
10305,10305Y00030006,YZA1,10305YZ000044,2014,5,14,0,2,金門縣,金城鎮,東門里,NA,環島西路,一,,NA,,,,,,莒光橋頭,NA,NA,NA,NA,NA,NA,NA,NA,NA,0,0,0,暴雨,夜間（或隧道、地下道、涵洞）有照明,村里道路,50,三岔路,交岔口附近,柏油,濕潤,無缺陷,無障礙物,良好,無號誌,無號誌,附標記,未繪設車道線,未繪設快慢車道分隔線,有,撞護欄（樁）,酒醉（後）駕駛失控,Y000,YZ00,1,3,2014/5/14,環島西路一段,,金門縣金城鎮東門里莒光橋頭,118.3184801,24.4172073,自用 小客車∕ ∕,小客車自用,37∕0∕,未受傷,AB*****1代號2637,其他,有適當之駕照,經呼氣檢測超過0.80mg∕L或血液檢測超過0.16,汽車前車頭,酒醉（後）駕駛失控∕尚未發現肇事因素∕,酒醉（後）駕駛失控∕酒醉（後）駕駛失控∕,不明,不明,本國∕本國∕
10305,10305Y00020034,YZA1,10305YZ000045,2014,5,14,15,4,金門縣,金城鎮,,NA,,,,NA,,,,,,富康一村1巷1號前路口,NA,NA,NA,NA,NA,NA,NA,NA,NA,0,2,0,陰,日間自然光線,村里道路,40,四岔路,交岔路口內,水泥,乾燥,無缺陷,無障礙物,良好,無號誌,無號誌,無分向設施,未繪設車道線,未繪設快慢車道分隔線,無,側撞,未依規定讓車,Y000,YZ00,1,2,2014/5/14,金門縣金城鎮富康一村1巷1號前路口,,金門縣金城鎮富康一村1巷1號前路口,118.320257,24.437578,普通重型 機車∕普通重型 機車∕,機車普通重型∕機車普通重型∕,21∕30∕,受傷∕受傷∕,GR****3代號2638∕PZ****5代號2639∕,其他∕其他∕,有適當之駕照∕有適當之駕照∕,經檢測無酒精反應∕經檢測無酒精反應∕,機車左側車身∕機車前車頭∕,未依規定讓車∕未依規定減速∕,未依規定讓車∕未依規定讓車∕,大學（研究）生∕技術工∕,其他∕其他∕,本國∕本國∕
10305,10305Y00020025,YZA1,10305YZ000046,2014,5,14,15,38,金門縣,金城鎮,,NA,民生路,,,NA,2,,,,,,NA,NA,NA,NA,NA,NA,NA,NA,NA,0,1,0,陰,日間自然光線,鄉道,40,四岔路,交岔口附近,柏油,乾燥,無缺陷,無障礙物,良好,無號誌,無號誌,無標記,未繪設車道線,未繪設快慢車道分隔線,有,側撞,未保持行車安全距離,Y000,YZ00,1,2,2014/5/14,民生路2號,,金門縣金城鎮,118.3190184,24.43575,普通重型 機車∕自用 小客車∕,機車普通重型∕小客車自用∕,22∕31∕,受傷∕未受傷∕,28****V代號2640∕AF*****2代號2641∕,其他∕其他∕,有適當之駕照∕有適當之駕照∕,經檢測無酒精反應∕經檢測無酒精反應∕,機車右側車身∕汽車右側車身∕,未保持行車安全距離∕尚未發現肇事因素∕,未保持行車安全距離∕未保持行車安全距離∕,大學（研究）生∕技術工∕,其他∕其他∕,本國∕本國∕
10305,10305Y00020046,YZA1,10305YZ000048,2014,5,16,15,20,金門縣,金寧鄉,,NA,環島南路,二,,NA,,,桃園路,,,機場地下道出口,NA,NA,NA,NA,NA,NA,NA,NA,NA,0,1,0,晴,日間自然光線,村里道路,50,三岔路,交岔路口內,柏油,乾燥,無缺陷,無障礙物,良好,閃光號誌,正常,無分向設施,未繪設車道線,未繪設快慢車道分隔線,有,側撞,違反特定標誌（線）禁制,Y000,YZ00,1,2,2014/5/16,環島南路二段,桃園路,,118.361108,24.436696,普通重型 機車∕自用 小客車∕,機車普通重型∕小客車自用∕,52∕53∕,受傷∕未受傷∕,XJ****9代號2642∕ZR****3代號2643∕,其他∕其他∕,有適當之駕照∕有適當之駕照∕,經檢測無酒精反應∕經檢測無酒精反應∕,機車左側車身∕汽車右側車身∕,違反特定標誌（線）禁制∕未依規定減速∕,違反特定標誌（線）禁制∕違反特定標誌（線）禁制∕,其他∕其他∕,其他∕其他∕,本國∕本國∕
10305,,YZA1,10305YZ000049,2014,5,17,15,8,金門縣,金寧鄉,,NA,環島北路,二,,NA,,,,,,后盤山村路口,NA,NA,NA,NA,NA,NA,NA,NA,NA,0,0,0,晴,NA,NA,40,NA,NA,NA,NA,NA,NA,NA,NA,NA,NA,NA,NA,NA,NA,NA,Y000,YZ00,1,4,2014/5/17,環島北路二段,,金門縣金寧鄉后盤山村路口,118.3537405,24.452631,自用 小客車∕自用 小客車∕,小客車自用∕小客車自用∕,26∕32∕,,86****F代號2644∕19****V代號2645∕,,,,,,,,,本國∕本國∕
10305,10305Y00020053,YZA1,10305YZ000050,2014,5,17,12,37,金門縣,金城鎮,南門里,NA,民權路,,,NA,9,,民族路,,,,NA,NA,NA,NA,NA,NA,NA,NA,NA,0,1,0,晴,日間自然光線,鄉道,40,坡路,一般車道（未劃分快慢車道）,柏油,乾燥,無缺陷,無障礙物,坡道,無號誌,無號誌,附標記,未繪設車道線,未繪設快慢車道分隔線,有,倒車撞,倒車未依規定,Y000,YZ00,1,2,2014/5/17,民權路9號,民族路,,118.313674,24.4315222,自用 小客車∕普通重型 機車∕,小客車自用∕機車普通重型∕,37∕60∕,未受傷∕受傷∕,99****H代號2646∕53****D代號2647∕,其他∕其他∕,有適當之駕照∕無照（已達考照年齡）∕,經檢測無酒精反應∕經檢測無酒精反應∕,汽車左後車尾（身）∕機車右側車身∕,倒車未依規定∕未注意車前狀態∕,倒車未依規定∕倒車未依規定∕,不明∕不明∕,其他∕其他∕,本國∕本國∕
10305,,YZA1,10305YZ000051,2014,5,17,18,59,金門縣,金寧鄉,,NA,,,,NA,,,,,,埔後03286號燈桿附近路口,NA,NA,NA,NA,NA,NA,NA,NA,NA,0,0,0,晴,NA,NA,40,NA,NA,NA,NA,NA,NA,NA,NA,NA,NA,NA,NA,NA,NA,NA,Y000,YZ00,1,4,2014/5/17,金門縣金寧鄉埔後03286號燈桿附近路口,,金門縣金寧鄉埔後03286號燈桿附近路口,118.317029,24.442928,自用 小貨車(含客、貨兩用)∕普通重型 機車∕,小貨車自用∕機車普通重型∕,22∕36∕,,AA*****1代號2648∕79****G代號2649∕,,,,,,,,,本國∕本國∕
10305,10305Y00030008,YZA1,10305YZ000053,2014,5,13,10,5,金門縣,金寧鄉,,NA,林湖路,,,NA,,,,,,東洲地名石牌,NA,NA,NA,NA,NA,NA,NA,NA,NA,0,0,0,雨,日間自然光線,村里道路,40,三岔路,交岔口附近,柏油,濕潤,無缺陷,無障礙物,良好,無號誌,無號誌,無標記,未繪設車道線,未繪設快慢車道分隔線,有,追撞,未保持行車安全距離,Y000,YZ00,1,3,2014/5/13,林湖路,,金門縣金寧鄉東洲地名石牌,118.330303,24.4320985,普通重型 機車∕自用 小貨車(含客、貨兩用)∕,機車普通重型∕小貨車自用∕,20∕56∕,未受傷∕未受傷∕,00****W代號2650∕6F****9代號2651∕,其他∕其他∕,有適當之駕照∕有適當之駕照∕,經檢測無酒精反應∕經檢測無酒精反應∕,機車前車頭∕汽車右後車尾（身）∕,未保持行車安全距離∕尚未發現肇事因素∕,未保持行車安全距離∕未保持行車安全距離∕,大學（研究）生∕技術工∕,上、下學∕上、下班∕,本國∕本國∕
10305,10305Y00020028,YZA1,10305YZ000054,2014,5,18,13,15,金門縣,金寧鄉,,NA,環島北路,一,,NA,,,頂林路,,,路口,NA,NA,NA,NA,NA,NA,NA,NA,NA,0,1,0,雨,日間自然光線,村里道路,50,四岔路,交岔路口內,柏油,濕潤,無缺陷,無障礙物,良好,閃光號誌,正常,無分向設施,未繪設車道線,未繪設快慢車道分隔線,有,路口交岔撞,未依規定讓車,Y000,YZ00,1,2,2014/5/18,環島北路一段,頂林路,,118.337844,24.44973832,自用 小客車∕普通重型 機車∕,小客車自用∕機車普通重型∕,67∕55∕,未受傷∕受傷∕,H4****2代號2652∕71****E代號2653∕,其他∕其他∕,有適當之駕照∕有適當之駕照∕,經檢測無酒精反應∕經檢測無酒精反應∕,汽車右前車頭（身）∕機車右側車身∕,未依規定讓車∕未依規定減速∕,未依規定讓車∕未依規定讓車∕,其他∕其他∕,其他∕上、下班∕,本國∕本國∕
10305,10305Y00030007,YZA1,10305YZ000056,2014,5,18,9,52,金門縣,金城鎮,金水里,NA,西海路,一,,NA,,,,,,水頭村公所前,NA,NA,NA,NA,NA,NA,NA,NA,NA,0,0,0,暴雨,夜間（或隧道、地下道、涵洞）有照明,村里道路,40,直路,一般車道（未劃分快慢車道）,其他鋪裝,濕潤,無缺陷,無障礙物,良好,無號誌,無號誌,無分向設施,未繪設車道線,未繪設快慢車道分隔線,有,倒車撞,倒車未依規定,Y000,YZ00,1,3,2014/5/18,西海路一段,,金門縣金城鎮金水里水頭村公所前,118.2906709,24.4124946,遊覽車 大客車∕遊覽車 大客車∕,遊覽車∕遊覽車∕,41∕45∕,未受傷∕未受傷∕,53***R代號2654∕WW***0代號2655∕,其他∕其他∕,有適當之駕照∕有適當之駕照∕,經檢測無酒精反應∕經檢測無酒精反應∕,汽車右後車尾（身）∕汽車左前車頭（身）∕,倒車未依規定∕尚未發現肇事因素∕,倒車未依規定∕倒車未依規定∕,汽車、火車駕駛員及船員∕汽車、火車駕駛員及船員∕,運輸∕運輸∕,本國∕本國∕