年月,總編號,處理單位,處理編號,年,月,日,時,分,縣市,區,村里,鄰,街道,段,巷,弄,號,公尺處,街道.1,段.1,側,附近,道路,公里,公尺處.1,向,車道,平交道,公里.1,公尺處.2,附近.1,死,受傷,X2.30,天候,光線,道路類別,速限,道路型態,事故位置,路面鋪裝,路面狀態,路面缺陷,障礙物,視距,號誌種類,號誌動作,分向設施,快車道或一般車道間,快慢車道間,路面邊線,事故類型及型態,主要肇因,警局,分局,案件類別,事故類別,日期,道路1,道路2,概略位置,lon,lat,車種,當事者區分.類別.,年齡,受傷程度,車輛牌照號碼,車輛用途,駕駛資格情形,飲酒情形,車輛撞擊部位最初,肇事因素個別,肇事因素主要,職.業,旅次目的,國籍
10305,10305Y00020035,YZA1,10305YZ000058,2014,5,19,15,45,金門縣,金城鎮,,NA,民生路,,,NA,,,,,,縣政府前路口,NA,NA,NA,NA,NA,NA,NA,NA,NA,0,2,0,晴,日間自然光線,村里道路,40,三岔路,交岔路口內,柏油,乾燥,無缺陷,無障礙物,良好,無號誌,無號誌,無分向設施,未繪設車道線,未繪設快慢車道分隔線,有,側撞,未依規定讓車,Y000,YZ00,1,2,2014/5/19,民生路,,金門縣金城鎮縣政府前路口,118.3190184,24.43575,自用 小客車∕普通重型 機車∕乘客 人,小客車自用∕機車普通重型∕乘客,54∕19∕20,未受傷∕受傷∕受傷,WY****2代號2656∕05****Z代號2657∕05****Z代號2657,其他∕其他∕其他,有適當之駕照∕有適當之駕照∕非汽（機）車駕駛人,經檢測無酒精反應∕經檢測無酒精反應∕非駕駛人，未檢測,汽車右側車身∕機車前車頭∕不明,未依規定讓車∕未注意車前狀態∕尚未發現肇事因素,未依規定讓車∕未依規定讓車∕未依規定讓車,技術工∕大學（研究）生∕大學（研究）生,上、下班∕上、下學∕上、下學,本國∕本國∕本國
10305,10305Y00020029,YZA1,10305YZ000059,2014,5,19,11,42,金門縣,金城鎮,,NA,民生路,,,NA,7,,,,,,NA,NA,NA,NA,NA,NA,NA,NA,NA,0,1,0,晴,日間自然光線,鄉道,40,三岔路,交岔路口內,柏油,乾燥,無缺陷,無障礙物,良好,無號誌,無號誌,無標記,未繪設車道線,未繪設快慢車道分隔線,有,其他,起步未注意其他車（人）安全,Y000,YZ00,1,2,2014/5/19,民生路7號,,金門縣金城鎮,118.3190184,24.43575,普通輕型 機車∕普通重型 機車∕,機車普通輕型∕機車普通重型∕,49∕23∕,未受傷∕受傷∕,WZ****5代號2658∕HP****5代號2659∕,其他∕其他∕,有適當之駕照∕有適當之駕照∕,經檢測無酒精反應∕經檢測無酒精反應∕,機車左側車身∕機車前車頭∕,起步未注意其他車（人）安全∕未依規定減速∕,起步未注意其他車（人）安全∕起步未注意其他車（人）安全∕,家庭主婦（夫）∕大學（研究）生∕,其他∕其他∕,本國∕本國∕
10305,,YZA1,10305YZ000063,2014,5,19,12,29,金門縣,金城鎮,,NA,環島西路,一,,NA,,,北堤路,,,路口,NA,NA,NA,NA,NA,NA,NA,NA,NA,0,0,0,晴,NA,NA,40,NA,NA,NA,NA,NA,NA,NA,NA,NA,NA,NA,NA,NA,NA,NA,Y000,YZ00,1,4,2014/5/19,環島西路一段,北堤路,,118.3213944,24.42983234,自用 小客車∕自用 大貨車∕,小客車自用∕大貨車自用∕,51∕53∕,,AF*****8代號2660∕VV***8代號2661∕,,,,,,,,,本國∕本國∕
10305,10305Y00020036,YZA1,10305YZ000065,2014,5,22,13,17,金門縣,金城鎮,,NA,環島北路,一,,NA,88,旁路口,,,,,NA,NA,NA,NA,NA,NA,NA,NA,NA,0,1,0,雨,日間自然光線,鄉道,40,三岔路,交岔口附近,水泥,濕潤,無缺陷,無障礙物,良好,無號誌,無號誌,無分向設施,未繪設車道線,未繪設快慢車道分隔線,無,倒車撞,倒車未依規定,Y000,YZ00,1,2,2014/5/22,環島北路一段88號,,金門縣金城鎮,118.3283226,24.4462231,自用 小客車∕普通重型 機車∕,小客車自用∕機車普通重型∕,55∕22∕,未受傷∕受傷∕,6F****2代號2662∕PV****8代號2084∕,其他∕其他∕,有適當之駕照∕有適當之駕照∕,經檢測無酒精反應∕經檢測無酒精反應∕,汽車右後車尾（身）∕機車左側車身∕,倒車未依規定∕尚未發現肇事因素∕,倒車未依規定∕倒車未依規定∕,不明∕大學（研究）生∕,其他∕其他∕,本國∕本國∕
10305,10305Y00020037,YZA1,10305YZ000066,2014,5,23,5,48,金門縣,金寧鄉,,NA,伯玉路,二,,NA,,,,,,金民加油站前路段,NA,NA,NA,NA,NA,NA,NA,NA,NA,0,1,0,雨,晨或暮光,村里道路,70,直路,路肩、路緣,柏油,濕潤,無缺陷,無障礙物,良好,無號誌,無號誌,無標記,未繪設車道線,未繪設快慢車道分隔線,無,衝出路外,酒醉（後）駕駛失控,Y000,YZ00,NA,NA,2014/5/23,伯玉路二段,,金門縣金寧鄉金民加油站前路段,118.3416148,24.4414563,普通重型 機車∕ ∕,機車普通重型,23∕0∕,受傷,66****L代號2663,其他,有適當之駕照,經呼氣檢測超過0.80mg∕L或血液檢測超過0.16,機車前車頭,酒醉（後）駕駛失控∕尚未發現肇事因素∕,酒醉（後）駕駛失控∕酒醉（後）駕駛失控∕,大學（研究）生,其他,本國∕本國∕
10305,10305Y00020047,YZA1,10305YZ000067,2014,5,23,19,24,金門縣,金城鎮,,NA,民族路,,,NA,,,,,,260號前,NA,NA,NA,NA,NA,NA,NA,NA,NA,0,2,0,雨,晨或暮光,鄉道,40,彎曲路及附近,一般車道（未劃分快慢車道）,柏油,濕潤,無缺陷,無障礙物,彎道,無號誌,無號誌,附標記,未繪設車道線,未繪設快慢車道分隔線,有,側撞,未保持行車安全間隔,Y000,YZ00,1,2,2014/5/23,民族路,,金門縣金城鎮260號前,118.3157499,24.4302723,普通輕型 機車∕普通重型 機車∕乘客 人,機車普通輕型∕機車普通重型∕乘客,19∕38∕20,未受傷∕受傷∕受傷,89****B代號2664∕56****G代號2665∕89****B代號2664,其他∕其他∕其他,有適當之駕照∕有適當之駕照∕非汽（機）車駕駛人,經檢測無酒精反應∕經檢測無酒精反應∕非駕駛人，未檢測,機車前車頭∕機車左側車身∕非汽（機）車,未保持行車安全間隔∕尚未發現肇事因素∕尚未發現肇事因素,未保持行車安全間隔∕未保持行車安全間隔∕未保持行車安全間隔,不明∕不明∕不明,其他∕其他∕其他,非本國∕本國∕非本國
10305,10305Y00020038,YZA1,10305YZ000068,2014,5,24,12,11,金門縣,金寧鄉,,NA,,,,NA,,,,,,西堡寶靈殿前,NA,NA,NA,NA,NA,NA,NA,NA,NA,0,1,0,雨,日間自然光線,鄉道,40,四岔路,交岔路口內,柏油,濕潤,無缺陷,無障礙物,良好,無號誌,無號誌,無分向設施,未繪設車道線,未繪設快慢車道分隔線,無,路口交岔撞,起步未注意其他車（人）安全,Y000,YZ00,1,2,2014/5/24,金門縣金寧鄉西堡寶靈殿前,,金門縣金寧鄉西堡寶靈殿前,118.337063,24.46088,自用 小客車∕普通重型 機車∕,小客車自用∕機車普通重型∕,31∕25∕,未受傷∕受傷∕,03****V代號2666∕51****D代號2667∕,其他∕其他∕,有適當之駕照∕有適當之駕照∕,經檢測無酒精反應∕經檢測無酒精反應∕,汽車右前車頭（身）∕機車右側車身∕,起步未注意其他車（人）安全∕未依規定減速∕,起步未注意其他車（人）安全∕起步未注意其他車（人）安全∕,不明∕不明∕,不明∕不明∕,本國∕本國∕
10305,10305Y00020048,YZA1,10305YZ000069,2014,5,24,12,47,金門縣,金寧鄉,,NA,伯玉路,二,,NA,,,,,,中山林路段1042號燈桿附近,NA,NA,NA,NA,NA,NA,NA,NA,NA,0,1,0,雨,日間自然光線,村里道路,70,直路,一般車道（未劃分快慢車道）,柏油,泥濘,無缺陷,道路工事（程）中,良好,無號誌,無號誌,無分向設施,未繪設車道線,未繪設快慢車道分隔線,無,路上翻車、摔倒,未注意車前狀態,Y000,YZ00,1,2,2014/5/24,伯玉路二段,,金門縣金寧鄉中山林路段1042號燈桿附近,118.3416148,24.4414563,普通輕型 機車∕ ∕,機車普通輕型,26∕0∕,受傷,77****R代號2668,其他,有適當之駕照,經檢測無酒精反應,機車前車頭,未注意車前狀態∕尚未發現肇事因素∕,未注意車前狀態∕未注意車前狀態∕,其他,其他,本國∕本國∕
10305,,YZA1,10305YZ000070,2014,5,24,7,55,金門縣,金城鎮,,NA,西海路,二,,NA,,,,,,A010號燈桿前路段,NA,NA,NA,NA,NA,NA,NA,NA,NA,0,0,0,晴,日間自然光線,村里道路,50,四岔路,交岔口附近,柏油,乾燥,無缺陷,無障礙物,良好,行車管制號誌,正常,附標記,車道線（附標記）,未繪設快慢車道分隔線,有,對向擦撞,未注意車前狀態,Y000,YZ00,1,4,2014/5/24,西海路二段,,金門縣金城鎮A010號燈桿前路段,118.3041626,24.4144371,自用 小客車∕公營公車 大客車∕,小客車自用∕公營公車∕,23∕54∕,未受傷∕未受傷∕,07****V代號2669∕VU***6代號2670∕,其他∕其他∕,有適當之駕照∕有適當之駕照∕,經檢測無酒精反應∕經檢測無酒精反應∕,汽車左前車頭（身）∕汽車左側車身∕,未注意車前狀態∕尚未發現肇事因素∕,未注意車前狀態∕未注意車前狀態∕,其他∕汽車、火車駕駛員及船員∕,上、下班∕運輸∕,本國∕本國∕
10305,10305Y00020039,YZA1,10305YZ000071,2014,5,25,13,50,金門縣,金城鎮,,NA,民權路,,,NA,,,民生路,,,,NA,NA,NA,NA,NA,NA,NA,NA,NA,0,1,0,晴,日間自然光線,村里道路,50,四岔路,交岔路口內,柏油,乾燥,無缺陷,無障礙物,良好,行車管制號誌,正常,無分向設施,未繪設車道線,未繪設快慢車道分隔線,有,側撞,左轉彎未依規定,Y000,YZ00,1,2,2014/5/25,民權路,民生路,,118.318387,24.437086,普通輕型 機車∕普通重型 機車∕,機車普通輕型∕機車普通重型∕,54∕24∕,受傷∕未受傷∕,WZ****6代號2671∕NV****7代號2672∕,其他∕其他∕,越級駕駛∕有適當之駕照∕,經檢測無酒精反應∕經檢測無酒精反應∕,機車前車頭∕不明∕,左轉彎未依規定∕未注意車前狀態∕,左轉彎未依規定∕左轉彎未依規定∕,其他∕其他∕,其他∕其他∕,本國∕非本國∕
10305,10305Y00030010,YZA1,10305YZ000072,2014,5,26,7,30,金門縣,金城鎮,,NA,民權路,,70,6,21,,,,,路段,NA,NA,NA,NA,NA,NA,NA,NA,NA,0,0,0,晴,夜間（或隧道、地下道、涵洞）有照明,村里道路,40,直路,一般車道（未劃分快慢車道）,其他鋪裝,乾燥,無缺陷,無障礙物,良好,無號誌,無號誌,無分向設施,未繪設車道線,未繪設快慢車道分隔線,有,其他,其他引起事故之違規或不當行為,Y000,YZ00,1,3,2014/5/26,民權路70巷6弄21號,,金門縣金城鎮路段,118.3121837,24.4336941,自用 小貨車(含客、貨兩用)∕普通重型 機車∕乘客 人,小貨車自用∕機車普通重型∕乘客,30∕37∕11,未受傷∕未受傷∕未受傷,80****J代號2673∕02****T代號2674∕02****T代號2674,其他∕其他∕其他,有適當之駕照∕有適當之駕照∕非汽（機）車駕駛人,經檢測無酒精反應∕經檢測無酒精反應∕非駕駛人，未檢測,汽車前車頭∕機車前車頭∕非汽（機）車,其他引起事故之違規或不當行為∕尚未發現肇事因素∕尚未發現肇事因素,其他引起事故之違規或不當行為∕其他引起事故之違規或不當行為∕其他引起事故之違規或不當行為,不明∕不明∕不明,不明∕不明∕不明,本國∕本國∕本國
10305,10305Y00020049,YZA1,10305YZ000073,2014,5,27,8,15,金門縣,金城鎮,西門里,NA,民權路,,,NA,,,,,,中正國小側門,NA,NA,NA,NA,NA,NA,NA,NA,NA,0,1,0,晴,日間自然光線,鄉道,40,三岔路,交岔路口內,柏油,乾燥,無缺陷,無障礙物,良好,無號誌,無號誌,無分向設施,未繪設車道線,未繪設快慢車道分隔線,有,側撞,右轉彎未依規定,Y000,YZ00,1,2,2014/5/27,民權路,,金門縣金城鎮西門里中正國小側門,118.3168946,24.4355379,普通重型 機車∕普通重型 機車∕,機車普通重型∕機車普通重型∕,21∕60∕,未受傷∕受傷∕,AD*****6代號2675∕PZ****3代號2676∕,其他∕其他∕,有適當之駕照∕無照（已達考照年齡）∕,經檢測無酒精反應∕經檢測無酒精反應∕,機車後車尾∕機車前車頭∕,右轉彎未依規定∕未依規定減速∕,右轉彎未依規定∕右轉彎未依規定∕,大學（研究）生∕家庭主婦（夫）∕,上、下學∕購物∕,本國∕本國∕
10305,10305Y00020054,YZA1,10305YZ000074,2014,5,27,17,10,金門縣,金城鎮,,NA,民權路,,,NA,61,,,,,,NA,NA,NA,NA,NA,NA,NA,NA,NA,0,2,0,晴,日間自然光線,村里道路,50,三岔路,交岔路口內,柏油,乾燥,無缺陷,無障礙物,良好,無號誌,無號誌,無分向設施,未繪設車道線,未繪設快慢車道分隔線,有,追撞,未保持行車安全距離,Y000,YZ00,1,2,2014/5/27,民權路61號,,金門縣金城鎮,118.3140012,24.4324688,普通重型 機車∕普通重型 機車∕,機車普通重型∕機車普通重型∕,51∕20∕,受傷∕受傷∕,YL****0代號2677∕L7****6代號290∕,其他∕其他∕,有適當之駕照∕有適當之駕照∕,經檢測無酒精反應∕經檢測無酒精反應∕,機車前車頭∕機車左側車身∕,未保持行車安全距離∕尚未發現肇事因素∕,未保持行車安全距離∕未保持行車安全距離∕,技術工∕大學（研究）生∕,其他∕其他∕,本國∕本國∕
10305,10305Y00020051,YZA1,10305YZ000079,2014,5,30,20,59,金門縣,金城鎮,,NA,浯江路,,,NA,6,,,,,,NA,NA,NA,NA,NA,NA,NA,NA,NA,0,1,0,陰,夜間（或隧道、地下道、涵洞）有照明,村里道路,40,直路,一般車道（未劃分快慢車道）,柏油,乾燥,無缺陷,無障礙物,良好,無號誌,無號誌,無標記,未繪設車道線,未繪設快慢車道分隔線,有,路上翻車、摔倒,未注意車前狀態,Y000,YZ00,1,2,2014/5/30,浯江路6號,,金門縣金城鎮,118.3268081,24.4262292,腳踏自行車 慢車∕ ∕,腳踏自行車,64∕0∕,受傷,,其他,非汽（機）車駕駛人,非駕駛人，未檢測,非汽（機）車,未注意車前狀態∕尚未發現肇事因素∕,未注意車前狀態∕未注意車前狀態∕,無業者,社交活動,本國∕本國∕
10305,,YZA1,10305YZ000080,2014,5,31,8,35,金門縣,金城鎮,,NA,民權路,,,NA,31,,,,,,NA,NA,NA,NA,NA,NA,NA,NA,NA,0,0,0,雨,NA,NA,40,NA,NA,NA,NA,NA,NA,NA,NA,NA,NA,NA,NA,NA,NA,NA,Y000,YZ00,1,4,2014/5/31,民權路31號,,金門縣金城鎮,118.3137564,24.4318069,自用 小貨車(含客、貨兩用)∕自用 小客車∕,小貨車自用∕小客車自用∕,33∕43∕,,T8****2代號2678∕12****S代號2679∕,,,,,,,,,本國∕本國∕
10305,10305Y00030012,YZA1,10305YZ000081,2014,5,29,18,23,金門縣,金城鎮,,NA,中興路,,146,NA,29,,,,,,NA,NA,NA,NA,NA,NA,NA,NA,NA,0,0,0,陰,日間自然光線,村里道路,40,三岔路,交岔口附近,其他鋪裝,乾燥,無缺陷,無障礙物,良好,無號誌,無號誌,無分向設施,未繪設車道線,未繪設快慢車道分隔線,有,其他,未保持行車安全間隔,Y000,YZ00,1,3,2014/5/29,中興路146巷29號,,金門縣金城鎮,118.3198462,24.4331914,自用 小客車∕自用 小客車∕普通重型 機車,小客車自用∕小客車自用∕機車普通重型,86∕48∕21,未受傷∕未受傷∕未受傷,WY****3代號2680∕ZD****2代號2681∕NM****5代號2682,其他∕其他∕其他,有適當之駕照∕有適當之駕照∕有適當之駕照,經檢測無酒精反應∕經檢測無酒精反應∕經檢測無酒精反應,汽車左前車頭（身）∕汽車左側車身∕機車左側車身,未保持行車安全間隔∕尚未發現肇事因素∕尚未發現肇事因素,未保持行車安全間隔∕未保持行車安全間隔∕未保持行車安全間隔,無業者∕技術工∕大學（研究）生,其他∕購物∕購物,本國∕本國∕本國
10305,10305Y00020050,YZA1,10305YZ000082,2014,5,30,12,20,金門縣,金城鎮,西門里,NA,環島西路,二,3,NA,,,,,,13168燈桿,NA,NA,NA,NA,NA,NA,NA,NA,NA,0,2,0,晴,日間自然光線,鄉道,40,四岔路,交岔口附近,柏油,乾燥,無缺陷,無障礙物,良好,無號誌,無號誌,附標記,未繪設車道線,未繪設快慢車道分隔線,有,側撞,左轉彎未依規定,Y000,YZ00,1,2,2014/5/30,環島西路二段3巷,,金門縣金城鎮西門里13168燈桿,118.3148723,24.4566699,普通輕型 機車∕普通重型 機車∕,機車普通輕型∕機車普通重型∕,26∕21∕,受傷∕受傷∕,QU****6代號2683∕29****D代號2684∕,其他∕其他∕,有適當之駕照∕有適當之駕照∕,經檢測無酒精反應∕經檢測無酒精反應∕,機車左側車身∕機車前車頭∕,左轉彎未依規定∕未保持行車安全間隔∕,左轉彎未依規定∕左轉彎未依規定∕,事務工作者∕大學（研究）生∕,上、下班∕上、下學∕,本國∕本國∕
10305,10305Y00030013,YZA1,10305YZ000083,2014,5,30,17,19,金門縣,金城鎮,賢庵里,NA,延平路,,,NA,,,,,,后豐港石牌,NA,NA,NA,NA,NA,NA,NA,NA,NA,0,0,0,晴,日間自然光線,村里道路,50,四岔路,交岔路口內,柏油,乾燥,無缺陷,無障礙物,良好,無號誌,無號誌,無標記,禁止雙換車道線（無標記）,未繪設快慢車道分隔線,有,路口交岔撞,未依規定讓車,Y000,YZ00,1,3,2014/5/30,延平路,,金門縣金城鎮賢庵里后豐港石牌,118.304405,24.424809,自用 小客車∕自用 小客車∕,小客車自用∕小客車自用∕,19∕26∕,未受傷∕未受傷∕,9F****2代號2685∕AG*****2代號2686∕,其他∕其他∕,有適當之駕照∕有適當之駕照∕,經檢測無酒精反應∕經檢測無酒精反應∕,汽車前車頭∕汽車左側車身∕,未依規定讓車∕未依規定減速∕,未依規定讓車∕未依規定讓車∕,不明∕不明∕,不明∕不明∕,本國∕本國∕
10306,10306Y00020010,YYA1,10306YY000003,2014,6,1,15,15,金門縣,金湖鎮,新湖里,NA,市港路,,,NA,38,,,,,,NA,NA,NA,NA,NA,NA,NA,NA,NA,0,1,0,晴,日間自然光線,村里道路,50,直路,一般車道（未劃分快慢車道）,柏油,乾燥,無缺陷,無障礙物,良好,無號誌,無號誌,無標記,未繪設車道線,快慢車道分隔線,有,撞動物,動物竄出,Y000,YY00,1,2,2014/6/1,市港路38號,,金門縣金湖鎮新湖里,118.4099121,24.4348324, ∕普通重型 機車∕,∕機車普通重型∕,0∕24∕,∕受傷∕,∕XA****7代號2687∕,∕其他∕,∕有適當之駕照∕,∕不明∕,∕機車右側車身∕,動物竄出∕尚未發現肇事因素∕,動物竄出∕動物竄出∕,∕其他∕,∕其他∕,本國∕本國∕
10306,10306Y00020009,YYA1,10306YY000013,2014,6,7,8,2,金門縣,金湖鎮,,NA,環島北路,三,,NA,,,,,,瓊林圓環,NA,NA,NA,NA,NA,NA,NA,NA,NA,0,3,0,晴,日間自然光線,村里道路,60,圓環,環道匝道,柏油,乾燥,無缺陷,無障礙物,其他,閃光號誌,正常,無分向設施,車道線（附標記）,未繪設快慢車道分隔線,有,追撞,未保持行車安全距離,Y000,YY00,1,2,2014/6/7,環島北路三段,,金門縣金湖鎮瓊林圓環,118.388325,24.466263,普通重型 機車∕普通重型 機車∕乘客 人,機車普通重型∕機車普通重型∕乘客,22∕56∕58,受傷∕受傷∕受傷,97****T代號2688∕CN****8代號2689∕CN****8代號2689,其他∕其他∕其他,有適當之駕照∕駕照被吊（註）銷∕非汽（機）車駕駛人,經檢測無酒精反應∕經檢測無酒精反應∕非駕駛人，未檢測,機車右側車身∕機車左側車身∕非汽（機）車,未保持行車安全距離∕尚未發現肇事因素∕尚未發現肇事因素,未保持行車安全距離∕未保持行車安全距離∕未保持行車安全距離,保安工作者（不含警察人員）∕其他∕其他,其他∕其他∕其他,本國∕本國∕本國
10306,10306Y00020011,YYA1,10306YY000014,2014,6,7,21,7,金門縣,金湖鎮,,NA,市港路,,,NA,66,,,,,,NA,NA,NA,NA,NA,NA,NA,NA,NA,0,1,0,雨,夜間（或隧道、地下道、涵洞）有照明,村里道路,50,四岔路,交岔路口內,柏油,濕潤,無缺陷,無障礙物,良好,無號誌,無號誌,無分向設施,未繪設車道線,未繪設快慢車道分隔線,有,側撞,未依規定讓車,Y000,YY00,1,2,2014/6/7,市港路66號,,金門縣金湖鎮,118.4099121,24.4348324,自用 小貨車(含客、貨兩用)∕普通重型 機車∕,小貨車自用∕機車普通重型∕,29∕31∕,未受傷∕受傷∕,57****J代號2690∕PZ****5代號2691∕,其他∕其他∕,有適當之駕照∕有適當之駕照∕,經檢測無酒精反應∕經檢測無酒精反應∕,汽車右側車身∕機車前車頭∕,未依規定讓車∕未依規定減速∕,未依規定讓車∕未依規定讓車∕,售貨員∕售貨員∕,社交活動∕社交活動∕,本國∕本國∕
10306,10306Y00020012,YYA1,10306YY000015,2014,6,7,22,12,金門縣,金沙鎮,,NA,高陽路,,,NA,,,,,,立盛建材行石碑前路段,NA,NA,NA,NA,NA,NA,NA,NA,NA,0,1,0,晴,夜間（或隧道、地下道、涵洞）有照明,村里道路,60,直路,一般車道（未劃分快慢車道）,柏油,乾燥,無缺陷,無障礙物,良好,無號誌,無號誌,無標記,未繪設車道線,未繪設快慢車道分隔線,有,撞護欄（樁）,未注意車前狀態,Y000,YY00,1,2,2014/6/7,高陽路,,金門縣金沙鎮立盛建材行石碑前路段,118.4078483,24.4727311,自用 小客車∕ ∕,小客車自用,26∕0∕,受傷,6F****3代號108,其他,有適當之駕照,經檢測無酒精反應,汽車前車頭,未注意車前狀態∕尚未發現肇事因素∕,未注意車前狀態∕未注意車前狀態∕,事務工作者,其他,本國∕本國∕
10306,,YYA1,10306YY000016,2014,6,8,8,20,金門縣,金湖鎮,新市里,NA,太湖路,一,,NA,,,黃海路,,,新市圓環內,NA,NA,NA,NA,NA,NA,NA,NA,NA,0,0,0,雨,日間自然光線,村里道路,50,圓環,環道匝道,柏油,濕潤,無缺陷,無障礙物,良好,行車管制號誌（附設行人專用號誌）,正常,無標記,車道線（無標記）,未繪設快慢車道分隔線,有,其他,未依規定讓車,Y000,YY00,1,4,2014/6/8,太湖路一段,黃海路,,118.413177,24.44068908,自用 小客車∕計程車 小客車∕,小客車自用∕小客車計程車∕,60∕58∕,未受傷∕未受傷∕,XD****6代號2692∕18***5代號2693∕,其他∕其他∕,有適當之駕照∕有適當之駕照∕,經檢測無酒精反應∕經檢測無酒精反應∕,汽車左前車頭（身）∕汽車右前車頭（身）∕,未依規定讓車∕未注意車前狀態∕,未依規定讓車∕未依規定讓車∕,其他∕汽車、火車駕駛員及船員∕,其他∕其他∕,本國∕本國∕
10306,10306Y00020013,YYA1,10306YY000019,2014,6,8,10,15,金門縣,金湖鎮,新湖里,NA,環島南路,四,,NA,,,,,,168加油站前,NA,NA,NA,NA,NA,NA,NA,NA,NA,0,1,0,晴,日間自然光線,村里道路,50,彎曲路及附近,一般車道（未劃分快慢車道）,柏油,濕潤,無缺陷,無障礙物,良好,無號誌,無號誌,無標記,未繪設車道線,快慢車道分隔線,有,側撞,右轉彎未依規定,Y000,YY00,1,2,2014/6/8,環島南路四段,,金門縣金湖鎮新湖里168加油站前,118.40101,24.438041,自用 小客車∕普通重型 機車∕,小客車自用∕機車普通重型∕,66∕19∕,未受傷∕受傷∕,U6****9代號2694∕AD*****9代號2695∕,其他∕其他∕,有適當之駕照∕有適當之駕照∕,經檢測無酒精反應∕經檢測無酒精反應∕,不明∕機車左側車身∕,右轉彎未依規定∕未注意車前狀態∕,右轉彎未依規定∕右轉彎未依規定∕,其他∕其他∕,其他∕其他∕,本國∕本國∕
10306,,YYA1,10306YY000020,2014,6,7,8,40,金門縣,金湖鎮,,NA,環島南路,四,,NA,,,,,,湖前路口,NA,NA,NA,NA,NA,NA,NA,NA,NA,0,0,0,晴,NA,NA,60,NA,NA,NA,NA,NA,NA,NA,NA,NA,NA,NA,NA,NA,NA,NA,Y000,YY00,1,4,2014/6/7,環島南路四段,,金門縣金湖鎮湖前路口,118.40101,24.438041,自用 小客車∕自用 小客車∕自用 小貨車(含客、貨兩用),小客車自用∕小客車自用∕小貨車自用,24∕61∕51,,WY****7代號2696∕6F****6代號2697∕AA*****5代號2698,,,,,,,,,本國∕本國∕本國
10306,10306Y00020014,YYA1,10306YY000021,2014,6,9,15,14,金門縣,金湖鎮,,NA,伯玉路,三,,NA,,,,,,1091號路燈桿,NA,NA,NA,NA,NA,NA,NA,NA,NA,0,1,0,晴,日間自然光線,村里道路,60,直路,一般車道（未劃分快慢車道）,柏油,乾燥,突出（高低）不平,道路工事（程）中,良好,無號誌,無號誌,無標記,未繪設車道線,未繪設快慢車道分隔線,有,路上翻車、摔倒,未注意車前狀態,Y000,YY00,1,2,2014/6/9,伯玉路三段,,金門縣金湖鎮1091號路燈桿,118.3646755,24.4460136,普通重型 機車∕ ∕,機車普通重型,33∕0∕,受傷,00****X代號2699,其他,有適當之駕照,經檢測無酒精反應,機車左側車身,未注意車前狀態∕尚未發現肇事因素∕,未注意車前狀態∕未注意車前狀態∕,服務工作者,運輸,本國∕本國∕
10306,10306Y00020015,YYA1,10306YY000023,2014,6,10,13,20,金門縣,金湖鎮,新市里,NA,自強路,,,NA,,,,,,武德新莊12號前,NA,NA,NA,NA,NA,NA,NA,NA,NA,0,1,0,晴,日間自然光線,村里道路,40,直路,一般車道（未劃分快慢車道）,柏油,乾燥,無缺陷,路上有停車,良好,無號誌,無號誌,無分向設施,未繪設車道線,未繪設快慢車道分隔線,有,其他,未注意車前狀態,Y000,YY00,1,2,2014/6/10,自強路,,金門縣金湖鎮新市里武德新莊12號前,118.4150513,24.4401089,自用 小貨車(含客、貨兩用)∕行人 人∕,小貨車自用∕行人∕,27∕49∕,未受傷∕受傷∕,AA*****8代號2700,其他∕非駕駛人及乘客∕,有適當之駕照∕非汽（機）車駕駛人∕,經檢測無酒精反應∕經觀察未飲酒∕,汽車右側車身∕非汽（機）車∕,未注意車前狀態∕其他引起事故之疏失或行為∕,未注意車前狀態∕未注意車前狀態∕,服務工作者∕服務工作者∕,運輸∕業務聯繫∕,本國∕本國∕
10306,10306Y00020017,YYA1,10306YY000032,2014,6,13,8,35,金門縣,金湖鎮,瓊林里,NA,,,,NA,131,,,,,,NA,NA,NA,NA,NA,NA,NA,NA,NA,0,1,0,晴,日間自然光線,村里道路,40,三岔路,交岔路口內,柏油,乾燥,無缺陷,其他障礙物,建築物,無號誌,無號誌,無分向設施,未繪設車道線,未繪設快慢車道分隔線,無,側撞,未注意車前狀態,Y000,YY00,1,2,2014/6/13,金門縣金湖鎮瓊林里131,,金門縣金湖鎮瓊林里,118.3708477,24.4548683,自用 小客車∕普通輕型 機車∕,小客車自用∕機車普通輕型∕,49∕54∕,未受傷∕受傷∕,CW****7代號1210∕69****B代號2701∕,其他∕其他∕,有適當之駕照∕有適當之駕照∕,經觀察未飲酒∕經觀察未飲酒∕,汽車前車頭∕機車前車頭∕,未注意車前狀態∕未注意車前狀態∕,未注意車前狀態∕未注意車前狀態∕,服務工作者∕農林漁牧工作者∕,購物∕其他∕,本國∕本國∕