年月,總編號,處理單位,處理編號,年,月,日,時,分,縣市,區,村里,鄰,街道,段,巷,弄,號,公尺處,街道.1,段.1,側,附近,道路,公里,公尺處.1,向,車道,平交道,公里.1,公尺處.2,附近.1,死,受傷,X2.30,天候,光線,道路類別,速限,道路型態,事故位置,路面鋪裝,路面狀態,路面缺陷,障礙物,視距,號誌種類,號誌動作,分向設施,快車道或一般車道間,快慢車道間,路面邊線,事故類型及型態,主要肇因,警局,分局,案件類別,事故類別,日期,道路1,道路2,概略位置,lon,lat,車種,當事者區分.類別.,年齡,受傷程度,車輛牌照號碼,車輛用途,駕駛資格情形,飲酒情形,車輛撞擊部位最初,肇事因素個別,肇事因素主要,職.業,旅次目的,國籍
10306,10306Y00020006,YZA1,10306YZ000008,2014,6,5,12,36,金門縣,金城鎮,,NA,民權路,,,NA,98,,,,,,NA,NA,NA,NA,NA,NA,NA,NA,NA,0,3,0,晴,日間自然光線,村里道路,50,直路,一般車道（未劃分快慢車道）,柏油,乾燥,無缺陷,無障礙物,良好,無號誌,無號誌,無標記,未繪設車道線,快慢車道分隔線,有,側撞,左轉彎未依規定,Y000,YZ00,1,2,2014/6/5,民權路98號,,金門縣金城鎮,118.3161157,24.4347418,電動自行車 慢車∕普通重型 機車∕乘客 人,電動自行車∕機車普通重型∕乘客,78∕22∕22,受傷∕受傷∕受傷,∕26****T代號1893∕26****T代號1893,其他∕其他∕其他,非汽（機）車駕駛人∕有適當之駕照∕非汽（機）車駕駛人,經檢測無酒精反應∕經檢測無酒精反應∕非駕駛人，未檢測,非汽（機）車∕機車前車頭∕非汽（機）車,左轉彎未依規定∕未注意車前狀態∕尚未發現肇事因素,左轉彎未依規定∕左轉彎未依規定∕左轉彎未依規定,無業者∕大學（研究）生∕大學（研究）生,其他∕其他∕其他,本國∕本國∕本國
10306,10306Y00020007,YZA1,10306YZ000009,2014,6,5,13,18,金門縣,金城鎮,,NA,民族路,,,NA,31,,,,,旁路口,NA,NA,NA,NA,NA,NA,NA,NA,NA,0,1,0,晴,日間自然光線,村里道路,40,四岔路,交岔路口內,柏油,乾燥,無缺陷,無障礙物,良好,無號誌,無號誌,無分向設施,未繪設車道線,未繪設快慢車道分隔線,有,側撞,未依規定讓車,Y000,YZ00,1,2,2014/6/5,民族路31號,,金門縣金城鎮旁路口,118.3157499,24.4302723,自用 小客車∕普通重型 機車∕,小客車自用∕機車普通重型∕,31∕22∕,未受傷∕受傷∕,03****X代號2745∕07****W代號2746∕,其他∕其他∕,有適當之駕照∕有適當之駕照∕,經檢測無酒精反應∕經檢測無酒精反應∕,汽車前車頭∕機車前車頭∕,未依規定讓車∕未依規定減速∕,未依規定讓車∕未依規定讓車∕,事務工作者∕大學（研究）生∕,其他∕其他∕,本國∕本國∕
10306,,YZA1,10306YZ000010,2014,6,5,11,40,金門縣,金寧鄉,,NA,,,,NA,昔果山58,,,,,,NA,NA,NA,NA,NA,NA,NA,NA,NA,0,0,0,晴,日間自然光線,村里道路,40,直路,一般車道（未劃分快慢車道）,柏油,乾燥,無缺陷,無障礙物,良好,無號誌,無號誌,無分向設施,未繪設車道線,未繪設快慢車道分隔線,有,倒車撞,倒車未依規定,Y000,YZ00,1,4,2014/6/5,金門縣金寧鄉昔果山58號,,金門縣金寧鄉,118.350538,24.429045,公營公車 大客車∕自用 小貨車(含客、貨兩用)∕,公營公車∕小貨車自用∕,33∕51∕,未受傷∕未受傷∕,VU***1代號2747∕AA*****5代號2748∕,其他∕其他∕,有適當之駕照∕有適當之駕照∕,經檢測無酒精反應∕經觀察未飲酒∕,汽車左後車尾（身）∕汽車左後車尾（身）∕,倒車未依規定∕尚未發現肇事因素∕,倒車未依規定∕倒車未依規定∕,汽車、火車駕駛員及船員∕技術工∕,運輸∕業務聯繫∕,本國∕本國∕
10306,10306Y00020004,YZA1,10306YZ000011,2014,6,4,10,30,金門縣,金城鎮,,NA,民生路,,27,NA,5,,,,,,NA,NA,NA,NA,NA,NA,NA,NA,NA,0,1,0,晴,日間自然光線,鄉道,50,三岔路,交岔口附近,柏油,乾燥,無缺陷,無障礙物,良好,無號誌,無號誌,無標記,未繪設車道線,快慢車道分隔線,有,其他,開啟車門不當而肇事,Y000,YZ00,1,2,2014/6/4,民生路27巷5號,,金門縣金城鎮,118.3190184,24.43575,自用 小客車∕普通重型 機車∕,小客車自用∕機車普通重型∕,51∕19∕,未受傷∕受傷∕,RS****5代號2749∕16****C代號2750∕,其他∕其他∕,有適當之駕照∕有適當之駕照∕,無法檢測∕無法檢測∕,汽車左側車身∕機車前車頭∕,開啟車門不當而肇事∕尚未發現肇事因素∕,開啟車門不當而肇事∕開啟車門不當而肇事∕,售貨員∕售貨員∕,購物∕其他∕,本國∕本國∕
10306,10306Y00030005,YZA1,10306YZ000012,2014,6,6,10,35,金門縣,金城鎮,南門里,NA,民族路,,,NA,,,,,,體育館停車場出口,NA,NA,NA,NA,NA,NA,NA,NA,NA,0,0,0,晴,日間自然光線,村里道路,40,三岔路,交岔口附近,柏油,乾燥,無缺陷,無障礙物,良好,無號誌,無號誌,無分向設施,未繪設車道線,未繪設快慢車道分隔線,有,追撞,未保持行車安全距離,Y000,YZ00,1,3,2014/6/6,民族路,,金門縣金城鎮南門里體育館停車場出口,118.3157499,24.4302723,自用 小客車∕計程車 小客車∕,小客車自用∕小客車計程車∕,29∕55∕,未受傷∕未受傷∕,05****7代號2751∕15***5代號2752∕,其他∕其他∕,有適當之駕照∕有適當之駕照∕,經觀察未飲酒∕經觀察未飲酒∕,汽車左前車頭（身）∕汽車左後車尾（身）∕,未保持行車安全距離∕尚未發現肇事因素∕,未保持行車安全距離∕未保持行車安全距離∕,汽車、火車駕駛員及船員∕汽車、火車駕駛員及船員∕,購物∕運輸∕,本國∕本國∕
10306,10306Y00020021,YZA1,10306YZ000017,2014,6,7,10,55,金門縣,金寧鄉,,NA,,,,NA,,,,,,仁愛新村33號前路段,NA,NA,NA,NA,NA,NA,NA,NA,NA,0,1,0,雨,日間自然光線,鄉道,40,四岔路,交岔路口內,水泥,濕潤,無缺陷,無障礙物,良好,無號誌,無號誌,無分向設施,未繪設車道線,未繪設快慢車道分隔線,無,路口交岔撞,未依規定讓車,Y000,YZ00,1,2,2014/6/7,金門縣金寧鄉仁愛新村33號前路段,,金門縣金寧鄉仁愛新村33號前路段,118.3346958,24.4507473,自用 小貨車(含客、貨兩用)∕普通重型 機車∕,小貨車自用∕機車普通重型∕,55∕24∕,未受傷∕受傷∕,07****2代號2753∕69****A代號2754∕,其他∕其他∕,有適當之駕照∕有適當之駕照∕,經檢測無酒精反應∕經檢測無酒精反應∕,汽車右前車頭（身）∕機車前車頭∕,未依規定讓車∕未依規定減速∕,未依規定讓車∕未依規定讓車∕,其他∕其他∕,其他∕其他∕,本國∕本國∕
10306,10306Y00020061,YZA1,10306YZ000018,2014,6,5,21,3,金門縣,金寧鄉,盤山村,NA,大學路,,,NA,,,,,,07712號路燈桿旁路段,NA,NA,NA,NA,NA,NA,NA,NA,NA,0,1,0,陰,夜間（或隧道、地下道、涵洞）有照明,村里道路,40,彎曲路及附近,一般車道（未劃分快慢車道）,柏油,濕潤,無缺陷,無障礙物,彎道,無號誌,無號誌,附標記,未繪設車道線,未繪設快慢車道分隔線,有,衝出路外,酒醉（後）駕駛失控,Y000,YZ00,1,2,2014/6/5,大學路,,金門縣金寧鄉盤山村07712號路燈桿旁路段,118.325279,24.4466751,普通重型 機車∕ ∕,機車普通重型,55∕0∕,受傷,NM****8代號2755,其他,有適當之駕照,經呼氣檢測超過0.80mg∕L或血液檢測超過0.16,機車前車頭,酒醉（後）駕駛失控∕尚未發現肇事因素∕,酒醉（後）駕駛失控∕酒醉（後）駕駛失控∕,專業人員,其他,本國∕本國∕
10306,10306Y00020008,YZA1,10306YZ000022,2014,6,10,9,32,金門縣,金城鎮,,NA,西海路,三,,NA,,,北堤路,,,,NA,NA,NA,NA,NA,NA,NA,NA,NA,0,1,0,晴,日間自然光線,村里道路,40,四岔路,交岔路口內,柏油,乾燥,無缺陷,無障礙物,良好,行車管制號誌,正常,無分向設施,未繪設車道線,未繪設快慢車道分隔線,有,同向擦撞,違規超車,Y000,YZ00,1,2,2014/6/10,西海路三段,北堤路,,118.3155284,24.42927395,普通重型 機車∕自用 小貨車(含客、貨兩用)∕,機車普通重型∕小貨車自用∕,21∕22∕,受傷∕未受傷∕,08****Z代號2756∕08****X代號2757∕,其他∕其他∕,有適當之駕照∕有適當之駕照∕,經檢測無酒精反應∕經檢測無酒精反應∕,機車左側車身∕汽車右前車頭（身）∕,違規超車∕尚未發現肇事因素∕,違規超車∕違規超車∕,大學（研究）生∕服務工作者∕,其他∕業務聯繫∕,本國∕本國∕
10306,10306Y00020035,YZA1,10306YZ000024,2014,6,10,14,43,金門縣,金寧鄉,,NA,伯玉路,一,,NA,,,,,,龍門大鎮路口,NA,NA,NA,NA,NA,NA,NA,NA,NA,0,2,0,晴,日間自然光線,村里道路,60,四岔路,交岔路口內,柏油,乾燥,無缺陷,無障礙物,良好,無號誌,無號誌,無分向設施,未繪設車道線,未繪設快慢車道分隔線,無,路口交岔撞,酒醉（後）駕駛失控,Y000,YZ00,1,2,2014/6/10,伯玉路一段,,金門縣金寧鄉龍門大鎮路口,118.3267756,24.4346914,自用 小客車∕普通重型 機車∕乘客 人,小客車自用∕機車普通重型∕乘客,60∕32∕53,未受傷∕受傷∕受傷,6F****2代號2758∕60****C代號2759∕60****C代號2759,其他∕其他∕其他,有適當之駕照∕有適當之駕照∕非汽（機）車駕駛人,經呼氣檢測超過0.80mg∕L或血液檢測超過0.16∕經檢測無酒精反應∕非駕駛人，未檢測,汽車前車頭∕機車右側車身∕非汽（機）車,酒醉（後）駕駛失控∕未依規定減速∕其他引起事故之疏失或行為,酒醉（後）駕駛失控∕酒醉（後）駕駛失控∕酒醉（後）駕駛失控,其他∕其他∕其他,其他∕其他∕其他,本國∕本國∕本國
10306,10306Y00020022,YZA1,10306YZ000025,2014,6,10,15,25,金門縣,金城鎮,金水里,NA,西海路,二,,NA,,,珠水路,,,,NA,NA,NA,NA,NA,NA,NA,NA,NA,0,1,0,晴,日間自然光線,鄉道,50,四岔路,交岔路口內,柏油,乾燥,無缺陷,無障礙物,良好,閃光號誌,正常,無分向設施,未繪設車道線,未繪設快慢車道分隔線,有,其他,裝載未盡安全措施,Y000,YZ00,1,2,2014/6/10,西海路二段,珠水路,,118.2998287,24.41079517,營業用 小貨車(含客、貨兩用)∕普通重型 機車∕,小貨車營業用∕機車普通重型∕,34∕31∕,未受傷∕受傷∕,02***R代號1636∕63****G代號2760∕,其他∕其他∕,有適當之駕照∕有適當之駕照∕,經檢測無酒精反應∕經檢測無酒精反應∕,不明∕機車右側車身∕,裝載未盡安全措施∕尚未發現肇事因素∕,裝載未盡安全措施∕裝載未盡安全措施∕,技術工∕技術員及助理人員∕,運輸∕業務聯繫∕,本國∕本國∕
10306,,YZA1,10306YZ000026,2014,6,10,18,20,金門縣,金城鎮,,NA,民生路,,,NA,50,,,,,,NA,NA,NA,NA,NA,NA,NA,NA,NA,0,0,0,晴,NA,NA,50,NA,NA,NA,NA,NA,NA,NA,NA,NA,NA,NA,NA,NA,NA,NA,Y000,YZ00,1,4,2014/6/10,民生路50號,,金門縣金城鎮,118.3190184,24.43575,自用 小客車∕自用 小客車∕,小客車自用∕小客車自用∕,29∕59∕,,26****S代號2761∕6F****7代號2762∕,,,,,,,,,本國∕本國∕
10306,10306Y00020023,YZA1,10306YZ000027,2014,6,10,15,33,金門縣,金城鎮,,NA,,,,NA,,,,,,金城新莊7巷11號前十字路口,NA,NA,NA,NA,NA,NA,NA,NA,NA,0,1,0,晴,日間自然光線,村里道路,40,四岔路,交岔路口內,其他鋪裝,乾燥,無缺陷,無障礙物,良好,無號誌,無號誌,無分向設施,未繪設車道線,未繪設快慢車道分隔線,無,路口交岔撞,未依規定讓車,Y000,YZ00,1,2,2014/6/10,金門縣金城鎮金城新莊7巷11號前十字路口,,金門縣金城鎮金城新莊7巷11號前十字路口,118.319856,24.437936,普通重型 機車∕自用 小客車∕,機車普通重型∕小客車自用∕,27∕36∕,受傷∕未受傷∕,23****K代號2763∕03****2代號2764∕,其他∕其他∕,有適當之駕照∕有適當之駕照∕,經檢測無酒精反應∕經檢測無酒精反應∕,機車前車頭∕汽車右側車身∕,未依規定讓車∕未依規定減速∕,未依規定讓車∕未依規定讓車∕,其他∕其他∕,其他∕其他∕,本國∕本國∕
10306,10306Y00020024,YZA1,10306YZ000028,2014,6,11,9,14,金門縣,金城鎮,,NA,民生路,,,NA,2,,,,,,NA,NA,NA,NA,NA,NA,NA,NA,NA,0,1,0,晴,日間自然光線,村里道路,50,四岔路,交岔路口內,柏油,乾燥,無缺陷,無障礙物,良好,無號誌,無號誌,無分向設施,未繪設車道線,未繪設快慢車道分隔線,有,側撞,未依規定讓車,Y000,YZ00,1,2,2014/6/11,民生路2號,,金門縣金城鎮,118.3190184,24.43575,普通重型 機車∕普通重型 機車∕,機車普通重型∕機車普通重型∕,55∕22∕,受傷∕未受傷∕,18****B代號2765∕07****T代號2766∕,其他∕其他∕,有適當之駕照∕有適當之駕照∕,經檢測無酒精反應∕經檢測無酒精反應∕,機車左側車身∕機車前車頭∕,未依規定讓車∕未依規定減速∕,未依規定讓車∕未依規定讓車∕,服務工作者∕保安工作者（不含警察人員）∕,其他∕其他∕,本國∕本國∕
10306,10306Y00020026,YZA1,10306YZ000029,2014,6,12,14,9,金門縣,金城鎮,,NA,珠浦南路,,44,NA,2,,,,,巷弄,NA,NA,NA,NA,NA,NA,NA,NA,NA,0,2,0,晴,日間自然光線,村里道路,40,四岔路,交岔路口內,其他鋪裝,乾燥,無缺陷,其他障礙物,建築物,無號誌,無號誌,無分向設施,未繪設車道線,未繪設快慢車道分隔線,無,路口交岔撞,未依規定讓車,Y000,YZ00,1,2,2014/6/12,珠浦南路44巷2號,,金門縣金城鎮巷弄,118.3153418,24.4319762,普通重型 機車∕普通重型 機車∕乘客 人,機車普通重型∕機車普通重型∕乘客,64∕39∕54,未受傷∕受傷∕受傷,78****G代號2767∕61****V代號2768∕78****G代號2767,其他∕其他∕其他,有適當之駕照∕有適當之駕照∕非汽（機）車駕駛人,經檢測無酒精反應∕經檢測無酒精反應∕不明,機車前車頭∕機車右側車身∕不明,未依規定讓車∕未依規定減速∕尚未發現肇事因素,未依規定讓車∕未依規定讓車∕未依規定讓車,其他∕其他∕不明,其他∕其他∕不明,本國∕本國∕本國
10306,,YZA1,10306YZ000030,2014,6,12,19,35,金門縣,金城鎮,,NA,伯玉路,一,,NA,,,,,,東門圓環,NA,NA,NA,NA,NA,NA,NA,NA,NA,0,0,0,晴,NA,NA,40,NA,NA,NA,NA,NA,NA,NA,NA,NA,NA,NA,NA,NA,NA,NA,Y000,YZ00,1,4,2014/6/12,伯玉路一段,,金門縣金城鎮東門圓環,118.3267756,24.4346914,自用 小客車∕自用 小客車∕,小客車自用∕小客車自用∕,28∕44∕,,AA*****2代號2769∕WY****2代號2770∕,,,,,,,,,本國∕本國∕
10306,10306Y00020027,YZA1,10306YZ000031,2014,6,12,17,43,金門縣,金城鎮,,NA,伯玉路,一,,NA,,,,,,東門圓環,NA,NA,NA,NA,NA,NA,NA,NA,NA,0,1,0,晴,日間自然光線,村里道路,40,圓環,一般車道（未劃分快慢車道）,柏油,乾燥,無缺陷,無障礙物,良好,無號誌,無號誌,無分向設施,車道線（無標記）,未繪設快慢車道分隔線,有,其他,未依規定讓車,Y000,YZ00,1,2,2014/6/12,伯玉路一段,,金門縣金城鎮東門圓環,118.3267756,24.4346914,自用 小客車∕普通重型 機車∕,小客車自用∕機車普通重型∕,35∕24∕,未受傷∕受傷∕,06****V代號2771∕79****W代號2772∕,其他∕其他∕,有適當之駕照∕有適當之駕照∕,經檢測無酒精反應∕經檢測無酒精反應∕,汽車左前車頭（身）∕機車右側車身∕,未依規定讓車∕未注意車前狀態∕,未依規定讓車∕未依規定讓車∕,其他∕其他∕,其他∕其他∕,本國∕本國∕
10306,10306Y00020028,YZA1,10306YZ000035,2014,6,14,11,6,金門縣,金城鎮,,NA,民生路,,,NA,,,中興路,,,,NA,NA,NA,NA,NA,NA,NA,NA,NA,0,1,0,晴,日間自然光線,鄉道,50,四岔路,交岔路口內,柏油,乾燥,無缺陷,無障礙物,良好,無號誌,無號誌,無分向設施,未繪設車道線,快慢車道分隔線,有,側撞,右轉彎未依規定,Y000,YZ00,1,2,2014/6/14,民生路,中興路,,118.319696,24.43433386,自用 小客車∕普通重型 機車∕,小客車自用∕機車普通重型∕,35∕65∕,未受傷∕受傷∕,09****B代號2773∕65****D代號2774∕,其他∕其他∕,有適當之駕照∕有適當之駕照∕,經檢測無酒精反應∕經檢測無酒精反應∕,汽車右後車尾（身）∕機車前車頭∕,右轉彎未依規定∕未注意車前狀態∕,右轉彎未依規定∕右轉彎未依規定∕,其他∕民意代表、行政主管、企業主管及經理人員∕,其他∕其他∕,本國∕本國∕
10306,10306Y00020025,YZA1,10306YZ000036,2014,6,12,9,7,金門縣,金寧鄉,,NA,,,,NA,,,,,,金門大學校區內711超商前路口,NA,NA,NA,NA,NA,NA,NA,NA,NA,0,1,0,晴,日間自然光線,其他,40,四岔路,交岔口附近,水泥,乾燥,無缺陷,無障礙物,良好,無號誌,無號誌,無標記,未繪設車道線,未繪設快慢車道分隔線,有,其他,起步未注意其他車（人）安全,Y000,YZ00,1,2,2014/6/12,金門縣金寧鄉金門大學校區內711超商前路口,,金門縣金寧鄉金門大學校區內711超商前路口,118.322848,24.447907,普通重型 機車∕普通重型 機車∕,機車普通重型∕機車普通重型∕,19∕20∕,受傷∕未受傷∕,53****Z代號2775∕83****Z代號2776∕,其他∕其他∕,有適當之駕照∕有適當之駕照∕,經檢測無酒精反應∕經檢測無酒精反應∕,機車左側車身∕機車右側車身∕,起步未注意其他車（人）安全∕未注意車前狀態∕,起步未注意其他車（人）安全∕起步未注意其他車（人）安全∕,大學（研究）生∕非技術工及體力工∕,其他∕上、下班∕,本國∕本國∕
10306,10306Y00020065,YZA1,10306YZ000038,2014,6,17,13,20,金門縣,金城鎮,,NA,民權路,,,NA,,,光前路,,,,NA,NA,NA,NA,NA,NA,NA,NA,NA,0,1,0,晴,日間自然光線,鄉道,50,四岔路,交岔口附近,柏油,油滑,無缺陷,無障礙物,良好,行車管制號誌,正常,無標記,未繪設車道線,未繪設快慢車道分隔線,有,路上翻車、摔倒,未注意車前狀態,Y000,YZ00,1,2,2014/6/17,民權路,光前路,,118.3154588,24.43343543,普通重型 機車∕ ∕,機車普通重型,42∕0∕,受傷,06****V代號2777,其他,有適當之駕照,經檢測無酒精反應,機車左側車身,未注意車前狀態∕尚未發現肇事因素∕,未注意車前狀態∕未注意車前狀態∕,事務工作者,上、下班,本國∕本國∕
10306,10306Y00020030,YZA1,10306YZ000042,2014,6,17,20,40,金門縣,金城鎮,,NA,民權路,,,NA,,,環島北路,一,,,NA,NA,NA,NA,NA,NA,NA,NA,NA,0,1,0,晴,夜間（或隧道、地下道、涵洞）有照明,村里道路,40,三岔路,交岔路口內,柏油,乾燥,無缺陷,無障礙物,良好,行車管制號誌,正常,無分向設施,未繪設車道線,未繪設快慢車道分隔線,有,側撞,未依規定讓車,Y000,YZ00,1,2,2014/6/17,民權路,環島北路一段,,118.321074,24.439927,普通重型 機車∕自用 小客車∕,機車普通重型∕小客車自用∕,24∕49∕,受傷∕未受傷∕,28****X代號2778∕6F****7代號2779∕,其他∕其他∕,有適當之駕照∕有適當之駕照∕,經檢測無酒精反應∕經檢測無酒精反應∕,機車前車頭∕汽車左前車頭（身）∕,未依規定讓車∕未注意車前狀態∕,未依規定讓車∕未依規定讓車∕,大學（研究）生∕其他∕,上、下學∕其他∕,本國∕本國∕
10306,10306Y00020031,YZA1,10306YZ000043,2014,6,18,6,51,金門縣,金城鎮,,NA,民生路,,,NA,6,,,,,農會土地銀行前,NA,NA,NA,NA,NA,NA,NA,NA,NA,0,1,0,晴,日間自然光線,縣道,50,三岔路,路肩、路緣,柏油,濕潤,無缺陷,無障礙物,良好,無號誌,無號誌,無標記,車道線（無標記）,未繪設快慢車道分隔線,有,其他,未注意車前狀態,Y000,YZ00,1,2,2014/6/18,民生路6號,,金門縣金城鎮農會土地銀行前,118.3190184,24.43575,自用 小客車∕自用 小貨車(含客、貨兩用)∕,小客車自用∕小貨車自用∕,29∕41∕,受傷∕未受傷∕,09****2代號2780∕10****Y代號2781∕,其他∕其他∕,有適當之駕照∕有適當之駕照∕,經檢測無酒精反應∕經檢測無酒精反應∕,汽車右前車頭（身）∕汽車左後車尾（身）∕,未注意車前狀態∕違規停車或暫停不當而肇事∕,未注意車前狀態∕未注意車前狀態∕,其他∕其他∕,其他∕其他∕,本國∕本國∕
10306,10306Y00020036,YZA1,10306YZ000044,2014,6,10,15,3,金門縣,金寧鄉,,NA,伯玉路,三,,NA,,,,,,1072號燈桿前路段,NA,NA,NA,NA,NA,NA,NA,NA,NA,0,1,0,晴,日間自然光線,村里道路,70,直路,一般車道（未劃分快慢車道）,無鋪裝,乾燥,突出（高低）不平,其他障礙物,良好,無號誌,無號誌,無分向設施,未繪設車道線,未繪設快慢車道分隔線,有,路上翻車、摔倒,未注意車前狀態,Y000,YZ00,1,2,2014/6/10,伯玉路三段,,金門縣金寧鄉1072號燈桿前路段,118.3646755,24.4460136,普通重型 機車∕ ∕,機車普通重型,30∕0∕,受傷,33****D代號2782,其他,有適當之駕照,經檢測無酒精反應,機車右側車身,未注意車前狀態∕其他交通管制不當∕,未注意車前狀態∕未注意車前狀態∕,其他,其他,本國∕本國∕
10306,10306Y00020032,YZA1,10306YZ000045,2014,6,18,16,30,金門縣,金城鎮,,NA,民權路,,,NA,,,,,,摩斯漢堡對面靠近金城新莊03103路燈桿前,NA,NA,NA,NA,NA,NA,NA,NA,NA,0,2,0,晴,日間自然光線,縣道,50,直路,一般車道（未劃分快慢車道）,柏油,乾燥,無缺陷,無障礙物,良好,無號誌,無號誌,無標記,未繪設車道線,未繪設快慢車道分隔線,有,追撞,未保持行車安全距離,Y000,YZ00,1,2,2014/6/18,民權路,,金門縣金城鎮摩斯漢堡對面靠近金城新莊03103路燈桿前,118.3168946,24.4355379,自用 小貨車(含客、貨兩用)∕普通重型 機車∕乘客 人,小貨車自用∕機車普通重型∕乘客,48∕22∕13,未受傷∕受傷∕受傷,21****S代號2783∕61****K代號2784∕61****K代號2784,其他∕其他∕其他,有適當之駕照∕有適當之駕照∕非汽（機）車駕駛人,經檢測無酒精反應∕經檢測無酒精反應∕非駕駛人，未檢測,汽車右前車頭（身）∕機車左側車身∕非汽（機）車,未保持行車安全距離∕尚未發現肇事因素∕尚未發現肇事因素,未保持行車安全距離∕未保持行車安全距離∕未保持行車安全距離,其他∕其他∕其他,其他∕其他∕其他,本國∕本國∕本國
10306,10306Y00020033,YZA1,10306YZ000046,2014,6,20,2,42,金門縣,金城鎮,,NA,民生路,,,NA,60,,,,,,NA,NA,NA,NA,NA,NA,NA,NA,NA,0,1,0,晴,夜間（或隧道、地下道、涵洞）有照明,村里道路,50,直路,路肩、路緣,柏油,乾燥,無缺陷,無障礙物,良好,無號誌,無號誌,無標記,未繪設車道線,快慢車道分隔線,有,衝出路外,酒醉（後）駕駛失控,Y000,YZ00,1,2,2014/6/20,民生路60號,,金門縣金城鎮,118.3190184,24.43575,自用 小客車∕ ∕,小客車自用,29∕0∕,受傷,AC*****0代號2785,其他,有適當之駕照,經呼氣檢測超過0.80mg∕L或血液檢測超過0.16,汽車左前車頭（身）,酒醉（後）駕駛失控∕尚未發現肇事因素∕,酒醉（後）駕駛失控∕酒醉（後）駕駛失控∕,服務工作者,其他,本國∕本國∕
10306,10306Y00020037,YZA1,10306YZ000048,2014,6,20,8,17,金門縣,金寧鄉,,NA,伯玉路,一,,NA,,,,,,產業道路,NA,NA,NA,NA,NA,NA,NA,NA,NA,0,1,0,晴,日間自然光線,村里道路,40,四岔路,交岔路口內,水泥,乾燥,無缺陷,無障礙物,良好,無號誌,無號誌,無分向設施,未繪設車道線,未繪設快慢車道分隔線,無,路口交岔撞,未依規定讓車,Y000,YZ00,1,2,2014/6/20,伯玉路一段,,金門縣金寧鄉產業道路,118.3267756,24.4346914,普通重型 機車∕自用 小貨車(含客、貨兩用)∕,機車普通重型∕小貨車自用∕,19∕67∕,受傷∕未受傷∕,85****E代號541∕10****S代號2786∕,其他∕其他∕,有適當之駕照∕有適當之駕照∕,經檢測無酒精反應∕經檢測無酒精反應∕,機車前車頭∕汽車右側車身∕,未依規定讓車∕未依規定減速∕,未依規定讓車∕未依規定讓車∕,服務工作者∕技術工∕,上、下班∕業務聯繫∕,本國∕本國∕
10306,10306Y00020034,YZA1,10306YZ000049,2014,6,20,16,21,金門縣,金城鎮,,NA,民權路,,,NA,,,莒光路,,,,NA,NA,NA,NA,NA,NA,NA,NA,NA,0,2,0,晴,日間自然光線,鄉道,50,三岔路,交岔路口內,柏油,乾燥,無缺陷,無障礙物,良好,無號誌,無號誌,無分向設施,未繪設車道線,未繪設快慢車道分隔線,無,側撞,未依規定讓車,Y000,YZ00,1,2,2014/6/20,民權路,莒光路,,118.3156202,24.43419458,自用 小客車∕普通重型 機車∕乘客 人,小客車自用∕機車普通重型∕乘客,26∕19∕20,未受傷∕受傷∕受傷,6F****5代號2787∕GD****0代號2788∕GD****0代號2788,其他∕其他∕其他,有適當之駕照∕有適當之駕照∕非汽（機）車駕駛人,經檢測無酒精反應∕經檢測無酒精反應∕非駕駛人，未檢測,汽車左後車尾（身）∕機車前車頭∕非汽（機）車,未依規定讓車∕未依規定減速∕尚未發現肇事因素,未依規定讓車∕未依規定讓車∕未依規定讓車,其他∕其他∕其他,其他∕其他∕其他,本國∕本國∕本國
10306,10306Y00020038,YZA1,10306YZ000051,2014,6,21,12,47,金門縣,金城鎮,,NA,中興路,,,NA,,,,,,寶貝園地旁邊,NA,NA,NA,NA,NA,NA,NA,NA,NA,0,1,0,晴,日間自然光線,鄉道,40,三岔路,交岔路口內,柏油,乾燥,無缺陷,無障礙物,良好,無號誌,無號誌,無分向設施,未繪設車道線,未繪設快慢車道分隔線,無,側撞,左轉彎未依規定,Y000,YZ00,1,2,2014/6/21,中興路,,金門縣金城鎮寶貝園地旁邊,118.3187271,24.4338194,自用 小客車∕普通輕型 機車∕,小客車自用∕機車普通輕型∕,52∕67∕,未受傷∕受傷∕,HF****3代號2789∕WZ****9代號2790∕,其他∕其他∕,有適當之駕照∕有適當之駕照∕,經檢測無酒精反應∕經檢測無酒精反應∕,汽車左前車頭（身）∕機車右側車身∕,左轉彎未依規定∕未依規定減速∕,左轉彎未依規定∕左轉彎未依規定∕,其他∕其他∕,其他∕其他∕,本國∕本國∕
10306,10306Y00020047,YZA1,10306YZ000053,2014,6,23,14,55,金門縣,金城鎮,,NA,民權路,,226,4,,,,,,,NA,NA,NA,NA,NA,NA,NA,NA,NA,0,2,0,晴,日間自然光線,村里道路,50,三岔路,交岔路口內,柏油,乾燥,無缺陷,無障礙物,良好,無號誌,無號誌,無分向設施,未繪設車道線,未繪設快慢車道分隔線,有,其他,未依規定讓車,Y000,YZ00,1,2,2014/6/23,民權路226巷4弄,,金門縣金城鎮,118.3193849,24.4396401,普通重型 機車∕普通重型 機車∕乘客 人,機車普通重型∕機車普通重型∕乘客,19∕22∕19,受傷∕受傷∕未受傷,28****Y代號2791∕71****U代號874∕28****Y代號2791,其他∕其他∕其他,有適當之駕照∕有適當之駕照∕非汽（機）車駕駛人,經檢測無酒精反應∕經檢測無酒精反應∕非駕駛人，未檢測,機車前車頭∕機車前車頭∕非汽（機）車,未依規定讓車∕未依規定減速∕尚未發現肇事因素,未依規定讓車∕未依規定讓車∕未依規定讓車,大學（研究）生∕大學（研究）生∕大學（研究）生,其他∕其他∕其他,本國∕本國∕本國