年月,總編號,處理單位,處理編號,年,月,日,時,分,縣市,區,村里,鄰,街道,段,巷,弄,號,公尺處,街道.1,段.1,側,附近,道路,公里,公尺處.1,向,車道,平交道,公里.1,公尺處.2,附近.1,死,受傷,X2.30,天候,光線,道路類別,速限,道路型態,事故位置,路面鋪裝,路面狀態,路面缺陷,障礙物,視距,號誌種類,號誌動作,分向設施,快車道或一般車道間,快慢車道間,路面邊線,事故類型及型態,主要肇因,警局,分局,案件類別,事故類別,日期,道路1,道路2,概略位置,lon,lat,車種,當事者區分.類別.,年齡,受傷程度,車輛牌照號碼,車輛用途,駕駛資格情形,飲酒情形,車輛撞擊部位最初,肇事因素個別,肇事因素主要,職.業,旅次目的,國籍
10306,10306Y00020039,YZA1,10306YZ000057,2014,6,24,12,25,金門縣,金寧鄉,,NA,環島北路,二,,NA,,,,,,0054號燈桿前路段,NA,NA,NA,NA,NA,NA,NA,NA,NA,0,1,0,陰,日間自然光線,村里道路,60,直路,一般車道（未劃分快慢車道）,柏油,濕潤,突出（高低）不平,其他障礙物,良好,無號誌,無號誌,無標記,未繪設車道線,未繪設快慢車道分隔線,無,路上翻車、摔倒,未注意車前狀態,Y000,YZ00,1,2,2014/6/24,環島北路二段,,金門縣金寧鄉0054號燈桿前路段,118.3537405,24.452631,普通重型 機車∕ ∕,機車普通重型,22∕0∕,受傷,M7****6代號2792,其他,有適當之駕照,經檢測無酒精反應,機車前車頭,未注意車前狀態∕其他交通管制不當∕,未注意車前狀態∕未注意車前狀態∕,大學（研究）生,其他,本國∕本國∕
10306,10306Y00020040,YZA1,10306YZ000058,2014,6,24,13,15,金門縣,金寧鄉,,NA,環島北路,二,,NA,,,,,,0053號路燈桿前路段,NA,NA,NA,NA,NA,NA,NA,NA,NA,0,1,0,陰,日間自然光線,村里道路,60,直路,一般車道（未劃分快慢車道）,柏油,乾燥,有坑洞,道路工事（程）中,良好,無號誌,無號誌,無標記,未繪設車道線,未繪設快慢車道分隔線,有,路上翻車、摔倒,未注意車前狀態,Y000,YZ00,1,2,2014/6/24,環島北路二段,,金門縣金寧鄉0053號路燈桿前路段,118.3537405,24.452631,普通重型 機車∕ ∕,機車普通重型,26∕0∕,受傷,66****J代號2793,其他,有適當之駕照,經檢測無酒精反應,機車前車頭,未注意車前狀態∕尚未發現肇事因素∕,未注意車前狀態∕未注意車前狀態∕,其他,上、下班,本國∕本國∕
10306,10306Y00020048,YZA1,10306YZ000059,2014,6,24,15,50,金門縣,金寧鄉,,NA,瓊安路,,,NA,,,,,,07429號燈桿前路段,NA,NA,NA,NA,NA,NA,NA,NA,NA,0,1,0,晴,日間自然光線,縣道,60,直路,一般車道（未劃分快慢車道）,柏油,乾燥,無缺陷,無障礙物,良好,無號誌,無號誌,無標記,未繪設車道線,未繪設快慢車道分隔線,有,路上翻車、摔倒,未注意車前狀態,Y000,YZ00,1,2,2014/6/24,瓊安路,,金門縣金寧鄉07429號燈桿前路段,118.343873,24.4603508,普通重型 機車∕ ∕,機車普通重型,21∕0∕,受傷,P3****6代號2794,其他,有適當之駕照,經檢測無酒精反應,機車前車頭,未注意車前狀態∕尚未發現肇事因素∕,未注意車前狀態∕未注意車前狀態∕,大學（研究）生,其他,本國∕本國∕
10306,10306Y00020063,YZA1,10306YZ000062,2014,6,25,19,58,金門縣,金城鎮,,NA,民權路,,,NA,,,光前路,,,西南門里公所前人行穿越道,NA,NA,NA,NA,NA,NA,NA,NA,NA,0,1,0,晴,夜間（或隧道、地下道、涵洞）有照明,村里道路,40,四岔路,行人穿越道,柏油,乾燥,無缺陷,無障礙物,良好,行車管制號誌（附設行人專用號誌）,正常,無標記,禁止雙換車道線（無標記）,未繪設快慢車道分隔線,有,穿越道路中,搶越行人穿越道,Y000,YZ00,1,2,2014/6/25,民權路,光前路,,118.3154588,24.43343543,自用 小貨車(含客、貨兩用)∕行人 人∕,小貨車自用∕行人∕,33∕48∕,未受傷∕受傷∕,14****S代號2795,其他∕非駕駛人及乘客∕,有適當之駕照∕非汽（機）車駕駛人∕,經檢測無酒精反應∕經檢測無酒精反應∕,汽車左前車頭（身）∕非汽（機）車∕,搶越行人穿越道∕尚未發現肇事因素∕,搶越行人穿越道∕搶越行人穿越道∕,技術工∕家庭主婦（夫）∕,購物∕購物∕,本國∕本國∕
10306,10306Y00020049,YZA1,10306YZ000064,2014,6,26,4,57,金門縣,金寧鄉,,NA,,,,NA,,,,,,湖下151號旁路口,NA,NA,NA,NA,NA,NA,NA,NA,NA,0,1,0,陰,晨或暮光,村里道路,40,四岔路,交岔路口內,水泥,濕潤,無缺陷,無障礙物,良好,無號誌,無號誌,無分向設施,未繪設車道線,未繪設快慢車道分隔線,有,倒車撞,倒車未依規定,Y000,YZ00,1,2,2014/6/26,金門縣金寧鄉湖下151號旁路口,,金門縣金寧鄉湖下151號旁路口,118.3054517,24.4580428,自用 小客車∕自用 小客車∕,小客車自用∕小客車自用∕,21∕28∕,未受傷∕受傷∕,16****S代號2796∕06****V代號2797∕,其他∕其他∕,有適當之駕照∕有適當之駕照∕,經檢測無酒精反應∕經檢測無酒精反應∕,汽車右後車尾（身）∕汽車右側車身∕,倒車未依規定∕未注意車前狀態∕,倒車未依規定∕倒車未依規定∕,其他∕其他∕,上、下班∕上、下班∕,本國∕本國∕
10306,10306Y00020050,YZA1,10306YZ000065,2014,6,26,16,15,金門縣,金寧鄉,,NA,林湖路,,,NA,315,,,,,,NA,NA,NA,NA,NA,NA,NA,NA,NA,0,1,0,晴,日間自然光線,村里道路,50,直路,一般車道（未劃分快慢車道）,柏油,乾燥,無缺陷,無障礙物,良好,無號誌,無號誌,無標記,未繪設車道線,未繪設快慢車道分隔線,有,側撞,起步未注意其他車（人）安全,Y000,YZ00,1,2,2014/6/26,林湖路315號,,金門縣金寧鄉,118.330303,24.4320985,自用 小客車∕普通重型 機車∕,小客車自用∕機車普通重型∕,51∕25∕,未受傷∕受傷∕,9F****8代號2798∕22****T代號2799∕,其他∕其他∕,駕照被吊（註）銷∕有適當之駕照∕,經檢測無酒精反應∕經檢測無酒精反應∕,汽車左後車尾（身）∕機車左側車身∕,起步未注意其他車（人）安全∕未注意車前狀態∕,起步未注意其他車（人）安全∕起步未注意其他車（人）安全∕,其他∕其他∕,其他∕其他∕,本國∕本國∕
10306,10306Y00020051,YZA1,10306YZ000066,2014,6,26,17,57,金門縣,金寧鄉,,NA,環島北路,二,,NA,,,,,,雄濱汽修廠路段,NA,NA,NA,NA,NA,NA,NA,NA,NA,0,2,0,晴,日間自然光線,村里道路,60,三岔路,交岔路口內,柏油,乾燥,無缺陷,無障礙物,良好,無號誌,無號誌,無分向設施,未繪設車道線,未繪設快慢車道分隔線,有,側撞,未依規定讓車,Y000,YZ00,1,2,2014/6/26,環島北路二段,,金門縣金寧鄉雄濱汽修廠路段,118.3537405,24.452631,普通重型 機車∕普通重型 機車∕,機車普通重型∕機車普通重型∕,19∕32∕,受傷∕受傷∕,38****W代號2800∕73****G代號2801∕,其他∕其他∕,有適當之駕照∕有適當之駕照∕,經檢測無酒精反應∕經檢測無酒精反應∕,機車右側車身∕機車前車頭∕,未依規定讓車∕未依規定減速∕,未依規定讓車∕未依規定讓車∕,其他∕其他∕,業務聯繫∕上、下班∕,本國∕本國∕
10306,10306Y00020052,YZA1,10306YZ000067,2014,6,27,15,30,金門縣,烈嶼鄉,西口村,NA,九井路,,,NA,,,,,,金陵山莊前路口,NA,NA,NA,NA,NA,NA,NA,NA,NA,0,2,0,晴,日間自然光線,村里道路,60,三岔路,交岔路口內,柏油,乾燥,無缺陷,無障礙物,彎道,無號誌,無號誌,無分向設施,未繪設車道線,未繪設快慢車道分隔線,有,側撞,未依規定讓車,Y000,YZ00,1,2,2014/6/27,九井路,,金門縣烈嶼鄉西口村金陵山莊前路口,118.2439073,24.4317335,普通輕型 機車∕普通重型 機車∕乘客 人,機車普通輕型∕機車普通重型∕乘客,77∕24∕24,受傷∕未受傷∕受傷,WZ****1代號2802∕03****F代號2803∕03****F代號2803,其他∕其他∕其他,有適當之駕照∕有適當之駕照∕非汽（機）車駕駛人,經檢測無酒精反應∕經檢測無酒精反應∕非駕駛人，未檢測,機車前車頭∕機車右側車身∕非汽（機）車,未依規定讓車∕未依規定減速∕尚未發現肇事因素,未依規定讓車∕未依規定讓車∕未依規定讓車,無業者∕其他∕其他,其他∕觀光旅遊∕觀光旅遊,本國∕本國∕本國
10306,10306Y00020064,YZA1,10306YZ000070,2014,6,28,20,25,金門縣,金城鎮,,NA,民權路,,,NA,,,珠浦北路,,,,NA,NA,NA,NA,NA,NA,NA,NA,NA,0,1,0,晴,日間自然光線,村里道路,40,四岔路,交岔路口內,柏油,乾燥,無缺陷,無障礙物,良好,行車管制號誌,正常,無分向設施,未繪設車道線,未繪設快慢車道分隔線,有,側撞,未依規定讓車,Y000,YZ00,1,2,2014/6/28,民權路,珠浦北路,,118.3161299,24.43473165,自用 小客車∕普通輕型 機車∕,小客車自用∕機車普通輕型∕,26∕54∕,未受傷∕受傷∕,92****Z代號2804∕WZ****0代號2805∕,其他∕其他∕,有適當之駕照∕有適當之駕照∕,經檢測無酒精反應∕經檢測無酒精反應∕,汽車左前車頭（身）∕機車前車頭∕,未依規定讓車∕未依規定減速∕,未依規定讓車∕未依規定讓車∕,不明∕不明∕,不明∕不明∕,本國∕本國∕
10306,10306Y00020054,YZA1,10306YZ000071,2014,6,29,11,8,金門縣,金寧鄉,,NA,環島西路,二,,NA,,,,,,頂埔下路口,NA,NA,NA,NA,NA,NA,NA,NA,NA,0,2,0,雨,日間自然光線,村里道路,50,四岔路,交岔口附近,柏油,濕潤,無缺陷,無障礙物,良好,無號誌,無號誌,無標記,未繪設車道線,未繪設快慢車道分隔線,有,同向通行中,未注意車前狀態,Y000,YZ00,1,2,2014/6/29,環島西路二段,,金門縣金寧鄉頂埔下路口,118.3148723,24.4566699,普通重型 機車∕行人 人∕,機車普通重型∕行人∕,70∕33∕,受傷∕受傷∕,CS****2代號2806,其他∕非駕駛人及乘客∕,有適當之駕照∕非汽（機）車駕駛人∕,經檢測無酒精反應∕非駕駛人，未檢測∕,機車右側車身∕非汽（機）車∕,未注意車前狀態∕尚未發現肇事因素∕,未注意車前狀態∕未注意車前狀態∕,其他∕其他∕,其他∕其他∕,本國∕本國∕
10306,10306Y00020055,YZA1,10306YZ000074,2014,6,30,12,25,金門縣,金城鎮,,NA,環島北路,一,,NA,,,,,,文化局前路段,NA,NA,NA,NA,NA,NA,NA,NA,NA,0,1,0,晴,日間自然光線,村里道路,40,直路,一般車道（未劃分快慢車道）,柏油,乾燥,無缺陷,無障礙物,良好,無號誌,無號誌,附標記,未繪設車道線,未繪設快慢車道分隔線,無,其他,迴轉未依規定,Y000,YZ00,1,2,2014/6/30,環島北路一段,,金門縣金城鎮文化局前路段,118.3283226,24.4462231,自用 小客車∕普通重型 機車∕,小客車自用∕機車普通重型∕,41∕27∕,未受傷∕受傷∕,68****H代號2807∕18****Z代號2808∕,其他∕其他∕,有適當之駕照∕有適當之駕照∕,經檢測無酒精反應∕經檢測無酒精反應∕,汽車左側車身∕機車前車頭∕,迴轉未依規定∕未注意車前狀態∕,迴轉未依規定∕迴轉未依規定∕,其他∕其他∕,其他∕其他∕,本國∕本國∕
10306,10306Y00020057,YZA1,10306YZ000078,2014,6,30,19,6,金門縣,金城鎮,,NA,民生路,,,NA,13,,,,,蔡建鑫診所前,NA,NA,NA,NA,NA,NA,NA,NA,NA,0,1,0,晴,夜間（或隧道、地下道、涵洞）有照明,村里道路,40,三岔路,交岔路口內,柏油,乾燥,無缺陷,無障礙物,良好,無號誌,無號誌,無分向設施,未繪設車道線,未繪設快慢車道分隔線,有,側撞,違規超車,Y000,YZ00,1,2,2014/6/30,民生路13號,,金門縣金城鎮蔡建鑫診所前,118.3190184,24.43575,普通重型 機車∕自用 小客車∕,機車普通重型∕小客車自用∕,29∕29∕,受傷∕未受傷∕,33****Z代號2809∕AA*****2代號2810∕,其他∕其他∕,有適當之駕照∕有適當之駕照∕,經檢測無酒精反應∕經檢測無酒精反應∕,機車右側車身∕汽車左側車身∕,違規超車∕尚未發現肇事因素∕,違規超車∕違規超車∕,服務工作者∕其他∕,其他∕其他∕,本國∕本國∕
10307,10307Y00020002,YYA1,10307YY000001,2014,7,1,2,25,金門縣,金湖鎮,新市里,NA,復興路,,,NA,,,中正路,,,,NA,NA,NA,NA,NA,NA,NA,NA,NA,0,2,0,晴,夜間（或隧道、地下道、涵洞）有照明,村里道路,50,四岔路,交岔路口內,柏油,乾燥,無缺陷,無障礙物,良好,無號誌,無號誌,無分向設施,未繪設車道線,未繪設快慢車道分隔線,有,路口交岔撞,未依規定讓車,Y000,YY00,1,2,2014/7/1,復興路,中正路,,118.417044,24.4406698,普通重型 機車∕普通重型 機車∕,機車普通重型∕機車普通重型∕,15∕19∕,受傷∕受傷∕,PZ****5代號2811∕62****K代號2812∕,其他∕其他∕,無照（未達考照年齡）∕有適當之駕照∕,不明∕經檢測無酒精反應∕,機車前車頭∕機車左側車身∕,未依規定讓車∕未依規定減速∕,未依規定讓車∕未依規定讓車∕,其他∕大學（研究）生∕,其他∕上、下班∕,本國∕本國∕
10307,10307Y00020003,YYA1,10307YY000002,2014,7,1,7,33,金門縣,金湖鎮,瓊林里,NA,環島北路,三,,NA,,,,,,瓊林圓環內,NA,NA,NA,NA,NA,NA,NA,NA,NA,0,1,0,晴,日間自然光線,村里道路,50,圓環,一般車道（未劃分快慢車道）,柏油,乾燥,無缺陷,無障礙物,良好,閃光號誌,無動作,無分向設施,車道線（無標記）,未繪設快慢車道分隔線,有,其他,未依規定讓車,Y000,YY00,1,2,2014/7/1,環島北路三段,,金門縣金湖鎮瓊林里瓊林圓環內,118.388325,24.466263,自用 小客車∕普通重型 機車∕,小客車自用∕機車普通重型∕,36∕48∕,未受傷∕受傷∕,46****S代號2813∕73****E代號2814∕,其他∕其他∕,有適當之駕照∕有適當之駕照∕,經檢測無酒精反應∕經檢測無酒精反應∕,汽車左前車頭（身）∕機車右側車身∕,未依規定讓車∕未注意車前狀態∕,未依規定讓車∕未依規定讓車∕,其他∕其他∕,其他∕其他∕,本國∕本國∕
10307,10307Y00030001,YYA1,10307YY000004,2014,7,3,16,40,金門縣,金湖鎮,,NA,,,,NA,,,,,,尚義機場航廈前路段,NA,NA,NA,NA,NA,NA,NA,NA,NA,0,0,0,晴,日間自然光線,村里道路,50,直路,一般車道（未劃分快慢車道）,柏油,乾燥,無缺陷,無障礙物,良好,無號誌,無號誌,無分向設施,車道線（無標記）,未繪設快慢車道分隔線,有,倒車撞,倒車未依規定,Y000,YY00,1,3,2014/7/3,金門縣金湖鎮尚義機場航廈前路段,,金門縣金湖鎮尚義機場航廈前路段,118.376631,24.437699,自用 小貨車(含客、貨兩用)∕自用 小客車∕,小貨車自用∕小客車自用∕,56∕34∕,未受傷∕未受傷∕,S8****5代號2815∕AF*****0代號2816∕,其他∕其他∕,無照（已達考照年齡）∕有適當之駕照∕,經檢測無酒精反應∕經檢測無酒精反應∕,汽車後車尾∕汽車前車頭∕,倒車未依規定∕尚未發現肇事因素∕,倒車未依規定∕倒車未依規定∕,農林漁牧工作者∕事務工作者∕,社交活動∕社交活動∕,本國∕本國∕
10307,10307Y00020004,YYA1,10307YY000007,2014,7,5,8,45,金門縣,金湖鎮,新市里里,NA,,,,NA,,,,,,金湖聯倉庫旁重劃區道路路口,NA,NA,NA,NA,NA,NA,NA,NA,NA,0,1,0,晴,日間自然光線,村里道路,50,三岔路,交岔路口內,柏油,乾燥,無缺陷,無障礙物,良好,無號誌,無號誌,無分向設施,未繪設車道線,未繪設快慢車道分隔線,有,側撞,違規超車,Y000,YY00,1,2,2014/7/5,金門縣金湖鎮新市里里金湖聯倉庫旁重劃區道路路口,,金門縣金湖鎮新市里里金湖聯倉庫旁重劃區道路路口,118.4161669,24.4419294,普通重型 機車∕自用 小貨車(含客、貨兩用)∕,機車普通重型∕小貨車自用∕,26∕51∕,受傷∕未受傷∕,06****Z代號2817∕3M****7代號2818∕,其他∕其他∕,有適當之駕照∕有適當之駕照∕,經檢測無酒精反應∕經檢測無酒精反應∕,機車左側車身∕汽車右前車頭（身）∕,違規超車∕右轉彎未依規定∕,違規超車∕違規超車∕,服務工作者∕技術工∕,上、下班∕業務聯繫∕,本國∕本國∕
10307,10307Y00020062,YYA1,10307YY000009,2014,7,6,0,24,金門縣,金湖鎮,,NA,伯玉路,四,,NA,,,,,,1143柱路燈,NA,NA,NA,NA,NA,NA,NA,NA,NA,0,1,0,陰,夜間（或隧道、地下道、涵洞）有照明,村里道路,70,直路,一般車道（未劃分快慢車道）,柏油,乾燥,無缺陷,無障礙物,良好,無號誌,無號誌,無標記,未繪設車道線,未繪設快慢車道分隔線,無,路上翻車、摔倒,酒醉（後）駕駛失控,Y000,YY00,1,2,2014/7/6,伯玉路四段,,金門縣金湖鎮1143柱路燈,118.3798588,24.4470039,普通重型 機車∕ ∕,機車普通重型,38∕0∕,受傷,77****E代號2819,其他,有適當之駕照,經呼氣檢測超過0.80mg∕L或血液檢測超過0.16,機車右側車身,酒醉（後）駕駛失控∕尚未發現肇事因素∕,酒醉（後）駕駛失控∕酒醉（後）駕駛失控∕,非技術工及體力工,其他,本國∕本國∕
10307,10307Y00020001,YYA1,10307YY000010,2014,7,6,0,22,金門縣,金湖鎮,,NA,環島南路,三,,NA,,,,,,往成功上坡處象德宮旁,NA,NA,NA,NA,NA,NA,NA,NA,NA,0,1,0,晴,夜間（或隧道、地下道、涵洞）有照明,村里道路,50,坡路,一般車道（未劃分快慢車道）,柏油,乾燥,無缺陷,無障礙物,坡道,無號誌,無號誌,附標記,未繪設車道線,未繪設快慢車道分隔線,有,撞護欄（樁）,酒醉（後）駕駛失控,Y000,YY00,1,2,2014/7/6,環島南路三段,,金門縣金湖鎮往成功上坡處象德宮旁,118.3757827,24.4398961,自用 小客車∕ ∕,小客車自用,28∕0∕,受傷,05****2代號2820,其他,有適當之駕照,經呼氣檢測0.41至0.55mg∕L或血液檢測0.081至0.11,汽車前車頭,酒醉（後）駕駛失控∕尚未發現肇事因素∕,酒醉（後）駕駛失控∕酒醉（後）駕駛失控∕,服務工作者,購物,本國∕本國∕
10307,10307Y00020005,YYA1,10307YY000013,2014,7,6,17,37,金門縣,金湖鎮,,NA,玉章路,,,NA,,,,,,植物園路段,NA,NA,NA,NA,NA,NA,NA,NA,NA,0,1,0,晴,日間自然光線,村里道路,50,三岔路,交岔路口內,柏油,乾燥,無缺陷,無障礙物,良好,無號誌,無號誌,無分向設施,未繪設車道線,未繪設快慢車道分隔線,有,側撞,左轉彎未依規定,Y000,YY00,1,2,2014/7/6,玉章路,,金門縣金湖鎮植物園路段,118.412711,24.4615568,遊覽車 大客車∕普通重型 機車∕,遊覽車∕機車普通重型∕,44∕49∕,未受傷∕受傷∕,∕66****K代號2822∕,其他∕其他∕,有適當之駕照∕有適當之駕照∕,經檢測無酒精反應∕經檢測無酒精反應∕,汽車左側車身∕機車左側車身∕,左轉彎未依規定∕尚未發現肇事因素∕,左轉彎未依規定∕左轉彎未依規定∕,汽車、火車駕駛員及船員∕農林漁牧工作者∕,運輸∕上、下學∕,本國∕本國∕
10307,10307Y00020006,YYA1,10307YY000014,2014,7,7,11,11,金門縣,金湖鎮,,NA,南機路,,,NA,,,士校路,,,,NA,NA,NA,NA,NA,NA,NA,NA,NA,0,2,0,晴,日間自然光線,村里道路,50,四岔路,交岔路口內,柏油,乾燥,無缺陷,無障礙物,樹木、農作物,無號誌,無號誌,無分向設施,未繪設車道線,未繪設快慢車道分隔線,有,路口交岔撞,未依規定讓車,Y000,YY00,1,2,2014/7/7,南機路,士校路,,118.4326247,24.4500123,自用 小貨車(含客、貨兩用)∕普通重型 機車∕,小貨車自用∕機車普通重型∕,44∕19∕,受傷∕受傷∕,WY****2代號2823∕AD*****3代號2824∕,其他∕其他∕,有適當之駕照∕有適當之駕照∕,經檢測無酒精反應∕經檢測無酒精反應∕,汽車前車頭∕機車右側車身∕,未依規定讓車∕未依規定減速∕,未依規定讓車∕未依規定讓車∕,事務工作者∕服務工作者∕,業務聯繫∕上、下班∕,本國∕本國∕
10307,10307Y00020029,YYA1,10307YY000016,2014,7,7,20,55,金門縣,金沙鎮,,NA,環島東路,一,,NA,,,,,,金莎大賣場前路段,NA,NA,NA,NA,NA,NA,NA,NA,NA,0,1,0,陰,夜間（或隧道、地下道、涵洞）有照明,村里道路,60,三岔路,交岔口附近,柏油,乾燥,無缺陷,無障礙物,良好,無號誌,無號誌,無標記,未繪設車道線,未繪設快慢車道分隔線,有,側撞,違規超車,Y000,YY00,1,2,2014/7/7,環島東路一段,,金門縣金沙鎮金莎大賣場前路段,118.4213083,24.4841071,普通重型 機車∕自用 小客車∕,機車普通重型∕小客車自用∕,26∕50∕,受傷∕未受傷∕,66****P代號2825∕WY****6代號2826∕,其他∕其他∕,有適當之駕照∕有適當之駕照∕,經檢測無酒精反應∕經檢測無酒精反應∕,機車右側車身∕汽車左前車頭（身）∕,違規超車∕違反特定標誌（線）禁制∕,違規超車∕違規超車∕,保安工作者（不含警察人員）∕服務工作者∕,其他∕其他∕,本國∕本國∕
10307,10307Y00020007,YYA1,10307YY000019,2014,7,9,7,52,金門縣,金湖鎮,,NA,伯玉路,四,,NA,,,,,,小徑圓環,NA,NA,NA,NA,NA,NA,NA,NA,NA,0,2,0,晴,日間自然光線,村里道路,40,圓環,一般車道（未劃分快慢車道）,柏油,乾燥,無缺陷,無障礙物,良好,無號誌,無號誌,無分向設施,車道線（無標記）,未繪設快慢車道分隔線,有,其他,未依規定讓車,Y000,YY00,1,2,2014/7/9,伯玉路四段,,金門縣金湖鎮小徑圓環,118.3798588,24.4470039,自用 小客車∕普通重型 機車∕乘客 人,小客車自用∕機車普通重型∕乘客,58∕80∕77,未受傷∕受傷∕受傷,6F****6代號2827∕63****F代號2828∕63****F代號2828,其他∕其他∕其他,有適當之駕照∕有適當之駕照∕非汽（機）車駕駛人,經檢測無酒精反應∕經檢測無酒精反應∕非駕駛人，未檢測,汽車前車頭∕機車後車尾∕非汽（機）車,未依規定讓車∕未注意車前狀態∕尚未發現肇事因素,未依規定讓車∕未依規定讓車∕未依規定讓車,專業人員∕無業者∕無業者,上、下班∕購物∕購物,本國∕本國∕本國
10307,,YYA1,10307YY000021,2014,7,9,15,7,金門縣,金湖鎮,正義里,NA,,,,NA,,,,,,尚義機場內車道,NA,NA,NA,NA,NA,NA,NA,NA,NA,0,0,0,晴,日間自然光線,村里道路,50,直路,一般車道（未劃分快慢車道）,柏油,乾燥,無缺陷,無障礙物,良好,無號誌,無號誌,無分向設施,車道線（無標記）,未繪設快慢車道分隔線,有,其他,起步未注意其他車（人）安全,Y000,YY00,1,4,2014/7/9,金門縣金湖鎮正義里尚義機場內車道,,金門縣金湖鎮正義里尚義機場內車道,118.376631,24.437699,計程車 小客車∕自用 小客車∕,小客車計程車∕小客車自用∕,60∕62∕,未受傷∕未受傷∕,07***5代號2829∕02****V代號2830∕,其他∕其他∕,有適當之駕照∕有適當之駕照∕,經檢測無酒精反應∕經檢測無酒精反應∕,汽車左前車頭（身）∕汽車右前車頭（身）∕,起步未注意其他車（人）安全∕未注意車前狀態∕,起步未注意其他車（人）安全∕起步未注意其他車（人）安全∕,汽車、火車駕駛員及船員∕其他∕,運輸∕其他∕,本國∕本國∕
10307,10307Y00030002,YYA1,10307YY000024,2014,7,10,18,7,金門縣,金湖鎮,,NA,環島東路,三,,NA,,,士校路,,,,NA,NA,NA,NA,NA,NA,NA,NA,NA,0,0,0,晴,日間自然光線,村里道路,50,四岔路,交岔路口內,柏油,乾燥,無缺陷,無障礙物,良好,閃光號誌,正常,無分向設施,未繪設車道線,未繪設快慢車道分隔線,有,路口交岔撞,未依規定讓車,Y000,YY00,1,3,2014/7/10,環島東路三段,士校路,,118.4462076,24.45419698,自用 小客車∕自用 小客車∕,小客車自用∕小客車自用∕,34∕26∕,未受傷∕未受傷∕,AG*****0代號2831∕H5****8代號2832∕,其他∕其他∕,有適當之駕照∕有適當之駕照∕,經檢測無酒精反應∕經檢測無酒精反應∕,汽車右後車尾（身）∕汽車前車頭∕,未依規定讓車∕未依規定減速∕,未依規定讓車∕未依規定讓車∕,農林漁牧工作者∕服務工作者∕,觀光旅遊∕上、下班∕,本國∕本國∕
10307,10307Y00020010,YYA1,10307YY000026,2014,7,11,6,11,金門縣,金沙鎮,,NA,環島北路,四,,NA,,,,,,榮湖欣欣亭前路口,NA,NA,NA,NA,NA,NA,NA,NA,NA,0,2,0,晴,晨或暮光,村里道路,60,四岔路,交岔路口內,柏油,乾燥,無缺陷,無障礙物,良好,無號誌,無號誌,無分向設施,未繪設車道線,未繪設快慢車道分隔線,有,側撞,未依規定讓車,Y000,YY00,1,2,2014/7/11,環島北路四段,,金門縣金沙鎮榮湖欣欣亭前路口,118.4045085,24.4840105,腳踏自行車 慢車∕普通重型 機車∕,腳踏自行車∕機車普通重型∕,51∕66∕,受傷∕受傷∕,∕AD*****2代號2833∕,其他∕其他∕,非汽（機）車駕駛人∕有適當之駕照∕,經檢測無酒精反應∕經檢測無酒精反應∕,非汽（機）車∕機車右側車身∕,未依規定讓車∕未依規定減速∕,未依規定讓車∕未依規定讓車∕,其他∕其他∕,其他∕其他∕,本國∕本國∕
10307,,YYA1,10307YY000032,2014,7,13,13,3,金門縣,金湖鎮,新湖里,NA,環島南路,四,,NA,,,,,,塔后民宿路口處,NA,NA,NA,NA,NA,NA,NA,NA,NA,0,0,0,晴,日間自然光線,村里道路,50,三岔路,交岔路口內,柏油,乾燥,無缺陷,無障礙物,良好,無號誌,無號誌,無分向設施,未繪設車道線,未繪設快慢車道分隔線,有,側撞,左轉彎未依規定,Y000,YY00,1,4,2014/7/13,環島南路四段,,金門縣金湖鎮新湖里塔后民宿路口處,118.40101,24.438041,自用 小客車∕普通重型 機車∕,小客車自用∕機車普通重型∕,31∕19∕,未受傷∕未受傷∕,11****V代號2834∕38****C代號2835∕,其他∕其他∕,有適當之駕照∕有適當之駕照∕,經檢測無酒精反應∕經檢測無酒精反應∕,汽車左後車尾（身）∕機車前車頭∕,左轉彎未依規定∕違規超車∕,左轉彎未依規定∕左轉彎未依規定∕,其他∕其他∕,其他∕其他∕,本國∕本國∕
10307,10307Y00020008,YYA1,10307YY000033,2014,7,13,13,50,金門縣,金湖鎮,山外里,NA,士校路,,,NA,,,,,,幹訓班大門前路口,NA,NA,NA,NA,NA,NA,NA,NA,NA,0,2,0,晴,日間自然光線,村里道路,50,三岔路,交岔路口內,柏油,乾燥,無缺陷,無障礙物,良好,無號誌,無號誌,無分向設施,未繪設車道線,未繪設快慢車道分隔線,有,側撞,未依規定讓車,Y000,YY00,1,2,2014/7/13,士校路,,金門縣金湖鎮山外里幹訓班大門前路口,118.4271704,24.4453138,自用 小客車∕普通重型 機車∕乘客 人,小客車自用∕機車普通重型∕乘客,44∕29∕29,未受傷∕受傷∕受傷,38****Z代號2836∕AD*****5代號2837∕AD*****5代號2837,其他∕其他∕其他,有適當之駕照∕有適當之駕照∕非汽（機）車駕駛人,經檢測無酒精反應∕經檢測無酒精反應∕非駕駛人，未檢測,汽車左前車頭（身）∕機車前車頭∕不明,未依規定讓車∕未依規定減速∕尚未發現肇事因素,未依規定讓車∕未依規定讓車∕未依規定讓車,其他∕其他∕其他,其他∕觀光旅遊∕觀光旅遊,本國∕本國∕本國
10307,10307Y00020030,YYA1,10307YY000036,2014,7,14,9,0,金門縣,金沙鎮,,NA,環島東路,,,NA,,,,,,陽翟31號後門處,NA,NA,NA,NA,NA,NA,NA,NA,NA,0,1,0,晴,日間自然光線,村里道路,50,直路,一般車道（未劃分快慢車道）,柏油,乾燥,無缺陷,無障礙物,良好,無號誌,無號誌,無標記,未繪設車道線,未繪設快慢車道分隔線,有,追撞,未注意車前狀態,Y000,YY00,1,2,2014/7/14,環島東路,,金門縣金沙鎮陽翟31號後門處,118.4213083,24.4841071,普通重型 機車∕自用 小客車∕,機車普通重型∕小客車自用∕,49∕43∕,受傷∕未受傷∕,07****U代號2838∕11****F代號2839∕,其他∕其他∕,有適當之駕照∕有適當之駕照∕,經檢測無酒精反應∕經檢測無酒精反應∕,機車右側車身∕汽車左後車尾（身）∕,未注意車前狀態∕尚未發現肇事因素∕,未注意車前狀態∕未注意車前狀態∕,農林漁牧工作者∕服務工作者∕,上、下班∕購物∕,本國∕本國∕