年月,總編號,處理單位,處理編號,年,月,日,時,分,縣市,區,村里,鄰,街道,段,巷,弄,號,公尺處,街道.1,段.1,側,附近,道路,公里,公尺處.1,向,車道,平交道,公里.1,公尺處.2,附近.1,死,受傷,X2.30,天候,光線,道路類別,速限,道路型態,事故位置,路面鋪裝,路面狀態,路面缺陷,障礙物,視距,號誌種類,號誌動作,分向設施,快車道或一般車道間,快慢車道間,路面邊線,事故類型及型態,主要肇因,警局,分局,案件類別,事故類別,日期,道路1,道路2,概略位置,lon,lat,車種,當事者區分.類別.,年齡,受傷程度,車輛牌照號碼,車輛用途,駕駛資格情形,飲酒情形,車輛撞擊部位最初,肇事因素個別,肇事因素主要,職.業,旅次目的,國籍
10307,10307Y00020031,YYA1,10307YY000037,2014,7,14,12,29,金門縣,金沙鎮,,NA,陽沙路,,,NA,,,,,,舊碧山靶場路段,NA,NA,NA,NA,NA,NA,NA,NA,NA,0,2,0,晴,日間自然光線,村里道路,50,直路,一般車道（未劃分快慢車道）,柏油,乾燥,無缺陷,無障礙物,良好,無號誌,無號誌,無標記,未繪設車道線,未繪設快慢車道分隔線,有,撞動物,動物竄出,Y000,YY00,1,2,2014/7/14,陽沙路,,金門縣金沙鎮舊碧山靶場路段,118.432385,24.4814738, ∕普通重型 機車∕乘客 人,∕機車普通重型∕乘客,65∕25∕23,∕受傷∕受傷,∕26****W代號2840∕26****W代號2840,∕其他∕其他,∕有適當之駕照∕非汽（機）車駕駛人,∕經檢測無酒精反應∕非駕駛人，未檢測,∕機車前車頭∕非汽（機）車,動物竄出∕未注意車前狀態∕尚未發現肇事因素,動物竄出∕動物竄出∕動物竄出,∕其他∕其他,∕上、下班∕上、下班,本國∕本國∕本國
10307,10307Y00020032,YYA1,10307YY000038,2014,7,14,12,45,金門縣,金湖鎮,新市里,NA,復興路,,,NA,4,,,,,台銀前路口,NA,NA,NA,NA,NA,NA,NA,NA,NA,0,1,0,晴,日間自然光線,村里道路,50,三岔路,交岔路口內,柏油,乾燥,無缺陷,無障礙物,良好,無號誌,無號誌,無分向設施,未繪設車道線,未繪設快慢車道分隔線,有,側撞,違規超車,Y000,YY00,1,2,2014/7/14,復興路4號,,金門縣金湖鎮新市里台銀前路口,118.4161413,24.4412321,普通重型 機車∕自用 小客車∕,機車普通重型∕小客車自用∕,31∕26∕,受傷∕未受傷∕,PZ****8代號2841∕AA*****5代號2842∕,其他∕其他∕,有適當之駕照∕有適當之駕照∕,經檢測無酒精反應∕經檢測無酒精反應∕,機車左側車身∕汽車右前車頭（身）∕,違規超車∕右轉彎未依規定∕,違規超車∕違規超車∕,其他∕其他∕,其他∕其他∕,本國∕本國∕
10307,,YYA1,10307YY000040,2014,7,14,11,22,金門縣,金湖鎮,,NA,,,,NA,,,,,,漁村28號前,NA,NA,NA,NA,NA,NA,NA,NA,NA,0,0,0,NA,NA,NA,0,NA,NA,NA,NA,NA,NA,NA,NA,NA,NA,NA,NA,NA,NA,NA,Y000,YY00,1,4,2014/7/14,金門縣金湖鎮漁村28號前,,金門縣金湖鎮漁村28號前,118.408402,24.436556,自用 小客車∕自用 小客車∕,小客車自用∕小客車自用∕,26∕34∕,,01****X代號2843∕AC*****2代號2844∕,,,,,,,,,本國∕本國∕
10307,10307Y00020009,YYA1,10307YY000042,2014,7,17,0,35,金門縣,金湖鎮,,NA,環島南路,四,,NA,,,,,,塔后路口,NA,NA,NA,NA,NA,NA,NA,NA,NA,0,2,0,晴,夜間（或隧道、地下道、涵洞）有照明,村里道路,40,四岔路,交岔口附近,柏油,乾燥,無缺陷,無障礙物,良好,無號誌,無號誌,附標記,未繪設車道線,未繪設快慢車道分隔線,有,對撞,逆向行駛,Y000,YY00,1,2,2014/7/17,環島南路四段,,金門縣金湖鎮塔后路口,118.40101,24.438041,普通重型 機車∕普通重型 機車∕,機車普通重型∕機車普通重型∕,23∕17∕,受傷∕受傷∕,56****M代號2845∕17****Z代號2846∕,其他∕其他∕,有適當之駕照∕無照（未達考照年齡）∕,經檢測無酒精反應∕經呼氣檢測0.56至0.80mg∕L或血液檢測0.111至0.16∕,機車前車頭∕機車前車頭∕,逆向行駛∕酒醉（後）駕駛失控∕,逆向行駛∕逆向行駛∕,其他∕其他∕,其他∕其他∕,本國∕本國∕
10307,10307Y00020052,YYA1,10307YY000049,2014,7,19,15,50,金門縣,金沙鎮,,NA,環島東路,一,,NA,,,,,,往後水頭路口,NA,NA,NA,NA,NA,NA,NA,NA,NA,0,1,0,晴,日間自然光線,村里道路,60,四岔路,交岔口附近,柏油,乾燥,無缺陷,無障礙物,良好,無號誌,無號誌,無標記,未繪設車道線,未繪設快慢車道分隔線,有,撞號誌、標誌桿,酒醉（後）駕駛失控,Y000,YY00,1,2,2014/7/19,環島東路一段,,金門縣金沙鎮往後水頭路口,118.4213083,24.4841071,自用 小客車∕ ∕,小客車自用,38∕0∕,受傷,08****X代號2847,其他,有適當之駕照,經呼氣檢測超過0.80mg∕L或血液檢測超過0.16,汽車左側車身,酒醉（後）駕駛失控∕尚未發現肇事因素∕,酒醉（後）駕駛失控∕酒醉（後）駕駛失控∕,技術工,不明,本國∕本國∕
10307,10307Y00020036,YYA1,10307YY000051,2014,7,20,17,54,金門縣,金湖鎮,,NA,瓊徑路,,,NA,,,環島南路,三,,,NA,NA,NA,NA,NA,NA,NA,NA,NA,0,2,0,晴,日間自然光線,村里道路,50,三岔路,交岔路口內,柏油,乾燥,無缺陷,無障礙物,良好,行車管制號誌,正常,無分向設施,未繪設車道線,未繪設快慢車道分隔線,有,側撞,右轉彎未依規定,Y000,YY00,1,2,2014/7/20,瓊徑路,環島南路三段,,118.3917905,24.44048713,自用 小貨車(含客、貨兩用)∕普通重型 機車∕乘客 人,小貨車自用∕機車普通重型∕乘客,57∕19∕18,未受傷∕受傷∕受傷,H4****5代號2848∕MF****0代號2849∕MF****0代號2849,其他∕其他∕其他,駕照被吊（註）銷∕有適當之駕照∕非汽（機）車駕駛人,經呼氣檢測未超過0.15mg∕L或血液檢測未超過0.03∕經檢測無酒精反應∕非駕駛人，未檢測,汽車右側車身∕機車左側車身∕非汽（機）車,右轉彎未依規定∕未注意車前狀態∕尚未發現肇事因素,右轉彎未依規定∕右轉彎未依規定∕右轉彎未依規定,農林漁牧工作者∕非技術工及體力工∕非技術工及體力工,其他∕上、下班∕上、下班,本國∕本國∕本國
10307,10307Y00020059,YYA1,10307YY000053,2014,7,22,8,13,金門縣,金湖鎮,山外里,NA,黃海路,,,NA,,,,,,金湖分局地下室出口前路段,NA,NA,NA,NA,NA,NA,NA,NA,NA,0,2,0,晴,日間自然光線,村里道路,50,四岔路,交岔路口內,柏油,乾燥,無缺陷,無障礙物,良好,無號誌,無號誌,無分向設施,未繪設車道線,未繪設快慢車道分隔線,有,側撞,未依規定讓車,Y000,YY00,1,2,2014/7/22,黃海路,,金門縣金湖鎮山外里金湖分局地下室出口前路段,118.4256931,24.452032,普通輕型 機車∕普通重型 機車∕,機車普通輕型∕機車普通重型∕,79∕50∕,受傷∕受傷∕,WZ****5代號2850∕OB****5代號2851∕,其他∕其他∕,有適當之駕照∕有適當之駕照∕,經檢測無酒精反應∕經檢測無酒精反應∕,機車前車頭∕機車右側車身∕,未依規定讓車∕未注意車前狀態∕,未依規定讓車∕未依規定讓車∕,無業者∕其他∕,其他∕其他∕,本國∕本國∕
10307,,YYA1,10307YY000055,2014,7,22,17,40,金門縣,金湖鎮,,NA,黃海路,,,NA,,,,,,陽明01431號路燈桿,NA,NA,NA,NA,NA,NA,NA,NA,NA,0,0,0,NA,NA,NA,0,NA,NA,NA,NA,NA,NA,NA,NA,NA,NA,NA,NA,NA,NA,NA,Y000,YY00,1,4,2014/7/22,黃海路,,金門縣金湖鎮陽明01431號路燈桿,118.4256931,24.452032,普通重型 機車∕自用 小客車∕,機車普通重型∕小客車自用∕,41∕61∕,,50****V代號2852∕R7****2代號2853∕,,,,,,,,,非本國∕本國∕
10307,10307Y00020038,YYA1,10307YY000056,2014,7,23,11,15,金門縣,金湖鎮,,NA,中興路,,,NA,,,,,,停車場路段,NA,NA,NA,NA,NA,NA,NA,NA,NA,0,1,0,雨,日間自然光線,村里道路,40,直路,一般車道（未劃分快慢車道）,柏油,濕潤,無缺陷,無障礙物,良好,無號誌,無號誌,無分向設施,未繪設車道線,未繪設快慢車道分隔線,有,其他,開啟車門不當而肇事,Y000,YY00,1,2,2014/7/23,中興路,,金門縣金湖鎮停車場路段,118.4246803,24.4503832,自用 小客車∕普通重型 機車∕乘客 人,小客車自用∕機車普通重型∕乘客,52∕40∕50,未受傷∕受傷∕未受傷,AF*****6代號2854∕PZ****9代號2855∕AF*****6代號2854,其他∕其他∕其他,有適當之駕照∕有適當之駕照∕非汽（機）車駕駛人,經觀察未飲酒∕經觀察未飲酒∕非駕駛人，未檢測,汽車右側車身∕機車左側車身∕非汽（機）車,開啟車門不當而肇事∕未注意車前狀態∕尚未發現肇事因素,開啟車門不當而肇事∕開啟車門不當而肇事∕開啟車門不當而肇事,服務工作者∕服務工作者∕服務工作者,購物∕購物∕購物,本國∕本國∕本國
10307,10307Y00020039,YYA1,10307YY000061,2014,7,25,8,13,金門縣,金湖鎮,,NA,,,,NA,,,,,,塔后重劃區崑庭工地旁路口,NA,NA,NA,NA,NA,NA,NA,NA,NA,0,2,0,晴,日間自然光線,村里道路,50,三岔路,交岔路口內,柏油,乾燥,無缺陷,無障礙物,建築物,無號誌,無號誌,無分向設施,未繪設車道線,未繪設快慢車道分隔線,有,側撞,未依規定讓車,Y000,YY00,1,2,2014/7/25,金門縣金湖鎮塔后重劃區崑庭工地旁路口,,金門縣金湖鎮塔后重劃區崑庭工地旁路口,118.4101054,24.4411037,普通重型 機車∕普通重型 機車∕,機車普通重型∕機車普通重型∕,22∕40∕,受傷∕受傷∕,88****V代號2856∕PZ****5代號2857∕,其他∕其他∕,有適當之駕照∕有適當之駕照∕,經檢測無酒精反應∕經檢測無酒精反應∕,機車左側車身∕機車前車頭∕,未依規定讓車∕未依規定減速∕,未依規定讓車∕未依規定讓車∕,技術員及助理人員∕服務工作者∕,上、下班∕上、下班∕,本國∕本國∕
10307,10307Y00020050,YYA1,10307YY000064,2014,7,27,22,20,金門縣,金湖鎮,,NA,環島南路,五,,NA,,,,,,星宿王朝0542號路燈桿前路段,NA,NA,NA,NA,NA,NA,NA,NA,NA,0,1,0,晴,夜間（或隧道、地下道、涵洞）有照明,村里道路,50,三岔路,交岔路口內,柏油,乾燥,無缺陷,無障礙物,良好,無號誌,無號誌,無分向設施,未繪設車道線,未繪設快慢車道分隔線,有,追撞,未保持行車安全距離,Y000,YY00,1,2,2014/7/27,環島南路五段,,金門縣金湖鎮星宿王朝0542號路燈桿前路段,118.4239844,24.4324232,普通重型 機車∕普通重型 機車∕,機車普通重型∕機車普通重型∕,35∕19∕,受傷∕未受傷∕,PZ****5代號2858∕17****V代號2859∕,其他∕其他∕,有適當之駕照∕有適當之駕照∕,經檢測無酒精反應∕經檢測無酒精反應∕,機車前車頭∕機車左側車身∕,未保持行車安全距離∕左轉彎未依規定∕,未保持行車安全距離∕未保持行車安全距離∕,服務工作者∕服務工作者∕,上、下班∕社交活動∕,本國∕本國∕
10307,10307Y00020047,YYA1,10307YY000065,2014,7,29,17,33,金門縣,金湖鎮,正義里,NA,環島南路,三,,NA,,,,,,岸巡總隊對面產業道路,NA,NA,NA,NA,NA,NA,NA,NA,NA,0,1,0,晴,日間自然光線,其他,40,四岔路,交岔路口內,水泥,乾燥,無缺陷,無障礙物,樹木、農作物,無號誌,無號誌,無分向設施,未繪設車道線,未繪設快慢車道分隔線,無,路口交岔撞,未依規定讓車,Y000,YY00,1,2,2014/7/29,環島南路三段,,金門縣金湖鎮正義里岸巡總隊對面產業道路,118.3757827,24.4398961,自用 小客車∕普通重型 機車∕,小客車自用∕機車普通重型∕,42∕25∕,未受傷∕受傷∕,42****Z代號2860∕61****F代號2861∕,其他∕其他∕,有適當之駕照∕有適當之駕照∕,經檢測無酒精反應∕經檢測無酒精反應∕,汽車右後車尾（身）∕機車前車頭∕,未依規定讓車∕未依規定減速∕,未依規定讓車∕未依規定讓車∕,其他∕其他∕,其他∕其他∕,本國∕本國∕
10307,10307Y00020054,YYA1,10307YY000069,2014,7,30,15,36,金門縣,金湖鎮,,NA,環島南路,四,,NA,,,,,,漁村路口往良金牧場,NA,NA,NA,NA,NA,NA,NA,NA,NA,0,1,0,晴,日間自然光線,村里道路,50,四岔路,交岔路口內,柏油,乾燥,無缺陷,無障礙物,良好,無號誌,無號誌,無分向設施,未繪設車道線,未繪設快慢車道分隔線,有,側撞,右轉彎未依規定,Y000,YY00,1,2,2014/7/30,環島南路四段,,金門縣金湖鎮漁村路口往良金牧場,118.40101,24.438041,自用 小客車∕普通重型 機車∕,小客車自用∕機車普通重型∕,25∕19∕,未受傷∕受傷∕,39****6代號2862∕53****A代號2863∕,其他∕其他∕,有適當之駕照∕有適當之駕照∕,經檢測無酒精反應∕經檢測無酒精反應∕,汽車右側車身∕機車前車頭∕,右轉彎未依規定∕未依規定減速∕,右轉彎未依規定∕右轉彎未依規定∕,技術員及助理人員∕服務工作者∕,購物∕購物∕,本國∕本國∕
10307,10307Y00020048,YYA1,10307YY000070,2014,7,30,2,28,金門縣,金湖鎮,,NA,黃海路,,,NA,,,,,,鵲山圓環內,NA,NA,NA,NA,NA,NA,NA,NA,NA,0,1,0,晴,夜間（或隧道、地下道、涵洞）有照明,村里道路,60,圓環,一般車道（未劃分快慢車道）,柏油,乾燥,無缺陷,無障礙物,良好,無號誌,無號誌,無分向設施,未繪設車道線,未繪設快慢車道分隔線,有,撞橋樑、建築物,未注意車前狀態,Y000,YY00,1,2,2014/7/30,黃海路,,金門縣金湖鎮鵲山圓環內,118.4256931,24.452032,自用 小客車∕ ∕,小客車自用,42∕0∕,受傷,6F****7代號2587,其他,有適當之駕照,不明,汽車前車頭,未注意車前狀態∕尚未發現肇事因素∕,未注意車前狀態∕未注意車前狀態∕,其他,其他,本國∕本國∕
10307,10307Y00020011,YZA1,10307YZ000003,2014,7,1,15,30,金門縣,金寧鄉,,NA,環島西路,二,,NA,,,大學路,,,,NA,NA,NA,NA,NA,NA,NA,NA,NA,0,2,0,晴,日間自然光線,村里道路,40,三岔路,交岔路口內,柏油,乾燥,無缺陷,無障礙物,良好,閃光號誌,正常,無分向設施,未繪設車道線,未繪設快慢車道分隔線,無,側撞,違規超車,Y000,YZ00,1,2,2014/7/1,環島西路二段,大學路,,118.319604,24.444293,普通重型 機車∕普通輕型 機車∕乘客 人,機車普通重型∕機車普通輕型∕乘客,16∕55∕17,未受傷∕受傷∕受傷,85****K代號2864∕WZ****2代號2865∕WZ****2代號2865,其他∕其他∕其他,無照（未達考照年齡）∕有適當之駕照∕非汽（機）車駕駛人,經檢測無酒精反應∕經檢測無酒精反應∕非駕駛人，未檢測,機車後車尾∕機車前車頭∕非汽（機）車,違規超車∕未注意車前狀態∕尚未發現肇事因素,違規超車∕違規超車∕違規超車,其他∕其他∕其他,其他∕其他∕其他,本國∕本國∕本國
10307,10307Y00020012,YZA1,10307YZ000005,2014,7,2,14,10,金門縣,金城鎮,,NA,,,,NA,,,,,,埔邊村農路交叉路口,NA,NA,NA,NA,NA,NA,NA,NA,NA,0,1,0,晴,日間自然光線,村里道路,40,四岔路,交岔路口內,水泥,乾燥,無缺陷,無障礙物,樹木、農作物,無號誌,無號誌,無分向設施,未繪設車道線,未繪設快慢車道分隔線,無,路口交岔撞,未依規定讓車,Y000,YZ00,1,2,2014/7/2,金門縣金城鎮埔邊村農路交叉路口,,金門縣金城鎮埔邊村農路交叉路口,118.3166667,24.4166667,普通重型 機車∕營業用 小貨車(含客、貨兩用)∕,機車普通重型∕小貨車營業用∕,61∕39∕,受傷∕未受傷∕,PZ****0代號2866∕39****6代號2867∕,其他∕其他∕,越級駕駛∕有適當之駕照∕,經檢測無酒精反應∕經檢測無酒精反應∕,機車右側車身∕汽車左前車頭（身）∕,未依規定讓車∕未依規定減速∕,未依規定讓車∕未依規定讓車∕,家庭主婦（夫）∕技術工∕,社交活動∕上、下班∕,本國∕本國∕
10307,10307Y00020057,YZA1,10307YZ000006,2014,7,4,11,55,金門縣,金城鎮,,NA,民權路,,,NA,,,,,,元大銀行旁711前路段,NA,NA,NA,NA,NA,NA,NA,NA,NA,0,1,0,晴,日間自然光線,村里道路,40,四岔路,交岔口附近,柏油,乾燥,無缺陷,無障礙物,良好,無號誌,無號誌,附標記,未繪設車道線,未繪設快慢車道分隔線,無,同向擦撞,違規超車,Y000,YZ00,1,2,2014/7/4,民權路,,金門縣金城鎮元大銀行旁711前路段,118.3168946,24.4355379,公營公車 大客車∕普通重型 機車∕,公營公車∕機車普通重型∕,48∕57∕,未受傷∕受傷∕,VU***0代號2868∕22****J代號2869∕,其他∕其他∕,有適當之駕照∕有適當之駕照∕,經檢測無酒精反應∕經檢測無酒精反應∕,汽車右側車身∕機車左側車身∕,違規超車∕尚未發現肇事因素∕,違規超車∕違規超車∕,其他∕其他∕,其他∕其他∕,本國∕本國∕
10307,10307Y00020013,YZA1,10307YZ000008,2014,7,5,14,3,金門縣,金城鎮,,NA,環島西路,一,,NA,,,,,,吳厝路口,NA,NA,NA,NA,NA,NA,NA,NA,NA,0,2,0,晴,日間自然光線,縣道,40,四岔路,交岔路口內,柏油,乾燥,無缺陷,無障礙物,良好,無號誌,無號誌,無分向設施,未繪設車道線,未繪設快慢車道分隔線,有,路上翻車、摔倒,未依規定減速,Y000,YZ00,1,2,2014/7/5,環島西路一段,,金門縣金城鎮吳厝路口,118.3184801,24.4172073,普通重型 機車∕ ∕乘客 人,機車普通重型乘客,20∕0∕20,受傷受傷,92****F代號287092****F代號2870,其他其他,無照（已達考照年齡）非汽（機）車駕駛人,經檢測無酒精反應非駕駛人，未檢測,機車右側車身非汽（機）車,未依規定減速∕尚未發現肇事因素∕尚未發現肇事因素,未依規定減速∕未依規定減速∕未依規定減速,專科生不明,觀光旅遊觀光旅遊,本國∕本國∕本國
10307,10307Y00020014,YZA1,10307YZ000011,2014,7,6,8,29,金門縣,金寧鄉,,NA,環島北路,二,,NA,,,,,,0051號路燈桿,NA,NA,NA,NA,NA,NA,NA,NA,NA,0,1,0,晴,日間自然光線,村里道路,60,直路,一般車道（未劃分快慢車道）,柏油,乾燥,無缺陷,無障礙物,良好,無號誌,無號誌,無標記,未繪設車道線,未繪設快慢車道分隔線,有,撞路樹、電桿,未注意車前狀態,Y000,YZ00,1,2,2014/7/6,環島北路二段,,金門縣金寧鄉0051號路燈桿,118.3537405,24.452631,普通重型 機車∕ ∕,機車普通重型,19∕0∕,受傷,39****D代號2871,其他,有適當之駕照,經檢測無酒精反應,機車前車頭,未注意車前狀態∕尚未發現肇事因素∕,未注意車前狀態∕未注意車前狀態∕,大學（研究）生,觀光旅遊,本國∕本國∕
10307,10307Y00020015,YZA1,10307YZ000012,2014,7,6,17,5,金門縣,金城鎮,,NA,,,,NA,,,,,,金城新莊7巷11號前路口,NA,NA,NA,NA,NA,NA,NA,NA,NA,0,1,0,晴,日間自然光線,村里道路,40,四岔路,交岔路口內,柏油,乾燥,無缺陷,無障礙物,良好,無號誌,無號誌,無分向設施,未繪設車道線,未繪設快慢車道分隔線,無,路口交岔撞,酒醉（後）駕駛失控,Y000,YZ00,1,2,2014/7/6,金門縣金城鎮金城新莊7巷11號前路口,,金門縣金城鎮金城新莊7巷11號前路口,118.319856,24.437936,普通重型 機車∕普通重型 機車∕,機車普通重型∕機車普通重型∕,46∕53∕,未受傷∕受傷∕,66****U代號2872∕PZ****0代號2873∕,其他∕其他∕,有適當之駕照∕有適當之駕照∕,經呼氣檢測0.56至0.80mg∕L或血液檢測0.111至0.16∕經檢測無酒精反應∕,機車右側車身∕機車前車頭∕,酒醉（後）駕駛失控∕未依規定減速∕,酒醉（後）駕駛失控∕酒醉（後）駕駛失控∕,其他∕其他∕,其他∕其他∕,本國∕本國∕
10307,10307Y00020055,YZA1,10307YZ000015,2014,7,6,23,12,金門縣,金寧鄉,,NA,伯玉路,二,,NA,,,,,,后盤山路口,NA,NA,NA,NA,NA,NA,NA,NA,NA,0,3,1,晴,夜間（或隧道、地下道、涵洞）有照明,縣道,70,三岔路,交岔口附近,柏油,乾燥,突出（高低）不平,道路工事（程）中,良好,無號誌,無號誌,無分向設施,未繪設車道線,未繪設快慢車道分隔線,無,撞號誌、標誌桿,酒醉（後）駕駛失控,Y000,YZ00,1,2,2014/7/6,伯玉路二段,,金門縣金寧鄉后盤山路口,118.3416148,24.4414563,自用 小客車∕ ∕乘客 人∕乘客 人∕乘客 人,小客車自用乘客∕乘客∕乘客,40∕0∕49∕20∕21,受傷受傷∕2-30日內死亡∕受傷,06****7代號287406****7代號2874∕06****7代號2874∕06****7代號2874,其他其他∕其他∕其他,有適當之駕照非汽（機）車駕駛人∕非汽（機）車駕駛人∕非汽（機）車駕駛人,經呼氣檢測超過0.80mg∕L或血液檢測超過0.16經檢測無酒精反應∕經檢測無酒精反應∕經檢測無酒精反應,汽車前車頭不明∕不明∕不明,酒醉（後）駕駛失控∕尚未發現肇事因素∕尚未發現肇事因素∕尚未發現肇事因素∕尚未發現肇事因素,酒醉（後）駕駛失控∕酒醉（後）駕駛失控∕酒醉（後）駕駛失控∕酒醉（後）駕駛失控∕酒醉（後）駕駛失控,不明不明∕不明∕不明,其他其他∕其他∕其他,本國∕本國∕本國∕本國∕本國
10307,10307Y00020016,YZA1,10307YZ000017,2014,7,8,7,55,金門縣,金寧鄉,,NA,,,,NA,,,,,,頂埔下142號前路口,NA,NA,NA,NA,NA,NA,NA,NA,NA,0,2,0,晴,日間自然光線,村里道路,40,三岔路,交岔路口內,水泥,乾燥,無缺陷,無障礙物,良好,無號誌,無號誌,無分向設施,未繪設車道線,未繪設快慢車道分隔線,無,側撞,未依規定讓車,Y000,YZ00,1,2,2014/7/8,金門縣金寧鄉頂埔下142號前路口,,金門縣金寧鄉頂埔下142號前路口,118.3099021,24.4474013,普通重型 機車∕普通重型 機車∕,機車普通重型∕機車普通重型∕,60∕31∕,受傷∕受傷∕,PZ****8代號2875∕51****W代號2876∕,其他∕其他∕,有適當之駕照∕有適當之駕照∕,經檢測無酒精反應∕經檢測無酒精反應∕,機車左側車身∕機車前車頭∕,未依規定讓車∕未依規定減速∕,未依規定讓車∕未依規定讓車∕,其他∕其他∕,其他∕其他∕,本國∕本國∕
10307,10307Y00020017,YZA1,10307YZ000018,2014,7,8,8,50,金門縣,金城鎮,,NA,西海路,三,,NA,,,賢城路,,,,NA,NA,NA,NA,NA,NA,NA,NA,NA,0,2,0,晴,日間自然光線,村里道路,50,三岔路,交岔路口內,柏油,乾燥,無缺陷,無障礙物,良好,閃光號誌,正常,無分向設施,未繪設車道線,未繪設快慢車道分隔線,有,側撞,左轉彎未依規定,Y000,YZ00,1,2,2014/7/8,西海路三段,賢城路,,118.315633,24.426675,普通重型 機車∕普通重型 機車∕,機車普通重型∕機車普通重型∕,66∕20∕,受傷∕受傷∕,16****E代號2877∕31****F代號2878∕,其他∕其他∕,越級駕駛∕有適當之駕照∕,經觀察未飲酒∕經檢測無酒精反應∕,機車左側車身∕機車前車頭∕,左轉彎未依規定∕違規超車∕,左轉彎未依規定∕左轉彎未依規定∕,無業者∕服務工作者∕,其他∕上、下班∕,本國∕本國∕
10307,10307Y00020018,YZA1,10307YZ000020,2014,7,9,8,38,金門縣,金寧鄉,,NA,頂林路,,,NA,,,瓊安路,,,,NA,NA,NA,NA,NA,NA,NA,NA,NA,0,1,0,晴,日間自然光線,村里道路,50,四岔路,交岔路口內,柏油,乾燥,無缺陷,無障礙物,良好,閃光號誌,正常,無分向設施,未繪設車道線,未繪設快慢車道分隔線,有,路口交岔撞,未依規定讓車,Y000,YZ00,1,2,2014/7/9,頂林路,瓊安路,,118.32535,24.46123779,普通輕型 機車∕自用 小貨車(含客、貨兩用)∕,機車普通輕型∕小貨車自用∕,70∕57∕,受傷∕未受傷∕,WZ****1代號1284∕09****X代號2879∕,其他∕其他∕,有適當之駕照∕有適當之駕照∕,經檢測無酒精反應∕經檢測無酒精反應∕,機車前車頭∕汽車左前車頭（身）∕,未依規定讓車∕未依規定減速∕,未依規定讓車∕未依規定讓車∕,無業者∕其他∕,其他∕其他∕,本國∕本國∕
10307,10307Y00020020,YZA1,10307YZ000022,2014,7,9,21,55,金門縣,金寧鄉,,NA,伯玉路,一,,NA,,,,,,榜林圓環,NA,NA,NA,NA,NA,NA,NA,NA,NA,0,1,0,晴,夜間（或隧道、地下道、涵洞）有照明,村里道路,60,圓環,一般車道（未劃分快慢車道）,柏油,乾燥,無缺陷,無障礙物,良好,無號誌,無號誌,無分向設施,未繪設車道線,未繪設快慢車道分隔線,有,其他,未依規定減速,Y000,YZ00,1,2,2014/7/9,伯玉路一段,,金門縣金寧鄉榜林圓環,118.3267756,24.4346914,普通輕型 機車∕普通重型 機車∕,機車普通輕型∕機車普通重型∕,26∕22∕,受傷∕未受傷∕,VD****9代號2880∕12****P代號2881∕,其他∕其他∕,有適當之駕照∕有適當之駕照∕,經檢測無酒精反應∕經檢測無酒精反應∕,機車前車頭∕機車前車頭∕,未依規定減速∕尚未發現肇事因素∕,未依規定減速∕未依規定減速∕,大學（研究）生∕大學（研究）生∕,觀光旅遊∕購物∕,本國∕本國∕
10307,10307Y00020019,YZA1,10307YZ000023,2014,7,9,18,18,金門縣,金城鎮,,NA,民生路,,,NA,,,,,,金城車站圓環,NA,NA,NA,NA,NA,NA,NA,NA,NA,0,1,0,晴,日間自然光線,縣道,40,圓環,一般車道（未劃分快慢車道）,柏油,乾燥,無缺陷,無障礙物,良好,無號誌,無號誌,無分向設施,未繪設車道線,未繪設快慢車道分隔線,有,其他,逆向行駛,Y000,YZ00,1,2,2014/7/9,民生路,,金門縣金城鎮金城車站圓環,118.3190184,24.43575,普通重型 機車∕普通重型 機車∕,機車普通重型∕機車普通重型∕,20∕56∕,未受傷∕受傷∕,AD*****3代號2882∕88****W代號2883∕,其他∕其他∕,有適當之駕照∕有適當之駕照∕,經檢測無酒精反應∕經檢測無酒精反應∕,機車左側車身∕機車前車頭∕,逆向行駛∕尚未發現肇事因素∕,逆向行駛∕逆向行駛∕,大學（研究）生∕家庭主婦（夫）∕,其他∕運輸∕,本國∕本國∕
10307,10307Y00020021,YZA1,10307YZ000025,2014,7,11,17,20,金門縣,金城鎮,,NA,伯玉路,一,,NA,,,桃園路,,,附近,NA,NA,NA,NA,NA,NA,NA,NA,NA,0,2,0,晴,日間自然光線,縣道,60,直路,一般車道（未劃分快慢車道）,柏油,乾燥,無缺陷,無障礙物,良好,無號誌,無號誌,無標記,未繪設車道線,未繪設快慢車道分隔線,有,同向擦撞,未保持行車安全間隔,Y000,YZ00,1,2,2014/7/11,伯玉路一段,桃園路,,118.3245732,24.4324356,自用 小貨車(含客、貨兩用)∕普通重型 機車∕乘客 人,小貨車自用∕機車普通重型∕乘客,39∕23∕22,未受傷∕受傷∕受傷,AA*****1代號2884∕81****F代號2885∕81****F代號2885,其他∕其他∕其他,有適當之駕照∕有適當之駕照∕非汽（機）車駕駛人,經檢測無酒精反應∕經檢測無酒精反應∕非駕駛人，未檢測,汽車右側車身∕機車左側車身∕非汽（機）車,未保持行車安全間隔∕尚未發現肇事因素∕尚未發現肇事因素,未保持行車安全間隔∕未保持行車安全間隔∕未保持行車安全間隔,技術工∕服務工作者∕服務工作者,其他∕其他∕其他,本國∕本國∕本國