年月,總編號,處理單位,處理編號,年,月,日,時,分,縣市,區,村里,鄰,街道,段,巷,弄,號,公尺處,街道.1,段.1,側,附近,道路,公里,公尺處.1,向,車道,平交道,公里.1,公尺處.2,附近.1,死,受傷,X2.30,天候,光線,道路類別,速限,道路型態,事故位置,路面鋪裝,路面狀態,路面缺陷,障礙物,視距,號誌種類,號誌動作,分向設施,快車道或一般車道間,快慢車道間,路面邊線,事故類型及型態,主要肇因,警局,分局,案件類別,事故類別,日期,道路1,道路2,概略位置,lon,lat,車種,當事者區分.類別.,年齡,受傷程度,車輛牌照號碼,車輛用途,駕駛資格情形,飲酒情形,車輛撞擊部位最初,肇事因素個別,肇事因素主要,職.業,旅次目的,國籍
10307,,YZA1,10307YZ000027,2014,7,12,9,55,金門縣,金寧鄉,,NA,,,,NA,,,,,,埔後03288號路燈桿附近路口,NA,NA,NA,NA,NA,NA,NA,NA,NA,0,0,0,晴,NA,NA,40,NA,NA,NA,NA,NA,NA,NA,NA,NA,NA,NA,NA,NA,NA,NA,Y000,YZ00,1,4,2014/7/12,金門縣金寧鄉埔後03288號路燈桿附近路口,,金門縣金寧鄉埔後03288號路燈桿附近路口,118.317029,24.442928,自用 小貨車(含客、貨兩用)∕自用 小客車∕,小貨車自用∕小客車自用∕,47∕20∕,,AC*****8代號2886∕38****T代號2887∕,,,,,,,,,本國∕本國∕
10307,10307Y00020022,YZA1,10307YZ000028,2014,7,12,16,7,金門縣,金寧鄉,,NA,,,,NA,,,,,,埔後191號旁路段,NA,NA,NA,NA,NA,NA,NA,NA,NA,0,2,0,晴,日間自然光線,村里道路,40,直路,一般車道（未劃分快慢車道）,柏油,乾燥,無缺陷,路上有停車,路上停放車輛,無號誌,無號誌,無分向設施,未繪設車道線,未繪設快慢車道分隔線,有,其他,起步未注意其他車（人）安全,Y000,YZ00,1,2,2014/7/12,金門縣金寧鄉埔後191號旁路段,,金門縣金寧鄉埔後191號旁路段,118.317029,24.442928,腳踏自行車 慢車∕普通重型 機車∕,腳踏自行車∕機車普通重型∕,14∕30∕,受傷∕受傷∕,∕71****V代號2888∕,其他∕其他∕,非汽（機）車駕駛人∕有適當之駕照∕,經檢測無酒精反應∕經檢測無酒精反應∕,非汽（機）車∕機車前車頭∕,起步未注意其他車（人）安全∕未注意車前狀態∕,起步未注意其他車（人）安全∕起步未注意其他車（人）安全∕,國中生∕其他∕,其他∕其他∕,本國∕本國∕
10307,10307Y00020040,YZA1,10307YZ000029,2014,7,12,17,4,金門縣,金城鎮,,NA,民生路,,,NA,,,,,,靠近東門圓環路段,NA,NA,NA,NA,NA,NA,NA,NA,NA,0,1,0,晴,日間自然光線,村里道路,40,直路,一般車道（未劃分快慢車道）,柏油,乾燥,無缺陷,無障礙物,良好,無號誌,無號誌,無標記,未繪設車道線,未繪設快慢車道分隔線,有,追撞,未注意車前狀態,Y000,YZ00,1,2,2014/7/12,民生路,,金門縣金城鎮靠近東門圓環路段,118.3190184,24.43575,普通重型 機車∕普通輕型 機車∕,機車普通重型∕機車普通輕型∕,44∕28∕,受傷∕未受傷∕,18****A代號2889∕ZK****3代號2890∕,其他∕其他∕,有適當之駕照∕有適當之駕照∕,經檢測無酒精反應∕經檢測無酒精反應∕,機車前車頭∕機車後車尾∕,未注意車前狀態∕違規停車或暫停不當而肇事∕,未注意車前狀態∕未注意車前狀態∕,其他∕其他∕,其他∕其他∕,本國∕本國∕
10307,10307Y00020023,YZA1,10307YZ000030,2014,7,13,7,57,金門縣,金寧鄉,,NA,,,,NA,,,,,,埔後58號旁路口,NA,NA,NA,NA,NA,NA,NA,NA,NA,0,2,0,晴,日間自然光線,村里道路,40,四岔路,交岔路口內,柏油,乾燥,無缺陷,無障礙物,良好,無號誌,無號誌,無分向設施,未繪設車道線,未繪設快慢車道分隔線,有,路口交岔撞,未依規定讓車,Y000,YZ00,1,2,2014/7/13,金門縣金寧鄉埔後58號旁路口,,金門縣金寧鄉埔後58號旁路口,118.317029,24.442928,普通重型 機車∕自用 小客車∕乘客 人,機車普通重型∕小客車自用∕乘客,23∕77∕21,受傷∕未受傷∕受傷,73****V代號2891∕84****J代號2892∕73****V代號2891,其他∕其他∕其他,有適當之駕照∕有適當之駕照∕非汽（機）車駕駛人,經檢測無酒精反應∕經檢測無酒精反應∕非駕駛人，未檢測,機車右側車身∕汽車前車頭∕非汽（機）車,未依規定讓車∕未依規定減速∕尚未發現肇事因素,未依規定讓車∕未依規定讓車∕未依規定讓車,大學（研究）生∕其他∕大學（研究）生,觀光旅遊∕其他∕觀光旅遊,本國∕本國∕本國
10307,10307Y00020024,YZA1,10307YZ000031,2014,7,13,11,48,金門縣,金寧鄉,,NA,,,,NA,,,,,,金門大學往湖南產業道路,NA,NA,NA,NA,NA,NA,NA,NA,NA,0,2,0,晴,日間自然光線,村里道路,40,四岔路,交岔路口內,水泥,乾燥,無缺陷,無障礙物,良好,無號誌,無號誌,無分向設施,未繪設車道線,未繪設快慢車道分隔線,無,路口交岔撞,未依規定讓車,Y000,YZ00,1,2,2014/7/13,金門縣金寧鄉金門大學往湖南產業道路,,金門縣金寧鄉金門大學往湖南產業道路,118.322848,24.447907,普通重型 機車∕普通重型 機車∕,機車普通重型∕機車普通重型∕,26∕28∕,受傷∕受傷∕,K6****9代號2893∕06****J代號2894∕,其他∕其他∕,有適當之駕照∕有適當之駕照∕,經檢測無酒精反應∕經檢測無酒精反應∕,機車前車頭∕機車左側車身∕,未依規定讓車∕未依規定減速∕,未依規定讓車∕未依規定讓車∕,技術工∕無業者∕,上、下班∕其他∕,本國∕非本國∕
10307,10307Y00020041,YZA1,10307YZ000034,2014,7,13,17,55,金門縣,金寧鄉,,NA,慈湖路,一,,NA,,,,,,03405燈桿前,NA,NA,NA,NA,NA,NA,NA,NA,NA,0,1,0,晴,日間自然光線,鄉道,40,四岔路,交岔路口內,柏油,乾燥,無缺陷,無障礙物,良好,無號誌,無號誌,無分向設施,未繪設車道線,未繪設快慢車道分隔線,無,路口交岔撞,未依規定讓車,Y000,YZ00,1,2,2014/7/13,慈湖路一段,,金門縣金寧鄉03405燈桿前,118.3117387,24.4416084,租賃車 小客車∕普通重型 機車∕,小客車租貸車∕機車普通重型∕,61∕71∕,未受傷∕受傷∕,39****6代號68∕PZ****5代號2895∕,其他∕其他∕,有適當之駕照∕有適當之駕照∕,經檢測無酒精反應∕經檢測無酒精反應∕,汽車右前車頭（身）∕機車左側車身∕,未依規定讓車∕未依規定減速∕,未依規定讓車∕未依規定讓車∕,其他∕其他∕,其他∕其他∕,本國∕本國∕
10307,10307Y00020025,YZA1,10307YZ000035,2014,7,13,22,12,金門縣,金寧鄉,,NA,盤果路,,,NA,,,,,,00413燈桿前路段,NA,NA,NA,NA,NA,NA,NA,NA,NA,0,1,0,晴,夜間（或隧道、地下道、涵洞）有照明,縣道,50,直路,一般車道（未劃分快慢車道）,柏油,乾燥,無缺陷,無障礙物,良好,無號誌,無號誌,無標記,未繪設車道線,未繪設快慢車道分隔線,有,其他,裝載貨物不穩妥,Y000,YZ00,1,2,2014/7/13,盤果路,,金門縣金寧鄉00413燈桿前路段,118.3423814,24.4390088,普通重型 機車∕普通重型 機車∕,機車普通重型∕機車普通重型∕,36∕56∕,未受傷∕受傷∕,25****B代號2896∕61****E代號2242∕,其他∕其他∕,有適當之駕照∕有適當之駕照∕,經檢測無酒精反應∕經檢測無酒精反應∕,機車後車尾∕機車前車頭∕,裝載貨物不穩妥∕尚未發現肇事因素∕,裝載貨物不穩妥∕裝載貨物不穩妥∕,技術工∕技術工∕,上、下班∕上、下班∕,本國∕本國∕
10307,10307Y00020026,YZA1,10307YZ000039,2014,7,14,21,15,金門縣,金寧鄉,,NA,伯玉路,二,,NA,,,,,,韓味達人前路段,NA,NA,NA,NA,NA,NA,NA,NA,NA,0,1,0,晴,夜間（或隧道、地下道、涵洞）有照明,村里道路,70,直路,一般車道（未劃分快慢車道）,柏油,乾燥,無缺陷,無障礙物,良好,無號誌,無號誌,無標記,未繪設車道線,快慢車道分隔線,有,追撞,違規停車或暫停不當而肇事,Y000,YZ00,1,2,2014/7/14,伯玉路二段,,金門縣金寧鄉韓味達人前路段,118.3416148,24.4414563,自用 小客車∕普通重型 機車∕,小客車自用∕機車普通重型∕,37∕19∕,未受傷∕受傷∕,CX****3代號2562∕03****G代號2897∕,其他∕其他∕,有適當之駕照∕有適當之駕照∕,經檢測無酒精反應∕經檢測無酒精反應∕,汽車左後車尾（身）∕機車前車頭∕,違規停車或暫停不當而肇事∕未注意車前狀態∕,違規停車或暫停不當而肇事∕違規停車或暫停不當而肇事∕,服務工作者∕非技術工及體力工∕,社交活動∕社交活動∕,本國∕本國∕
10307,10307Y00020033,YZA1,10307YZ000041,2014,7,16,19,35,金門縣,金城鎮,,NA,民權路,,,NA,,,,,,金帝飯店前,NA,NA,NA,NA,NA,NA,NA,NA,NA,0,1,0,晴,日間自然光線,縣道,40,四岔路,交岔口附近,柏油,乾燥,無缺陷,無障礙物,良好,無號誌,無號誌,無標記,未繪設車道線,未繪設快慢車道分隔線,無,側撞,右轉彎未依規定,Y000,YZ00,1,2,2014/7/16,民權路,,金門縣金城鎮金帝飯店前,118.3168946,24.4355379,自用 小貨車(含客、貨兩用)∕普通重型 機車∕,小貨車自用∕機車普通重型∕,28∕24∕,未受傷∕受傷∕,16****V代號2898∕G8****9代號2899∕,其他∕其他∕,有適當之駕照∕有適當之駕照∕,經檢測無酒精反應∕經檢測無酒精反應∕,汽車右前車頭（身）∕機車左側車身∕,右轉彎未依規定∕未保持行車安全距離∕,右轉彎未依規定∕右轉彎未依規定∕,其他∕其他∕,其他∕其他∕,本國∕本國∕
10307,10307Y00020027,YZA1,10307YZ000043,2014,7,16,11,48,金門縣,金城鎮,,NA,民族路,,,NA,253-11,,,,,,NA,NA,NA,NA,NA,NA,NA,NA,NA,0,1,0,晴,日間自然光線,村里道路,40,四岔路,交岔路口內,水泥,乾燥,無缺陷,無障礙物,良好,無號誌,無號誌,無分向設施,未繪設車道線,未繪設快慢車道分隔線,無,路口交岔撞,未依規定讓車,Y000,YZ00,1,2,2014/7/16,民族路253-11號,,金門縣金城鎮,118.3157499,24.4302723,普通重型 機車∕自用 小貨車(含客、貨兩用)∕乘客 人,機車普通重型∕小貨車自用∕乘客,23∕46∕21,受傷∕未受傷∕未受傷,75****D代號2900∕WY****3代號2901∕75****D代號2900,其他∕其他∕其他,有適當之駕照∕有適當之駕照∕非汽（機）車駕駛人,經檢測無酒精反應∕經檢測無酒精反應∕非駕駛人，未檢測,機車前車頭∕汽車左側車身∕非汽（機）車,未依規定讓車∕未依規定減速∕尚未發現肇事因素,未依規定讓車∕未依規定讓車∕未依規定讓車,大學（研究）生∕技術工∕大學（研究）生,其他∕其他∕其他,本國∕本國∕本國
10307,,YZA1,10307YZ000044,2014,7,17,16,48,金門縣,金城鎮,,NA,民族路,,,NA,260,,,,,,NA,NA,NA,NA,NA,NA,NA,NA,NA,0,0,0,晴,NA,NA,50,NA,NA,NA,NA,NA,NA,NA,NA,NA,NA,NA,NA,NA,NA,NA,Y000,YZ00,1,4,2014/7/17,民族路260號,,金門縣金城鎮,118.3157499,24.4302723,自用 小客車∕自用 小客車∕,小客車自用∕小客車自用∕,46∕34∕,,09****V代號2902∕41****P代號2903∕,,,,,,,,,本國∕本國∕
10307,10307Y00020042,YZA1,10307YZ000045,2014,7,17,19,43,金門縣,金城鎮,,NA,民權路,,,NA,,,,,,摩斯漢堡前路口,NA,NA,NA,NA,NA,NA,NA,NA,NA,0,2,0,晴,夜間（或隧道、地下道、涵洞）有照明,村里道路,40,四岔路,交岔路口內,柏油,乾燥,無缺陷,無障礙物,良好,無號誌,無號誌,無分向設施,未繪設車道線,未繪設快慢車道分隔線,有,追撞,未保持行車安全距離,Y000,YZ00,1,2,2014/7/17,民權路,,金門縣金城鎮摩斯漢堡前路口,118.3168946,24.4355379,普通重型 機車∕普通重型 機車∕,機車普通重型∕機車普通重型∕,33∕31∕,受傷∕受傷∕,60****C代號2904∕56****G代號2905∕,其他∕其他∕,有適當之駕照∕有適當之駕照∕,經檢測無酒精反應∕經檢測無酒精反應∕,機車前車頭∕機車後車尾∕,未保持行車安全距離∕尚未發現肇事因素∕,未保持行車安全距離∕未保持行車安全距離∕,其他∕技術員及助理人員∕,其他∕上、下班∕,本國∕本國∕
10307,10307Y00020028,YZA1,10307YZ000046,2014,7,18,13,32,金門縣,金寧鄉,,NA,環島西路,二,,NA,,,,,,13168號燈桿前路段,NA,NA,NA,NA,NA,NA,NA,NA,NA,0,2,0,晴,日間自然光線,縣道,50,四岔路,交岔口附近,柏油,乾燥,無缺陷,無障礙物,良好,無號誌,無號誌,附標記,車道線（無標記）,未繪設快慢車道分隔線,有,對撞,逆向行駛,Y000,YZ00,1,2,2014/7/18,環島西路二段,,金門縣金寧鄉13168號燈桿前路段,118.3148723,24.4566699,普通重型 機車∕普通重型 機車∕,機車普通重型∕機車普通重型∕,59∕21∕,受傷∕受傷∕,PZ****1代號2906∕90****M代號2907∕,其他∕其他∕,有適當之駕照∕有適當之駕照∕,經檢測無酒精反應∕經檢測無酒精反應∕,機車前車頭∕機車前車頭∕,逆向行駛∕尚未發現肇事因素∕,逆向行駛∕逆向行駛∕,事務工作者∕大學（研究）生∕,上、下班∕上、下班∕,本國∕本國∕
10307,10307Y00020034,YZA1,10307YZ000047,2014,7,18,12,32,金門縣,金城鎮,,NA,民權路,,,NA,182,,,,,,NA,NA,NA,NA,NA,NA,NA,NA,NA,0,1,0,晴,日間自然光線,鄉道,40,四岔路,交岔口附近,柏油,乾燥,無缺陷,其他障礙物,良好,無號誌,無號誌,無標記,未繪設車道線,未繪設快慢車道分隔線,無,側撞,右轉彎未依規定,Y000,YZ00,1,2,2014/7/18,民權路182號,,金門縣金城鎮,118.3192898,24.4381016,自用 小客車∕普通重型 機車∕,小客車自用∕機車普通重型∕,27∕20∕,未受傷∕受傷∕,06****7代號2908∕28****R代號2909∕,其他∕其他∕,有適當之駕照∕有適當之駕照∕,經檢測無酒精反應∕經檢測無酒精反應∕,汽車右前車頭（身）∕機車左側車身∕,右轉彎未依規定∕未保持行車安全距離∕,右轉彎未依規定∕右轉彎未依規定∕,其他∕其他∕,其他∕其他∕,本國∕本國∕
10307,10307Y00020035,YZA1,10307YZ000048,2014,7,18,16,23,金門縣,金寧鄉,,NA,環島北路,一,,NA,,,頂林路,,,,NA,NA,NA,NA,NA,NA,NA,NA,NA,0,1,0,晴,日間自然光線,縣道,60,四岔路,交岔口附近,柏油,乾燥,無缺陷,無障礙物,良好,行車管制號誌,正常,無標記,未繪設車道線,未繪設快慢車道分隔線,有,側撞,未保持行車安全距離,Y000,YZ00,1,2,2014/7/18,環島北路一段,頂林路,,118.337844,24.44973832,普通重型 機車∕自用 小客車∕,機車普通重型∕小客車自用∕,48∕40∕,受傷∕未受傷∕,97****V代號2910∕43****W代號2911∕,其他∕其他∕,有適當之駕照∕有適當之駕照∕,經檢測無酒精反應∕經檢測無酒精反應∕,機車前車頭∕汽車右前車頭（身）∕,未保持行車安全距離∕右轉彎未依規定∕,未保持行車安全距離∕未保持行車安全距離∕,其他∕其他∕,其他∕其他∕,非本國∕本國∕
10307,10307Y00020043,YZA1,10307YZ000050,2014,7,18,7,47,金門縣,金寧鄉,盤山村,NA,林堡路,,,NA,,,盤果路,,,,NA,NA,NA,NA,NA,NA,NA,NA,NA,0,1,0,晴,日間自然光線,鄉道,40,三岔路,交岔路口內,柏油,乾燥,無缺陷,無障礙物,良好,無號誌,無號誌,無分向設施,未繪設車道線,未繪設快慢車道分隔線,有,側撞,違規超車,Y000,YZ00,NA,NA,2014/7/18,林堡路,盤果路,,118.3363113,24.4458205,普通重型 機車∕自用 小客車∕,機車普通重型∕小客車自用∕,19∕38∕,受傷∕未受傷∕,78****J代號2912∕6F****8代號2913∕,其他∕其他∕,有適當之駕照∕有適當之駕照∕,經檢測無酒精反應∕經檢測無酒精反應∕,機車前車頭∕汽車左前車頭（身）∕,違規超車∕左轉彎未依規定∕,違規超車∕違規超車∕,其他∕其他∕,其他∕其他∕,本國∕本國∕
10307,10307Y00020061,YZA1,10307YZ000052,2014,7,20,21,35,金門縣,金城鎮,,NA,北堤路,,,NA,,,,,,2100號電箱附近前路段,NA,NA,NA,NA,NA,NA,NA,NA,NA,0,2,0,晴,夜間（或隧道、地下道、涵洞）有照明,村里道路,40,直路,慢車道,柏油,乾燥,無缺陷,無障礙物,良好,無號誌,無號誌,無標記,未繪設車道線,快慢車道分隔線,有,對撞,逆向行駛,Y000,YZ00,1,2,2014/7/20,北堤路,,金門縣金城鎮2100號電箱附近前路段,118.3167419,24.4294062,普通重型 機車∕普通輕型 機車∕,機車普通重型∕機車普通輕型∕,64∕63∕,受傷∕受傷∕,PZ****3代號2914∕WZ****3代號2915∕,其他∕其他∕,有適當之駕照∕無照（已達考照年齡）∕,經檢測無酒精反應∕經檢測無酒精反應∕,機車前車頭∕機車前車頭∕,逆向行駛∕未注意車前狀態∕,逆向行駛∕逆向行駛∕,其他∕其他∕,其他∕其他∕,本國∕本國∕
10307,10307Y00030003,YZA1,10307YZ000054,2014,7,22,15,55,金門縣,金城鎮,,NA,,,,NA,,,,,,金門城68號金門酒廠前,NA,NA,NA,NA,NA,NA,NA,NA,NA,0,0,0,晴,日間自然光線,村里道路,40,三岔路,交岔路口內,水泥,乾燥,無缺陷,無障礙物,良好,無號誌,無號誌,無分向設施,未繪設車道線,未繪設快慢車道分隔線,有,其他,倒車未依規定,Y000,YZ00,1,3,2014/7/22,金門縣金城鎮金門城68號金門酒廠前,,金門縣金城鎮金門城68號金門酒廠前,118.304865,24.399458,自用 小貨車(含客、貨兩用)∕自用 小客車∕,小貨車自用∕小客車自用∕,18∕49∕,未受傷∕未受傷∕,6F****5代號2916∕6F****8代號2917∕,其他∕其他∕,無照（未達考照年齡）∕有適當之駕照∕,經檢測無酒精反應∕經檢測無酒精反應∕,汽車後車尾∕汽車前車頭∕,倒車未依規定∕尚未發現肇事因素∕,倒車未依規定∕倒車未依規定∕,不明∕不明∕,不明∕不明∕,本國∕本國∕
10307,10307Y00020037,YZA1,10307YZ000057,2014,7,22,8,55,金門縣,金城鎮,,NA,,,,NA,,,,,,賢聚公車亭前,NA,NA,NA,NA,NA,NA,NA,NA,NA,0,1,0,晴,日間自然光線,村里道路,40,直路,一般車道（未劃分快慢車道）,柏油,乾燥,無缺陷,無障礙物,良好,無號誌,無號誌,無分向設施,未繪設車道線,未繪設快慢車道分隔線,有,其他,違規超車,Y000,YZ00,1,2,2014/7/22,金門縣金城鎮賢聚公車亭前,,金門縣金城鎮賢聚公車亭前,118.3166667,24.4166667,普通重型 機車∕遊覽車 大客車∕計程車 小客車,機車普通重型∕遊覽車∕小客車計程車,22∕51∕60,受傷∕未受傷∕未受傷,81****X代號913∕10***L代號2918∕06***5代號2919,其他∕其他∕其他,有適當之駕照∕有適當之駕照∕有適當之駕照,經檢測無酒精反應∕經檢測無酒精反應∕經檢測無酒精反應,機車前車頭∕汽車前車頭∕汽車後車尾,違規超車∕未保持行車安全距離∕尚未發現肇事因素,違規超車∕違規超車∕違規超車,大學（研究）生∕汽車、火車駕駛員及船員∕汽車、火車駕駛員及船員,上、下班∕運輸∕運輸,本國∕本國∕本國
10307,10307Y00020044,YZA1,10307YZ000058,2014,7,24,8,22,金門縣,金城鎮,,NA,環島西路,一,,NA,,,民族路,,,,NA,NA,NA,NA,NA,NA,NA,NA,NA,0,1,0,雨,日間自然光線,村里道路,50,三岔路,交岔路口內,柏油,濕潤,無缺陷,無障礙物,良好,無號誌,無號誌,無分向設施,未繪設車道線,未繪設快慢車道分隔線,有,側撞,未依規定讓車,Y000,YZ00,1,2,2014/7/24,環島西路一段,民族路,,118.321341,24.430973,普通重型 機車∕自用 小客車∕,機車普通重型∕小客車自用∕,66∕39∕,受傷∕未受傷∕,21****E代號2920∕6F****6代號2921∕,其他∕其他∕,越級駕駛∕有適當之駕照∕,經檢測無酒精反應∕經檢測無酒精反應∕,機車右側車身∕汽車左前車頭（身）∕,未依規定讓車∕未依規定減速∕,未依規定讓車∕未依規定讓車∕,家庭主婦（夫）∕其他∕,購物∕其他∕,本國∕本國∕
10307,,YZA1,10307YZ000059,2014,7,24,12,5,金門縣,金城鎮,,NA,民族路,,,NA,,,,,,稅務局旁路口,NA,NA,NA,NA,NA,NA,NA,NA,NA,0,0,0,雨,NA,NA,40,NA,NA,NA,NA,NA,NA,NA,NA,NA,NA,NA,NA,NA,NA,NA,Y000,YZ00,1,4,2014/7/24,民族路,,金門縣金城鎮稅務局旁路口,118.3157499,24.4302723,自用 小客車∕自用 小客車∕,小客車自用∕小客車自用∕,54∕26∕,,04****7代號2922∕76****R代號2923∕,,,,,,,,,本國∕本國∕
10307,10307Y00020056,YZA1,10307YZ000060,2014,7,24,21,54,金門縣,金城鎮,,NA,西海路,三,,NA,,,,,,天后宮前,NA,NA,NA,NA,NA,NA,NA,NA,NA,0,2,0,雨,夜間（或隧道、地下道、涵洞）有照明,縣道,50,三岔路,交岔口附近,柏油,濕潤,無缺陷,無障礙物,良好,無號誌,無號誌,無標記,未繪設車道線,未繪設快慢車道分隔線,有,路上翻車、摔倒,酒醉（後）駕駛失控,Y000,YZ00,1,2,2014/7/24,西海路三段,,金門縣金城鎮天后宮前,118.3124964,24.4226194,普通輕型 機車∕ ∕乘客 人,機車普通輕型乘客,46∕0∕44,受傷受傷,WZ****8代號2924WZ****8代號2924,其他其他,無照（已達考照年齡）非汽（機）車駕駛人,經呼氣檢測超過0.80mg∕L或血液檢測超過0.16非駕駛人，未檢測,機車左側車身非汽（機）車,酒醉（後）駕駛失控∕尚未發現肇事因素∕尚未發現肇事因素,酒醉（後）駕駛失控∕酒醉（後）駕駛失控∕酒醉（後）駕駛失控,技術工技術工,其他其他,本國∕本國∕本國
10307,10307Y00020045,YZA1,10307YZ000062,2014,7,26,9,40,金門縣,金寧鄉,,NA,環島北路,二,,NA,92,,,,,0054燈桿前路段,NA,NA,NA,NA,NA,NA,NA,NA,NA,0,1,0,晴,日間自然光線,村里道路,60,直路,一般車道（未劃分快慢車道）,柏油,乾燥,無缺陷,無障礙物,良好,無號誌,無號誌,無標記,未繪設車道線,未繪設快慢車道分隔線,有,倒車撞,倒車未依規定,Y000,YZ00,1,2,2014/7/26,環島北路二段92號,,金門縣金寧鄉0054燈桿前路段,118.3537405,24.452631,自用 小貨車(含客、貨兩用)∕自用 小貨車(含客、貨兩用)∕,小貨車自用∕小貨車自用∕,48∕23∕,受傷∕未受傷∕,76****K代號2925∕AC*****8代號2886∕,其他∕其他∕,有適當之駕照∕有適當之駕照∕,經檢測無酒精反應∕經檢測無酒精反應∕,汽車後車尾∕汽車前車頭∕,倒車未依規定∕未注意車前狀態∕,倒車未依規定∕倒車未依規定∕,服務工作者∕售貨員∕,業務聯繫∕業務聯繫∕,本國∕本國∕
10307,10307Y00020060,YZA1,10307YZ000063,2014,7,26,12,15,金門縣,金城鎮,,NA,西海路,一,,NA,,,,,,前水頭1501號前路段,NA,NA,NA,NA,NA,NA,NA,NA,NA,0,1,0,晴,日間自然光線,鄉道,50,直路,一般車道（未劃分快慢車道）,柏油,乾燥,無缺陷,無障礙物,良好,無號誌,無號誌,無標記,未繪設車道線,未繪設快慢車道分隔線,無,對向擦撞,違反特定標誌（線）禁制,Y000,YZ00,1,2,2014/7/26,西海路一段,,金門縣金城鎮前水頭1501號前路段,118.2906709,24.4124946,普通輕型 機車∕公營公車 大客車∕,機車普通輕型∕公營公車∕,70∕31∕,受傷∕未受傷∕,VN****1代號2926∕VU***8代號2927∕,其他∕其他∕,有適當之駕照∕有適當之駕照∕,經檢測無酒精反應∕經檢測無酒精反應∕,機車前車頭∕汽車左前車頭（身）∕,違反特定標誌（線）禁制∕尚未發現肇事因素∕,違反特定標誌（線）禁制∕違反特定標誌（線）禁制∕,其他∕其他∕,其他∕運輸∕,本國∕本國∕
10307,10307Y00020049,YZA1,10307YZ000066,2014,7,30,5,6,金門縣,金城鎮,,NA,環島北路,一,,NA,34,,,,,,NA,NA,NA,NA,NA,NA,NA,NA,NA,0,1,0,晴,夜間（或隧道、地下道、涵洞）有照明,縣道,60,直路,一般車道（未劃分快慢車道）,柏油,乾燥,無缺陷,無障礙物,良好,無號誌,無號誌,無標記,未繪設車道線,未繪設快慢車道分隔線,有,對撞,酒醉（後）駕駛失控,Y000,YZ00,1,2,2014/7/30,環島北路一段34號,,金門縣金城鎮,118.3283226,24.4462231,自用 小客車∕普通輕型 機車∕,小客車自用∕機車普通輕型∕,57∕62∕,未受傷∕受傷∕,DR****2代號2928∕WZ****1代號2929∕,其他∕其他∕,有適當之駕照∕有適當之駕照∕,經呼氣檢測超過0.80mg∕L或血液檢測超過0.16∕經檢測無酒精反應∕,汽車左前車頭（身）∕機車左側車身∕,酒醉（後）駕駛失控∕尚未發現肇事因素∕,酒醉（後）駕駛失控∕酒醉（後）駕駛失控∕,其他∕其他∕,其他∕其他∕,本國∕本國∕
10307,10307Y00020046,YZA1,10307YZ000067,2014,7,29,21,16,金門縣,金城鎮,,NA,民權路,,,NA,,,,,,金城新莊2巷路口,NA,NA,NA,NA,NA,NA,NA,NA,NA,0,3,0,晴,晨或暮光,縣道,50,三岔路,交岔路口內,柏油,乾燥,無缺陷,無障礙物,良好,無號誌,無號誌,無標記,未繪設車道線,未繪設快慢車道分隔線,無,側撞,未依規定讓車,Y000,YZ00,1,2,2014/7/29,民權路,,金門縣金城鎮金城新莊2巷路口,118.3168946,24.4355379,普通重型 機車∕普通重型 機車∕乘客 人,機車普通重型∕機車普通重型∕乘客,73∕21∕61,受傷∕受傷∕受傷,53****U代號2930∕N8****5代號2931∕53****U代號2930,其他∕其他∕其他,有適當之駕照∕有適當之駕照∕非汽（機）車駕駛人,經檢測無酒精反應∕經檢測無酒精反應∕非駕駛人，未檢測,機車後車尾∕機車前車頭∕非汽（機）車,未依規定讓車∕未注意車前狀態∕尚未發現肇事因素,未依規定讓車∕未依規定讓車∕未依規定讓車,其他∕其他∕其他,其他∕其他∕其他,本國∕本國∕本國
10307,10307Y00020053,YZA1,10307YZ000068,2014,7,30,12,7,金門縣,金寧鄉,,NA,,,,NA,,,,,,頂埔下39號旁路口,NA,NA,NA,NA,NA,NA,NA,NA,NA,0,2,0,晴,日間自然光線,村里道路,40,四岔路,交岔路口內,柏油,乾燥,無缺陷,無障礙物,良好,無號誌,無號誌,無分向設施,未繪設車道線,未繪設快慢車道分隔線,有,路口交岔撞,未依規定讓車,Y000,YZ00,1,2,2014/7/30,金門縣金寧鄉頂埔下39號旁路口,,金門縣金寧鄉頂埔下39號旁路口,118.3099021,24.4474013,普通重型 機車∕普通重型 機車∕乘客 人,機車普通重型∕機車普通重型∕乘客,51∕37∕3,受傷∕未受傷∕受傷,72****Z代號2932∕42****A代號2933∕72****Z代號2932,其他∕其他∕其他,有適當之駕照∕無照（已達考照年齡）∕非汽（機）車駕駛人,經檢測無酒精反應∕經檢測無酒精反應∕非駕駛人，未檢測,機車右側車身∕機車前車頭∕非汽（機）車,未依規定讓車∕未依規定減速∕尚未發現肇事因素,未依規定讓車∕未依規定讓車∕未依規定讓車,家庭主婦（夫）∕技術工∕未就學兒童,購物∕上、下班∕其他,本國∕本國∕本國
10307,10307Y00020051,YZA1,10307YZ000071,2014,7,30,7,44,金門縣,金城鎮,,NA,西海路,一,,NA,,,,,,水頭港T字路口,NA,NA,NA,NA,NA,NA,NA,NA,NA,0,1,0,晴,日間自然光線,鄉道,50,四岔路,交岔路口內,柏油,乾燥,突出（高低）不平,無障礙物,彎道,無號誌,無號誌,無分向設施,未繪設車道線,未繪設快慢車道分隔線,有,路上翻車、摔倒,未依規定減速,Y000,YZ00,1,2,2014/7/30,西海路一段,,金門縣金城鎮水頭港T字路口,118.2906709,24.4124946,普通重型 機車∕ ∕,機車普通重型,19∕0∕,受傷,AA*****8代號2934,其他,有適當之駕照,經檢測無酒精反應,機車前車頭,未依規定減速∕尚未發現肇事因素∕,未依規定減速∕未依規定減速∕,大學（研究）生,觀光旅遊,本國∕本國∕