年月,總編號,處理單位,處理編號,年,月,日,時,分,縣市,區,村里,鄰,街道,段,巷,弄,號,公尺處,街道.1,段.1,側,附近,道路,公里,公尺處.1,向,車道,平交道,公里.1,公尺處.2,附近.1,死,受傷,X2.30,天候,光線,道路類別,速限,道路型態,事故位置,路面鋪裝,路面狀態,路面缺陷,障礙物,視距,號誌種類,號誌動作,分向設施,快車道或一般車道間,快慢車道間,路面邊線,事故類型及型態,主要肇因,警局,分局,案件類別,事故類別,日期,道路1,道路2,概略位置,lon,lat,車種,當事者區分.類別.,年齡,受傷程度,車輛牌照號碼,車輛用途,駕駛資格情形,飲酒情形,車輛撞擊部位最初,肇事因素個別,肇事因素主要,職.業,旅次目的,國籍
10307,10307Y00020058,YZA1,10307YZ000072,2014,7,31,14,8,金門縣,金寧鄉,,NA,伯玉路,二,,NA,,,,,,金坊免稅商店前路段,NA,NA,NA,NA,NA,NA,NA,NA,NA,0,2,0,晴,日間自然光線,村里道路,70,直路,一般車道（未劃分快慢車道）,柏油,乾燥,無缺陷,無障礙物,良好,無號誌,無號誌,無標記,未繪設車道線,快慢車道分隔線,有,追撞,停車操作時，未注意其他車（人）安全,Y000,YZ00,1,2,2014/7/31,伯玉路二段,,金門縣金寧鄉金坊免稅商店前路段,118.3416148,24.4414563,自用 小客車∕普通重型 機車∕乘客 人,小客車自用∕機車普通重型∕乘客,33∕18∕18,未受傷∕受傷∕受傷,AF*****6代號2935∕15****H代號2936∕15****H代號2936,其他∕其他∕其他,有適當之駕照∕有適當之駕照∕非汽（機）車駕駛人,經檢測無酒精反應∕經檢測無酒精反應∕非駕駛人，未檢測,汽車左後車尾（身）∕機車前車頭∕不明,停車操作時，未注意其他車（人）安全∕未保持行車安全距離∕尚未發現肇事因素,停車操作時，未注意其他車（人）安全∕停車操作時，未注意其他車（人）安全∕停車操作時，未注意其他車（人）安全,家庭主婦（夫）∕大學（研究）生∕大學（研究）生,社交活動∕社交活動∕社交活動,本國∕本國∕本國
10307,10307Y00030004,YZA1,10307YZ000073,2014,7,31,9,50,金門縣,金城鎮,,NA,伯玉路,一,,NA,,,,,,大慶玻璃行旁路段0929號燈桿前,NA,NA,NA,NA,NA,NA,NA,NA,NA,0,0,0,晴,日間自然光線,村里道路,70,三岔路,交岔口附近,柏油,乾燥,無缺陷,無障礙物,良好,無號誌,無號誌,無標記,未繪設車道線,未繪設快慢車道分隔線,無,側撞,未依規定讓車,Y000,YZ00,1,3,2014/7/31,伯玉路一段,,金門縣金城鎮大慶玻璃行旁路段0929號燈桿前,118.3267756,24.4346914,自用 小貨車(含客、貨兩用)∕自用 大貨車∕,小貨車自用∕大貨車自用∕,60∕51∕,未受傷∕未受傷∕,AA*****0代號2937∕02***U代號2938∕,其他∕其他∕,有適當之駕照∕有適當之駕照∕,經檢測無酒精反應∕經檢測無酒精反應∕,汽車右側車身∕汽車前車頭∕,未依規定讓車∕未注意車前狀態∕,未依規定讓車∕未依規定讓車∕,其他∕其他∕,其他∕其他∕,本國∕本國∕
10308,,YYA1,10308YY000004,2014,8,1,15,50,金門縣,金湖鎮,,NA,黃海路,,,NA,99,,,,,,NA,NA,NA,NA,NA,NA,NA,NA,NA,0,0,0,NA,NA,NA,0,NA,NA,NA,NA,NA,NA,NA,NA,NA,NA,NA,NA,NA,NA,NA,Y000,YY00,1,4,2014/8/1,黃海路99號,,金門縣金湖鎮,118.4256931,24.452032,營業用 小貨車(含客、貨兩用)∕自用 小客車∕,小貨車營業用∕小客車自用∕,23∕74∕,,03***R代號2939∕6F****9代號2940∕,,,,,,,,,本國∕本國∕
10308,10308Y00020011,YYA1,10308YY000006,2014,8,6,7,58,金門縣,金湖鎮,,NA,市港路,,,NA,,,,,,武德新莊路口C014桿,NA,NA,NA,NA,NA,NA,NA,NA,NA,0,2,0,晴,日間自然光線,村里道路,50,三岔路,交岔路口內,柏油,乾燥,無缺陷,路上有停車,路上停放車輛,無號誌,無號誌,無分向設施,未繪設車道線,未繪設快慢車道分隔線,有,側撞,左轉彎未依規定,Y000,YY00,1,2,2014/8/6,市港路,,金門縣金湖鎮武德新莊路口C014桿,118.4099121,24.4348324,普通重型 機車∕電動自行車 慢車∕普通重型 機車,機車普通重型∕電動自行車∕機車普通重型,58∕60∕29,未受傷∕受傷∕受傷,PZ****3代號29413J****2代號1456,其他∕其他∕其他,有適當之駕照∕非汽（機）車駕駛人∕有適當之駕照,經檢測無酒精反應∕經檢測無酒精反應∕經檢測無酒精反應,機車右側車身∕非汽（機）車∕機車前車頭,左轉彎未依規定∕未依規定減速∕未依規定減速,左轉彎未依規定∕左轉彎未依規定∕左轉彎未依規定,家庭主婦（夫）∕家庭主婦（夫）∕服務工作者,購物∕購物∕上、下班,本國∕本國∕本國
10308,10308Y00020012,YYA1,10308YY000016,2014,8,12,15,50,金門縣,金湖鎮,,NA,市港路,,,NA,,,,,,武德新莊路口,NA,NA,NA,NA,NA,NA,NA,NA,NA,0,1,0,陰,日間自然光線,村里道路,50,三岔路,交岔路口內,柏油,乾燥,無缺陷,無障礙物,良好,無號誌,無號誌,無分向設施,未繪設車道線,未繪設快慢車道分隔線,有,穿越道路中,穿越道路未注意左右來車,Y000,YY00,1,2,2014/8/12,市港路,,金門縣金湖鎮武德新莊路口,118.4099121,24.4348324,其他人 人∕普通重型 機車∕,其他人∕機車普通重型∕,81∕32∕,受傷∕未受傷∕,∕19****V代號2942∕,非駕駛人及乘客∕其他∕,非汽（機）車駕駛人∕有適當之駕照∕,經檢測無酒精反應∕經檢測無酒精反應∕,非汽（機）車∕機車前車頭∕,穿越道路未注意左右來車∕未注意車前狀態∕,穿越道路未注意左右來車∕穿越道路未注意左右來車∕,無業者∕其他∕,其他∕其他∕,本國∕本國∕
10308,10308Y00030001,YYA1,10308YY000018,2014,8,14,18,6,金門縣,金湖鎮,,NA,士校路,,,NA,,,,,,幹訓班大門口前路口,NA,NA,NA,NA,NA,NA,NA,NA,NA,0,0,0,晴,晨或暮光,村里道路,50,三岔路,交岔路口內,柏油,乾燥,無缺陷,無障礙物,良好,無號誌,無號誌,無分向設施,未繪設車道線,未繪設快慢車道分隔線,有,側撞,未依規定減速,Y000,YY00,1,3,2014/8/14,士校路,,金門縣金湖鎮幹訓班大門口前路口,118.4271704,24.4453138,租賃車 小客車∕自用 小客車∕,小客車租貸車∕小客車自用∕,24∕40∕,未受傷∕未受傷∕,WW****7代號2943∕6A****8代號2944∕,其他∕其他∕,有適當之駕照∕有適當之駕照∕,經檢測無酒精反應∕經檢測無酒精反應∕,汽車左前車頭（身）∕汽車左側車身∕,未依規定減速∕左轉彎未依規定∕,未依規定減速∕未依規定減速∕,技術員及助理人員∕服務工作者∕,觀光旅遊∕上、下班∕,本國∕本國∕
10308,10308Y00020013,YYA1,10308YY000019,2014,8,15,8,50,金門縣,金湖鎮,,NA,伯玉路,四,,NA,,,,,,1163柱路燈桿路段,NA,NA,NA,NA,NA,NA,NA,NA,NA,0,1,0,晴,日間自然光線,村里道路,70,直路,一般車道（未劃分快慢車道）,柏油,乾燥,無缺陷,無障礙物,良好,無號誌,無號誌,附標記,未繪設車道線,快慢車道分隔線,有,其他,其他交通管制不當,Y000,YY00,NA,NA,2014/8/15,伯玉路四段,,金門縣金湖鎮1163柱路燈桿路段,118.3798588,24.4470039, ∕普通重型 機車∕,∕機車普通重型∕,0∕25∕,∕受傷∕,∕55****Q代號2945∕,∕其他∕,∕有適當之駕照∕,∕經檢測無酒精反應∕,∕機車前車頭∕,其他交通管制不當∕尚未發現肇事因素∕,其他交通管制不當∕其他交通管制不當∕,∕其他∕,∕上、下班∕,本國∕本國∕
10308,10308Y00020014,YYA1,10308YY000020,2014,8,16,16,46,金門縣,金沙鎮,光前里,NA,高陽路,,,NA,,,,,,01843路燈近環島東路路口,NA,NA,NA,NA,NA,NA,NA,NA,NA,0,1,0,晴,日間自然光線,村里道路,50,直路,一般車道（未劃分快慢車道）,柏油,乾燥,無缺陷,無障礙物,良好,無號誌,無號誌,無標記,未繪設車道線,未繪設快慢車道分隔線,有,路上翻車、摔倒,未注意車前狀態,Y000,YY00,1,2,2014/8/16,高陽路,,金門縣金沙鎮光前里01843路燈近環島東路路口,118.4078483,24.4727311,普通重型 機車∕ ∕,機車普通重型,21∕0∕,受傷,55****Z代號2946,其他,有適當之駕照,經檢測無酒精反應,機車右側車身,未注意車前狀態∕尚未發現肇事因素∕,未注意車前狀態∕未注意車前狀態∕,其他,其他,本國∕本國∕
10308,10308Y00030002,YYA1,10308YY000022,2014,8,17,2,49,金門縣,金湖鎮,,NA,環島北路,二,,NA,,,,,,0112柱路燈旁,NA,NA,NA,NA,NA,NA,NA,NA,NA,0,0,0,陰,夜間（或隧道、地下道、涵洞）有照明,村里道路,60,直路,一般車道（未劃分快慢車道）,柏油,乾燥,無缺陷,無障礙物,良好,無號誌,無號誌,附標記,未繪設車道線,未繪設快慢車道分隔線,有,撞路樹、電桿,未注意車前狀態,Y000,YY00,1,3,2014/8/17,環島北路二段,,金門縣金湖鎮0112柱路燈旁,118.3537405,24.452631,自用 小客車∕ ∕,小客車自用,28∕0∕,未受傷,36****5代號2947,其他,有適當之駕照,不明,汽車左前車頭（身）,未注意車前狀態∕尚未發現肇事因素∕,未注意車前狀態∕未注意車前狀態∕,服務工作者,其他,本國∕本國∕
10308,10308Y00020015,YYA1,10308YY000024,2014,8,18,13,15,金門縣,金湖鎮,,NA,經武路,,,NA,,,,,,全省傢俱路口,NA,NA,NA,NA,NA,NA,NA,NA,NA,0,1,0,晴,日間自然光線,村里道路,50,三岔路,交岔路口內,柏油,乾燥,無缺陷,無障礙物,良好,無號誌,無號誌,無標記,未繪設車道線,未繪設快慢車道分隔線,有,側撞,未依規定讓車,Y000,YY00,1,2,2014/8/18,經武路,,金門縣金湖鎮全省傢俱路口,118.3875082,24.4434136,自用 小貨車(含客、貨兩用)∕普通重型 機車∕,小貨車自用∕機車普通重型∕,48∕19∕,未受傷∕受傷∕,6F****3代號2948∕92****J代號2949∕,其他∕其他∕,有適當之駕照∕有適當之駕照∕,經檢測無酒精反應∕經檢測無酒精反應∕,汽車右前車頭（身）∕機車右側車身∕,未依規定讓車∕未依規定減速∕,未依規定讓車∕未依規定讓車∕,售貨員∕服務工作者∕,上、下班∕上、下班∕,本國∕本國∕
10308,10308Y00020021,YYA1,10308YY000028,2014,8,24,18,11,金門縣,金沙鎮,,NA,環島東路,三,,NA,,,,,,林務所後門路段,NA,NA,NA,NA,NA,NA,NA,NA,NA,0,1,0,晴,日間自然光線,村里道路,60,三岔路,交岔路口內,柏油,乾燥,無缺陷,無障礙物,良好,無號誌,無號誌,無分向設施,未繪設車道線,未繪設快慢車道分隔線,有,衝出路外,酒醉（後）駕駛失控,Y000,YY00,1,2,2014/8/24,環島東路三段,,金門縣金沙鎮林務所後門路段,118.4412269,24.4597558,普通重型 機車∕ ∕,機車普通重型,55∕0∕,受傷,PZ****1代號701,其他,駕照被吊（註）銷,經呼氣檢測超過0.80mg∕L或血液檢測超過0.16,機車前車頭,酒醉（後）駕駛失控∕尚未發現肇事因素∕,酒醉（後）駕駛失控∕酒醉（後）駕駛失控∕,其他,上、下班,本國∕本國∕
10308,10308Y00020027,YYA1,10308YY000033,2014,8,28,10,24,金門縣,金湖鎮,,NA,經武路,,,NA,,,,,,瓊徑路口附近路段,NA,NA,NA,NA,NA,NA,NA,NA,NA,0,1,0,晴,日間自然光線,村里道路,60,四岔路,交岔口附近,柏油,乾燥,無缺陷,無障礙物,良好,行車管制號誌,正常,附標記,未繪設車道線,未繪設快慢車道分隔線,有,追撞,未注意車前狀態,Y000,YY00,1,2,2014/8/28,經武路,,金門縣金湖鎮瓊徑路口附近路段,118.3875082,24.4434136,普通重型 機車∕自用 小客車∕,機車普通重型∕小客車自用∕,63∕43∕,受傷∕未受傷∕,25****V代號2950∕OH****5代號2951∕,其他∕其他∕,有適當之駕照∕有適當之駕照∕,經檢測無酒精反應∕經檢測無酒精反應∕,機車前車頭∕汽車左後車尾（身）∕,未注意車前狀態∕尚未發現肇事因素∕,未注意車前狀態∕未注意車前狀態∕,家庭主婦（夫）∕其他∕,其他∕其他∕,本國∕本國∕
10308,10308Y00020026,YYA1,10308YY000035,2014,8,29,19,16,金門縣,金湖鎮,,NA,太湖路,三,1,NA,6,,,,,旁路段,NA,NA,NA,NA,NA,NA,NA,NA,NA,0,1,0,陰,夜間（或隧道、地下道、涵洞）有照明,村里道路,40,三岔路,交岔口附近,柏油,乾燥,路面鬆軟,無障礙物,良好,無號誌,無號誌,無分向設施,未繪設車道線,未繪設快慢車道分隔線,無,路上翻車、摔倒,路況危險無安全（警告）設施,Y000,YY00,1,2,2014/8/29,太湖路三段1巷6號,,金門縣金湖鎮旁路段,118.4317691,24.4347503, ∕普通重型 機車∕,∕機車普通重型∕,0∕30∕,∕受傷∕,∕95****C代號2952∕,∕其他∕,∕有適當之駕照∕,∕經檢測無酒精反應∕,∕機車左側車身∕,路況危險無安全（警告）設施∕未注意車前狀態∕,路況危險無安全（警告）設施∕路況危險無安全（警告）設施∕,∕其他∕,∕其他∕,本國∕本國∕
10308,10308Y00020001,YZA1,10308YZ000001,2014,8,1,18,28,金門縣,金城鎮,,NA,民生路,,,NA,63,,,,,,NA,NA,NA,NA,NA,NA,NA,NA,NA,0,1,0,晴,日間自然光線,其他,40,直路,一般車道（未劃分快慢車道）,柏油,乾燥,無缺陷,無障礙物,良好,無號誌,無號誌,附標記,未繪設車道線,快慢車道分隔線,有,路上翻車、摔倒,未依規定減速,Y000,YZ00,1,2,2014/8/1,民生路63號,,金門縣金城鎮,118.3190184,24.43575,普通重型 機車∕ ∕,機車普通重型,22∕0∕,受傷,29****E代號2953,其他,越級駕駛,經檢測無酒精反應,機車右側車身,未依規定減速∕尚未發現肇事因素∕,未依規定減速∕未依規定減速∕,不明,購物,本國∕本國∕
10308,10308Y00020002,YZA1,10308YZ000002,2014,8,3,10,36,金門縣,金城鎮,,NA,民權路,,,NA,,,,,,70巷口,NA,NA,NA,NA,NA,NA,NA,NA,NA,0,2,0,晴,日間自然光線,村里道路,40,三岔路,交岔路口內,柏油,乾燥,無缺陷,無障礙物,良好,無號誌,無號誌,無分向設施,未繪設車道線,未繪設快慢車道分隔線,有,側撞,未保持行車安全距離,Y000,YZ00,1,2,2014/8/3,民權路,,金門縣金城鎮70巷口,118.3168946,24.4355379,普通重型 機車∕普通重型 機車∕,機車普通重型∕機車普通重型∕,55∕58∕,受傷∕受傷∕,33****T代號2954∕16****E代號2955∕,其他∕其他∕,有適當之駕照∕越級駕駛∕,經檢測無酒精反應∕經檢測無酒精反應∕,機車前車頭∕機車左側車身∕,未保持行車安全距離∕左轉彎未依規定∕,未保持行車安全距離∕未保持行車安全距離∕,技術工∕其他∕,其他∕購物∕,本國∕本國∕
10308,10308Y00020003,YZA1,10308YZ000003,2014,8,4,12,27,金門縣,金城鎮,,NA,環島西路,一,,NA,28,,,,,,NA,NA,NA,NA,NA,NA,NA,NA,NA,0,1,0,晴,日間自然光線,村里道路,40,三岔路,交岔路口內,柏油,乾燥,無缺陷,無障礙物,良好,無號誌,無號誌,無分向設施,未繪設車道線,未繪設快慢車道分隔線,有,側撞,未依規定讓車,Y000,YZ00,1,2,2014/8/4,環島西路一段28號,,金門縣金城鎮,118.3184801,24.4172073,自用 小客車∕普通重型 機車∕,小客車自用∕機車普通重型∕,23∕48∕,未受傷∕受傷∕,6F****6代號2956∕PZ****6代號2957∕,其他∕其他∕,有適當之駕照∕有適當之駕照∕,經檢測無酒精反應∕經檢測無酒精反應∕,汽車左前車頭（身）∕機車右側車身∕,未依規定讓車∕未依規定減速∕,未依規定讓車∕未依規定讓車∕,服務工作者∕其他∕,其他∕上、下班∕,本國∕本國∕
10308,10308Y00020004,YZA1,10308YZ000005,2014,8,5,15,30,金門縣,金寧鄉,盤山村,NA,伯玉路,二,,NA,226-1,,,,,加揚快捷,NA,NA,NA,NA,NA,NA,NA,NA,NA,0,1,0,晴,日間自然光線,縣道,60,直路,一般車道（未劃分快慢車道）,柏油,乾燥,無缺陷,無障礙物,良好,無號誌,無號誌,附標記,未繪設車道線,未繪設快慢車道分隔線,有,其他,起步未注意其他車（人）安全,Y000,YZ00,1,2,2014/8/5,伯玉路二段226-1號,,金門縣金寧鄉盤山村加揚快捷,118.3416148,24.4414563,自用 小貨車(含客、貨兩用)∕普通重型 機車∕,小貨車自用∕機車普通重型∕,24∕68∕,受傷∕未受傷∕,66****9代號2958∕26****J代號2959∕,裝載危險物品車∕其他∕,有適當之駕照∕有適當之駕照∕,經檢測無酒精反應∕經檢測無酒精反應∕,汽車左前車頭（身）∕機車左側車身∕,起步未注意其他車（人）安全∕未注意車前狀態∕,起步未注意其他車（人）安全∕起步未注意其他車（人）安全∕,服務工作者∕家庭主婦（夫）∕,業務聯繫∕其他∕,本國∕本國∕
10308,10308Y00020005,YZA1,10308YZ000007,2014,8,6,8,10,金門縣,金寧鄉,,NA,桃園路,,,NA,,,,,,1309號燈桿,NA,NA,NA,NA,NA,NA,NA,NA,NA,0,1,0,晴,日間自然光線,鄉道,50,直路,一般車道（未劃分快慢車道）,柏油,乾燥,無缺陷,無障礙物,良好,無號誌,無號誌,無分向設施,未繪設車道線,未繪設快慢車道分隔線,有,側撞,違規超車,Y000,YZ00,1,2,2014/8/6,桃園路,,金門縣金寧鄉1309號燈桿,118.3446627,24.4317794,自用 小客車∕普通重型 機車∕,小客車自用∕機車普通重型∕,37∕21∕,未受傷∕受傷∕,6F****9代號2960∕AA*****7代號2961∕,其他∕其他∕,有適當之駕照∕有適當之駕照∕,經呼氣檢測0.26至0.40mg∕L或血液檢測0.051至0.08∕經檢測無酒精反應∕,汽車後車尾∕機車後車尾∕,違規超車∕尚未發現肇事因素∕,違規超車∕違規超車∕,機械設備操作工及組裝工∕大學（研究）生∕,運輸∕其他∕,本國∕本國∕
10308,10308Y00020032,YZA1,10308YZ000008,2014,8,6,10,27,金門縣,金城鎮,西門里,NA,民權路,,,NA,146,,,,,,NA,NA,NA,NA,NA,NA,NA,NA,NA,0,1,0,晴,日間自然光線,鄉道,40,直路,一般車道（未劃分快慢車道）,柏油,乾燥,無缺陷,其他障礙物,其他,無號誌,無號誌,無標記,未繪設車道線,快慢車道分隔線,有,其他,未注意車前狀態,Y000,YZ00,1,2,2014/8/6,民權路146號,,金門縣金城鎮西門里,118.3172483,24.435949,普通重型 機車∕自用 小客車∕,機車普通重型∕小客車自用∕,21∕49∕,受傷∕未受傷∕,98****W代號2962∕WY****9代號2963∕,其他∕其他∕,有適當之駕照∕有適當之駕照∕,經檢測無酒精反應∕經觀察未飲酒∕,機車前車頭∕汽車左後車尾（身）∕,未注意車前狀態∕違規停車或暫停不當而肇事∕,未注意車前狀態∕未注意車前狀態∕,其他∕不明∕,其他∕不明∕,本國∕本國∕
10308,10308Y00020016,YZA1,10308YZ000009,2014,8,6,16,10,金門縣,金城鎮,,NA,西海路,三,,NA,,,北堤路,,,,NA,NA,NA,NA,NA,NA,NA,NA,NA,0,1,0,晴,日間自然光線,鄉道,40,四岔路,交岔口附近,柏油,乾燥,無缺陷,無障礙物,良好,行車管制號誌,正常,無標記,未繪設車道線,未繪設快慢車道分隔線,有,其他,起步未注意其他車（人）安全,Y000,YZ00,1,2,2014/8/6,西海路三段,北堤路,,118.3155284,24.42927395,自用 小客車∕普通輕型 機車∕,小客車自用∕機車普通輕型∕,63∕61∕,未受傷∕受傷∕,6F****1代號2964∕VD****8代號2965∕,其他∕其他∕,有適當之駕照∕有適當之駕照∕,經檢測無酒精反應∕經檢測無酒精反應∕,汽車左前車頭（身）∕機車前車頭∕,起步未注意其他車（人）安全∕尚未發現肇事因素∕,起步未注意其他車（人）安全∕起步未注意其他車（人）安全∕,無業者∕服務工作者∕,其他∕其他∕,本國∕本國∕
10308,10308Y00020006,YZA1,10308YZ000010,2014,8,8,8,50,金門縣,金城鎮,,NA,,,,NA,,,,,,菜市場路2號前路段,NA,NA,NA,NA,NA,NA,NA,NA,NA,0,1,0,晴,日間自然光線,村里道路,40,直路,一般車道（未劃分快慢車道）,其他鋪裝,乾燥,無缺陷,無障礙物,良好,無號誌,無號誌,無分向設施,未繪設車道線,未繪設快慢車道分隔線,有,對向通行中,未注意車前狀態,Y000,YZ00,1,2,2014/8/8,金門縣金城鎮菜市場路2號前路段,,金門縣金城鎮菜市場路2號前路段,118.3188791,24.4317089,普通重型 機車∕行人 人∕,機車普通重型∕行人∕,64∕86∕,未受傷∕受傷∕,01****G代號2966,其他∕非駕駛人及乘客∕,有適當之駕照∕非汽（機）車駕駛人∕,經檢測無酒精反應∕非駕駛人，未檢測∕,機車左側車身∕非汽（機）車∕,未注意車前狀態∕尚未發現肇事因素∕,未注意車前狀態∕未注意車前狀態∕,家庭主婦（夫）∕無業者∕,購物∕購物∕,本國∕本國∕
10308,10308Y00020008,YZA1,10308YZ000011,2014,8,8,16,23,金門縣,金寧鄉,榜林村,26,伯玉路,一,,NA,232,,,,,,NA,NA,NA,NA,NA,NA,NA,NA,NA,0,1,0,晴,日間自然光線,縣道,60,直路,一般車道（未劃分快慢車道）,柏油,乾燥,無缺陷,無障礙物,良好,無號誌,無號誌,無標記,未繪設車道線,快慢車道分隔線,有,側撞,未依規定讓車,Y000,YZ00,1,2,2014/8/8,伯玉路一段232號,,金門縣金寧鄉榜林村,118.3267756,24.4346914,普通重型 機車∕自用 小客車∕,機車普通重型∕小客車自用∕,50∕24∕,受傷∕未受傷∕,19****A代號2967∕WY****2代號2968∕,其他∕其他∕,越級駕駛∕有適當之駕照∕,經檢測無酒精反應∕經檢測無酒精反應∕,機車左側車身∕汽車右前車頭（身）∕,未依規定讓車∕未注意車前狀態∕,未依規定讓車∕未依規定讓車∕,不明∕服務工作者∕,購物∕上、下班∕,本國∕本國∕
10308,10308Y00020035,YZA1,10308YZ000012,2014,8,3,7,16,金門縣,金城鎮,,NA,珠浦南路,,,NA,46,,,,,路口,NA,NA,NA,NA,NA,NA,NA,NA,NA,0,1,0,晴,日間自然光線,村里道路,40,三岔路,交岔路口內,其他鋪裝,乾燥,無缺陷,無障礙物,建築物,無號誌,無號誌,無分向設施,未繪設車道線,未繪設快慢車道分隔線,無,其他,未注意車前狀態,Y000,YZ00,1,2,2014/8/3,珠浦南路46號,,金門縣金城鎮路口,118.3152928,24.4311875,腳踏自行車 慢車∕普通重型 機車∕,腳踏自行車∕機車普通重型∕,62∕45∕,受傷∕未受傷∕,∕65****U代號2969∕,其他∕其他∕,非汽（機）車駕駛人∕有適當之駕照∕,經檢測無酒精反應∕經檢測無酒精反應∕,非汽（機）車∕不明∕,未注意車前狀態∕未注意車前狀態∕,未注意車前狀態∕未注意車前狀態∕,不明∕不明∕,其他∕其他∕,本國∕本國∕
10308,10308Y00020007,YZA1,10308YZ000013,2014,8,8,14,41,金門縣,金城鎮,東門里,NA,珠浦東路,,,NA,6,,,,,路口,NA,NA,NA,NA,NA,NA,NA,NA,NA,0,2,0,晴,日間自然光線,村里道路,40,四岔路,交岔路口內,水泥,乾燥,無缺陷,無障礙物,良好,無號誌,無號誌,無分向設施,未繪設車道線,未繪設快慢車道分隔線,無,路口交岔撞,未依規定減速,Y000,YZ00,1,2,2014/8/8,珠浦東路6號,,金門縣金城鎮東門里路口,118.3189755,24.4310564,普通重型 機車∕普通重型 機車∕,機車普通重型∕機車普通重型∕,22∕62∕,受傷∕受傷∕,03****G代號2897∕26****C代號2970∕,其他∕其他∕,無照（已達考照年齡）∕有適當之駕照∕,經檢測無酒精反應∕經檢測無酒精反應∕,機車左側車身∕機車右側車身∕,未依規定減速∕未依規定讓車∕,未依規定減速∕未依規定減速∕,其他∕專業人員∕,其他∕其他∕,本國∕本國∕
10308,10308Y00020017,YZA1,10308YZ000014,2014,8,11,12,30,金門縣,金城鎮,,NA,民族路,,210,5,4,,,,,,NA,NA,NA,NA,NA,NA,NA,NA,NA,0,2,0,晴,日間自然光線,鄉道,40,三岔路,交岔路口內,其他鋪裝,乾燥,無缺陷,無障礙物,彎道,無號誌,無號誌,無分向設施,未繪設車道線,未繪設快慢車道分隔線,無,對向擦撞,未靠右行駛,Y000,YZ00,1,2,2014/8/11,民族路210巷5弄4號,,金門縣金城鎮,118.3157499,24.4302723,普通重型 機車∕普通重型 機車∕乘客 人,機車普通重型∕機車普通重型∕乘客,25∕33∕57,未受傷∕受傷∕受傷,33****J代號2971∕77****D代號2972∕77****D代號2972,其他∕其他∕其他,有適當之駕照∕有適當之駕照∕非汽（機）車駕駛人,經檢測無酒精反應∕經檢測無酒精反應∕非駕駛人，未檢測,機車前車頭∕機車前車頭∕非汽（機）車,未靠右行駛∕未靠右行駛∕尚未發現肇事因素,未靠右行駛∕未靠右行駛∕未靠右行駛,其他∕其他∕其他,其他∕其他∕其他,本國∕本國∕本國
10308,10308Y00020009,YZA1,10308YZ000015,2014,8,11,23,4,金門縣,金寧鄉,盤山村,NA,環島北路,二,,NA,,,,,,頂堡段,NA,NA,NA,NA,NA,NA,NA,NA,NA,0,1,0,晴,夜間（或隧道、地下道、涵洞）有照明,村里道路,50,直路,一般車道（未劃分快慢車道）,柏油,乾燥,無缺陷,無障礙物,良好,無號誌,無號誌,附標記,未繪設車道線,未繪設快慢車道分隔線,有,撞路樹、電桿,未注意車前狀態,Y000,YZ00,1,2,2014/8/11,環島北路二段,,金門縣金寧鄉盤山村頂堡段,118.3537405,24.452631,自用 小客車∕ ∕,小客車自用,20∕0∕,受傷,AA*****3代號2973,其他,有適當之駕照,經觀察未飲酒,汽車前車頭,未注意車前狀態∕尚未發現肇事因素∕,未注意車前狀態∕未注意車前狀態∕,其他,上、下班,本國∕本國∕
10308,10308Y00020010,YZA1,10308YZ000017,2014,8,14,9,1,金門縣,金城鎮,,NA,民權路,,,NA,,,莒光路,,,路口,NA,NA,NA,NA,NA,NA,NA,NA,NA,0,1,0,晴,日間自然光線,村里道路,40,三岔路,交岔路口內,柏油,乾燥,無缺陷,路上有停車,路上停放車輛,無號誌,無號誌,無分向設施,未繪設車道線,未繪設快慢車道分隔線,有,側撞,未依規定讓車,Y000,YZ00,1,2,2014/8/14,民權路,莒光路,,118.3156202,24.43419458,自用 小貨車(含客、貨兩用)∕普通重型 機車∕,小貨車自用∕機車普通重型∕,46∕42∕,未受傷∕受傷∕,6T****3代號2974∕PZ****1代號2975∕,其他∕其他∕,有適當之駕照∕有適當之駕照∕,經檢測無酒精反應∕經檢測無酒精反應∕,汽車前車頭∕機車左側車身∕,未依規定讓車∕未依規定減速∕,未依規定讓車∕未依規定讓車∕,其他∕其他∕,業務聯繫∕其他∕,本國∕本國∕
10308,10308Y00020018,YZA1,10308YZ000021,2014,8,17,10,24,金門縣,金寧鄉,,NA,,,,NA,,,,,,嚨口1號,NA,NA,NA,NA,NA,NA,NA,NA,NA,0,1,0,晴,日間自然光線,村里道路,30,四岔路,交岔路口內,碎石,乾燥,無缺陷,無障礙物,良好,無號誌,無號誌,無分向設施,未繪設車道線,未繪設快慢車道分隔線,無,穿越道路中,未注意車前狀態,Y000,YZ00,1,2,2014/8/17,金門縣金寧鄉嚨口1號,,金門縣金寧鄉嚨口1號,118.3523516,24.463443,自用 小貨車(含客、貨兩用)∕行人 人∕,小貨車自用∕行人∕,33∕6∕,未受傷∕受傷∕,6F****9代號2976,其他∕非駕駛人及乘客∕,有適當之駕照∕非汽（機）車駕駛人∕,經檢測無酒精反應∕非駕駛人，未檢測∕,汽車左後車尾（身）∕非汽（機）車∕,未注意車前狀態∕穿越道路未注意左右來車∕,未注意車前狀態∕未注意車前狀態∕,技術工∕未就學兒童∕,業務聯繫∕其他∕,本國∕本國∕