年月,總編號,處理單位,處理編號,年,月,日,時,分,縣市,區,村里,鄰,街道,段,巷,弄,號,公尺處,街道.1,段.1,側,附近,道路,公里,公尺處.1,向,車道,平交道,公里.1,公尺處.2,附近.1,死,受傷,X2.30,天候,光線,道路類別,速限,道路型態,事故位置,路面鋪裝,路面狀態,路面缺陷,障礙物,視距,號誌種類,號誌動作,分向設施,快車道或一般車道間,快慢車道間,路面邊線,事故類型及型態,主要肇因,警局,分局,案件類別,事故類別,日期,道路1,道路2,概略位置,lon,lat,車種,當事者區分.類別.,年齡,受傷程度,車輛牌照號碼,車輛用途,駕駛資格情形,飲酒情形,車輛撞擊部位最初,肇事因素個別,肇事因素主要,職.業,旅次目的,國籍
10308,10308Y00020019,YZA1,10308YZ000023,2014,8,17,18,59,金門縣,金城鎮,,NA,西海路,三,,NA,,,,,,空大路段,NA,NA,NA,NA,NA,NA,NA,NA,NA,0,1,0,晴,夜間（或隧道、地下道、涵洞）有照明,村里道路,50,三岔路,交岔路口內,柏油,乾燥,無缺陷,無障礙物,良好,無號誌,無號誌,無分向設施,未繪設車道線,未繪設快慢車道分隔線,有,側撞,違規超車,Y000,YZ00,1,2,2014/8/17,西海路三段,,金門縣金城鎮空大路段,118.3124964,24.4226194,自用 小客車∕普通重型 機車∕,小客車自用∕機車普通重型∕,20∕66∕,未受傷∕受傷∕,6F****9代號2977∕PZ****8代號2978∕,其他∕其他∕,有適當之駕照∕駕照被吊（註）銷∕,經檢測無酒精反應∕經檢測無酒精反應∕,汽車右側車身∕機車左側車身∕,違規超車∕尚未發現肇事因素∕,違規超車∕違規超車∕,大學（研究）生∕其他∕,其他∕其他∕,本國∕本國∕
10308,10308Y00020025,YZA1,10308YZ000025,2014,8,18,17,50,金門縣,金寧鄉,盤山村,NA,伯玉路,二,,NA,,,,,,東林汽車路段,NA,NA,NA,NA,NA,NA,NA,NA,NA,0,1,0,晴,日間自然光線,鄉道,70,直路,一般車道（未劃分快慢車道）,柏油,乾燥,無缺陷,無障礙物,良好,無號誌,無號誌,無標記,未繪設車道線,未繪設快慢車道分隔線,無,衝出路外,酒醉（後）駕駛失控,Y000,YZ00,1,2,2014/8/18,伯玉路二段,,金門縣金寧鄉盤山村東林汽車路段,118.3416148,24.4414563,普通重型 機車∕ ∕,機車普通重型,39∕0∕,受傷,37****G代號2979,其他,有適當之駕照,經呼氣檢測超過0.80mg∕L或血液檢測超過0.16,機車右側車身,酒醉（後）駕駛失控∕尚未發現肇事因素∕,酒醉（後）駕駛失控∕酒醉（後）駕駛失控∕,非技術工及體力工,上、下班,本國∕本國∕
10308,10308Y00020023,YZA1,10308YZ000026,2014,8,21,13,5,金門縣,烈嶼鄉,,NA,八青路,,,NA,,,,,,青岐43之1號前路口,NA,NA,NA,NA,NA,NA,NA,NA,NA,0,1,0,晴,日間自然光線,村里道路,60,三岔路,交岔路口內,柏油,乾燥,無缺陷,無障礙物,良好,無號誌,無號誌,無標記,未繪設車道線,未繪設快慢車道分隔線,有,側撞,未依規定讓車,Y000,YZ00,1,2,2014/8/21,八青路,,金門縣烈嶼鄉青岐43之1號前路口,118.2364682,24.422863,普通重型 機車∕計程車 小客車∕,機車普通重型∕小客車計程車∕,49∕55∕,受傷∕未受傷∕,22****F代號2980∕51***Q代號2981∕,其他∕其他∕,越級駕駛∕有適當之駕照∕,經檢測無酒精反應∕經檢測無酒精反應∕,機車左側車身∕汽車前車頭∕,未依規定讓車∕未依規定減速∕,未依規定讓車∕未依規定讓車∕,其他∕其他∕,上、下班∕業務聯繫∕,本國∕本國∕
10308,10308Y00020020,YZA1,10308YZ000027,2014,8,23,12,5,金門縣,金城鎮,,NA,西海路,三,,NA,,,,,,空大路段,NA,NA,NA,NA,NA,NA,NA,NA,NA,0,1,0,晴,日間自然光線,鄉道,50,三岔路,交岔路口內,柏油,乾燥,無缺陷,無障礙物,良好,無號誌,無號誌,無分向設施,未繪設車道線,未繪設快慢車道分隔線,無,追撞,未保持行車安全距離,Y000,YZ00,1,2,2014/8/23,西海路三段,,金門縣金城鎮空大路段,118.3124964,24.4226194,自用 小客車∕普通重型 機車∕,小客車自用∕機車普通重型∕,56∕20∕,未受傷∕受傷∕,23****S代號2982∕AD*****9代號2983∕,其他∕其他∕,有適當之駕照∕有適當之駕照∕,經呼氣檢測未超過0.15mg∕L或血液檢測未超過0.03∕經檢測無酒精反應∕,汽車左前車頭（身）∕機車後車尾∕,未保持行車安全距離∕尚未發現肇事因素∕,未保持行車安全距離∕未保持行車安全距離∕,其他∕其他∕,其他∕其他∕,本國∕本國∕
10308,10308Y00020031,YZA1,10308YZ000029,2014,8,25,13,5,金門縣,金城鎮,,NA,桃園路,,,NA,,,,,,呷哈味檳榔攤前路段,NA,NA,NA,NA,NA,NA,NA,NA,NA,0,1,0,晴,日間自然光線,村里道路,50,三岔路,交岔口附近,柏油,乾燥,無缺陷,無障礙物,良好,無號誌,無號誌,附標記,未繪設車道線,未繪設快慢車道分隔線,無,追撞,未保持行車安全距離,Y000,YZ00,1,2,2014/8/25,桃園路,,金門縣金城鎮呷哈味檳榔攤前路段,118.3446627,24.4317794,自用 小貨車(含客、貨兩用)∕普通重型 機車∕,小貨車自用∕機車普通重型∕,51∕70∕,未受傷∕受傷∕,6F****8代號2984∕PZ****8代號2985∕,其他∕其他∕,有適當之駕照∕有適當之駕照∕,無法檢測∕經檢測無酒精反應∕,汽車前車頭∕機車後車尾∕,未保持行車安全距離∕尚未發現肇事因素∕,未保持行車安全距離∕未保持行車安全距離∕,其他∕其他∕,其他∕其他∕,本國∕本國∕
10308,10308Y00020022,YZA1,10308YZ000030,2014,8,26,15,7,金門縣,金城鎮,東門里,NA,民生路,,,NA,,,,,,車站圓環,NA,NA,NA,NA,NA,NA,NA,NA,NA,0,1,0,晴,日間自然光線,村里道路,40,圓環,一般車道（未劃分快慢車道）,柏油,乾燥,無缺陷,無障礙物,良好,無號誌,無號誌,無分向設施,未繪設車道線,未繪設快慢車道分隔線,有,其他,未依規定讓車,Y000,YZ00,1,2,2014/8/26,民生路,,金門縣金城鎮東門里車站圓環,118.3190184,24.43575,普通重型 機車∕自用 小客車∕,機車普通重型∕小客車自用∕,16∕60∕,受傷∕未受傷∕,AA****6代號2986∕6F****2代號2987∕,其他∕其他∕,無照（未達考照年齡）∕有適當之駕照∕,經檢測無酒精反應∕經檢測無酒精反應∕,機車右側車身∕汽車左側車身∕,未依規定讓車∕尚未發現肇事因素∕,未依規定讓車∕未依規定讓車∕,國中生∕其他∕,購物∕不明∕,本國∕本國∕
10308,10308Y00020033,YZA1,10308YZ000031,2014,8,27,20,14,金門縣,金城鎮,南門里,NA,民族路,,,NA,,,西海路,三,,85度C前,NA,NA,NA,NA,NA,NA,NA,NA,NA,0,1,0,晴,夜間（或隧道、地下道、涵洞）有照明,村里道路,40,三岔路,交岔路口內,柏油,乾燥,無缺陷,無障礙物,良好,無號誌,無號誌,無分向設施,未繪設車道線,未繪設快慢車道分隔線,有,其他,違規超車,Y000,YZ00,1,2,2014/8/27,民族路,西海路三段,,118.315517,24.430271,自用 小客車∕普通輕型 機車∕,小客車自用∕機車普通輕型∕,20∕58∕,未受傷∕受傷∕,6F****8代號2988∕WZ****1代號2989∕,其他∕其他∕,有適當之駕照∕有適當之駕照∕,經檢測無酒精反應∕經檢測無酒精反應∕,汽車右後車尾（身）∕機車左側車身∕,違規超車∕尚未發現肇事因素∕,違規超車∕違規超車∕,不明∕家庭主婦（夫）∕,其他∕其他∕,本國∕本國∕
10308,10308Y00020029,YZA1,10308YZ000032,2014,8,28,9,2,金門縣,金城鎮,,NA,民族路,,,NA,,,,,,代天府前,NA,NA,NA,NA,NA,NA,NA,NA,NA,0,1,0,晴,日間自然光線,鄉道,40,三岔路,交岔路口內,柏油,乾燥,無缺陷,路上有停車,路上停放車輛,無號誌,無號誌,無分向設施,未繪設車道線,未繪設快慢車道分隔線,無,其他,起步未注意其他車（人）安全,Y000,YZ00,1,2,2014/8/28,民族路,,金門縣金城鎮代天府前,118.3157499,24.4302723,普通重型 機車∕普通輕型 機車∕自用 小貨車(含客、貨兩用),機車普通重型∕機車普通輕型∕小貨車自用,55∕62∕57,未受傷∕受傷∕未受傷,80****Y代號2990∕WZ****3代號2991∕6F****7代號2992,其他∕其他∕其他,駕照被吊（註）銷∕有適當之駕照∕有適當之駕照,經檢測無酒精反應∕經檢測無酒精反應∕無法檢測,機車左側車身∕機車前車頭∕不明,起步未注意其他車（人）安全∕未注意車前狀態∕違規停車或暫停不當而肇事,起步未注意其他車（人）安全∕起步未注意其他車（人）安全∕起步未注意其他車（人）安全,其他∕其他∕其他,其他∕其他∕其他,本國∕本國∕本國
10308,10308Y00020024,YZA1,10308YZ000034,2014,8,29,17,55,金門縣,金城鎮,,NA,環島西路,一,,NA,,,,,,吳厝路口,NA,NA,NA,NA,NA,NA,NA,NA,NA,0,1,0,晴,日間自然光線,村里道路,50,三岔路,交岔路口內,柏油,乾燥,無缺陷,無障礙物,良好,無號誌,無號誌,無分向設施,未繪設車道線,未繪設快慢車道分隔線,有,側撞,未依規定讓車,Y000,YZ00,1,2,2014/8/29,環島西路一段,,金門縣金城鎮吳厝路口,118.3184801,24.4172073,自用 小客車∕普通重型 機車∕,小客車自用∕機車普通重型∕,39∕29∕,未受傷∕受傷∕,AA*****8代號2993∕31****D代號2994∕,其他∕其他∕,駕照被吊（註）銷∕有適當之駕照∕,經檢測無酒精反應∕經檢測無酒精反應∕,汽車左前車頭（身）∕機車右側車身∕,未依規定讓車∕未依規定減速∕,未依規定讓車∕未依規定讓車∕,其他∕其他∕,上、下班∕上、下班∕,本國∕本國∕
10308,10308Y00020028,YZA1,10308YZ000036,2014,8,31,13,0,金門縣,金城鎮,,NA,環島北路,一,38,2,11,,,,,,NA,NA,NA,NA,NA,NA,NA,NA,NA,0,2,0,晴,日間自然光線,村里道路,40,四岔路,交岔路口內,柏油,乾燥,無缺陷,無障礙物,樹木、農作物,無號誌,無號誌,無分向設施,未繪設車道線,未繪設快慢車道分隔線,有,路口交岔撞,未依規定讓車,Y000,YZ00,1,2,2014/8/31,環島北路一段38巷2弄11號,,金門縣金城鎮,118.3283226,24.4462231,普通重型 機車∕自用 小客車∕乘客 人,機車普通重型∕小客車自用∕乘客,44∕61∕35,受傷∕未受傷∕受傷,PZ****9代號2995∕WY****8代號2996∕PZ****9代號2995,其他∕其他∕其他,有適當之駕照∕有適當之駕照∕非汽（機）車駕駛人,經呼氣檢測未超過0.15mg∕L或血液檢測未超過0.03∕經檢測無酒精反應∕非駕駛人，未檢測,機車左側車身∕汽車前車頭∕非汽（機）車,未依規定讓車∕未依規定減速∕尚未發現肇事因素,未依規定讓車∕未依規定讓車∕未依規定讓車,技術工∕民意代表、行政主管、企業主管及經理人員∕技術工,上、下班∕上、下班∕上、下班,本國∕本國∕本國
10308,10308Y00020034,YZA1,10308YZ000037,2014,8,31,16,19,金門縣,金寧鄉,,NA,伯玉路,二,,NA,,,,,,加揚快捷,NA,NA,NA,NA,NA,NA,NA,NA,NA,0,1,0,晴,日間自然光線,鄉道,70,直路,一般車道（未劃分快慢車道）,柏油,乾燥,無缺陷,無障礙物,良好,無號誌,無號誌,附標記,未繪設車道線,快慢車道分隔線,有,衝出路外,未注意車前狀態,Y000,YZ00,1,2,2014/8/31,伯玉路二段,,金門縣金寧鄉加揚快捷,118.3416148,24.4414563,普通重型 機車∕ ∕,機車普通重型,21∕0∕,受傷,33****B代號2997,其他,有適當之駕照,經檢測無酒精反應,機車左側車身,未注意車前狀態∕尚未發現肇事因素∕,未注意車前狀態∕未注意車前狀態∕,其他,其他,本國∕本國∕
10308,10308Y00020030,YZA1,10308YZ000038,2014,8,31,15,58,金門縣,金城鎮,,NA,民權路,,,NA,,,,,,民生路45巷8弄路口,NA,NA,NA,NA,NA,NA,NA,NA,NA,0,2,0,晴,日間自然光線,村里道路,40,三岔路,交岔路口內,柏油,乾燥,無缺陷,無障礙物,良好,無號誌,無號誌,無分向設施,未繪設車道線,快慢車道分隔線,有,側撞,未依規定讓車,Y000,YZ00,1,2,2014/8/31,民權路,,金門縣金城鎮民生路45巷8弄路口,118.3168946,24.4355379,自用 小客車∕普通重型 機車∕乘客 人,小客車自用∕機車普通重型∕乘客,23∕27∕23,未受傷∕受傷∕受傷,G9****0代號2998∕67****G代號2999∕67****G代號2999,其他∕其他∕其他,有適當之駕照∕有適當之駕照∕非汽（機）車駕駛人,經檢測無酒精反應∕經檢測無酒精反應∕非駕駛人，未檢測,汽車右前車頭（身）∕機車左側車身∕非汽（機）車,未依規定讓車∕未注意車前狀態∕尚未發現肇事因素,未依規定讓車∕未依規定讓車∕未依規定讓車,其他∕大學（研究）生∕大學（研究）生,其他∕觀光旅遊∕觀光旅遊,本國∕本國∕本國
10309,,YYA1,10309YY000005,2014,9,2,17,0,金門縣,金湖鎮,,NA,復興路,,,NA,132,,,,,,NA,NA,NA,NA,NA,NA,NA,NA,NA,0,0,0,NA,NA,NA,0,NA,NA,NA,NA,NA,NA,NA,NA,NA,NA,NA,NA,NA,NA,NA,Y000,YY00,1,4,2014/9/2,復興路132號,,金門縣金湖鎮,118.4161413,24.4412321,自用 小客車∕自用 小客車∕,小客車自用∕小客車自用∕,28∕40∕,,01****2代號3000∕AA*****2代號3001∕,,,,,,,,,本國∕本國∕
10309,10309Y00020045,YYA1,10309YY000007,2014,9,5,9,17,金門縣,金湖鎮,山外里,NA,黃海路,,,NA,,,,,,順益車行前1369路燈桿,NA,NA,NA,NA,NA,NA,NA,NA,NA,0,1,0,晴,日間自然光線,村里道路,60,直路,慢車道,柏油,乾燥,無缺陷,無障礙物,良好,無號誌,無號誌,無標記,未繪設車道線,未繪設快慢車道分隔線,有,撞路樹、電桿,酒醉（後）駕駛失控,Y000,YY00,1,2,2014/9/5,黃海路,,金門縣金湖鎮山外里順益車行前1369路燈桿,118.4256931,24.452032,自用 小客車∕ ∕,小客車自用,31∕0∕,受傷,6F****9代號1485,其他,有適當之駕照,經呼氣檢測未超過0.15mg∕L或血液檢測未超過0.03,汽車前車頭,酒醉（後）駕駛失控∕尚未發現肇事因素∕,酒醉（後）駕駛失控∕酒醉（後）駕駛失控∕,其他,其他,本國∕本國∕
10309,10309Y00020003,YYA1,10309YY000009,2014,9,6,5,56,金門縣,金沙鎮,,NA,沙青路,,,NA,,,,,,01997路燈,NA,NA,NA,NA,NA,NA,NA,NA,NA,0,1,0,晴,日間自然光線,村里道路,60,直路,一般車道（未劃分快慢車道）,柏油,乾燥,無缺陷,無障礙物,良好,無號誌,無號誌,無標記,未繪設車道線,未繪設快慢車道分隔線,有,同向通行中,酒醉（後）駕駛失控,Y000,YY00,1,2,2014/9/6,沙青路,,金門縣金沙鎮01997路燈,118.4130838,24.5066188,自用 小客車∕行人 人∕,小客車自用∕行人∕,22∕33∕,未受傷∕受傷∕,AA*****2代號3002,其他∕非駕駛人及乘客∕,有適當之駕照∕非汽（機）車駕駛人∕,經呼氣檢測0.26至0.40mg∕L或血液檢測0.051至0.08∕非駕駛人，未檢測∕,汽車右前車頭（身）∕非汽（機）車∕,酒醉（後）駕駛失控∕尚未發現肇事因素∕,酒醉（後）駕駛失控∕酒醉（後）駕駛失控∕,其他∕其他∕,其他∕其他∕,本國∕本國∕
10309,10309Y00020008,YYA1,10309YY000010,2014,9,6,16,18,金門縣,金沙鎮,,NA,,,,NA,,,,,,洋山07285號路燈桿,NA,NA,NA,NA,NA,NA,NA,NA,NA,0,2,0,晴,日間自然光線,村里道路,50,三岔路,交岔口附近,柏油,乾燥,有坑洞,無障礙物,良好,無號誌,無號誌,無標記,未繪設車道線,未繪設快慢車道分隔線,有,路上翻車、摔倒,未注意車前狀態,Y000,YY00,1,2,2014/9/6,金門縣金沙鎮洋山07285號路燈桿,,金門縣金沙鎮洋山07285號路燈桿,118.397696,24.490082,普通重型 機車∕ ∕乘客 人,機車普通重型乘客,51∕0∕48,受傷受傷,PZ****6代號3003PZ****6代號3003,其他其他,有適當之駕照非汽（機）車駕駛人,經檢測無酒精反應非駕駛人，未檢測,機車左側車身非汽（機）車,未注意車前狀態∕尚未發現肇事因素∕尚未發現肇事因素,未注意車前狀態∕未注意車前狀態∕未注意車前狀態,售貨員售貨員,其他其他,本國∕本國∕本國
10309,10309Y00030002,YYA1,10309YY000014,2014,9,8,3,43,金門縣,金湖鎮,,NA,環島南路,四,,NA,,,,,,0522號路燈桿處,NA,NA,NA,NA,NA,NA,NA,NA,NA,0,0,0,晴,夜間（或隧道、地下道、涵洞）有照明,村里道路,60,直路,一般車道（未劃分快慢車道）,柏油,乾燥,無缺陷,無障礙物,良好,無號誌,無號誌,無標記,未繪設車道線,快慢車道分隔線,有,撞路樹、電桿,酒醉（後）駕駛失控,Y000,YY00,1,3,2014/9/8,環島南路四段,,金門縣金湖鎮0522號路燈桿處,118.40101,24.438041,自用 小客車∕ ∕,小客車自用,41∕0∕,未受傷,10****S代號3004,其他,有適當之駕照,經呼氣檢測超過0.80mg∕L或血液檢測超過0.16,汽車前車頭,酒醉（後）駕駛失控∕尚未發現肇事因素∕,酒醉（後）駕駛失控∕酒醉（後）駕駛失控∕,不明,不明,本國∕本國∕
10309,,YYA1,10309YY000015,2014,9,8,11,19,金門縣,金湖鎮,,NA,經武路,,,NA,,,瓊徑路,,,,NA,NA,NA,NA,NA,NA,NA,NA,NA,0,0,0,NA,NA,NA,0,NA,NA,NA,NA,NA,NA,NA,NA,NA,NA,NA,NA,NA,NA,NA,Y000,YY00,1,4,2014/9/8,經武路,瓊徑路,,118.3880485,24.44342822,自用 小客車∕自用 小客車∕,小客車自用∕小客車自用∕,23∕30∕,,10****3代號3005∕43****R代號3006∕,,,,,,,,,本國∕本國∕
10309,10309Y00020004,YYA1,10309YY000016,2014,9,8,11,50,金門縣,金湖鎮,,NA,太湖路,二,,NA,,,自強路,,,,NA,NA,NA,NA,NA,NA,NA,NA,NA,0,1,0,晴,日間自然光線,村里道路,50,四岔路,交岔路口內,柏油,乾燥,無缺陷,無障礙物,良好,行車管制號誌（附設行人專用號誌）,正常,無分向設施,未繪設車道線,未繪設快慢車道分隔線,有,側撞,未依規定讓車,Y000,YY00,1,2,2014/9/8,太湖路二段,自強路,,118.4150341,24.44011257,自用 小客車∕普通重型 機車∕,小客車自用∕機車普通重型∕,58∕25∕,未受傷∕受傷∕,WY****3代號3007∕OX****8代號3008∕,其他∕其他∕,有適當之駕照∕有適當之駕照∕,經檢測無酒精反應∕經檢測無酒精反應∕,汽車左後車尾（身）∕機車前車頭∕,未依規定讓車∕未依規定減速∕,未依規定讓車∕未依規定讓車∕,其他∕其他∕,其他∕上、下班∕,本國∕本國∕
10309,,YYA1,10309YY000017,2014,9,8,11,22,金門縣,金湖鎮,,NA,經武路,,,NA,,,瓊徑路,,,,NA,NA,NA,NA,NA,NA,NA,NA,NA,0,0,0,NA,NA,NA,0,NA,NA,NA,NA,NA,NA,NA,NA,NA,NA,NA,NA,NA,NA,NA,Y000,YY00,1,4,2014/9/8,經武路,瓊徑路,,118.3880485,24.44342822,自用 小客車∕自用 小客車∕,小客車自用∕小客車自用∕,34∕22∕,,77****V代號3009∕27****S代號3010∕,,,,,,,,,本國∕本國∕
10309,10309Y00020009,YYA1,10309YY000019,2014,9,8,19,32,金門縣,金湖鎮,,NA,黃海路,,,NA,,,,,,下莊路口,NA,NA,NA,NA,NA,NA,NA,NA,NA,0,1,0,晴,夜間（或隧道、地下道、涵洞）有照明,村里道路,60,四岔路,交岔路口內,柏油,乾燥,無缺陷,無障礙物,良好,行車管制號誌,正常,無分向設施,未繪設車道線,未繪設快慢車道分隔線,有,側撞,未依規定使用燈光,Y000,YY00,NA,NA,2014/9/8,黃海路,,金門縣金湖鎮下莊路口,118.4256931,24.452032,普通重型 機車∕自用 小客車∕乘客 人,機車普通重型∕小客車自用∕乘客,19∕20∕20,未受傷∕未受傷∕受傷,53****J代號2413∕02****V代號3011∕53****J代號2413,其他∕其他∕其他,有適當之駕照∕有適當之駕照∕非汽（機）車駕駛人,經檢測無酒精反應∕經檢測無酒精反應∕非駕駛人，未檢測,機車前車頭∕汽車右側車身∕非汽（機）車,未依規定使用燈光∕未依規定讓車∕尚未發現肇事因素,未依規定使用燈光∕未依規定使用燈光∕未依規定使用燈光,大學（研究）生∕其他∕大學（研究）生,其他∕其他∕其他,本國∕本國∕本國
10309,10309Y00020005,YYA1,10309YY000021,2014,9,9,16,53,金門縣,金湖鎮,,NA,金港路,,,NA,,,,,,1555柱路燈,NA,NA,NA,NA,NA,NA,NA,NA,NA,0,1,0,晴,日間自然光線,村里道路,50,直路,一般車道（未劃分快慢車道）,柏油,乾燥,無缺陷,無障礙物,良好,無號誌,無號誌,無標記,未繪設車道線,未繪設快慢車道分隔線,有,其他,迴轉未依規定,Y000,YY00,1,2,2014/9/9,金港路,,金門縣金湖鎮1555柱路燈,118.4341546,24.4172342,普通重型 機車∕自用 小客車∕,機車普通重型∕小客車自用∕,33∕35∕,受傷∕未受傷∕,PZ****5代號3012∕6F****8代號3013∕,其他∕其他∕,有適當之駕照∕有適當之駕照∕,經檢測無酒精反應∕經檢測無酒精反應∕,機車左側車身∕汽車前車頭∕,迴轉未依規定∕未注意車前狀態∕,迴轉未依規定∕迴轉未依規定∕,非技術工及體力工∕服務工作者∕,上、下班∕其他∕,本國∕本國∕
10309,10309Y00020011,YYA1,10309YY000023,2014,9,10,16,28,金門縣,金湖鎮,,NA,黃海路,,,NA,,,中正路,,,,NA,NA,NA,NA,NA,NA,NA,NA,NA,0,1,0,晴,日間自然光線,村里道路,60,三岔路,交岔路口內,柏油,乾燥,無缺陷,無障礙物,良好,無號誌,無號誌,無分向設施,未繪設車道線,未繪設快慢車道分隔線,有,側撞,左轉彎未依規定,Y000,YY00,1,2,2014/9/10,黃海路,中正路,,118.4140014,24.4418872,普通重型 機車∕自用 小客車∕,機車普通重型∕小客車自用∕,20∕28∕,受傷∕未受傷∕,25****V代號3014∕00****V代號3015∕,其他∕其他∕,有適當之駕照∕有適當之駕照∕,經檢測無酒精反應∕經檢測無酒精反應∕,機車左側車身∕汽車右側車身∕,左轉彎未依規定∕違規超車∕,左轉彎未依規定∕左轉彎未依規定∕,其他∕其他∕,其他∕其他∕,本國∕本國∕
10309,10309Y00020038,YYA1,10309YY000027,2014,9,12,16,52,金門縣,金湖鎮,,NA,伯玉路,四,,NA,,,,,,1144柱路燈,NA,NA,NA,NA,NA,NA,NA,NA,NA,0,1,0,晴,日間自然光線,村里道路,70,直路,慢車道,柏油,乾燥,無缺陷,無障礙物,良好,無號誌,無號誌,無標記,未繪設車道線,快慢車道分隔線,有,追撞,未保持行車安全距離,Y000,YY00,1,2,2014/9/12,伯玉路四段,,金門縣金湖鎮1144柱路燈,118.3798588,24.4470039,普通重型 機車∕普通重型 機車∕,機車普通重型∕機車普通重型∕,18∕19∕,受傷∕未受傷∕,21****H代號3016∕16****H代號3017∕,其他∕其他∕,有適當之駕照∕有適當之駕照∕,經檢測無酒精反應∕經檢測無酒精反應∕,機車前車頭∕機車後車尾∕,未保持行車安全距離∕尚未發現肇事因素∕,未保持行車安全距離∕未保持行車安全距離∕,高中生∕高中生∕,其他∕其他∕,本國∕本國∕
10309,10309Y00020039,YYA1,10309YY000032,2014,9,14,17,37,金門縣,金湖鎮,,NA,環島南路,四,,NA,,,,,,168加油站出口前路段,NA,NA,NA,NA,NA,NA,NA,NA,NA,0,1,0,晴,日間自然光線,村里道路,50,直路,一般車道（未劃分快慢車道）,柏油,乾燥,有坑洞,道路工事（程）中,良好,無號誌,無號誌,無標記,未繪設車道線,未繪設快慢車道分隔線,有,路上翻車、摔倒,酒醉（後）駕駛失控,Y000,YY00,1,2,2014/9/14,環島南路四段,,金門縣金湖鎮168加油站出口前路段,118.40101,24.438041,普通重型 機車∕ ∕,機車普通重型,49∕0∕,受傷,70****F代號3018,其他,有適當之駕照,經呼氣檢測超過0.80mg∕L或血液檢測超過0.16,機車右側車身,酒醉（後）駕駛失控∕尚未發現肇事因素∕,酒醉（後）駕駛失控∕酒醉（後）駕駛失控∕,事務工作者,上、下學,本國∕本國∕
10309,,YYA1,10309YY000035,2014,9,11,17,45,金門縣,金湖鎮,正義里,NA,環島南路,三,,NA,,,,,,機場圓環內車道,NA,NA,NA,NA,NA,NA,NA,NA,NA,0,2,0,晴,日間自然光線,村里道路,50,圓環,一般車道（未劃分快慢車道）,柏油,乾燥,無缺陷,無障礙物,良好,無號誌,無號誌,無分向設施,車道線（無標記）,未繪設快慢車道分隔線,有,路上翻車、摔倒,未依規定減速,Y000,YY00,3,2,2014/9/11,環島南路三段,,金門縣金湖鎮正義里機場圓環內車道,118.3757827,24.4398961,普通重型 機車∕ ∕乘客 人,機車普通重型乘客,20∕0∕16,受傷受傷,AA*****5代號1794AA*****5代號1794,其他其他,有適當之駕照非汽（機）車駕駛人,無法檢測非駕駛人，未檢測,機車左側車身不明,未依規定減速∕尚未發現肇事因素∕尚未發現肇事因素,未依規定減速∕未依規定減速∕未依規定減速,其他其他,其他其他,本國∕本國∕本國
10309,,YYA1,10309YY000036,2014,9,16,22,43,金門縣,金湖鎮,新市里,NA,太湖路,二,,NA,,,,,,昇恆昌路口處,NA,NA,NA,NA,NA,NA,NA,NA,NA,0,0,0,晴,夜間（或隧道、地下道、涵洞）無照明,村里道路,50,三岔路,交岔路口內,柏油,乾燥,無缺陷,無障礙物,良好,無號誌,無號誌,無分向設施,未繪設車道線,未繪設快慢車道分隔線,有,對向擦撞,左轉彎未依規定,Y000,YY00,1,4,2014/9/16,太湖路二段,,金門縣金湖鎮新市里昇恆昌路口處,118.4170143,24.4394812,自用 小客車∕自用 小客車∕,小客車自用∕小客車自用∕,28∕29∕,未受傷∕未受傷∕,RA*****0代號3019∕99****V代號3020∕,其他∕其他∕,有適當之駕照∕有適當之駕照∕,經檢測無酒精反應∕經檢測無酒精反應∕,汽車左側車身∕汽車左側車身∕,左轉彎未依規定∕尚未發現肇事因素∕,左轉彎未依規定∕左轉彎未依規定∕,其他∕其他∕,其他∕上、下班∕,本國∕本國∕
10309,10309Y00030006,YYA1,10309YY000038,2014,9,18,0,40,金門縣,金沙鎮,光前里,NA,環島東路,一,,NA,,,,,,金沙公墓前路口,NA,NA,NA,NA,NA,NA,NA,NA,NA,0,0,0,晴,夜間（或隧道、地下道、涵洞）有照明,村里道路,60,三岔路,交岔路口內,柏油,乾燥,無缺陷,無障礙物,良好,無號誌,無號誌,無分向設施,未繪設車道線,未繪設快慢車道分隔線,有,衝出路外,酒醉（後）駕駛失控,Y000,YY00,1,3,2014/9/18,環島東路一段,,金門縣金沙鎮光前里金沙公墓前路口,118.4213083,24.4841071,自用 小客車∕ ∕,小客車自用,51∕0∕,未受傷,18****D代號3021,其他,駕照被吊（註）銷,經呼氣檢測0.26至0.40mg∕L或血液檢測0.051至0.08,汽車前車頭,酒醉（後）駕駛失控∕尚未發現肇事因素∕,酒醉（後）駕駛失控∕酒醉（後）駕駛失控∕,技術工,其他,本國∕本國∕