年月,總編號,處理單位,處理編號,年,月,日,時,分,縣市,區,村里,鄰,街道,段,巷,弄,號,公尺處,街道.1,段.1,側,附近,道路,公里,公尺處.1,向,車道,平交道,公里.1,公尺處.2,附近.1,死,受傷,X2.30,天候,光線,道路類別,速限,道路型態,事故位置,路面鋪裝,路面狀態,路面缺陷,障礙物,視距,號誌種類,號誌動作,分向設施,快車道或一般車道間,快慢車道間,路面邊線,事故類型及型態,主要肇因,警局,分局,案件類別,事故類別,日期,道路1,道路2,概略位置,lon,lat,車種,當事者區分.類別.,年齡,受傷程度,車輛牌照號碼,車輛用途,駕駛資格情形,飲酒情形,車輛撞擊部位最初,肇事因素個別,肇事因素主要,職.業,旅次目的,國籍
10309,,YYA1,10309YY000041,2014,9,19,7,13,金門縣,金湖鎮,,NA,太湖路,一,,NA,,,,,,1479號路燈桿路段,NA,NA,NA,NA,NA,NA,NA,NA,NA,0,0,0,NA,NA,NA,0,NA,NA,NA,NA,NA,NA,NA,NA,NA,NA,NA,NA,NA,NA,NA,Y000,YY00,1,4,2014/9/19,太湖路一段,,金門縣金湖鎮1479號路燈桿路段,118.4047483,24.4473343,自用 小客車∕自用 小客車∕,小客車自用∕小客車自用∕,32∕53∕,,08****V代號3022∕WY****6代號3023∕,,,,,,,,,本國∕本國∕
10309,10309Y00020032,YYA1,10309YY000046,2014,9,17,18,40,金門縣,金湖鎮,新市里,NA,中正路,,,NA,70,,,,,,NA,NA,NA,NA,NA,NA,NA,NA,NA,0,2,0,晴,夜間（或隧道、地下道、涵洞）有照明,村里道路,50,直路,一般車道（未劃分快慢車道）,柏油,乾燥,無缺陷,無障礙物,良好,無號誌,無號誌,無標記,未繪設車道線,未繪設快慢車道分隔線,有,側撞,未注意車前狀態,Y000,YY00,1,2,2014/9/17,中正路70號,,金門縣金湖鎮新市里,118.4156249,24.4409009,普通重型 機車∕腳踏自行車 慢車∕,機車普通重型∕腳踏自行車∕,16∕12∕,受傷∕受傷∕,73****L代號3024,其他∕其他∕,無照（未達考照年齡）∕非汽（機）車駕駛人∕,經檢測無酒精反應∕經觀察未飲酒∕,機車前車頭∕非汽（機）車∕,未注意車前狀態∕未依規定讓車∕,未注意車前狀態∕未注意車前狀態∕,高中生∕國中生∕,其他∕其他∕,本國∕本國∕
10309,,YYA1,10309YY000051,2014,9,22,15,0,金門縣,金沙鎮,,NA,環島北路,三,,NA,,,,,,晨光教養院路口處,NA,NA,NA,NA,NA,NA,NA,NA,NA,0,0,0,晴,日間自然光線,村里道路,60,三岔路,交岔口附近,柏油,濕潤,無缺陷,無障礙物,良好,無號誌,無號誌,無標記,未繪設車道線,未繪設快慢車道分隔線,有,追撞,未保持行車安全距離,Y000,YY00,1,4,2014/9/22,環島北路三段,,金門縣金沙鎮晨光教養院路口處,118.388325,24.466263,自用 小客車∕自用 大貨車∕,小客車自用∕大貨車自用∕,22∕49∕,未受傷∕未受傷∕,ZF****5代號3025∕00***J代號3026∕,其他∕其他∕,有適當之駕照∕有適當之駕照∕,經檢測無酒精反應∕經檢測無酒精反應∕,汽車前車頭∕汽車後車尾∕,未保持行車安全距離∕尚未發現肇事因素∕,未保持行車安全距離∕未保持行車安全距離∕,其他∕其他∕,其他∕其他∕,本國∕本國∕
10309,,YYA1,10309YY000052,2014,9,22,16,20,金門縣,金湖鎮,,NA,,,,NA,,,,,,金門醫院旁公用停車場,NA,NA,NA,NA,NA,NA,NA,NA,NA,0,0,0,晴,日間自然光線,其他,40,三岔路,交岔口附近,柏油,乾燥,無缺陷,無障礙物,良好,無號誌,無號誌,無分向設施,未繪設車道線,未繪設快慢車道分隔線,無,倒車撞,倒車未依規定,Y000,YY00,1,4,2014/9/22,金門縣金湖鎮金門醫院旁公用停車場,,金門縣金湖鎮金門醫院旁公用停車場,118.4279933,24.4376913,自用 小客車∕自用 小客車∕,小客車自用∕小客車自用∕,30∕41∕,未受傷∕未受傷∕,WY****6代號1406∕6F****5代號3027∕,其他∕其他∕,有適當之駕照∕有適當之駕照∕,經檢測無酒精反應∕經檢測無酒精反應∕,汽車後車尾∕汽車左前車頭（身）∕,倒車未依規定∕尚未發現肇事因素∕,倒車未依規定∕倒車未依規定∕,其他∕其他∕,其他∕其他∕,本國∕本國∕
10309,10309Y00020041,YYA1,10309YY000060,2014,9,28,9,41,金門縣,金湖鎮,,NA,環島南路,四,,NA,,,,,,塔后路口,NA,NA,NA,NA,NA,NA,NA,NA,NA,0,1,0,晴,日間自然光線,村里道路,50,四岔路,交岔路口內,柏油,乾燥,無缺陷,無障礙物,良好,無號誌,無號誌,無分向設施,未繪設車道線,快慢車道分隔線,有,側撞,右轉彎未依規定,Y000,YY00,1,2,2014/9/28,環島南路四段,,金門縣金湖鎮塔后路口,118.40101,24.438041,自用 小客車∕普通重型 機車∕,小客車自用∕機車普通重型∕,27∕65∕,未受傷∕受傷∕,6F****0代號3028∕CJ****3代號3029∕,其他∕其他∕,有適當之駕照∕有適當之駕照∕,經檢測無酒精反應∕經檢測無酒精反應∕,汽車右前車頭（身）∕機車左側車身∕,右轉彎未依規定∕未注意車前狀態∕,右轉彎未依規定∕右轉彎未依規定∕,保安工作者（不含警察人員）∕其他∕,其他∕其他∕,本國∕本國∕
10309,10309Y00020043,YYA1,10309YY000062,2014,9,29,21,20,金門縣,金湖鎮,,NA,市港路,,,NA,60,,,,,,NA,NA,NA,NA,NA,NA,NA,NA,NA,0,1,0,晴,夜間（或隧道、地下道、涵洞）有照明,村里道路,50,直路,一般車道（未劃分快慢車道）,柏油,乾燥,無缺陷,無障礙物,良好,無號誌,無號誌,無標記,未繪設車道線,快慢車道分隔線,有,追撞,違規停車或暫停不當而肇事,Y000,YY00,1,2,2014/9/29,市港路60號,,金門縣金湖鎮,118.4099121,24.4348324,自用 小客車∕普通重型 機車∕,小客車自用∕機車普通重型∕,30∕23∕,未受傷∕受傷∕,6F****7代號3030∕38****G代號3031∕,其他∕其他∕,有適當之駕照∕有適當之駕照∕,經觀察未飲酒∕經檢測無酒精反應∕,汽車左後車尾（身）∕機車前車頭∕,違規停車或暫停不當而肇事∕未注意車前狀態∕,違規停車或暫停不當而肇事∕違規停車或暫停不當而肇事∕,不明∕服務工作者∕,購物∕上、下班∕,本國∕本國∕
10309,,YYA1,10309YY000066,2014,9,28,13,16,金門縣,金湖鎮,,NA,,,,NA,,,,,,金湖國小停車場,NA,NA,NA,NA,NA,NA,NA,NA,NA,0,0,0,NA,NA,NA,0,NA,NA,NA,NA,NA,NA,NA,NA,NA,NA,NA,NA,NA,NA,NA,Y000,YY00,1,4,2014/9/28,金門縣金湖鎮金湖國小停車場,,金門縣金湖鎮金湖國小停車場,118.4161669,24.4419294,自用 小客車∕自用 小客車∕,小客車自用∕小客車自用∕,56∕33∕,,6F****2代號3032∕6F****5代號3033∕,,,,,,,,,本國∕本國∕
10309,10309Y00020007,YZA1,10309YZ000001,2014,9,1,13,30,金門縣,金城鎮,,NA,民生路,,,NA,,,,,,金城幼稚園前路段,NA,NA,NA,NA,NA,NA,NA,NA,NA,0,1,0,晴,日間自然光線,村里道路,40,四岔路,交岔口附近,柏油,乾燥,無缺陷,路上有停車,良好,無號誌,無號誌,無標記,未繪設車道線,快慢車道分隔線,有,同向擦撞,未保持行車安全間隔,Y000,YZ00,1,2,2014/9/1,民生路,,金門縣金城鎮金城幼稚園前路段,118.3190184,24.43575,自用 小客車∕普通重型 機車∕,小客車自用∕機車普通重型∕,20∕21∕,未受傷∕受傷∕,AF*****6代號3034∕75****Z代號3035∕,其他∕其他∕,有適當之駕照∕有適當之駕照∕,經檢測無酒精反應∕經檢測無酒精反應∕,汽車右側車身∕機車左側車身∕,未保持行車安全間隔∕變換車道或方向不當∕,未保持行車安全間隔∕未保持行車安全間隔∕,大學（研究）生∕服務工作者∕,購物∕購物∕,本國∕本國∕
10309,10309Y00020006,YZA1,10309YZ000002,2014,9,1,7,30,金門縣,金城鎮,,NA,伯玉路,一,80,NA,21,10,,,,,NA,NA,NA,NA,NA,NA,NA,NA,NA,0,1,0,晴,日間自然光線,村里道路,40,四岔路,交岔口附近,柏油,乾燥,無缺陷,無障礙物,良好,無號誌,無號誌,無分向設施,未繪設車道線,未繪設快慢車道分隔線,無,側撞,未依規定讓車,Y000,YZ00,1,2,2014/9/1,伯玉路一段80巷21號,,金門縣金城鎮,118.3267756,24.4346914,自用 小客車∕普通重型 機車∕,小客車自用∕機車普通重型∕,50∕55∕,未受傷∕受傷∕,01****7代號3036∕59****A代號3037∕,其他∕其他∕,有適當之駕照∕有適當之駕照∕,經檢測無酒精反應∕經檢測無酒精反應∕,汽車左側車身∕機車前車頭∕,未依規定讓車∕尚未發現肇事因素∕,未依規定讓車∕未依規定讓車∕,技術工∕事務工作者∕,業務聯繫∕上、下班∕,本國∕本國∕
10309,10309Y00020015,YZA1,10309YZ000003,2014,9,1,16,37,金門縣,金寧鄉,,NA,伯玉路,二,,NA,,,,,,金民加油站前,NA,NA,NA,NA,NA,NA,NA,NA,NA,0,1,0,晴,日間自然光線,村里道路,70,三岔路,交岔路口內,柏油,乾燥,無缺陷,無障礙物,良好,無號誌,無號誌,無分向設施,未繪設車道線,快慢車道分隔線,有,側撞,右轉彎未依規定,Y000,YZ00,1,2,2014/9/1,伯玉路二段,,金門縣金寧鄉金民加油站前,118.3416148,24.4414563,自用 小客車∕普通重型 機車∕,小客車自用∕機車普通重型∕,29∕19∕,未受傷∕受傷∕,05****7代號2751∕67****T代號3038∕,其他∕其他∕,有適當之駕照∕有適當之駕照∕,經檢測無酒精反應∕經檢測無酒精反應∕,汽車右側車身∕機車前車頭∕,右轉彎未依規定∕未注意車前狀態∕,右轉彎未依規定∕右轉彎未依規定∕,事務工作者∕大學（研究）生∕,購物∕購物∕,本國∕本國∕
10309,10309Y00020001,YZA1,10309YZ000004,2014,9,2,8,20,金門縣,金城鎮,,NA,民權路,,,NA,,,,,,民生路45巷8弄路口,NA,NA,NA,NA,NA,NA,NA,NA,NA,0,1,0,晴,日間自然光線,鄉道,40,三岔路,交岔路口內,柏油,乾燥,無缺陷,無障礙物,良好,無號誌,無號誌,無分向設施,未繪設車道線,快慢車道分隔線,有,側撞,右轉彎未依規定,Y000,YZ00,1,2,2014/9/2,民權路,,金門縣金城鎮民生路45巷8弄路口,118.3168946,24.4355379,普通重型 機車∕普通重型 機車∕,機車普通重型∕機車普通重型∕,18∕76∕,未受傷∕受傷∕,67****J代號3039∕46****F代號3040∕,其他∕其他∕,有適當之駕照∕有適當之駕照∕,經檢測無酒精反應∕經檢測無酒精反應∕,機車後車尾∕機車前車頭∕,右轉彎未依規定∕未注意車前狀態∕,右轉彎未依規定∕右轉彎未依規定∕,服務工作者∕無業者∕,上、下班∕購物∕,本國∕本國∕
10309,10309Y00020002,YZA1,10309YZ000006,2014,9,3,8,27,金門縣,金寧鄉,,NA,伯玉路,二,,NA,,,盤果路,,,,NA,NA,NA,NA,NA,NA,NA,NA,NA,0,1,0,晴,日間自然光線,村里道路,70,四岔路,交岔路口內,柏油,乾燥,無缺陷,無障礙物,良好,行車管制號誌,正常,無分向設施,未繪設車道線,未繪設快慢車道分隔線,有,側撞,未依規定讓車,Y000,YZ00,1,2,2014/9/3,伯玉路二段,盤果路,,118.3402912,24.44112005,普通輕型 機車∕普通重型 機車∕,機車普通輕型∕機車普通重型∕,23∕22∕,受傷∕未受傷∕,ZL****7代號3041∕99****W代號3042∕,其他∕其他∕,有適當之駕照∕有適當之駕照∕,經檢測無酒精反應∕經檢測無酒精反應∕,機車右側車身∕機車前車頭∕,未依規定讓車∕未注意車前狀態∕,未依規定讓車∕未依規定讓車∕,其他∕其他∕,上、下班∕上、下班∕,本國∕本國∕
10309,10309Y00030001,YZA1,10309YZ000008,2014,9,5,14,8,金門縣,金城鎮,,NA,伯玉路,一,,NA,,,,,,陳金福號前,NA,NA,NA,NA,NA,NA,NA,NA,NA,0,0,0,晴,日間自然光線,村里道路,60,四岔路,交岔口附近,柏油,乾燥,無缺陷,無障礙物,良好,無號誌,無號誌,附標記,未繪設車道線,快慢車道分隔線,有,追撞,未保持行車安全距離,Y000,YZ00,1,3,2014/9/5,伯玉路一段,,金門縣金城鎮陳金福號前,118.3267756,24.4346914,自用 小客車∕自用 小客車∕,小客車自用∕小客車自用∕,38∕56∕,未受傷∕未受傷∕,6F****3代號3043∕AB*****1代號3044∕,其他∕其他∕,有適當之駕照∕有適當之駕照∕,經檢測無酒精反應∕經檢測無酒精反應∕,汽車前車頭∕汽車後車尾∕,未保持行車安全距離∕尚未發現肇事因素∕,未保持行車安全距離∕未保持行車安全距離∕,不明∕不明∕,不明∕不明∕,本國∕本國∕
10309,10309Y00020016,YZA1,10309YZ000011,2014,9,6,20,0,金門縣,金城鎮,,NA,,,,NA,,,,,,鎮公所後方停車場路段,NA,NA,NA,NA,NA,NA,NA,NA,NA,0,1,0,晴,日間自然光線,村里道路,40,直路,一般車道（未劃分快慢車道）,柏油,乾燥,無缺陷,無障礙物,良好,無號誌,無號誌,無標記,未繪設車道線,未繪設快慢車道分隔線,無,倒車撞,倒車未依規定,Y000,YZ00,1,2,2014/9/6,金門縣金城鎮鎮公所後方停車場路段,,金門縣金城鎮鎮公所後方停車場路段,118.3166667,24.4166667,自用 小客車∕普通輕型 機車∕,小客車自用∕機車普通輕型∕,24∕46∕,未受傷∕受傷∕,07****2代號3045∕WZ****1代號3046∕,其他∕其他∕,有適當之駕照∕有適當之駕照∕,經檢測無酒精反應∕經檢測無酒精反應∕,汽車後車尾∕機車前車頭∕,倒車未依規定∕未注意車前狀態∕,倒車未依規定∕倒車未依規定∕,其他∕其他∕,其他∕其他∕,本國∕本國∕
10309,,YZA1,10309YZ000012,2014,9,6,11,9,金門縣,金寧鄉,,NA,伯玉路,,,NA,,,,,,榜林圓環,NA,NA,NA,NA,NA,NA,NA,NA,NA,0,0,0,晴,NA,NA,40,NA,NA,NA,NA,NA,NA,NA,NA,NA,NA,NA,NA,NA,NA,NA,Y000,YZ00,1,4,2014/9/6,伯玉路,,金門縣金寧鄉榜林圓環,118.3267756,24.4346914,自用 小客車∕普通重型 機車∕,小客車自用∕機車普通重型∕,35∕19∕,,AA*****3代號3047∕68****Z代號3048∕,,,,,,,,,本國∕本國∕
10309,10309Y00020018,YZA1,10309YZ000013,2014,9,6,12,34,金門縣,烈嶼鄉,,NA,湖埔路,,,NA,,,,,,湖前路段,NA,NA,NA,NA,NA,NA,NA,NA,NA,0,1,0,晴,日間自然光線,村里道路,40,三岔路,交岔口附近,柏油,乾燥,無缺陷,無障礙物,良好,無號誌,無號誌,無標記,未繪設車道線,未繪設快慢車道分隔線,有,路上翻車、摔倒,未依規定減速,Y000,YZ00,1,2,2014/9/6,湖埔路,,金門縣烈嶼鄉湖前路段,118.258388,24.4413942,普通輕型 機車∕ ∕,機車普通輕型,44∕0∕,受傷,71****S代號3049,其他,有適當之駕照,經檢測無酒精反應,機車左側車身,未依規定減速∕尚未發現肇事因素∕,未依規定減速∕未依規定減速∕,服務工作者,觀光旅遊,本國∕本國∕
10309,10309Y00030003,YZA1,10309YZ000018,2014,9,8,11,16,金門縣,金寧鄉,榜林村,NA,伯玉路,二,,NA,,,,,,榜林圓環,NA,NA,NA,NA,NA,NA,NA,NA,NA,0,0,0,晴,日間自然光線,村里道路,70,圓環,一般車道（未劃分快慢車道）,柏油,乾燥,無缺陷,無障礙物,良好,無號誌,無號誌,無分向設施,車道線（無標記）,未繪設快慢車道分隔線,有,其他,未依規定讓車,Y000,YZ00,1,3,2014/9/8,伯玉路二段,,金門縣金寧鄉榜林村榜林圓環,118.3416148,24.4414563,自用 小客車∕自用 小客車∕,小客車自用∕小客車自用∕,56∕54∕,未受傷∕未受傷∕,WY****8代號3050∕WY****5代號3051∕,其他∕其他∕,有適當之駕照∕有適當之駕照∕,經檢測無酒精反應∕經檢測無酒精反應∕,汽車前車頭∕汽車右前車頭（身）∕,未依規定讓車∕未注意車前狀態∕,未依規定讓車∕未依規定讓車∕,不明∕不明∕,不明∕不明∕,本國∕本國∕
10309,10309Y00020017,YZA1,10309YZ000020,2014,9,9,16,20,金門縣,金寧鄉,,NA,伯玉路,二,,NA,,,盤果路,,,路口,NA,NA,NA,NA,NA,NA,NA,NA,NA,0,2,0,晴,日間自然光線,村里道路,70,四岔路,交岔路口內,柏油,乾燥,無缺陷,無障礙物,良好,行車管制號誌,正常,無分向設施,未繪設車道線,未繪設快慢車道分隔線,有,側撞,酒醉（後）駕駛失控,Y000,YZ00,1,2,2014/9/9,伯玉路二段,盤果路,,118.3402912,24.44112005,普通重型 機車∕自用 小客車∕,機車普通重型∕小客車自用∕,41∕20∕,受傷∕受傷∕,PZ****5代號2375∕CD****2代號3052∕,其他∕其他∕,有適當之駕照∕有適當之駕照∕,經呼氣檢測超過0.80mg∕L或血液檢測超過0.16∕經檢測無酒精反應∕,機車前車頭∕汽車右側車身∕,酒醉（後）駕駛失控∕右轉彎未依規定∕,酒醉（後）駕駛失控∕酒醉（後）駕駛失控∕,其他∕其他∕,其他∕其他∕,本國∕本國∕
10309,10309Y00020010,YZA1,10309YZ000022,2014,9,10,15,16,金門縣,金寧鄉,,NA,伯玉路,二,,NA,,,,,,金民加油站前路段,NA,NA,NA,NA,NA,NA,NA,NA,NA,0,2,0,晴,日間自然光線,村里道路,70,三岔路,交岔路口內,柏油,乾燥,無缺陷,無障礙物,良好,無號誌,無號誌,無分向設施,未繪設車道線,未繪設快慢車道分隔線,有,側撞,右轉彎未依規定,Y000,YZ00,1,2,2014/9/10,伯玉路二段,,金門縣金寧鄉金民加油站前路段,118.3416148,24.4414563,自用 小貨車(含客、貨兩用)∕普通重型 機車∕乘客 人,小貨車自用∕機車普通重型∕乘客,37∕24∕20,未受傷∕受傷∕受傷,6F****1代號1491∕71****K代號3053∕71****K代號3053,其他∕其他∕其他,有適當之駕照∕有適當之駕照∕非汽（機）車駕駛人,經檢測無酒精反應∕經檢測無酒精反應∕非駕駛人，未檢測,汽車右前車頭（身）∕機車前車頭∕非汽（機）車,右轉彎未依規定∕未注意車前狀態∕尚未發現肇事因素,右轉彎未依規定∕右轉彎未依規定∕右轉彎未依規定,其他∕服務工作者∕大學（研究）生,業務聯繫∕其他∕其他,本國∕本國∕本國
10309,10309Y00020012,YZA1,10309YZ000024,2014,9,11,11,0,金門縣,金城鎮,,NA,民生路,,,NA,60,,,,,金門縣政府前路口,NA,NA,NA,NA,NA,NA,NA,NA,NA,0,2,0,晴,日間自然光線,村里道路,40,三岔路,交岔路口內,柏油,乾燥,無缺陷,無障礙物,良好,無號誌,無號誌,無分向設施,未繪設車道線,未繪設快慢車道分隔線,有,側撞,未依規定讓車,Y000,YZ00,1,2,2014/9/11,民生路60號,,金門縣金城鎮金門縣政府前路口,118.3190184,24.43575,自用 小客車∕普通重型 機車∕乘客 人,小客車自用∕機車普通重型∕乘客,27∕47∕47,未受傷∕受傷∕受傷,01****7代號3054∕59****H代號3055∕59****H代號3055,其他∕其他∕其他,有適當之駕照∕有適當之駕照∕非汽（機）車駕駛人,經檢測無酒精反應∕經檢測無酒精反應∕非駕駛人，未檢測,汽車前車頭∕機車左側車身∕非汽（機）車,未依規定讓車∕未依規定減速∕尚未發現肇事因素,未依規定讓車∕未依規定讓車∕未依規定讓車,其他∕其他∕其他,上、下班∕觀光旅遊∕觀光旅遊,本國∕本國∕本國
10309,10309Y00020030,YZA1,10309YZ000025,2014,9,11,19,5,金門縣,金寧鄉,,NA,瓊安路,,,NA,,,,,,安岐268號前路段,NA,NA,NA,NA,NA,NA,NA,NA,NA,0,1,0,晴,夜間（或隧道、地下道、涵洞）有照明,村里道路,40,直路,一般車道（未劃分快慢車道）,柏油,乾燥,無缺陷,無障礙物,良好,無號誌,無號誌,無標記,未繪設車道線,未繪設快慢車道分隔線,無,同向通行中,未注意車前狀態,Y000,YZ00,1,2,2014/9/11,瓊安路,,金門縣金寧鄉安岐268號前路段,118.343873,24.4603508,普通重型 機車∕行人 人∕乘客 人∕行人 人∕,機車普通重型∕行人∕乘客∕行人∕,50∕73∕47∕1∕,未受傷∕未受傷∕未受傷∕受傷∕,70****C代號305670****C代號3056,其他∕非駕駛人及乘客∕其他∕非駕駛人及乘客∕,有適當之駕照∕非汽（機）車駕駛人∕非汽（機）車駕駛人∕非汽（機）車駕駛人∕,經檢測無酒精反應∕非駕駛人，未檢測∕非駕駛人，未檢測∕非駕駛人，未檢測∕,機車右側車身∕非汽（機）車∕非汽（機）車∕非汽（機）車∕,未注意車前狀態∕尚未發現肇事因素∕尚未發現肇事因素∕尚未發現肇事因素∕,未注意車前狀態∕未注意車前狀態∕未注意車前狀態∕未注意車前狀態∕,其他∕其他∕其他∕其他∕,其他∕其他∕其他∕其他∕,本國∕本國∕本國∕本國∕
10309,10309Y00020026,YZA1,10309YZ000026,2014,9,12,6,59,金門縣,金城鎮,,NA,民權路,,,NA,147,,,,,金城衛生所旁路口,NA,NA,NA,NA,NA,NA,NA,NA,NA,0,2,0,晴,日間自然光線,村里道路,40,三岔路,交岔路口內,柏油,乾燥,無缺陷,無障礙物,良好,無號誌,無號誌,無分向設施,未繪設車道線,未繪設快慢車道分隔線,有,側撞,未依規定讓車,Y000,YZ00,1,2,2014/9/12,民權路147號,,金門縣金城鎮金城衛生所旁路口,118.3177213,24.4364034,腳踏自行車 慢車∕普通重型 機車∕,腳踏自行車∕機車普通重型∕,16∕22∕,受傷∕受傷∕,∕30****H代號3057∕,其他∕其他∕,非汽（機）車駕駛人∕有適當之駕照∕,非駕駛人，未檢測∕經檢測無酒精反應∕,非汽（機）車∕機車前車頭∕,未依規定讓車∕未依規定減速∕,未依規定讓車∕未依規定讓車∕,高中生∕大學（研究）生∕,上、下學∕上、下學∕,本國∕本國∕
10309,10309Y00020013,YZA1,10309YZ000028,2014,9,12,18,53,金門縣,金寧鄉,,NA,大學路,,,NA,Jan-55,,,,,,NA,NA,NA,NA,NA,NA,NA,NA,NA,0,1,0,晴,夜間（或隧道、地下道、涵洞）有照明,村里道路,40,直路,一般車道（未劃分快慢車道）,柏油,乾燥,無缺陷,無障礙物,良好,無號誌,無號誌,寬式（50公分以上）,未繪設車道線,未繪設快慢車道分隔線,有,路上翻車、摔倒,未注意車前狀態,Y000,YZ00,1,2,2014/9/12,大學路55-1號,,金門縣金寧鄉,118.325279,24.4466751,普通重型 機車∕ ∕,機車普通重型,22∕0∕,受傷,F9****5代號3058,其他,有適當之駕照,經檢測無酒精反應,機車前車頭,未注意車前狀態∕尚未發現肇事因素∕,未注意車前狀態∕未注意車前狀態∕,大學（研究）生,社交活動,本國∕本國∕
10309,10309Y00020019,YZA1,10309YZ000029,2014,9,12,22,56,金門縣,金城鎮,,NA,民生路,,,NA,7,,,,,,NA,NA,NA,NA,NA,NA,NA,NA,NA,0,3,0,晴,夜間（或隧道、地下道、涵洞）有照明,村里道路,40,直路,一般車道（未劃分快慢車道）,柏油,乾燥,無缺陷,無障礙物,良好,無號誌,無號誌,無標記,未繪設車道線,快慢車道分隔線,有,側撞,左轉彎未依規定,Y000,YZ00,1,2,2014/9/12,民生路7號,,金門縣金城鎮,118.3190184,24.43575,普通重型 機車∕普通重型 機車∕乘客 人,機車普通重型∕機車普通重型∕乘客,18∕21∕18,受傷∕受傷∕受傷,17****C代號3059∕71****E代號3060∕17****C代號3059,其他∕其他∕其他,有適當之駕照∕有適當之駕照∕非汽（機）車駕駛人,經檢測無酒精反應∕經檢測無酒精反應∕非駕駛人，未檢測,機車左側車身∕機車前車頭∕非汽（機）車,左轉彎未依規定∕未保持行車安全距離∕尚未發現肇事因素,左轉彎未依規定∕左轉彎未依規定∕左轉彎未依規定,大學（研究）生∕大學（研究）生∕大學（研究）生,購物∕上、下班∕購物,本國∕本國∕本國
10309,10309Y00020014,YZA1,10309YZ000030,2014,9,13,11,44,金門縣,金寧鄉,,NA,林堡路,,,NA,,,,,,下堡9之2號前路口,NA,NA,NA,NA,NA,NA,NA,NA,NA,0,1,0,晴,日間自然光線,村里道路,50,四岔路,交岔路口內,柏油,乾燥,無缺陷,無障礙物,良好,無號誌,無號誌,無分向設施,未繪設車道線,未繪設快慢車道分隔線,有,側撞,違規超車,Y000,YZ00,1,2,2014/9/13,林堡路,,金門縣金寧鄉下堡9之2號前路口,118.3345146,24.4434579,普通重型 機車∕自用 小客車∕,機車普通重型∕小客車自用∕,23∕42∕,受傷∕未受傷∕,23****U代號3061∕AA*****7代號3062∕,其他∕其他∕,有適當之駕照∕有適當之駕照∕,經檢測無酒精反應∕經檢測無酒精反應∕,機車左側車身∕汽車右前車頭（身）∕,違規超車∕右轉彎未依規定∕,違規超車∕違規超車∕,其他∕其他∕,其他∕其他∕,本國∕本國∕
10309,10309Y00020020,YZA1,10309YZ000031,2014,9,13,19,30,金門縣,金寧鄉,,NA,伯玉路,一,,NA,,,,,,金城聯大賣場前,NA,NA,NA,NA,NA,NA,NA,NA,NA,0,2,0,晴,夜間（或隧道、地下道、涵洞）有照明,縣道,60,直路,慢車道,柏油,乾燥,無缺陷,無障礙物,良好,無號誌,無號誌,附標記,未繪設車道線,快慢車道分隔線,有,側撞,未依規定讓車,Y000,YZ00,1,2,2014/9/13,伯玉路一段,,金門縣金寧鄉金城聯大賣場前,118.3267756,24.4346914,自用 小客車∕普通重型 機車∕乘客 人,小客車自用∕機車普通重型∕乘客,86∕17∕18,未受傷∕受傷∕受傷,WY****3代號2680∕PZ****3代號3063∕PZ****3代號3063,其他∕其他∕其他,有適當之駕照∕無照（未達考照年齡）∕非汽（機）車駕駛人,經檢測無酒精反應∕經檢測無酒精反應∕非駕駛人，未檢測,汽車左前車頭（身）∕機車左側車身∕非汽（機）車,未依規定讓車∕未注意車前狀態∕尚未發現肇事因素,未依規定讓車∕未依規定讓車∕未依規定讓車,不明∕不明∕不明,不明∕不明∕不明,本國∕本國∕本國
10309,10309Y00030004,YZA1,10309YZ000033,2014,9,14,17,36,金門縣,金城鎮,,NA,民生路,,,NA,,,,,,金城車站圓環外車道內,NA,NA,NA,NA,NA,NA,NA,NA,NA,0,0,0,晴,日間自然光線,村里道路,40,圓環,一般車道（未劃分快慢車道）,柏油,乾燥,無缺陷,無障礙物,良好,無號誌,無號誌,無分向設施,車道線（無標記）,未繪設快慢車道分隔線,有,追撞,未保持行車安全距離,Y000,YZ00,1,3,2014/9/14,民生路,,金門縣金城鎮金城車站圓環外車道內,118.3190184,24.43575,計程車 小客車∕自用 小貨車(含客、貨兩用)∕,小客車計程車∕小貨車自用∕,50∕44∕,未受傷∕未受傷∕,13***5代號3064∕04****2代號3065∕,其他∕其他∕,有適當之駕照∕有適當之駕照∕,經檢測無酒精反應∕經檢測無酒精反應∕,汽車左前車頭（身）∕汽車右後車尾（身）∕,未保持行車安全距離∕尚未發現肇事因素∕,未保持行車安全距離∕未保持行車安全距離∕,汽車、火車駕駛員及船員∕不明∕,運輸∕不明∕,本國∕本國∕
10309,10309Y00030005,YZA1,10309YZ000034,2014,9,15,19,20,金門縣,金城鎮,,NA,民生路,,54,NA,,,,,,路口附近,NA,NA,NA,NA,NA,NA,NA,NA,NA,0,0,0,晴,夜間（或隧道、地下道、涵洞）有照明,村里道路,40,三岔路,交岔口附近,柏油,乾燥,無缺陷,無障礙物,良好,無號誌,無號誌,無標記,未繪設車道線,未繪設快慢車道分隔線,有,對向擦撞,未注意車前狀態,Y000,YZ00,1,3,2014/9/15,民生路54巷,,金門縣金城鎮路口附近,118.3196657,24.436923,自用 小客車∕營業用 大貨車∕自用 小客車,小客車自用∕大貨車營業用∕小客車自用,25∕56∕20,未受傷∕未受傷∕未受傷,WY****5代號3066∕VV***8代號1838∕6F****8代號3067,其他∕其他∕其他,有適當之駕照∕有適當之駕照∕有適當之駕照,經檢測無酒精反應∕經檢測無酒精反應∕經檢測無酒精反應,汽車右前車頭（身）∕汽車左前車頭（身）∕不明,未注意車前狀態∕尚未發現肇事因素∕違規停車或暫停不當而肇事,未注意車前狀態∕未注意車前狀態∕未注意車前狀態,不明∕不明∕不明,不明∕不明∕不明,本國∕本國∕本國