年月,總編號,處理單位,處理編號,年,月,日,時,分,縣市,區,村里,鄰,街道,段,巷,弄,號,公尺處,街道.1,段.1,側,附近,道路,公里,公尺處.1,向,車道,平交道,公里.1,公尺處.2,附近.1,死,受傷,X2.30,天候,光線,道路類別,速限,道路型態,事故位置,路面鋪裝,路面狀態,路面缺陷,障礙物,視距,號誌種類,號誌動作,分向設施,快車道或一般車道間,快慢車道間,路面邊線,事故類型及型態,主要肇因,警局,分局,案件類別,事故類別,日期,道路1,道路2,概略位置,lon,lat,車種,當事者區分.類別.,年齡,受傷程度,車輛牌照號碼,車輛用途,駕駛資格情形,飲酒情形,車輛撞擊部位最初,肇事因素個別,肇事因素主要,職.業,旅次目的,國籍
10309,10309Y00020021,YZA1,10309YZ000037,2014,9,17,11,20,金門縣,金城鎮,,NA,民生路,,,NA,,,,,,車站圓環,NA,NA,NA,NA,NA,NA,NA,NA,NA,0,1,0,晴,日間自然光線,村里道路,40,三岔路,交岔路口內,柏油,乾燥,無缺陷,無障礙物,良好,無號誌,無號誌,無分向設施,未繪設車道線,未繪設快慢車道分隔線,有,側撞,右轉彎未依規定,Y000,YZ00,1,2,2014/9/17,民生路,,金門縣金城鎮車站圓環,118.3190184,24.43575,自用 小客車∕普通重型 機車∕,小客車自用∕機車普通重型∕,55∕22∕,未受傷∕受傷∕,53****J代號3068∕95****J代號806∕,其他∕其他∕,有適當之駕照∕越級駕駛∕,經檢測無酒精反應∕經檢測無酒精反應∕,汽車右前車頭（身）∕機車左側車身∕,右轉彎未依規定∕未注意車前狀態∕,右轉彎未依規定∕右轉彎未依規定∕,其他∕服務工作者∕,其他∕業務聯繫∕,本國∕本國∕
10309,10309Y00020031,YZA1,10309YZ000039,2014,9,15,22,12,金門縣,金城鎮,北門里,NA,民生路,,,NA,36,,,,,路段,NA,NA,NA,NA,NA,NA,NA,NA,NA,0,2,0,晴,夜間（或隧道、地下道、涵洞）有照明,村里道路,40,三岔路,交岔路口內,柏油,乾燥,無缺陷,無障礙物,良好,無號誌,無號誌,無分向設施,未繪設車道線,未繪設快慢車道分隔線,有,側撞,迴轉未依規定,Y000,YZ00,NA,NA,2014/9/15,民生路36號,,金門縣金城鎮北門里路段,118.3190184,24.43575,自用 小客車∕普通重型 機車∕乘客 人,小客車自用∕機車普通重型∕乘客,28∕19∕20,未受傷∕受傷∕受傷,AA*****6代號3069∕L3****1代號3070∕L3****1代號3070,其他∕其他∕其他,有適當之駕照∕有適當之駕照∕非汽（機）車駕駛人,經檢測無酒精反應∕經檢測無酒精反應∕非駕駛人，未檢測,汽車左側車身∕機車前車頭∕不明,迴轉未依規定∕未注意車前狀態∕尚未發現肇事因素,迴轉未依規定∕迴轉未依規定∕迴轉未依規定,其他∕大學（研究）生∕大學（研究）生,其他∕其他∕其他,本國∕本國∕本國
10309,10309Y00020022,YZA1,10309YZ000040,2014,9,17,8,17,金門縣,金寧鄉,,NA,,,,NA,,,,,,安岐376號旁,NA,NA,NA,NA,NA,NA,NA,NA,NA,0,2,0,晴,日間自然光線,鄉道,40,四岔路,交岔路口內,水泥,乾燥,無缺陷,無障礙物,良好,無號誌,無號誌,無分向設施,未繪設車道線,未繪設快慢車道分隔線,無,路口交岔撞,未依規定讓車,Y000,YZ00,1,2,2014/9/17,金門縣金寧鄉安岐376號旁,,金門縣金寧鄉安岐376號旁,118.325723,24.462384,普通重型 機車∕自用 小客車∕乘客 人,機車普通重型∕小客車自用∕乘客,39∕37∕3,受傷∕未受傷∕受傷,30****V代號3071∕J4****1代號3072∕30****V代號3071,其他∕其他∕其他,有適當之駕照∕有適當之駕照∕非汽（機）車駕駛人,經檢測無酒精反應∕經檢測無酒精反應∕非駕駛人，未檢測,機車前車頭∕汽車左前車頭（身）∕非汽（機）車,未依規定讓車∕未依規定減速∕尚未發現肇事因素,未依規定讓車∕未依規定讓車∕未依規定讓車,其他∕其他∕其他,其他∕其他∕其他,本國∕本國∕本國
10309,10309Y00020050,YZA1,10309YZ000042,2014,9,18,20,50,金門縣,金城鎮,,NA,民族路,,,NA,,,,,,85度C咖啡館前,NA,NA,NA,NA,NA,NA,NA,NA,NA,0,1,0,晴,夜間（或隧道、地下道、涵洞）有照明,鄉道,40,三岔路,交岔路口內,柏油,乾燥,無缺陷,無障礙物,良好,無號誌,無號誌,無分向設施,未繪設車道線,未繪設快慢車道分隔線,有,路上翻車、摔倒,酒醉（後）駕駛失控,Y000,YZ00,1,2,2014/9/18,民族路,,金門縣金城鎮85度C咖啡館前,118.3157499,24.4302723,普通重型 機車∕ ∕,機車普通重型,51∕0∕,受傷,PZ****9代號3073,其他,駕照被吊（註）銷,經呼氣檢測0.16至0.25mg∕L或血液檢測0.031至0.05,機車左側車身,酒醉（後）駕駛失控∕尚未發現肇事因素∕,酒醉（後）駕駛失控∕酒醉（後）駕駛失控∕,其他,社交活動,本國∕本國∕
10309,10309Y00020023,YZA1,10309YZ000043,2014,9,19,9,45,金門縣,金寧鄉,,NA,,,,NA,,,,,,埔後708號巷口,NA,NA,NA,NA,NA,NA,NA,NA,NA,0,2,0,晴,日間自然光線,鄉道,40,四岔路,交岔路口內,柏油,乾燥,無缺陷,無障礙物,良好,無號誌,無號誌,無分向設施,未繪設車道線,未繪設快慢車道分隔線,有,路口交岔撞,未依規定讓車,Y000,YZ00,1,2,2014/9/19,金門縣金寧鄉埔後708號巷口,,金門縣金寧鄉埔後708號巷口,118.317029,24.442928,自用 小客車∕自用 小客車∕普通輕型 機車,小客車自用∕小客車自用∕機車普通輕型,63∕36∕24,受傷∕受傷∕未受傷,11****M代號3074∕09****2代號3075∕05****S代號3076,其他∕其他∕其他,有適當之駕照∕有適當之駕照∕有適當之駕照,經檢測無酒精反應∕經檢測無酒精反應∕不明,汽車右側車身∕汽車前車頭∕機車右側車身,未依規定讓車∕未依規定減速∕尚未發現肇事因素,未依規定讓車∕未依規定讓車∕未依規定讓車,其他∕其他∕其他,其他∕其他∕其他,本國∕本國∕本國
10309,10309Y00020033,YZA1,10309YZ000044,2014,9,19,15,25,金門縣,金城鎮,,NA,環島西路,二,,NA,,,,,,救國團旁,NA,NA,NA,NA,NA,NA,NA,NA,NA,0,1,0,晴,日間自然光線,村里道路,40,三岔路,交岔路口內,柏油,乾燥,無缺陷,無障礙物,良好,無號誌,無號誌,無標記,未繪設車道線,未繪設快慢車道分隔線,有,側撞,左轉彎未依規定,Y000,YZ00,1,2,2014/9/19,環島西路二段,,金門縣金城鎮救國團旁,118.3148723,24.4566699,自用 小客車∕普通重型 機車∕,小客車自用∕機車普通重型∕,32∕18∕,未受傷∕受傷∕,6G****3代號3077∕MB****7代號3078∕,其他∕其他∕,有適當之駕照∕有適當之駕照∕,經檢測無酒精反應∕經檢測無酒精反應∕,汽車左側車身∕機車前車頭∕,左轉彎未依規定∕違規超車∕,左轉彎未依規定∕左轉彎未依規定∕,其他∕大學（研究）生∕,其他∕其他∕,本國∕本國∕
10309,10309Y00020024,YZA1,10309YZ000045,2014,9,20,9,43,金門縣,金寧鄉,,NA,,,,NA,,,,,,埔後活動中心前路口,NA,NA,NA,NA,NA,NA,NA,NA,NA,0,1,0,晴,日間自然光線,村里道路,40,四岔路,交岔路口內,柏油,乾燥,無缺陷,無障礙物,良好,無號誌,無號誌,無分向設施,未繪設車道線,未繪設快慢車道分隔線,有,其他,未依規定讓車,Y000,YZ00,1,2,2014/9/20,金門縣金寧鄉埔後活動中心前路口,,金門縣金寧鄉埔後活動中心前路口,118.317029,24.442928,自用 小客車∕普通重型 機車∕,小客車自用∕機車普通重型∕,34∕19∕,未受傷∕受傷∕,02****V代號223∕30****E代號1055∕,其他∕其他∕,有適當之駕照∕有適當之駕照∕,經檢測無酒精反應∕經檢測無酒精反應∕,汽車左前車頭（身）∕機車前車頭∕,未依規定讓車∕未依規定減速∕,未依規定讓車∕未依規定讓車∕,專業人員∕大學（研究）生∕,其他∕其他∕,本國∕本國∕
10309,10309Y00020027,YZA1,10309YZ000047,2014,9,18,22,15,金門縣,金寧鄉,,NA,環島北路,二,,NA,,,,,,后盤山村路段,NA,NA,NA,NA,NA,NA,NA,NA,NA,0,1,0,晴,夜間（或隧道、地下道、涵洞）有照明,村里道路,60,四岔路,交岔口附近,柏油,乾燥,無缺陷,無障礙物,良好,無號誌,無號誌,無標記,未繪設車道線,未繪設快慢車道分隔線,有,路上翻車、摔倒,未依規定減速,Y000,YZ00,1,2,2014/9/18,環島北路二段,,金門縣金寧鄉后盤山村路段,118.3537405,24.452631,普通重型 機車∕ ∕,機車普通重型,18∕0∕,受傷,76****H代號3079,其他,有適當之駕照,經檢測無酒精反應,機車右側車身,未依規定減速∕尚未發現肇事因素∕,未依規定減速∕未依規定減速∕,大學（研究）生,上、下學,本國∕本國∕
10309,10309Y00020025,YZA1,10309YZ000048,2014,9,22,8,57,金門縣,金城鎮,,NA,民權路,,,NA,,,民生路,,,,NA,NA,NA,NA,NA,NA,NA,NA,NA,0,1,0,陰,日間自然光線,其他,40,四岔路,交岔路口內,柏油,乾燥,無缺陷,無障礙物,良好,行車管制號誌（附設行人專用號誌）,正常,無分向設施,未繪設車道線,未繪設快慢車道分隔線,有,路口交岔撞,違反號誌管制或指揮,Y000,YZ00,1,2,2014/9/22,民權路,民生路,,118.318387,24.437086,普通重型 機車∕普通重型 機車∕,機車普通重型∕機車普通重型∕,33∕23∕,未受傷∕受傷∕,07****F代號3080∕69****V代號3081∕,其他∕其他∕,有適當之駕照∕有適當之駕照∕,經檢測無酒精反應∕經檢測無酒精反應∕,機車右側車身∕機車前車頭∕,違反號誌管制或指揮∕尚未發現肇事因素∕,違反號誌管制或指揮∕違反號誌管制或指揮∕,服務工作者∕服務工作者∕,其他∕上、下班∕,本國∕本國∕
10309,10309Y00020040,YZA1,10309YZ000049,2014,9,22,13,25,金門縣,金城鎮,,NA,民權路,,,NA,,,,,,元大銀行旁路段,NA,NA,NA,NA,NA,NA,NA,NA,NA,0,1,0,晴,日間自然光線,村里道路,40,直路,一般車道（未劃分快慢車道）,柏油,乾燥,無缺陷,無障礙物,良好,無號誌,無號誌,無標記,未繪設車道線,未繪設快慢車道分隔線,無,追撞,未依規定讓車,Y000,YZ00,1,2,2014/9/22,民權路,,金門縣金城鎮元大銀行旁路段,118.3168946,24.4355379,自用 小貨車(含客、貨兩用)∕普通重型 機車∕,小貨車自用∕機車普通重型∕,23∕22∕,未受傷∕受傷∕,AD*****2代號3082∕51****M代號3083∕,其他∕其他∕,有適當之駕照∕有適當之駕照∕,經檢測無酒精反應∕經檢測無酒精反應∕,汽車右前車頭（身）∕機車前車頭∕,未依規定讓車∕未保持行車安全距離∕,未依規定讓車∕未依規定讓車∕,其他∕其他∕,其他∕其他∕,本國∕本國∕
10309,10309Y00020028,YZA1,10309YZ000050,2014,9,22,15,29,金門縣,金寧鄉,湖埔村,NA,,,,NA,頂埔下39,,,,,產業道,NA,NA,NA,NA,NA,NA,NA,NA,NA,0,1,0,晴,日間自然光線,鄉道,40,四岔路,交岔路口內,柏油,乾燥,無缺陷,其他障礙物,建築物,無號誌,無號誌,無分向設施,未繪設車道線,未繪設快慢車道分隔線,無,路口交岔撞,未依規定讓車,Y000,YZ00,1,2,2014/9/22,金門縣金寧鄉湖埔村頂埔下39號,,金門縣金寧鄉湖埔村產業道,118.3099021,24.4474013,普通輕型 機車∕自用 小客車∕,機車普通輕型∕小客車自用∕,21∕47∕,受傷∕未受傷∕,TE****9代號3084∕35****B代號3085∕,其他∕其他∕,有適當之駕照∕有適當之駕照∕,經檢測無酒精反應∕經檢測無酒精反應∕,機車前車頭∕汽車右前車頭（身）∕,未依規定讓車∕未依規定減速∕,未依規定讓車∕未依規定讓車∕,大學（研究）生∕其他∕,其他∕其他∕,本國∕本國∕
10309,10309Y00020034,YZA1,10309YZ000053,2014,9,22,19,35,金門縣,金城鎮,,NA,環島西路,二,,NA,1,,,,,救國團,NA,NA,NA,NA,NA,NA,NA,NA,NA,0,1,0,晴,夜間（或隧道、地下道、涵洞）有照明,鄉道,40,三岔路,交岔路口內,柏油,乾燥,無缺陷,無障礙物,良好,行車管制號誌,正常,附標記,車道線（附標記）,未繪設快慢車道分隔線,有,側撞,右轉彎未依規定,Y000,YZ00,1,2,2014/9/22,環島西路二段1號,,金門縣金城鎮救國團,118.3148723,24.4566699,自用 小客車∕普通重型 機車∕,小客車自用∕機車普通重型∕,32∕20∕,未受傷∕受傷∕,6F****8代號3086∕38****P代號3087∕,其他∕其他∕,有適當之駕照∕有適當之駕照∕,經檢測無酒精反應∕經檢測無酒精反應∕,汽車右前車頭（身）∕機車後車尾∕,右轉彎未依規定∕違規超車∕,右轉彎未依規定∕右轉彎未依規定∕,其他∕大學（研究）生∕,觀光旅遊∕上、下學∕,本國∕本國∕
10309,10309Y00020046,YZA1,10309YZ000054,2014,9,16,12,5,金門縣,金城鎮,,NA,民權路,,,NA,,,民族路,,,金城國中前路口,NA,NA,NA,NA,NA,NA,NA,NA,NA,0,1,0,陰,日間自然光線,村里道路,40,三岔路,交岔路口內,柏油,乾燥,無缺陷,無障礙物,良好,閃光號誌,正常,無分向設施,未繪設車道線,未繪設快慢車道分隔線,有,其他,未依規定讓車,Y000,YZ00,1,2,2014/9/16,民權路,民族路,,118.313674,24.4315222,自用 小客車∕普通輕型 機車∕,小客車自用∕機車普通輕型∕,24∕68∕,未受傷∕受傷∕,E3****8代號3088∕WZ****0代號3089∕,其他∕其他∕,有適當之駕照∕有適當之駕照∕,經檢測無酒精反應∕經檢測無酒精反應∕,汽車左前車頭（身）∕機車前車頭∕,未依規定讓車∕未依規定減速∕,未依規定讓車∕未依規定讓車∕,其他∕其他∕,其他∕其他∕,本國∕本國∕
10309,10309Y00020029,YZA1,10309YZ000055,2014,9,23,13,18,金門縣,金寧鄉,,NA,林湖路,,,NA,,,,,,00502號路燈桿,NA,NA,NA,NA,NA,NA,NA,NA,NA,0,2,0,晴,日間自然光線,村里道路,50,三岔路,交岔路口內,柏油,乾燥,無缺陷,無障礙物,良好,無號誌,無號誌,無分向設施,未繪設車道線,未繪設快慢車道分隔線,有,側撞,違規超車,Y000,YZ00,1,2,2014/9/23,林湖路,,金門縣金寧鄉00502號路燈桿,118.330303,24.4320985,普通重型 機車∕普通輕型 機車∕,機車普通重型∕機車普通輕型∕,38∕52∕,受傷∕受傷∕,21****J代號3090∕WZ****6代號3091∕,其他∕其他∕,有適當之駕照∕有適當之駕照∕,經檢測無酒精反應∕經檢測無酒精反應∕,機車右側車身∕機車左側車身∕,違規超車∕未依規定讓車∕,違規超車∕違規超車∕,技術工∕其他∕,上、下班∕上、下班∕,本國∕本國∕
10309,10309Y00020035,YZA1,10309YZ000056,2014,9,24,11,50,金門縣,金城鎮,,NA,民族路,,318,NA,5,,,,,,NA,NA,NA,NA,NA,NA,NA,NA,NA,0,1,0,晴,日間自然光線,村里道路,40,三岔路,交岔路口內,柏油,乾燥,無缺陷,無障礙物,良好,無號誌,無號誌,無分向設施,未繪設車道線,未繪設快慢車道分隔線,有,側撞,未依規定讓車,Y000,YZ00,1,2,2014/9/24,民族路318巷5號,,金門縣金城鎮,118.3157499,24.4302723,計程車 小客車∕普通重型 機車∕,小客車計程車∕機車普通重型∕,62∕25∕,未受傷∕受傷∕,91***2代號3092∕61****U代號3093∕,其他∕其他∕,有適當之駕照∕有適當之駕照∕,經檢測無酒精反應∕經檢測無酒精反應∕,汽車右前車頭（身）∕機車前車頭∕,未依規定讓車∕未依規定減速∕,未依規定讓車∕未依規定讓車∕,汽車、火車駕駛員及船員∕服務工作者∕,上、下班∕其他∕,本國∕本國∕
10309,10309Y00020036,YZA1,10309YZ000057,2014,9,24,16,20,金門縣,金寧鄉,,NA,環島北路,一,,NA,,,,,,地政局路口,NA,NA,NA,NA,NA,NA,NA,NA,NA,0,1,0,晴,日間自然光線,村里道路,60,三岔路,交岔路口內,柏油,乾燥,無缺陷,無障礙物,良好,無號誌,無號誌,無分向設施,未繪設車道線,未繪設快慢車道分隔線,有,其他,右轉彎未依規定,Y000,YZ00,1,2,2014/9/24,環島北路一段,,金門縣金寧鄉地政局路口,118.3283226,24.4462231,自用 小客車∕自用 大貨車∕,小客車自用∕大貨車自用∕,81∕65∕,受傷∕未受傷∕,09****2代號1771∕VV***7代號3094∕,其他∕其他∕,有適當之駕照∕有適當之駕照∕,經檢測無酒精反應∕經檢測無酒精反應∕,汽車左前車頭（身）∕汽車左前車頭（身）∕,右轉彎未依規定∕尚未發現肇事因素∕,右轉彎未依規定∕右轉彎未依規定∕,無業者∕技術工∕,其他∕其他∕,本國∕本國∕
10309,10309Y00020037,YZA1,10309YZ000058,2014,9,24,17,48,金門縣,金寧鄉,,NA,伯玉路,一,,NA,,,,,,田老爺便當店前路段,NA,NA,NA,NA,NA,NA,NA,NA,NA,0,2,0,晴,日間自然光線,村里道路,60,直路,一般車道（未劃分快慢車道）,柏油,乾燥,無缺陷,無障礙物,良好,無號誌,無號誌,無標記,未繪設車道線,快慢車道分隔線,有,側撞,左轉彎未依規定,Y000,YZ00,1,2,2014/9/24,伯玉路一段,,金門縣金寧鄉田老爺便當店前路段,118.3267756,24.4346914,普通重型 機車∕普通重型 機車∕,機車普通重型∕機車普通重型∕,25∕20∕,受傷∕受傷∕,YH****2代號3095∕88****H代號3096∕,其他∕其他∕,有適當之駕照∕有適當之駕照∕,經檢測無酒精反應∕經檢測無酒精反應∕,機車後車尾∕機車前車頭∕,左轉彎未依規定∕未注意車前狀態∕,左轉彎未依規定∕左轉彎未依規定∕,非技術工及體力工∕大學（研究）生∕,購物∕其他∕,本國∕本國∕
10309,10309Y00020047,YZA1,10309YZ000059,2014,9,27,7,27,金門縣,金寧鄉,,NA,伯玉路,二,,NA,,,,,,榜林圓環內,NA,NA,NA,NA,NA,NA,NA,NA,NA,0,3,0,晴,日間自然光線,鄉道,60,圓環,一般車道（未劃分快慢車道）,柏油,乾燥,無缺陷,無障礙物,良好,無號誌,無號誌,無分向設施,未繪設車道線,未繪設快慢車道分隔線,有,其他,右轉彎未依規定,Y000,YZ00,1,2,2014/9/27,伯玉路二段,,金門縣金寧鄉榜林圓環內,118.3416148,24.4414563,自用 小客車∕普通重型 機車∕乘客 人∕乘客 人∕,小客車自用∕機車普通重型∕乘客∕乘客∕,33∕40∕4∕1∕,未受傷∕受傷∕受傷∕受傷∕,99****Q代號3097∕00****B代號3098∕00****B代號3098∕00****B代號3098∕,其他∕其他∕其他∕其他∕,有適當之駕照∕有適當之駕照∕非汽（機）車駕駛人∕非汽（機）車駕駛人∕,經檢測無酒精反應∕經檢測無酒精反應∕非駕駛人，未檢測∕非駕駛人，未檢測∕,汽車右側車身∕機車前車頭∕非汽（機）車∕非汽（機）車∕,右轉彎未依規定∕未依規定讓車∕尚未發現肇事因素∕尚未發現肇事因素∕,右轉彎未依規定∕右轉彎未依規定∕右轉彎未依規定∕右轉彎未依規定∕,其他∕其他∕其他∕其他∕,其他∕其他∕其他∕其他∕,本國∕本國∕本國∕本國∕
10309,10309Y00020042,YZA1,10309YZ000061,2014,9,29,12,45,金門縣,金城鎮,,NA,珠浦西路,,50,1,1,,,,,旁,NA,NA,NA,NA,NA,NA,NA,NA,NA,0,1,0,晴,日間自然光線,鄉道,40,三岔路,交岔路口內,水泥,乾燥,無缺陷,無障礙物,良好,無號誌,無號誌,無分向設施,未繪設車道線,未繪設快慢車道分隔線,無,側撞,未依規定減速,Y000,YZ00,1,2,2014/9/29,珠浦西路50巷1弄1號,,金門縣金城鎮旁,118.3147803,24.4384226,普通重型 機車∕普通重型 機車∕,機車普通重型∕機車普通重型∕,57∕33∕,受傷∕未受傷∕,33****U代號3099∕00****X代號2699∕,其他∕其他∕,有適當之駕照∕有適當之駕照∕,經檢測無酒精反應∕經檢測無酒精反應∕,機車前車頭∕機車後車尾∕,未依規定減速∕未依規定讓車∕,未依規定減速∕未依規定減速∕,其他∕其他∕,其他∕其他∕,本國∕本國∕
10309,10309Y00020044,YZA1,10309YZ000063,2014,9,30,2,8,金門縣,金城鎮,,NA,,,,NA,,,,,,金城鎮公所旁,NA,NA,NA,NA,NA,NA,NA,NA,NA,0,2,0,晴,夜間（或隧道、地下道、涵洞）有照明,村里道路,40,直路,一般車道（未劃分快慢車道）,柏油,乾燥,無缺陷,無障礙物,良好,無號誌,無號誌,無分向設施,未繪設車道線,未繪設快慢車道分隔線,有,撞橋樑、建築物,未注意車前狀態,Y000,YZ00,1,2,2014/9/30,金門縣金城鎮金城鎮公所旁,,金門縣金城鎮金城鎮公所旁,118.3209249,24.4326671,自用 小客車∕ ∕乘客 人,小客車自用乘客,14∕0∕19,受傷受傷,19****8代號310019****8代號3100,其他其他,無照（未達考照年齡）非汽（機）車駕駛人,經檢測無酒精反應經檢測無酒精反應,汽車前車頭非汽（機）車,未注意車前狀態∕尚未發現肇事因素∕尚未發現肇事因素,未注意車前狀態∕未注意車前狀態∕未注意車前狀態,國中生其他,其他其他,本國∕本國∕本國
10309,10309Y00020048,YZA1,10309YZ000064,2014,9,30,12,0,金門縣,金城鎮,,NA,伯玉路,一,,NA,,,,,,吳記自助餐旁路段,NA,NA,NA,NA,NA,NA,NA,NA,NA,0,1,0,晴,日間自然光線,村里道路,60,直路,慢車道,柏油,乾燥,無缺陷,無障礙物,良好,無號誌,無號誌,無標記,未繪設車道線,快慢車道分隔線,有,側撞,未依規定讓車,Y000,YZ00,1,2,2014/9/30,伯玉路一段,,金門縣金城鎮吳記自助餐旁路段,118.3267756,24.4346914,普通重型 機車∕普通重型 機車∕,機車普通重型∕機車普通重型∕,21∕46∕,受傷∕未受傷∕,15****F代號2014∕PZ****7代號3101∕,其他∕其他∕,有適當之駕照∕駕照被吊（註）銷∕,經檢測無酒精反應∕經檢測無酒精反應∕,機車右側車身∕機車左側車身∕,未依規定讓車∕未保持行車安全距離∕,未依規定讓車∕未依規定讓車∕,大學（研究）生∕其他∕,其他∕其他∕,本國∕本國∕
10309,10309Y00020049,YZA1,10309YZ000065,2014,9,30,15,50,金門縣,金寧鄉,,NA,環島西路,二,,NA,,,,,,埔後社區路口,NA,NA,NA,NA,NA,NA,NA,NA,NA,0,2,0,晴,日間自然光線,村里道路,40,多岔路,交岔路口內,柏油,乾燥,無缺陷,無障礙物,良好,無號誌,無號誌,無分向設施,未繪設車道線,未繪設快慢車道分隔線,無,其他,未保持行車安全距離,Y000,YZ00,1,2,2014/9/30,環島西路二段,,金門縣金寧鄉埔後社區路口,118.3148723,24.4566699,普通重型 機車∕普通重型 機車∕乘客 人,機車普通重型∕機車普通重型∕乘客,19∕19∕19,未受傷∕受傷∕受傷,27****L代號3102∕03****H代號3103∕03****H代號3103,其他∕其他∕其他,無照（已達考照年齡）∕有適當之駕照∕非汽（機）車駕駛人,經檢測無酒精反應∕經檢測無酒精反應∕非駕駛人，未檢測,機車前車頭∕機車左側車身∕非汽（機）車,未保持行車安全距離∕左轉彎未依規定∕尚未發現肇事因素,未保持行車安全距離∕未保持行車安全距離∕未保持行車安全距離,大學（研究）生∕大學（研究）生∕大學（研究）生,其他∕其他∕其他,本國∕本國∕本國
10310,,YYA1,10310YY000005,2014,10,2,11,42,金門縣,金湖鎮,,NA,中正路,,,NA,2月2日,,,,,,NA,NA,NA,NA,NA,NA,NA,NA,NA,0,0,0,NA,NA,NA,0,NA,NA,NA,NA,NA,NA,NA,NA,NA,NA,NA,NA,NA,NA,NA,Y000,YY00,1,4,2014/10/2,中正路2-2號,,金門縣金湖鎮,118.4156249,24.4409009,自用 小貨車(含客、貨兩用)∕自用 小客車∕,小貨車自用∕小客車自用∕,38∕46∕,,04****X代號3104∕P8****0代號3105∕,,,,,,,,,本國∕本國∕
10310,10310Y00020006,YYA1,10310YY000010,2014,10,3,18,29,金門縣,金湖鎮,,NA,金港路,,,NA,,,,,,順濟宮公車亭路段,NA,NA,NA,NA,NA,NA,NA,NA,NA,0,1,0,晴,夜間（或隧道、地下道、涵洞）有照明,村里道路,50,三岔路,交岔口附近,柏油,乾燥,無缺陷,其他障礙物,其他,無號誌,無號誌,附標記,未繪設車道線,未繪設快慢車道分隔線,有,穿越道路中,穿越道路未注意左右來車,Y000,YY00,1,2,2014/10/3,金港路,,金門縣金湖鎮順濟宮公車亭路段,118.4341546,24.4172342,行人 人∕自用 小貨車(含客、貨兩用)∕,行人∕小貨車自用∕,10∕51∕,受傷∕未受傷∕,∕46****P代號3106∕,非駕駛人及乘客∕其他∕,非汽（機）車駕駛人∕有適當之駕照∕,非駕駛人，未檢測∕經檢測無酒精反應∕,非汽（機）車∕汽車左後車尾（身）∕,穿越道路未注意左右來車∕尚未發現肇事因素∕,穿越道路未注意左右來車∕穿越道路未注意左右來車∕,小學生∕非技術工及體力工∕,上、下學∕上、下班∕,本國∕本國∕
10310,10310Y00020005,YYA1,10310YY000011,2014,10,3,8,25,金門縣,金沙鎮,,NA,環島東路,二,,NA,,,,,,0291號路燈桿處,NA,NA,NA,NA,NA,NA,NA,NA,NA,0,1,0,晴,日間自然光線,村里道路,60,彎曲路及附近,一般車道（未劃分快慢車道）,柏油,乾燥,無缺陷,無障礙物,良好,無號誌,無號誌,無標記,未繪設車道線,未繪設快慢車道分隔線,有,撞路樹、電桿,未依規定減速,Y000,YY00,1,2,2014/10/3,環島東路二段,,金門縣金沙鎮0291號路燈桿處,118.4328094,24.4713308,自用 小客車∕ ∕,小客車自用,24∕0∕,受傷,29****S代號3107,其他,有適當之駕照,經檢測無酒精反應,汽車右前車頭（身）,未依規定減速∕尚未發現肇事因素∕,未依規定減速∕未依規定減速∕,服務工作者,上、下班,本國∕本國∕
10310,,YYA1,10310YY000013,2014,10,4,12,5,金門縣,金湖鎮,,NA,環島南路,四,,NA,,,,,,陶瓷廠路段,NA,NA,NA,NA,NA,NA,NA,NA,NA,0,0,0,NA,NA,NA,0,NA,NA,NA,NA,NA,NA,NA,NA,NA,NA,NA,NA,NA,NA,NA,Y000,YY00,1,4,2014/10/4,環島南路四段,,金門縣金湖鎮陶瓷廠路段,118.40101,24.438041,自用 小客車∕普通重型 機車∕,小客車自用∕機車普通重型∕,47∕33∕,,WY****0代號3108∕98****C代號3109∕,,,,,,,,,本國∕本國∕
10310,,YYA1,10310YY000015,2014,10,4,21,3,金門縣,金湖鎮,,NA,黃海路,,,NA,,,復興路,,,,NA,NA,NA,NA,NA,NA,NA,NA,NA,0,0,0,NA,NA,NA,0,NA,NA,NA,NA,NA,NA,NA,NA,NA,NA,NA,NA,NA,NA,NA,Y000,YY00,1,4,2014/10/4,黃海路,復興路,,118.4143341,24.44234488,自用 小客車∕普通重型 機車∕,小客車自用∕機車普通重型∕,46∕23∕,,29****E代號3110∕79****B代號3111∕,,,,,,,,,本國∕本國∕
10310,10310Y00020075,YYA1,10310YY000022,2014,10,6,3,34,金門縣,金沙鎮,,NA,環島北路,三,,NA,,,,,,測速照相機前路段,NA,NA,NA,NA,NA,NA,NA,NA,NA,0,1,0,晴,夜間（或隧道、地下道、涵洞）有照明,村里道路,60,直路,一般車道（未劃分快慢車道）,柏油,乾燥,無缺陷,無障礙物,良好,無號誌,無號誌,無標記,未繪設車道線,未繪設快慢車道分隔線,有,撞護欄（樁）,未注意車前狀態,Y000,YY00,1,2,2014/10/6,環島北路三段,,金門縣金沙鎮測速照相機前路段,118.388325,24.466263,普通重型 機車∕ ∕,機車普通重型,18∕0∕,受傷,GA****8代號3112,其他,有適當之駕照,經檢測無酒精反應,機車右側車身,未注意車前狀態∕尚未發現肇事因素∕,未注意車前狀態∕未注意車前狀態∕,大學（研究）生,其他,本國∕本國∕