年月,總編號,處理單位,處理編號,年,月,日,時,分,縣市,區,村里,鄰,街道,段,巷,弄,號,公尺處,街道.1,段.1,側,附近,道路,公里,公尺處.1,向,車道,平交道,公里.1,公尺處.2,附近.1,死,受傷,X2.30,天候,光線,道路類別,速限,道路型態,事故位置,路面鋪裝,路面狀態,路面缺陷,障礙物,視距,號誌種類,號誌動作,分向設施,快車道或一般車道間,快慢車道間,路面邊線,事故類型及型態,主要肇因,警局,分局,案件類別,事故類別,日期,道路1,道路2,概略位置,lon,lat,車種,當事者區分.類別.,年齡,受傷程度,車輛牌照號碼,車輛用途,駕駛資格情形,飲酒情形,車輛撞擊部位最初,肇事因素個別,肇事因素主要,職.業,旅次目的,國籍
10310,10310Y00030002,YYA1,10310YY000023,2014,10,4,11,50,金門縣,金湖鎮,,NA,復興路,,,NA,,,,,,太湖山莊前26136號路桿,NA,NA,NA,NA,NA,NA,NA,NA,NA,0,0,0,晴,日間自然光線,村里道路,50,直路,一般車道（未劃分快慢車道）,柏油,乾燥,無缺陷,無障礙物,良好,無號誌,無號誌,無標記,未繪設車道線,未繪設快慢車道分隔線,有,其他,不明原因肇事,Y000,YY00,1,3,2014/10/4,復興路,,金門縣金湖鎮太湖山莊前26136號路桿,118.4161413,24.4412321, ∕自用 小客車∕,∕小客車自用∕,0∕27∕,不明∕未受傷∕,∕12****2代號3113∕,其他∕其他∕,不明∕有適當之駕照∕,不明∕經觀察未飲酒∕,不明∕汽車左前車頭（身）∕,不明原因肇事∕尚未發現肇事因素∕,不明原因肇事∕不明原因肇事∕,不明∕技術員及助理人員∕,不明∕其他∕,本國∕本國∕
10310,10310Y00020025,YYA1,10310YY000030,2014,10,8,20,59,金門縣,金湖鎮,,NA,市港路,,,NA,,,,,,新市重劃區牌樓路段,NA,NA,NA,NA,NA,NA,NA,NA,NA,0,1,0,晴,夜間（或隧道、地下道、涵洞）有照明,村里道路,60,四岔路,交岔路口內,柏油,乾燥,無缺陷,無障礙物,良好,無號誌,無號誌,無分向設施,未繪設車道線,未繪設快慢車道分隔線,有,同向擦撞,變換車道或方向不當,Y000,YY00,1,2,2014/10/8,市港路,,金門縣金湖鎮新市重劃區牌樓路段,118.4099121,24.4348324,自用 小客車∕普通重型 機車∕,小客車自用∕機車普通重型∕,56∕61∕,未受傷∕受傷∕,VN****7代號3114∕PZ****2代號3115∕,其他∕其他∕,駕照被吊（註）銷∕有適當之駕照∕,經呼氣檢測未超過0.15mg∕L或血液檢測未超過0.03∕經檢測無酒精反應∕,汽車右前車頭（身）∕機車左側車身∕,變換車道或方向不當∕尚未發現肇事因素∕,變換車道或方向不當∕變換車道或方向不當∕,汽車、火車駕駛員及船員∕無業者∕,其他∕其他∕,本國∕本國∕
10310,10310Y00020026,YYA1,10310YY000036,2014,10,9,15,16,金門縣,金湖鎮,,NA,四維路,,,NA,,,柏村路,,,,NA,NA,NA,NA,NA,NA,NA,NA,NA,0,1,0,陰,日間自然光線,村里道路,50,四岔路,交岔路口內,柏油,乾燥,無缺陷,無障礙物,其他,無號誌,無號誌,無分向設施,未繪設車道線,未繪設快慢車道分隔線,有,路口交岔撞,未依規定讓車,Y000,YY00,1,2,2014/10/9,四維路,柏村路,,118.4395744,24.4224393,自用 大貨車∕自用 小客車∕,大貨車自用∕小客車自用∕,30∕78∕,未受傷∕受傷∕,17***J代號3116∕05****X代號3117∕,其他∕其他∕,有適當之駕照∕有適當之駕照∕,經檢測無酒精反應∕經檢測無酒精反應∕,汽車右側車身∕汽車左前車頭（身）∕,未依規定讓車∕未依規定減速∕,未依規定讓車∕未依規定讓車∕,汽車、火車駕駛員及船員∕其他∕,運輸∕其他∕,本國∕本國∕
10310,,YYA1,10310YY000038,2014,10,10,14,10,金門縣,金沙鎮,,NA,光華路,一,,NA,,,,,,東山前路口,NA,NA,NA,NA,NA,NA,NA,NA,NA,0,0,0,NA,NA,NA,0,NA,NA,NA,NA,NA,NA,NA,NA,NA,NA,NA,NA,NA,NA,NA,Y000,YY00,1,4,2014/10/10,光華路一段,,金門縣金沙鎮東山前路口,118.428921,24.4909929,自用 小客車∕普通重型 機車∕,小客車自用∕機車普通重型∕,58∕47∕,,6F****9代號3118∕FA****8代號3119∕,,,,,,,,,本國∕本國∕
10310,10310Y00020021,YYA1,10310YY000040,2014,10,11,11,55,金門縣,金湖鎮,,NA,伯玉路,五,,NA,,,,,,舊武威營區路段,NA,NA,NA,NA,NA,NA,NA,NA,NA,0,2,0,晴,日間自然光線,村里道路,60,直路,一般車道（未劃分快慢車道）,柏油,乾燥,無缺陷,無障礙物,良好,無號誌,無號誌,無標記,未繪設車道線,未繪設快慢車道分隔線,有,衝出路外,未注意車前狀態,Y000,YY00,1,2,2014/10/11,伯玉路五段,,金門縣金湖鎮舊武威營區路段,118.3897645,24.4505133,普通重型 機車∕ ∕乘客 人,機車普通重型乘客,29∕0∕29,受傷受傷,92****F代號312092****F代號3120,其他其他,有適當之駕照非汽（機）車駕駛人,經檢測無酒精反應非駕駛人，未檢測,機車右側車身不明,未注意車前狀態∕尚未發現肇事因素∕尚未發現肇事因素,未注意車前狀態∕未注意車前狀態∕未注意車前狀態,不明不明,觀光旅遊觀光旅遊,本國∕本國∕本國
10310,10310Y00020028,YYA1,10310YY000042,2014,10,11,15,0,金門縣,金沙鎮,,NA,環島北路,四,,NA,,,,,,本砲營砲四連大門前路口,NA,NA,NA,NA,NA,NA,NA,NA,NA,0,2,0,晴,日間自然光線,村里道路,60,三岔路,交岔路口內,柏油,乾燥,無缺陷,無障礙物,良好,無號誌,無號誌,無分向設施,未繪設車道線,未繪設快慢車道分隔線,有,側撞,未依規定讓車,Y000,YY00,1,2,2014/10/11,環島北路四段,,金門縣金沙鎮本砲營砲四連大門前路口,118.4045085,24.4840105,普通重型 機車∕普通重型 機車∕自用 小客車,機車普通重型∕機車普通重型∕小客車自用,79∕67∕20,受傷∕受傷∕未受傷,PZ****0代號3121∕51****C代號3122∕AA*****6代號3123,其他∕其他∕其他,有適當之駕照∕有適當之駕照∕無照（已達考照年齡）,經檢測無酒精反應∕經檢測無酒精反應∕經檢測無酒精反應,機車左側車身∕機車前車頭∕汽車前車頭,未依規定讓車∕未注意車前狀態∕未保持行車安全距離,未依規定讓車∕未依規定讓車∕未依規定讓車,其他∕無業者∕其他,其他∕其他∕其他,本國∕本國∕本國
10310,10310Y00020029,YYA1,10310YY000043,2014,10,12,13,40,金門縣,金沙鎮,,NA,環島北路,四,,NA,,,,,,第二富康農莊路口,NA,NA,NA,NA,NA,NA,NA,NA,NA,0,1,0,晴,日間自然光線,村里道路,60,三岔路,交岔路口內,柏油,乾燥,無缺陷,無障礙物,良好,無號誌,無號誌,無分向設施,未繪設車道線,未繪設快慢車道分隔線,有,側撞,未保持行車安全距離,Y000,YY00,1,2,2014/10/12,環島北路四段,,金門縣金沙鎮第二富康農莊路口,118.4045085,24.4840105,普通重型 機車∕自用 小貨車(含客、貨兩用)∕,機車普通重型∕小貨車自用∕,20∕52∕,受傷∕未受傷∕,AD*****9代號3124∕65****X代號3125∕,其他∕其他∕,有適當之駕照∕有適當之駕照∕,經檢測無酒精反應∕經檢測無酒精反應∕,機車前車頭∕汽車右後車尾（身）∕,未保持行車安全距離∕右轉彎未依規定∕,未保持行車安全距離∕未保持行車安全距離∕,服務工作者∕非技術工及體力工∕,業務聯繫∕購物∕,本國∕本國∕
10310,10310Y00020032,YYA1,10310YY000051,2014,10,15,11,59,金門縣,金湖鎮,,NA,市港路,,,NA,66,,,,,,NA,NA,NA,NA,NA,NA,NA,NA,NA,0,1,0,晴,日間自然光線,村里道路,50,四岔路,交岔路口內,柏油,乾燥,無缺陷,無障礙物,良好,無號誌,無號誌,無分向設施,未繪設車道線,未繪設快慢車道分隔線,有,追撞,未保持行車安全距離,Y000,YY00,1,2,2014/10/15,市港路66號,,金門縣金湖鎮,118.4099121,24.4348324,普通重型 機車∕普通重型 機車∕,機車普通重型∕機車普通重型∕,25∕48∕,受傷∕未受傷∕,97****U代號3126∕M6****6代號3127∕,其他∕其他∕,有適當之駕照∕有適當之駕照∕,經檢測無酒精反應∕經檢測無酒精反應∕,機車右側車身∕機車左側車身∕,未保持行車安全距離∕左轉彎未依規定∕,未保持行車安全距離∕未保持行車安全距離∕,服務工作者∕農林漁牧工作者∕,上、下班∕上、下班∕,本國∕本國∕
10310,10310Y00020076,YYA1,10310YY000063,2014,10,19,14,20,金門縣,金湖鎮,,NA,士校路,,,NA,,,南機路,,,,NA,NA,NA,NA,NA,NA,NA,NA,NA,0,1,0,晴,日間自然光線,村里道路,50,四岔路,交岔路口內,柏油,乾燥,無缺陷,無障礙物,良好,無號誌,無號誌,無分向設施,未繪設車道線,未繪設快慢車道分隔線,有,路口交岔撞,酒醉（後）駕駛失控,Y000,YY00,1,2,2014/10/19,士校路,南機路,,118.4326247,24.4500123,自用 小貨車(含客、貨兩用)∕普通重型 機車∕,小貨車自用∕機車普通重型∕,47∕49∕,未受傷∕受傷∕,6F****3代號3128∕51****V代號3129∕,其他∕其他∕,有適當之駕照∕有適當之駕照∕,經呼氣檢測超過0.80mg∕L或血液檢測超過0.16∕經檢測無酒精反應∕,汽車左前車頭（身）∕機車左側車身∕,酒醉（後）駕駛失控∕未依規定讓車∕,酒醉（後）駕駛失控∕酒醉（後）駕駛失控∕,無業者∕服務工作者∕,社交活動∕業務聯繫∕,本國∕本國∕
10310,10310Y00020055,YYA1,10310YY000065,2014,10,20,9,19,金門縣,金湖鎮,,NA,中山路,,,NA,,,,,,00682路燈桿前,NA,NA,NA,NA,NA,NA,NA,NA,NA,0,1,0,晴,日間自然光線,村里道路,50,直路,一般車道（未劃分快慢車道）,柏油,乾燥,無缺陷,無障礙物,良好,無號誌,無號誌,無標記,未繪設車道線,未繪設快慢車道分隔線,有,撞動物,未注意車前狀態,Y000,YY00,1,2,2014/10/20,中山路,,金門縣金湖鎮00682路燈桿前,118.364975,24.4413821,普通重型 機車∕ ∕,機車普通重型,19∕0∕,受傷,AD*****2代號3130,其他,有適當之駕照,經檢測無酒精反應,機車右側車身,未注意車前狀態∕尚未發現肇事因素∕,未注意車前狀態∕未注意車前狀態∕,大學（研究）生,其他,本國∕本國∕
10310,10310Y00020049,YYA1,10310YY000069,2014,10,24,17,55,金門縣,金湖鎮,,NA,太湖路,一,,NA,,,,,,往鑑潭山莊路口,NA,NA,NA,NA,NA,NA,NA,NA,NA,0,2,0,晴,夜間（或隧道、地下道、涵洞）有照明,村里道路,50,三岔路,交岔路口內,柏油,乾燥,無缺陷,無障礙物,良好,無號誌,無號誌,無分向設施,未繪設車道線,未繪設快慢車道分隔線,有,側撞,左轉彎未依規定,Y000,YY00,1,2,2014/10/24,太湖路一段,,金門縣金湖鎮往鑑潭山莊路口,118.4047483,24.4473343,普通重型 機車∕普通重型 機車∕,機車普通重型∕機車普通重型∕,30∕22∕,受傷∕受傷∕,PZ****7代號3131∕86****Z代號3132∕,其他∕其他∕,有適當之駕照∕有適當之駕照∕,經檢測無酒精反應∕經檢測無酒精反應∕,機車左側車身∕機車前車頭∕,左轉彎未依規定∕未保持行車安全距離∕,左轉彎未依規定∕左轉彎未依規定∕,專業人員∕大學（研究）生∕,上、下班∕上、下班∕,本國∕本國∕
10310,,YYA1,10310YY000070,2014,10,21,22,30,金門縣,金沙鎮,,NA,陽沙路,,,NA,601,,,,,,NA,NA,NA,NA,NA,NA,NA,NA,NA,0,0,0,晴,NA,NA,50,NA,NA,NA,NA,NA,NA,NA,NA,NA,NA,NA,NA,NA,NA,NA,Y000,YY00,1,4,2014/10/21,陽沙路601號,,金門縣金沙鎮,118.432385,24.4814738,自用 小客車∕普通重型 機車∕,小客車自用∕機車普通重型∕,41∕18∕,,04****X代號3133∕12****U代號3134∕,,,,,,,,,本國∕本國∕
10310,10310Y00020057,YYA1,10310YY000074,2014,10,25,15,30,金門縣,金湖鎮,,NA,環島北路,三,,NA,,,,,,近屠宰場路段0133號路燈桿處,NA,NA,NA,NA,NA,NA,NA,NA,NA,0,1,0,晴,日間自然光線,村里道路,60,直路,一般車道（未劃分快慢車道）,柏油,乾燥,無缺陷,無障礙物,良好,無號誌,無號誌,無標記,未繪設車道線,未繪設快慢車道分隔線,有,路上翻車、摔倒,未注意車前狀態,Y000,YY00,1,2,2014/10/25,環島北路三段,,金門縣金湖鎮近屠宰場路段0133號路燈桿處,118.388325,24.466263,普通重型 機車∕ ∕,機車普通重型,14∕0∕,受傷,LW****7代號3135,其他,無照（未達考照年齡）,經檢測無酒精反應,機車右側車身,未注意車前狀態∕尚未發現肇事因素∕,未注意車前狀態∕未注意車前狀態∕,不明,不明,本國∕本國∕
10310,10310Y00020058,YYA1,10310YY000078,2014,10,27,8,42,金門縣,金湖鎮,新市里,NA,復興路,,,NA,4,,,,,台灣銀行前路口,NA,NA,NA,NA,NA,NA,NA,NA,NA,0,2,0,晴,日間自然光線,村里道路,50,三岔路,交岔路口內,柏油,乾燥,無缺陷,無障礙物,良好,無號誌,無號誌,無標記,未繪設車道線,未繪設快慢車道分隔線,有,側撞,右轉彎未依規定,Y000,YY00,1,2,2014/10/27,復興路4號,,金門縣金湖鎮新市里台灣銀行前路口,118.4161413,24.4412321,自用 小貨車(含客、貨兩用)∕普通重型 機車∕乘客 人,小貨車自用∕機車普通重型∕乘客,57∕30∕27,未受傷∕受傷∕受傷,AF*****7代號3136∕19****F代號3137∕19****F代號3137,其他∕其他∕其他,有適當之駕照∕有適當之駕照∕非汽（機）車駕駛人,經檢測無酒精反應∕經檢測無酒精反應∕非駕駛人，未檢測,汽車右前車頭（身）∕機車左側車身∕非汽（機）車,右轉彎未依規定∕未保持行車安全距離∕尚未發現肇事因素,右轉彎未依規定∕右轉彎未依規定∕右轉彎未依規定,其他∕其他∕其他,其他∕其他∕其他,本國∕本國∕本國
10310,,YYA1,10310YY000084,2014,10,29,15,14,金門縣,金沙鎮,,NA,三民路,,,NA,,,,,,金沙衛生所前停車場,NA,NA,NA,NA,NA,NA,NA,NA,NA,0,0,0,NA,NA,NA,0,NA,NA,NA,NA,NA,NA,NA,NA,NA,NA,NA,NA,NA,NA,NA,Y000,YY00,1,4,2014/10/29,三民路,,金門縣金沙鎮金沙衛生所前停車場,118.4130824,24.4896092,自用 小客車∕自用 小客車∕,小客車自用∕小客車自用∕,27∕21∕,,22****S代號98∕08****2代號3138∕,,,,,,,,,本國∕本國∕
10310,10310Y00020068,YYA1,10310YY000090,2014,10,30,19,10,金門縣,金湖鎮,,NA,瓊徑路,,,NA,,,,,,成功候車亭路段,NA,NA,NA,NA,NA,NA,NA,NA,NA,0,1,0,晴,夜間（或隧道、地下道、涵洞）無照明,村里道路,60,直路,路肩、路緣,柏油,乾燥,無缺陷,無障礙物,良好,無號誌,無號誌,附標記,未繪設車道線,快慢車道分隔線,有,撞護欄（樁）,未依規定減速,Y000,YY00,1,2,2014/10/30,瓊徑路,,金門縣金湖鎮成功候車亭路段,118.3837181,24.4489328,普通重型 機車∕ ∕,機車普通重型,25∕0∕,受傷,30****J代號3139,其他,有適當之駕照,經檢測無酒精反應,機車前車頭,未依規定減速∕尚未發現肇事因素∕,未依規定減速∕未依規定減速∕,其他,上、下班,本國∕本國∕
10310,10310Y00020069,YYA1,10310YY000092,2014,10,31,16,20,金門縣,金湖鎮,,NA,伯玉路,五,,NA,,,,,,魯王墓路段,NA,NA,NA,NA,NA,NA,NA,NA,NA,0,2,0,晴,日間自然光線,村里道路,60,彎曲路及附近,交通島（含槽化線）,柏油,乾燥,無缺陷,無障礙物,良好,無號誌,無號誌,窄式無柵欄,禁止雙換車道線（附標記）,未繪設快慢車道分隔線,有,撞交通島,未依規定減速,Y000,YY00,1,2,2014/10/31,伯玉路五段,,金門縣金湖鎮魯王墓路段,118.3897645,24.4505133,普通輕型 機車∕ ∕乘客 人,機車普通輕型乘客,18∕0∕19,受傷受傷,ZG****6代號3140ZG****6代號3140,其他其他,有適當之駕照非汽（機）車駕駛人,經檢測無酒精反應非駕駛人，未檢測,機車前車頭非汽（機）車,未依規定減速∕尚未發現肇事因素∕尚未發現肇事因素,未依規定減速∕未依規定減速∕未依規定減速,大學（研究）生大學（研究）生,觀光旅遊觀光旅遊,本國∕本國∕本國
10310,10310Y00020002,YZA1,10310YZ000001,2014,10,1,12,12,金門縣,金寧鄉,,NA,伯玉路,一,,NA,,,,,,金鼎大賣場前,NA,NA,NA,NA,NA,NA,NA,NA,NA,0,2,0,晴,日間自然光線,鄉道,60,直路,一般車道（未劃分快慢車道）,柏油,乾燥,無缺陷,無障礙物,良好,無號誌,無號誌,無標記,未繪設車道線,快慢車道分隔線,有,其他,起步未注意其他車（人）安全,Y000,YZ00,1,2,2014/10/1,伯玉路一段,,金門縣金寧鄉金鼎大賣場前,118.3267756,24.4346914,普通重型 機車∕普通重型 機車∕,機車普通重型∕機車普通重型∕,41∕30∕,受傷∕受傷∕,09****K代號3141∕09****A代號3142∕,其他∕其他∕,有適當之駕照∕有適當之駕照∕,經檢測無酒精反應∕經檢測無酒精反應∕,機車左側車身∕機車前車頭∕,起步未注意其他車（人）安全∕未注意車前狀態∕,起步未注意其他車（人）安全∕起步未注意其他車（人）安全∕,其他∕其他∕,其他∕其他∕,本國∕本國∕
10310,10310Y00020001,YZA1,10310YZ000002,2014,10,1,11,46,金門縣,金城鎮,,NA,環島西路,一,,NA,,,,,,莒光橋橋頭,NA,NA,NA,NA,NA,NA,NA,NA,NA,0,1,0,晴,日間自然光線,村里道路,40,三岔路,交岔口附近,柏油,乾燥,無缺陷,無障礙物,良好,無號誌,無號誌,無標記,未繪設車道線,未繪設快慢車道分隔線,有,倒車撞,倒車未依規定,Y000,YZ00,1,2,2014/10/1,環島西路一段,,金門縣金城鎮莒光橋橋頭,118.3184801,24.4172073,自用 小貨車(含客、貨兩用)∕普通重型 機車∕,小貨車自用∕機車普通重型∕,55∕21∕,未受傷∕受傷∕,WY****3代號3143∕91****B代號3144∕,其他∕其他∕,有適當之駕照∕有適當之駕照∕,經檢測無酒精反應∕經檢測無酒精反應∕,汽車右後車尾（身）∕機車前車頭∕,倒車未依規定∕未注意車前狀態∕,倒車未依規定∕倒車未依規定∕,非技術工及體力工∕大學（研究）生∕,上、下班∕上、下班∕,本國∕本國∕
10310,10310Y00020003,YZA1,10310YZ000003,2014,10,1,18,47,金門縣,金寧鄉,,NA,環島北路,一,,NA,,,,,,明興汽車修護廠前,NA,NA,NA,NA,NA,NA,NA,NA,NA,0,1,0,晴,日間自然光線,村里道路,60,直路,一般車道（未劃分快慢車道）,水泥,乾燥,無缺陷,無障礙物,良好,無號誌,無號誌,無標記,未繪設車道線,未繪設快慢車道分隔線,有,側撞,未保持行車安全距離,Y000,YZ00,1,2,2014/10/1,環島北路一段,,金門縣金寧鄉明興汽車修護廠前,118.3283226,24.4462231,普通重型 機車∕自用 小客車∕,機車普通重型∕小客車自用∕,23∕22∕,受傷∕未受傷∕,AA*****6代號2129∕96****9代號3145∕,其他∕其他∕,有適當之駕照∕無照（已達考照年齡）∕,經檢測無酒精反應∕經檢測無酒精反應∕,機車前車頭∕汽車右側車身∕,未保持行車安全距離∕右轉彎未依規定∕,未保持行車安全距離∕未保持行車安全距離∕,大學（研究）生∕其他∕,其他∕其他∕,本國∕本國∕
10310,10310Y00020007,YZA1,10310YZ000004,2014,10,1,19,49,金門縣,金城鎮,,NA,延平路,,,NA,,,,,,03911燈桿附近,NA,NA,NA,NA,NA,NA,NA,NA,NA,0,2,0,晴,夜間（或隧道、地下道、涵洞）有照明,鄉道,40,直路,一般車道（未劃分快慢車道）,柏油,乾燥,無缺陷,無障礙物,良好,無號誌,無號誌,無標記,未繪設車道線,未繪設快慢車道分隔線,無,同向通行中,未注意車前狀態,Y000,YZ00,1,2,2014/10/1,延平路,,金門縣金城鎮03911燈桿附近,118.304405,24.424809,普通重型 機車∕行人 人∕,機車普通重型∕行人∕,19∕57∕,受傷∕受傷∕,10****Z代號3146,其他∕非駕駛人及乘客∕,有適當之駕照∕非汽（機）車駕駛人∕,經檢測無酒精反應∕非駕駛人，未檢測∕,機車前車頭∕非汽（機）車∕,未注意車前狀態∕尚未發現肇事因素∕,未注意車前狀態∕未注意車前狀態∕,其他∕其他∕,其他∕其他∕,本國∕本國∕
10310,10310Y00020009,YZA1,10310YZ000006,2014,10,2,13,12,金門縣,金寧鄉,,NA,桃園路,,,NA,,,林湖路,,,東洲路口,NA,NA,NA,NA,NA,NA,NA,NA,NA,0,1,0,晴,日間自然光線,縣道,60,四岔路,交岔路口內,柏油,乾燥,無缺陷,無障礙物,良好,行車管制號誌,正常,無分向設施,未繪設車道線,未繪設快慢車道分隔線,有,路口交岔撞,違反特定標誌（線）禁制,Y000,YZ00,1,2,2014/10/2,桃園路,林湖路,,118.3304096,24.43245545,自用 小貨車(含客、貨兩用)∕普通重型 機車∕,小貨車自用∕機車普通重型∕,22∕53∕,未受傷∕受傷∕,03****2代號143∕CK****8代號3147∕,其他∕其他∕,有適當之駕照∕有適當之駕照∕,經檢測無酒精反應∕經檢測無酒精反應∕,汽車前車頭∕機車左側車身∕,違反特定標誌（線）禁制∕尚未發現肇事因素∕,違反特定標誌（線）禁制∕違反特定標誌（線）禁制∕,其他∕其他∕,其他∕其他∕,本國∕非本國∕
10310,10310Y00020042,YZA1,10310YZ000007,2014,10,2,12,50,金門縣,金寧鄉,埔後村,NA,,,,NA,Aug-70,路口,,,,,NA,NA,NA,NA,NA,NA,NA,NA,NA,0,1,0,晴,日間自然光線,村里道路,40,四岔路,交岔路口內,柏油,乾燥,無缺陷,無障礙物,良好,無號誌,無號誌,無分向設施,未繪設車道線,未繪設快慢車道分隔線,有,路口交岔撞,未依規定讓車,Y000,YZ00,1,2,2014/10/2,金門縣金寧鄉埔後村70-8,,金門縣金寧鄉埔後村,118.317029,24.442928,普通重型 機車∕營業用 大貨車∕,機車普通重型∕大貨車營業用∕,19∕48∕,受傷∕未受傷∕,39****W代號3148∕VV***6代號1849∕,其他∕砂石車∕,有適當之駕照∕有適當之駕照∕,經檢測無酒精反應∕經檢測無酒精反應∕,機車右側車身∕汽車左前車頭（身）∕,未依規定讓車∕未依規定減速∕,未依規定讓車∕未依規定讓車∕,大學（研究）生∕汽車、火車駕駛員及船員∕,上、下學∕上、下班∕,本國∕本國∕
10310,10310Y00020008,YZA1,10310YZ000008,2014,10,1,22,18,金門縣,金寧鄉,,NA,桃園路,,,NA,,,林湖路,,,東洲路口,NA,NA,NA,NA,NA,NA,NA,NA,NA,0,1,0,晴,夜間（或隧道、地下道、涵洞）有照明,村里道路,50,四岔路,交岔路口內,柏油,乾燥,無缺陷,無障礙物,良好,閃光號誌,正常,無分向設施,未繪設車道線,未繪設快慢車道分隔線,無,路口交岔撞,未依規定讓車,Y000,YZ00,1,2,2014/10/1,桃園路,林湖路,,118.3304096,24.43245545,普通重型 機車∕普通重型 機車∕,機車普通重型∕機車普通重型∕,21∕20∕,未受傷∕受傷∕,IC****3代號395∕06****G代號1101∕,其他∕其他∕,有適當之駕照∕有適當之駕照∕,經檢測無酒精反應∕經檢測無酒精反應∕,機車右側車身∕機車前車頭∕,未依規定讓車∕未依規定減速∕,未依規定讓車∕未依規定讓車∕,大學（研究）生∕其他∕,其他∕其他∕,本國∕本國∕
10310,10310Y00030001,YZA1,10310YZ000009,2014,10,2,20,24,金門縣,金城鎮,,NA,民權路,,,NA,,,珠浦北路,,,,NA,NA,NA,NA,NA,NA,NA,NA,NA,0,0,0,晴,夜間（或隧道、地下道、涵洞）有照明,村里道路,40,四岔路,交岔路口內,柏油,乾燥,無缺陷,無障礙物,良好,無號誌,無號誌,無分向設施,未繪設車道線,未繪設快慢車道分隔線,有,同向擦撞,違規超車,Y000,YZ00,1,3,2014/10/2,民權路,珠浦北路,,118.3161299,24.43473165,自用 小客車∕自用 小客車∕,小客車自用∕小客車自用∕,40∕27∕,未受傷∕未受傷∕,6F****5代號2430∕07****V代號3149∕,其他∕其他∕,有適當之駕照∕有適當之駕照∕,經檢測無酒精反應∕經檢測無酒精反應∕,汽車左前車頭（身）∕汽車右前車頭（身）∕,違規超車∕尚未發現肇事因素∕,違規超車∕違規超車∕,不明∕不明∕,不明∕不明∕,本國∕本國∕
10310,10310Y00020010,YZA1,10310YZ000012,2014,10,3,11,34,金門縣,金寧鄉,湖埔村,NA,,,,NA,,,,,,埔後191號旁路口,NA,NA,NA,NA,NA,NA,NA,NA,NA,0,1,0,晴,日間自然光線,村里道路,40,四岔路,交岔路口內,柏油,乾燥,無缺陷,無障礙物,良好,無號誌,無號誌,無分向設施,未繪設車道線,未繪設快慢車道分隔線,有,路口交岔撞,未依規定讓車,Y000,YZ00,1,2,2014/10/3,金門縣金寧鄉湖埔村埔後191號旁路口,,金門縣金寧鄉湖埔村埔後191號旁路口,118.317029,24.442928,自用 小客車∕普通重型 機車∕,小客車自用∕機車普通重型∕,57∕20∕,未受傷∕受傷∕,03****2代號3150∕YJ****7代號3151∕,其他∕其他∕,有適當之駕照∕有適當之駕照∕,經檢測無酒精反應∕經檢測無酒精反應∕,汽車右前車頭（身）∕機車前車頭∕,未依規定讓車∕未依規定減速∕,未依規定讓車∕未依規定讓車∕,其他∕大學（研究）生∕,其他∕其他∕,本國∕本國∕
10310,10310Y00020011,YZA1,10310YZ000014,2014,10,4,9,47,金門縣,金寧鄉,,NA,環島北路,一,,NA,,,林湖路,,,,NA,NA,NA,NA,NA,NA,NA,NA,NA,0,1,0,晴,日間自然光線,鄉道,50,三岔路,交岔口附近,柏油,乾燥,無缺陷,無障礙物,良好,無號誌,無號誌,無標記,未繪設車道線,未繪設快慢車道分隔線,無,側撞,左轉彎未依規定,Y000,YZ00,1,2,2014/10/4,環島北路一段,林湖路,,118.3258302,24.4439927,普通重型 機車∕普通重型 機車∕,機車普通重型∕機車普通重型∕,70∕20∕,未受傷∕受傷∕,PZ****0代號3152∕81****B代號2575∕,其他∕其他∕,有適當之駕照∕有適當之駕照∕,經檢測無酒精反應∕經檢測無酒精反應∕,機車後車尾∕機車前車頭∕,左轉彎未依規定∕未保持行車安全距離∕,左轉彎未依規定∕左轉彎未依規定∕,其他∕其他∕,其他∕其他∕,本國∕本國∕
10310,10310Y00020004,YZA1,10310YZ000016,2014,10,2,18,18,金門縣,金城鎮,,NA,光前路,,,NA,,,,,,金門高中前路段,NA,NA,NA,NA,NA,NA,NA,NA,NA,0,2,0,晴,夜間（或隧道、地下道、涵洞）有照明,村里道路,50,直路,一般車道（未劃分快慢車道）,柏油,乾燥,無缺陷,無障礙物,良好,無號誌,無號誌,無標記,未繪設車道線,未繪設快慢車道分隔線,有,追撞,未注意車前狀態,Y000,YZ00,1,2,2014/10/2,光前路,,金門縣金城鎮金門高中前路段,118.3142468,24.4339885,普通重型 機車∕其他慢車 慢車∕,機車普通重型∕其他慢車∕,32∕71∕,受傷∕受傷∕,20****F代號3153,其他∕其他∕,有適當之駕照∕非汽（機）車駕駛人∕,經檢測無酒精反應∕非駕駛人，未檢測∕,機車前車頭∕非汽（機）車∕,未注意車前狀態∕未靠右行駛∕,未注意車前狀態∕未注意車前狀態∕,其他∕其他∕,其他∕其他∕,本國∕本國∕
10310,10310Y00020012,YZA1,10310YZ000017,2014,10,4,13,42,金門縣,金城鎮,東門里,NA,北堤路,,9,NA,8,,,,,路口,NA,NA,NA,NA,NA,NA,NA,NA,NA,0,1,0,晴,日間自然光線,村里道路,40,三岔路,交岔路口內,其他鋪裝,乾燥,無缺陷,無障礙物,建築物,無號誌,無號誌,無分向設施,未繪設車道線,未繪設快慢車道分隔線,無,路口交岔撞,未依規定讓車,Y000,YZ00,1,2,2014/10/4,北堤路9巷8號,,金門縣金城鎮東門里路口,118.3167419,24.4294062,普通輕型 機車∕自用 小客車∕,機車普通輕型∕小客車自用∕,57∕26∕,受傷∕未受傷∕,WZ****3代號3154∕AA*****3代號3155∕,其他∕其他∕,有適當之駕照∕有適當之駕照∕,經檢測無酒精反應∕經檢測無酒精反應∕,機車右側車身∕汽車前車頭∕,未依規定讓車∕未依規定減速∕,未依規定讓車∕未依規定讓車∕,家庭主婦（夫）∕不明∕,不明∕不明∕,本國∕本國∕