年月,總編號,處理單位,處理編號,年,月,日,時,分,縣市,區,村里,鄰,街道,段,巷,弄,號,公尺處,街道.1,段.1,側,附近,道路,公里,公尺處.1,向,車道,平交道,公里.1,公尺處.2,附近.1,死,受傷,X2.30,天候,光線,道路類別,速限,道路型態,事故位置,路面鋪裝,路面狀態,路面缺陷,障礙物,視距,號誌種類,號誌動作,分向設施,快車道或一般車道間,快慢車道間,路面邊線,事故類型及型態,主要肇因,警局,分局,案件類別,事故類別,日期,道路1,道路2,概略位置,lon,lat,車種,當事者區分.類別.,年齡,受傷程度,車輛牌照號碼,車輛用途,駕駛資格情形,飲酒情形,車輛撞擊部位最初,肇事因素個別,肇事因素主要,職.業,旅次目的,國籍
10310,,YZA1,10310YZ000018,2014,10,4,13,40,金門縣,金城鎮,,NA,西海路,二,222,22,2,,,,,路口,NA,NA,NA,NA,NA,NA,NA,NA,NA,0,0,0,NA,NA,NA,0,NA,NA,NA,NA,NA,NA,NA,NA,NA,NA,NA,NA,NA,NA,NA,Y000,YZ00,1,4,2014/10/4,西海路二段222巷22弄2號,,金門縣金城鎮路口,118.3041626,24.4144371,自用 小客車∕自用 小客車∕自用 小客車,小客車自用∕小客車自用∕小客車自用,67∕57∕47,,0B****6代號3156∕2R****6代號3157∕13****S代號3158,,,,,,,,,本國∕本國∕本國
10310,10310Y00020013,YZA1,10310YZ000019,2014,10,4,19,57,金門縣,金城鎮,,NA,,,,NA,官裡53,,,,,,NA,NA,NA,NA,NA,NA,NA,NA,NA,0,1,0,晴,夜間（或隧道、地下道、涵洞）有照明,村里道路,40,三岔路,交岔路口內,水泥,乾燥,無缺陷,無障礙物,良好,無號誌,無號誌,無分向設施,未繪設車道線,未繪設快慢車道分隔線,無,穿越道路中,起步未注意其他車（人）安全,Y000,YZ00,1,2,2014/10/4,金門縣金城鎮官裡53號,,金門縣金城鎮,118.317606,24.412432,自用 小客車∕行人 人∕,小客車自用∕行人∕,27∕6∕,未受傷∕受傷∕,27****S代號3159,其他∕非駕駛人及乘客∕,有適當之駕照∕非汽（機）車駕駛人∕,經檢測無酒精反應∕非駕駛人，未檢測∕,汽車右前車頭（身）∕非汽（機）車∕,起步未注意其他車（人）安全∕穿越道路未注意左右來車∕,起步未注意其他車（人）安全∕起步未注意其他車（人）安全∕,其他∕未就學兒童∕,其他∕不明∕,本國∕本國∕
10310,10310Y00020014,YZA1,10310YZ000020,2014,10,5,10,5,金門縣,金城鎮,,NA,民生路,,,NA,,,,,,金信大樓,NA,NA,NA,NA,NA,NA,NA,NA,NA,0,1,0,晴,日間自然光線,鄉道,40,直路,一般車道（未劃分快慢車道）,柏油,乾燥,無缺陷,無障礙物,路上停放車輛,無號誌,無號誌,附標記,未繪設車道線,未繪設快慢車道分隔線,有,其他,起步未注意其他車（人）安全,Y000,YZ00,1,2,2014/10/5,民生路,,金門縣金城鎮金信大樓,118.3190184,24.43575,計程車 小客車∕普通重型 機車∕,小客車計程車∕機車普通重型∕,53∕19∕,未受傷∕受傷∕,55***Q代號3160∕17****Y代號3161∕,其他∕其他∕,有適當之駕照∕有適當之駕照∕,經檢測無酒精反應∕經檢測無酒精反應∕,汽車右側車身∕機車右側車身∕,起步未注意其他車（人）安全∕未注意車前狀態∕,起步未注意其他車（人）安全∕起步未注意其他車（人）安全∕,服務工作者∕大學（研究）生∕,運輸∕購物∕,本國∕本國∕
10310,10310Y00020034,YZA1,10310YZ000021,2014,10,5,16,24,金門縣,金寧鄉,,NA,伯玉路,二,,NA,161,,,,,金民加油站入口,NA,NA,NA,NA,NA,NA,NA,NA,NA,0,1,0,晴,日間自然光線,縣道,70,三岔路,交岔路口內,柏油,乾燥,無缺陷,無障礙物,良好,無號誌,無號誌,無分向設施,未繪設車道線,快慢車道分隔線,有,側撞,右轉彎未依規定,Y000,YZ00,1,2,2014/10/5,伯玉路二段161號,,金門縣金寧鄉金民加油站入口,118.3416148,24.4414563,自用 大貨車∕普通重型 機車∕,大貨車自用∕機車普通重型∕,62∕24∕,未受傷∕受傷∕,VU***9代號3162∕22****A代號3163∕,砂石車∕其他∕,有適當之駕照∕有適當之駕照∕,經檢測無酒精反應∕經檢測無酒精反應∕,汽車右前車頭（身）∕機車左側車身∕,右轉彎未依規定∕未注意車前狀態∕,右轉彎未依規定∕右轉彎未依規定∕,非技術工及體力工∕其他∕,運輸∕其他∕,本國∕本國∕
10310,10310Y00020045,YZA1,10310YZ000024,2014,10,6,12,40,金門縣,金寧鄉,,NA,,,,NA,,,,,,埔後長壽佛具行前路口,NA,NA,NA,NA,NA,NA,NA,NA,NA,0,1,0,晴,日間自然光線,村里道路,40,四岔路,交岔路口內,水泥,乾燥,無缺陷,無障礙物,良好,無號誌,無號誌,無分向設施,未繪設車道線,未繪設快慢車道分隔線,無,路口交岔撞,未依規定減速,Y000,YZ00,1,2,2014/10/6,金門縣金寧鄉埔後長壽佛具行前路口,,金門縣金寧鄉埔後長壽佛具行前路口,118.317029,24.442928,自用 小客車∕普通重型 機車∕,小客車自用∕機車普通重型∕,44∕44∕,未受傷∕受傷∕,HC****2代號3164∕11****K代號3165∕,其他∕其他∕,有適當之駕照∕有適當之駕照∕,經檢測無酒精反應∕經檢測無酒精反應∕,汽車左側車身∕機車前車頭∕,未依規定減速∕未依規定讓車∕,未依規定減速∕未依規定減速∕,技術工∕家庭主婦（夫）∕,購物∕購物∕,本國∕本國∕
10310,10310Y00020035,YZA1,10310YZ000025,2014,10,6,13,35,金門縣,金寧鄉,,NA,伯玉路,,,NA,,,,,,榜林圓環,NA,NA,NA,NA,NA,NA,NA,NA,NA,0,1,0,晴,日間自然光線,村里道路,60,圓環,一般車道（未劃分快慢車道）,柏油,乾燥,無缺陷,無障礙物,良好,無號誌,無號誌,無分向設施,車道線（無標記）,未繪設快慢車道分隔線,有,其他,未注意車前狀態,Y000,YZ00,1,2,2014/10/6,伯玉路,,金門縣金寧鄉榜林圓環,118.3267756,24.4346914,自用 小客車∕普通輕型 機車∕,小客車自用∕機車普通輕型∕,44∕37∕,未受傷∕受傷∕,WY****8代號3166∕DV****0代號3167∕,其他∕其他∕,有適當之駕照∕有適當之駕照∕,經檢測無酒精反應∕經檢測無酒精反應∕,汽車右側車身∕機車前車頭∕,未注意車前狀態∕未依規定讓車∕,未注意車前狀態∕未注意車前狀態∕,事務工作者∕家庭主婦（夫）∕,業務聯繫∕購物∕,本國∕本國∕
10310,10310Y00020015,YZA1,10310YZ000026,2014,10,6,10,5,金門縣,金城鎮,,NA,環島西路,二,,NA,,,,,,3巷口,NA,NA,NA,NA,NA,NA,NA,NA,NA,0,3,0,晴,日間自然光線,村里道路,50,四岔路,交岔路口內,柏油,乾燥,無缺陷,無障礙物,良好,無號誌,無號誌,無分向設施,未繪設車道線,未繪設快慢車道分隔線,有,側撞,右轉彎未依規定,Y000,YZ00,1,2,2014/10/6,環島西路二段,,金門縣金城鎮3巷口,118.3148723,24.4566699,普通重型 機車∕普通重型 機車∕乘客 人,機車普通重型∕機車普通重型∕乘客,21∕19∕19,受傷∕受傷∕受傷,08****Z代號2756∕28****J代號3168∕28****J代號3168,其他∕其他∕其他,有適當之駕照∕有適當之駕照∕非汽（機）車駕駛人,經檢測無酒精反應∕經檢測無酒精反應∕非駕駛人，未檢測,機車前車頭∕機車左側車身∕非汽（機）車,右轉彎未依規定∕未保持行車安全距離∕尚未發現肇事因素,右轉彎未依規定∕右轉彎未依規定∕右轉彎未依規定,大學（研究）生∕大學（研究）生∕大學（研究）生,上、下學∕上、下學∕上、下學,本國∕本國∕本國
10310,10310Y00020023,YZA1,10310YZ000027,2014,10,6,14,14,金門縣,金城鎮,東門里,NA,北堤路,,,NA,58,,,,,,NA,NA,NA,NA,NA,NA,NA,NA,NA,0,2,0,晴,日間自然光線,村里道路,40,直路,一般車道（未劃分快慢車道）,柏油,乾燥,無缺陷,無障礙物,良好,無號誌,無號誌,無標記,未繪設車道線,快慢車道分隔線,有,在路上作業中,起步未注意其他車（人）安全,Y000,YZ00,1,2,2014/10/6,北堤路58號,,金門縣金城鎮東門里,118.3167419,24.4294062,自用 小客車∕其他人 人∕普通重型 機車∕自用 小貨車(含客、貨兩用)∕自用 小貨車(含客、貨兩用),小客車自用∕其他人∕機車普通重型∕小貨車自用∕小貨車自用,31∕18∕39∕39∕26,受傷∕受傷∕未受傷∕未受傷∕未受傷,38****C代號3169PZ****5代號3170∕17****S代號3171∕AA*****0代號3172,其他∕非駕駛人及乘客∕其他∕其他∕其他,有適當之駕照∕非汽（機）車駕駛人∕不明∕不明∕不明,經檢測無酒精反應∕非駕駛人，未檢測∕不明∕不明∕不明,汽車前車頭∕非汽（機）車∕機車左側車身∕汽車右後車尾（身）∕汽車後車尾,起步未注意其他車（人）安全∕尚未發現肇事因素∕違規停車或暫停不當而肇事∕違規停車或暫停不當而肇事∕違規停車或暫停不當而肇事,起步未注意其他車（人）安全∕起步未注意其他車（人）安全∕起步未注意其他車（人）安全∕起步未注意其他車（人）安全∕起步未注意其他車（人）安全,技術工∕機械設備操作工及組裝工∕不明∕不明∕售貨員,上、下班∕上、下班∕不明∕不明∕不明,本國∕本國∕本國∕本國∕本國
10310,10310Y00020016,YZA1,10310YZ000028,2014,10,7,18,45,金門縣,金城鎮,,NA,民生路,,,NA,50,,,,,憲兵隊前路段,NA,NA,NA,NA,NA,NA,NA,NA,NA,0,3,0,晴,夜間（或隧道、地下道、涵洞）有照明,村里道路,40,三岔路,交岔口附近,柏油,乾燥,無缺陷,無障礙物,良好,無號誌,無號誌,無標記,未繪設車道線,快慢車道分隔線,有,穿越道路中,未注意車前狀態,Y000,YZ00,1,2,2014/10/7,民生路50號,,金門縣金城鎮憲兵隊前路段,118.3190184,24.43575,普通重型 機車∕行人 人∕乘客 人,機車普通重型∕行人∕乘客,19∕64∕18,受傷∕受傷∕受傷,78****J代號317378****J代號3173,其他∕非駕駛人及乘客∕其他,有適當之駕照∕非汽（機）車駕駛人∕非汽（機）車駕駛人,經檢測無酒精反應∕非駕駛人，未檢測∕非駕駛人，未檢測,機車前車頭∕非汽（機）車∕非汽（機）車,未注意車前狀態∕未依規定行走行人穿越道、地下道、天橋而穿越道路∕尚未發現肇事因素,未注意車前狀態∕未注意車前狀態∕未注意車前狀態,大學（研究）生∕無業者∕大學（研究）生,其他∕其他∕其他,本國∕本國∕本國
10310,10310Y00020024,YZA1,10310YZ000029,2014,10,7,14,30,金門縣,金城鎮,東門里,NA,北堤路,,,NA,,,,,,莒光橋,NA,NA,NA,NA,NA,NA,NA,NA,NA,0,1,0,晴,日間自然光線,鄉道,40,三岔路,交岔口附近,柏油,乾燥,無缺陷,無障礙物,良好,行車管制號誌（附設行人專用號誌）,正常,附標記,未繪設車道線,未繪設快慢車道分隔線,有,追撞,未保持行車安全距離,Y000,YZ00,1,2,2014/10/7,北堤路,,金門縣金城鎮東門里莒光橋,118.3167419,24.4294062,自用 小客車∕普通重型 機車∕,小客車自用∕機車普通重型∕,70∕29∕,未受傷∕受傷∕,WY****5代號3174∕86****K代號3175∕,其他∕其他∕,有適當之駕照∕有適當之駕照∕,經檢測無酒精反應∕經檢測無酒精反應∕,汽車右側車身∕機車後車尾∕,未保持行車安全距離∕尚未發現肇事因素∕,未保持行車安全距離∕未保持行車安全距離∕,其他∕其他∕,其他∕其他∕,本國∕本國∕
10310,10310Y00020017,YZA1,10310YZ000031,2014,10,8,16,50,金門縣,金寧鄉,,NA,伯玉路,二,,NA,,,,,,世清回收場前路段,NA,NA,NA,NA,NA,NA,NA,NA,NA,0,1,1,晴,日間自然光線,村里道路,70,四岔路,交岔路口內,柏油,乾燥,無缺陷,無障礙物,良好,無號誌,無號誌,無分向設施,未繪設車道線,快慢車道分隔線,有,側撞,左轉彎未依規定,Y000,YZ00,1,2,2014/10/8,伯玉路二段,,金門縣金寧鄉世清回收場前路段,118.3416148,24.4414563,普通重型 機車∕普通重型 機車∕,機車普通重型∕機車普通重型∕,38∕19∕,2-30日內死亡∕受傷∕,61****U代號3176∕00****Z代號2344∕,其他∕其他∕,越級駕駛∕有適當之駕照∕,無法檢測∕經檢測無酒精反應∕,機車左側車身∕機車右側車身∕,左轉彎未依規定∕未依規定減速∕,左轉彎未依規定∕左轉彎未依規定∕,其他∕高中生∕,其他∕上、下學∕,本國∕本國∕
10310,10310Y00020036,YZA1,10310YZ000032,2014,10,9,6,0,金門縣,金城鎮,,NA,珠水路,,,NA,,,,,,金門城東門牌樓外第2支燈桿,NA,NA,NA,NA,NA,NA,NA,NA,NA,0,1,0,晴,日間自然光線,鄉道,50,直路,一般車道（未劃分快慢車道）,柏油,乾燥,無缺陷,無障礙物,良好,無號誌,無號誌,無標記,未繪設車道線,未繪設快慢車道分隔線,有,撞路樹、電桿,未注意車前狀態,Y000,YZ00,1,2,2014/10/9,珠水路,,金門縣金城鎮金門城東門牌樓外第2支燈桿,118.3077405,24.4021607,自用 小客車∕ ∕,小客車自用,32∕0∕,受傷,8M****1代號3177,其他,有適當之駕照,經檢測無酒精反應,汽車右前車頭（身）,未注意車前狀態∕尚未發現肇事因素∕,未注意車前狀態∕未注意車前狀態∕,其他,其他,本國∕本國∕
10310,10310Y00020018,YZA1,10310YZ000033,2014,10,9,7,41,金門縣,金城鎮,,NA,民生路,,,NA,,,民權路,,,,NA,NA,NA,NA,NA,NA,NA,NA,NA,0,2,0,晴,日間自然光線,鄉道,40,四岔路,交岔路口內,柏油,乾燥,無缺陷,無障礙物,良好,行車管制號誌,正常,無分向設施,未繪設車道線,未繪設快慢車道分隔線,有,側撞,未依規定讓車,Y000,YZ00,1,2,2014/10/9,民生路,民權路,,118.318387,24.437086,普通重型 機車∕普通重型 機車∕,機車普通重型∕機車普通重型∕,45∕21∕,受傷∕受傷∕,81****G代號3178∕AD*****2代號3179∕,其他∕其他∕,有適當之駕照∕有適當之駕照∕,經檢測無酒精反應∕經檢測無酒精反應∕,機車右側車身∕機車前車頭∕,未依規定讓車∕未依規定減速∕,未依規定讓車∕未依規定讓車∕,服務工作者∕大學（研究）生∕,其他∕上、下學∕,本國∕本國∕
10310,10310Y00020019,YZA1,10310YZ000034,2014,10,9,8,5,金門縣,金城鎮,,NA,北堤路,,,NA,,,,,,真好餐廳附近路段,NA,NA,NA,NA,NA,NA,NA,NA,NA,0,1,0,晴,日間自然光線,村里道路,40,三岔路,交岔路口內,柏油,乾燥,無缺陷,無障礙物,良好,無號誌,無號誌,無分向設施,未繪設車道線,未繪設快慢車道分隔線,有,側撞,右轉彎未依規定,Y000,YZ00,1,2,2014/10/9,北堤路,,金門縣金城鎮真好餐廳附近路段,118.3167419,24.4294062,自用 小客車∕普通重型 機車∕,小客車自用∕機車普通重型∕,51∕38∕,未受傷∕受傷∕,AF*****8代號3180∕75****U代號3181∕,其他∕其他∕,有適當之駕照∕有適當之駕照∕,經檢測無酒精反應∕經檢測無酒精反應∕,汽車右側車身∕機車前車頭∕,右轉彎未依規定∕未注意車前狀態∕,右轉彎未依規定∕右轉彎未依規定∕,其他∕其他∕,上、下班∕上、下班∕,本國∕本國∕
10310,10310Y00020037,YZA1,10310YZ000035,2014,10,9,9,33,金門縣,金寧鄉,,NA,桃園路,,,NA,,,,,,乳山段1277號燈桿前路段,NA,NA,NA,NA,NA,NA,NA,NA,NA,0,1,0,晴,日間自然光線,村里道路,60,直路,一般車道（未劃分快慢車道）,柏油,乾燥,無缺陷,無障礙物,良好,無號誌,無號誌,無標記,未繪設車道線,快慢車道分隔線,有,同向擦撞,未保持行車安全間隔,Y000,YZ00,1,2,2014/10/9,桃園路,,金門縣金寧鄉乳山段1277號燈桿前路段,118.3446627,24.4317794,計程車 小客車∕普通輕型 機車∕,小客車計程車∕機車普通輕型∕,44∕67∕,未受傷∕受傷∕,59***Q代號3182∕WZ****0代號3183∕,其他∕其他∕,有適當之駕照∕有適當之駕照∕,經檢測無酒精反應∕無法檢測∕,汽車右側車身∕機車左側車身∕,未保持行車安全間隔∕尚未發現肇事因素∕,未保持行車安全間隔∕未保持行車安全間隔∕,其他∕其他∕,運輸∕其他∕,本國∕本國∕
10310,10310Y00020020,YZA1,10310YZ000037,2014,10,9,16,12,金門縣,金寧鄉,,NA,林堡路,,,NA,,,,,,金鼎國小前,NA,NA,NA,NA,NA,NA,NA,NA,NA,0,1,0,晴,日間自然光線,鄉道,40,直路,一般車道（未劃分快慢車道）,柏油,乾燥,無缺陷,無障礙物,良好,無號誌,無號誌,無標記,未繪設車道線,未繪設快慢車道分隔線,無,其他,開啟車門不當而肇事,Y000,YZ00,1,2,2014/10/9,林堡路,,金門縣金寧鄉金鼎國小前,118.3345146,24.4434579,自用 小貨車(含客、貨兩用)∕普通輕型 機車∕,小貨車自用∕機車普通輕型∕,26∕40∕,未受傷∕受傷∕,06****7代號3184∕WZ****2代號3185∕,其他∕其他∕,有適當之駕照∕有適當之駕照∕,經檢測無酒精反應∕經檢測無酒精反應∕,不明∕機車左側車身∕,開啟車門不當而肇事∕未注意車前狀態∕,開啟車門不當而肇事∕開啟車門不當而肇事∕,其他∕其他∕,其他∕其他∕,本國∕本國∕
10310,10310Y00020033,YZA1,10310YZ000039,2014,10,3,18,25,金門縣,金城鎮,,NA,民權路,,,NA,,,,,,中華電信前路段,NA,NA,NA,NA,NA,NA,NA,NA,NA,0,2,0,晴,夜間（或隧道、地下道、涵洞）有照明,村里道路,40,直路,一般車道（未劃分快慢車道）,柏油,乾燥,無缺陷,其他障礙物,良好,無號誌,無號誌,附標記,未繪設車道線,未繪設快慢車道分隔線,無,路上翻車、摔倒,未注意車前狀態,Y000,YZ00,1,2,2014/10/3,民權路,,金門縣金城鎮中華電信前路段,118.3168946,24.4355379,普通重型 機車∕ ∕乘客 人,機車普通重型乘客,19∕0∕19,受傷受傷,90****L代號318690****L代號3186,其他其他,有適當之駕照非汽（機）車駕駛人,經檢測無酒精反應非駕駛人，未檢測,機車前車頭非汽（機）車,未注意車前狀態∕尚未發現肇事因素∕尚未發現肇事因素,未注意車前狀態∕未注意車前狀態∕未注意車前狀態,大學（研究）生大學（研究）生,其他其他,本國∕本國∕本國
10310,10310Y00020027,YZA1,10310YZ000041,2014,10,11,12,32,金門縣,金城鎮,,NA,民生路,,,NA,,,,,,7號前,NA,NA,NA,NA,NA,NA,NA,NA,NA,0,1,0,晴,日間自然光線,鄉道,50,三岔路,交岔口附近,柏油,乾燥,無缺陷,無障礙物,良好,無號誌,無號誌,無標記,未繪設車道線,快慢車道分隔線,無,側撞,右轉彎未依規定,Y000,YZ00,1,2,2014/10/11,民生路,,金門縣金城鎮7號前,118.3190184,24.43575,自用 小客車∕普通重型 機車∕,小客車自用∕機車普通重型∕,29∕48∕,未受傷∕受傷∕,06****2代號1847∕29****A代號3187∕,其他∕其他∕,有適當之駕照∕有適當之駕照∕,經檢測無酒精反應∕經檢測無酒精反應∕,汽車右側車身∕機車前車頭∕,右轉彎未依規定∕未注意車前狀態∕,右轉彎未依規定∕右轉彎未依規定∕,其他∕其他∕,其他∕其他∕,本國∕本國∕
10310,10310Y00020022,YZA1,10310YZ000044,2014,10,12,13,58,金門縣,金寧鄉,,NA,環島北路,一,,NA,,,林湖路,,,,NA,NA,NA,NA,NA,NA,NA,NA,NA,0,2,0,晴,日間自然光線,鄉道,50,三岔路,交岔路口內,柏油,乾燥,無缺陷,無障礙物,良好,無號誌,無號誌,無分向設施,未繪設車道線,未繪設快慢車道分隔線,有,側撞,右轉彎未依規定,Y000,YZ00,1,2,2014/10/12,環島北路一段,林湖路,,118.3258302,24.4439927,自用 小客車∕普通重型 機車∕普通重型 機車∕乘客 人∕,小客車自用∕機車普通重型∕機車普通重型∕乘客∕,28∕17∕19∕16∕,未受傷∕受傷∕未受傷∕受傷∕,22****S代號3188∕25****A代號3189∕AD*****9代號2741∕25****A代號3189∕,其他∕其他∕其他∕其他∕,有適當之駕照∕無照（未達考照年齡）∕有適當之駕照∕非汽（機）車駕駛人∕,經檢測無酒精反應∕經檢測無酒精反應∕經檢測無酒精反應∕非駕駛人，未檢測∕,汽車右側車身∕機車前車頭∕機車左側車身∕非汽（機）車∕,右轉彎未依規定∕未保持行車安全距離∕尚未發現肇事因素∕尚未發現肇事因素∕,右轉彎未依規定∕右轉彎未依規定∕右轉彎未依規定∕右轉彎未依規定∕,其他∕其他∕其他∕其他∕,其他∕其他∕其他∕其他∕,本國∕本國∕本國∕本國∕
10310,,YZA1,10310YZ000045,2014,10,11,9,20,金門縣,金寧鄉,盤山村,NA,伯玉路,二,,NA,,,盤果路,,,,NA,NA,NA,NA,NA,NA,NA,NA,NA,0,0,0,晴,NA,NA,70,NA,NA,NA,NA,NA,NA,NA,NA,NA,NA,NA,NA,NA,NA,NA,Y000,YZ00,1,4,2014/10/11,伯玉路二段,盤果路,,118.3402912,24.44112005,自用 小客車∕營業用 小貨車(含客、貨兩用)∕,小客車自用∕小貨車營業用∕,46∕34∕,,RA*****1代號3190∕01***R代號3191∕,,,,,,,,,本國∕本國∕
10310,10310Y00020052,YZA1,10310YZ000046,2014,10,12,11,56,金門縣,金寧鄉,盤山里,NA,伯玉路,二,,NA,226-1,,,,,嘉揚快遞前路段,NA,NA,NA,NA,NA,NA,NA,NA,NA,0,1,0,晴,日間自然光線,縣道,70,直路,慢車道,柏油,乾燥,無缺陷,路上有停車,其他,無號誌,無號誌,無標記,未繪設車道線,快慢車道分隔線,有,其他,起步未注意其他車（人）安全,Y000,YZ00,1,2,2014/10/12,伯玉路二段226-1號,,金門縣金寧鄉盤山里嘉揚快遞前路段,118.3416148,24.4414563,自用 小客車∕普通重型 機車∕,小客車自用∕機車普通重型∕,48∕36∕,未受傷∕受傷∕,06****A代號3192∕AA*****7代號3193∕,其他∕其他∕,有適當之駕照∕有適當之駕照∕,經檢測無酒精反應∕經檢測無酒精反應∕,汽車左前車頭（身）∕機車前車頭∕,起步未注意其他車（人）安全∕未注意車前狀態∕,起步未注意其他車（人）安全∕起步未注意其他車（人）安全∕,其他∕其他∕,其他∕其他∕,本國∕本國∕
10310,10310Y00020043,YZA1,10310YZ000047,2014,10,12,18,53,金門縣,金城鎮,,NA,民生路,,,NA,,,,,,郵局前路段,NA,NA,NA,NA,NA,NA,NA,NA,NA,0,1,0,晴,夜間（或隧道、地下道、涵洞）有照明,村里道路,40,四岔路,交岔路口內,柏油,乾燥,無缺陷,無障礙物,良好,無號誌,無號誌,無分向設施,未繪設車道線,未繪設快慢車道分隔線,無,其他,起步未注意其他車（人）安全,Y000,YZ00,1,2,2014/10/12,民生路,,金門縣金城鎮郵局前路段,118.3190184,24.43575,普通重型 機車∕普通重型 機車∕,機車普通重型∕機車普通重型∕,21∕55∕,未受傷∕受傷∕,75****C代號2485∕86****J代號3194∕,其他∕其他∕,有適當之駕照∕有適當之駕照∕,經檢測無酒精反應∕經檢測無酒精反應∕,不明∕不明∕,起步未注意其他車（人）安全∕未注意車前狀態∕,起步未注意其他車（人）安全∕起步未注意其他車（人）安全∕,大學（研究）生∕其他∕,其他∕其他∕,本國∕本國∕
10310,10310Y00020038,YZA1,10310YZ000048,2014,10,13,7,16,金門縣,金城鎮,,NA,伯玉路,一,,NA,,,,,,東門圓環,NA,NA,NA,NA,NA,NA,NA,NA,NA,0,1,0,晴,日間自然光線,縣道,60,圓環,一般車道（未劃分快慢車道）,柏油,乾燥,無缺陷,無障礙物,良好,無號誌,無號誌,無分向設施,車道線（無標記）,未繪設快慢車道分隔線,有,其他,未依規定讓車,Y000,YZ00,1,2,2014/10/13,伯玉路一段,,金門縣金城鎮東門圓環,118.3267756,24.4346914,計程車 小客車∕普通重型 機車∕,小客車計程車∕機車普通重型∕,56∕72∕,未受傷∕受傷∕,13***5代號3195∕PZ****6代號3196∕,其他∕其他∕,有適當之駕照∕有適當之駕照∕,經檢測無酒精反應∕經檢測無酒精反應∕,汽車左後車尾（身）∕機車前車頭∕,未依規定讓車∕未注意車前狀態∕,未依規定讓車∕未依規定讓車∕,汽車、火車駕駛員及船員∕技術工∕,運輸∕上、下班∕,本國∕本國∕
10310,10310Y00020031,YZA1,10310YZ000049,2014,10,14,18,5,金門縣,金城鎮,,NA,珠浦南路,,44,12,1,,,,,,NA,NA,NA,NA,NA,NA,NA,NA,NA,0,2,0,晴,夜間（或隧道、地下道、涵洞）有照明,村里道路,40,四岔路,交岔路口內,其他鋪裝,乾燥,無缺陷,無障礙物,良好,無號誌,無號誌,無分向設施,未繪設車道線,未繪設快慢車道分隔線,無,路口交岔撞,未依規定讓車,Y000,YZ00,1,2,2014/10/14,珠浦南路44巷12弄1號,,金門縣金城鎮,118.3153418,24.4319762,普通重型 機車∕普通重型 機車∕乘客 人,機車普通重型∕機車普通重型∕乘客,24∕33∕6,未受傷∕受傷∕受傷,PZ****3代號3197∕PZ****6代號3198∕PZ****6代號3198,其他∕其他∕其他,有適當之駕照∕有適當之駕照∕非汽（機）車駕駛人,經檢測無酒精反應∕經檢測無酒精反應∕非駕駛人，未檢測,機車前車頭∕機車左側車身∕非汽（機）車,未依規定讓車∕未依規定減速∕尚未發現肇事因素,未依規定讓車∕未依規定讓車∕未依規定讓車,非技術工及體力工∕家庭主婦（夫）∕小學生,上、下班∕其他∕上、下學,本國∕本國∕本國
10310,10310Y00020030,YZA1,10310YZ000050,2014,10,14,12,30,金門縣,金城鎮,,NA,民權路,,,NA,,,,,,金帝大飯店前,NA,NA,NA,NA,NA,NA,NA,NA,NA,0,2,0,晴,日間自然光線,鄉道,50,直路,一般車道（未劃分快慢車道）,柏油,乾燥,無缺陷,無障礙物,良好,無號誌,無號誌,無標記,未繪設車道線,未繪設快慢車道分隔線,有,路上翻車、摔倒,未注意車前狀態,Y000,YZ00,1,2,2014/10/14,民權路,,金門縣金城鎮金帝大飯店前,118.3168946,24.4355379,普通輕型 機車∕ ∕乘客 人,機車普通輕型乘客,19∕0∕19,受傷受傷,93****B代號319993****B代號3199,其他其他,有適當之駕照非汽（機）車駕駛人,經檢測無酒精反應非駕駛人，未檢測,機車左側車身非汽（機）車,未注意車前狀態∕尚未發現肇事因素∕尚未發現肇事因素,未注意車前狀態∕未注意車前狀態∕未注意車前狀態,其他其他,其他其他,本國∕本國∕本國
10310,10310Y00020053,YZA1,10310YZ000052,2014,10,16,13,5,金門縣,金城鎮,,NA,,,,NA,,,,,,古區往金門城產業路段,NA,NA,NA,NA,NA,NA,NA,NA,NA,0,1,0,晴,日間自然光線,村里道路,40,彎曲路及附近,一般車道（未劃分快慢車道）,柏油,乾燥,無缺陷,無障礙物,良好,無號誌,無號誌,無分向設施,未繪設車道線,未繪設快慢車道分隔線,有,對向擦撞,未保持行車安全間隔,Y000,YZ00,1,2,2014/10/16,金門縣金城鎮古區往金門城產業路段,,金門縣金城鎮古區往金門城產業路段,118.3169714,24.4113998,自用 小客車∕自用 小貨車(含客、貨兩用)∕,小客車自用∕小貨車自用∕,57∕55∕,受傷∕未受傷∕,6F****3代號3200∕WY****5代號3201∕,其他∕其他∕,有適當之駕照∕有適當之駕照∕,經檢測無酒精反應∕經檢測無酒精反應∕,汽車左前車頭（身）∕汽車左前車頭（身）∕,未保持行車安全間隔∕未保持行車安全間隔∕,未保持行車安全間隔∕未保持行車安全間隔∕,家庭主婦（夫）∕家庭主婦（夫）∕,購物∕購物∕,本國∕本國∕