年月,總編號,處理單位,處理編號,年,月,日,時,分,縣市,區,村里,鄰,街道,段,巷,弄,號,公尺處,街道.1,段.1,側,附近,道路,公里,公尺處.1,向,車道,平交道,公里.1,公尺處.2,附近.1,死,受傷,X2.30,天候,光線,道路類別,速限,道路型態,事故位置,路面鋪裝,路面狀態,路面缺陷,障礙物,視距,號誌種類,號誌動作,分向設施,快車道或一般車道間,快慢車道間,路面邊線,事故類型及型態,主要肇因,警局,分局,案件類別,事故類別,日期,道路1,道路2,概略位置,lon,lat,車種,當事者區分.類別.,年齡,受傷程度,車輛牌照號碼,車輛用途,駕駛資格情形,飲酒情形,車輛撞擊部位最初,肇事因素個別,肇事因素主要,職.業,旅次目的,國籍
10310,10310Y00020046,YZA1,10310YZ000053,2014,10,16,14,19,金門縣,金城鎮,,NA,西海路,三,,NA,,,延平路,,,,NA,NA,NA,NA,NA,NA,NA,NA,NA,0,1,0,晴,日間自然光線,鄉道,50,四岔路,交岔路口內,柏油,乾燥,無缺陷,無障礙物,良好,無號誌,無號誌,無分向設施,未繪設車道線,未繪設快慢車道分隔線,有,側撞,左轉彎未依規定,Y000,YZ00,1,2,2014/10/16,西海路三段,延平路,,118.31559,24.42754,自用 小貨車(含客、貨兩用)∕普通重型 機車∕,小貨車自用∕機車普通重型∕,34∕51∕,未受傷∕受傷∕,76****K代號3202∕08****A代號3203∕,其他∕其他∕,有適當之駕照∕有適當之駕照∕,經檢測無酒精反應∕經檢測無酒精反應∕,汽車左前車頭（身）∕機車前車頭∕,左轉彎未依規定∕違規超車∕,左轉彎未依規定∕左轉彎未依規定∕,其他∕其他∕,其他∕其他∕,本國∕本國∕
10310,10310Y00020039,YZA1,10310YZ000054,2014,10,15,18,0,金門縣,金城鎮,,NA,伯玉路,一,,NA,,,,,,金合利鋼刀前路段,NA,NA,NA,NA,NA,NA,NA,NA,NA,0,1,0,晴,夜間（或隧道、地下道、涵洞）有照明,村里道路,60,三岔路,交岔口附近,柏油,乾燥,無缺陷,無障礙物,良好,無號誌,無號誌,附標記,未繪設車道線,快慢車道分隔線,有,側撞,右轉彎未依規定,Y000,YZ00,1,2,2014/10/15,伯玉路一段,,金門縣金城鎮金合利鋼刀前路段,118.3267756,24.4346914,自用 小貨車(含客、貨兩用)∕普通重型 機車∕,小貨車自用∕機車普通重型∕,65∕62∕,未受傷∕受傷∕,05****X代號3204∕27****U代號3205∕,其他∕其他∕,有適當之駕照∕有適當之駕照∕,經檢測無酒精反應∕經檢測無酒精反應∕,汽車右前車頭（身）∕機車前車頭∕,右轉彎未依規定∕未注意車前狀態∕,右轉彎未依規定∕右轉彎未依規定∕,其他∕其他∕,其他∕其他∕,本國∕本國∕
10310,10310Y00020040,YZA1,10310YZ000055,2014,10,16,15,10,金門縣,金城鎮,,NA,民權路,,,NA,,,光前路,,,,NA,NA,NA,NA,NA,NA,NA,NA,NA,0,1,0,晴,日間自然光線,鄉道,40,四岔路,交岔路口內,柏油,乾燥,無缺陷,無障礙物,良好,行車管制號誌,正常,無分向設施,未繪設車道線,未繪設快慢車道分隔線,無,路口交岔撞,違反特定標誌（線）禁制,Y000,YZ00,1,2,2014/10/16,民權路,光前路,,118.3154588,24.43343543,普通重型 機車∕普通重型 機車∕,機車普通重型∕機車普通重型∕,18∕31∕,未受傷∕受傷∕,30****F代號3206∕07****Z代號3207∕,其他∕其他∕,有適當之駕照∕有適當之駕照∕,經檢測無酒精反應∕經檢測無酒精反應∕,機車右側車身∕機車前車頭∕,違反特定標誌（線）禁制∕違反特定標誌（線）禁制∕,違反特定標誌（線）禁制∕違反特定標誌（線）禁制∕,大學（研究）生∕其他∕,其他∕其他∕,本國∕本國∕
10310,,YZA1,10310YZ000056,2014,10,17,20,12,金門縣,金城鎮,,NA,,,,NA,,,,,,體育館前停車場,NA,NA,NA,NA,NA,NA,NA,NA,NA,0,0,0,晴,NA,NA,30,NA,NA,NA,NA,NA,NA,NA,NA,NA,NA,NA,NA,NA,NA,NA,Y000,YZ00,1,4,2014/10/17,金門縣金城鎮體育館前停車場,,金門縣金城鎮體育館前停車場,118.3166667,24.4166667,自用 小貨車(含客、貨兩用)∕自用 小客車∕,小貨車自用∕小客車自用∕,56∕26∕,,09****X代號3208∕05****V代號3209∕,,,,,,,,,本國∕本國∕
10310,10310Y00030003,YZA1,10310YZ000057,2014,10,17,14,45,金門縣,金城鎮,,NA,環島西路,一,,NA,,,,,,22號前路段,NA,NA,NA,NA,NA,NA,NA,NA,NA,0,0,0,晴,日間自然光線,村里道路,40,三岔路,交岔路口內,柏油,乾燥,無缺陷,無障礙物,良好,無號誌,無號誌,無分向設施,未繪設車道線,未繪設快慢車道分隔線,有,側撞,未依規定讓車,Y000,YZ00,1,3,2014/10/17,環島西路一段,,金門縣金城鎮22號前路段,118.3184801,24.4172073,自用 小貨車(含客、貨兩用)∕自用 小貨車(含客、貨兩用)∕,小貨車自用∕小貨車自用∕,43∕60∕,未受傷∕未受傷∕,6F****0代號3210∕6F****8代號3211∕,其他∕其他∕,有適當之駕照∕有適當之駕照∕,經檢測無酒精反應∕經檢測無酒精反應∕,汽車左前車頭（身）∕汽車左前車頭（身）∕,未依規定讓車∕未依規定減速∕,未依規定讓車∕未依規定讓車∕,其他∕其他∕,其他∕其他∕,本國∕本國∕
10310,10310Y00020062,YZA1,10310YZ000058,2014,10,18,12,5,金門縣,金寧鄉,,NA,,,,NA,,,,,,埔後65號前路口,NA,NA,NA,NA,NA,NA,NA,NA,NA,0,1,0,晴,日間自然光線,村里道路,40,四岔路,交岔路口內,柏油,乾燥,無缺陷,無障礙物,良好,無號誌,無號誌,無分向設施,未繪設車道線,未繪設快慢車道分隔線,無,路口交岔撞,未依規定讓車,Y000,YZ00,1,2,2014/10/18,金門縣金寧鄉埔後65號前路口,,金門縣金寧鄉埔後65號前路口,118.317029,24.442928,普通重型 機車∕自用 小客車∕,機車普通重型∕小客車自用∕,66∕44∕,受傷∕未受傷∕,PZ****1代號3212∕01****7代號3213∕,其他∕其他∕,有適當之駕照∕有適當之駕照∕,經檢測無酒精反應∕經檢測無酒精反應∕,機車前車頭∕汽車右側車身∕,未依規定讓車∕未依規定減速∕,未依規定讓車∕未依規定讓車∕,其他∕其他∕,其他∕其他∕,本國∕本國∕
10310,10310Y00020061,YZA1,10310YZ000059,2014,10,17,14,45,金門縣,金城鎮,西門里,NA,民權路,,,NA,Jan-42,,,,,,NA,NA,NA,NA,NA,NA,NA,NA,NA,0,3,0,晴,日間自然光線,縣道,40,直路,一般車道（未劃分快慢車道）,柏油,油滑,無缺陷,無障礙物,良好,無號誌,無號誌,附標記,未繪設車道線,未繪設快慢車道分隔線,有,其他,裝載未盡安全措施,Y000,YZ00,1,2,2014/10/17,民權路42-1號,,金門縣金城鎮西門里,118.3168946,24.4355379,普通重型 機車∕普通重型 機車∕普通重型 機車∕乘客 人∕,機車普通重型∕機車普通重型∕機車普通重型∕乘客∕,32∕35∕35∕50∕,未受傷∕受傷∕受傷∕受傷∕,93****F代號3214∕50****A代號3215∕85****E代號3216∕50****A代號3215∕,其他∕其他∕其他∕其他∕,有適當之駕照∕有適當之駕照∕有適當之駕照∕非汽（機）車駕駛人∕,經檢測無酒精反應∕經檢測無酒精反應∕經檢測無酒精反應∕非駕駛人，未檢測∕,不明∕機車右側車身∕機車右側車身∕非汽（機）車∕,裝載未盡安全措施∕尚未發現肇事因素∕尚未發現肇事因素∕尚未發現肇事因素∕,裝載未盡安全措施∕裝載未盡安全措施∕裝載未盡安全措施∕裝載未盡安全措施∕,不明∕服務工作者∕服務工作者∕專業人員∕,運輸∕觀光旅遊∕其他∕觀光旅遊∕,本國∕本國∕本國∕本國∕
10310,10310Y00020070,YZA1,10310YZ000060,2014,10,18,22,43,金門縣,金城鎮,,NA,民權路,,,NA,,,光前路,,,,NA,NA,NA,NA,NA,NA,NA,NA,NA,0,1,0,晴,夜間（或隧道、地下道、涵洞）有照明,村里道路,40,四岔路,交岔路口內,柏油,乾燥,無缺陷,無障礙物,良好,無號誌,無號誌,無分向設施,未繪設車道線,未繪設快慢車道分隔線,無,側撞,酒醉（後）駕駛失控,Y000,YZ00,1,2,2014/10/18,民權路,光前路,,118.3154588,24.43343543,自用 小客車∕普通重型 機車∕,小客車自用∕機車普通重型∕,26∕20∕,未受傷∕受傷∕,RA*****6代號3217∕N9****2代號3218∕,其他∕其他∕,駕照被吊扣∕有適當之駕照∕,經呼氣檢測超過0.80mg∕L或血液檢測超過0.16∕經檢測無酒精反應∕,汽車左前車頭（身）∕機車左側車身∕,酒醉（後）駕駛失控∕未依規定減速∕,酒醉（後）駕駛失控∕酒醉（後）駕駛失控∕,其他∕其他∕,其他∕其他∕,本國∕本國∕
10310,10310Y00020054,YZA1,10310YZ000061,2014,10,19,8,5,金門縣,金寧鄉,,NA,,,,NA,,,,,,薩爾斯堡往湖南產業道路,NA,NA,NA,NA,NA,NA,NA,NA,NA,0,1,0,晴,日間自然光線,村里道路,40,四岔路,交岔路口內,水泥,乾燥,無缺陷,無障礙物,建築物,無號誌,無號誌,無分向設施,未繪設車道線,未繪設快慢車道分隔線,無,側撞,未依規定讓車,Y000,YZ00,1,2,2014/10/19,金門縣金寧鄉薩爾斯堡往湖南產業道路,,金門縣金寧鄉薩爾斯堡往湖南產業道路,118.327407,24.450002,普通輕型 機車∕自用 小客車∕,機車普通輕型∕小客車自用∕,21∕31∕,受傷∕未受傷∕,TK****9代號3219∕Z6****9代號3220∕,其他∕其他∕,有適當之駕照∕有適當之駕照∕,經檢測無酒精反應∕經檢測無酒精反應∕,機車右側車身∕汽車前車頭∕,未依規定讓車∕未靠右行駛∕,未依規定讓車∕未依規定讓車∕,大學（研究）生∕技術工∕,上、下學∕上、下班∕,本國∕本國∕
10310,10310Y00030005,YZA1,10310YZ000062,2014,10,18,20,35,金門縣,金寧鄉,,NA,,,,NA,,,,,,埔後708號前路口,NA,NA,NA,NA,NA,NA,NA,NA,NA,0,0,0,晴,日間自然光線,村里道路,40,四岔路,交岔路口內,柏油,乾燥,無缺陷,無障礙物,良好,無號誌,無號誌,無分向設施,未繪設車道線,未繪設快慢車道分隔線,無,路口交岔撞,未依規定讓車,Y000,YZ00,1,3,2014/10/18,金門縣金寧鄉埔後708號前路口,,金門縣金寧鄉埔後708號前路口,118.317029,24.442928,自用 小客車∕自用 小客車∕,小客車自用∕小客車自用∕,35∕43∕,未受傷∕未受傷∕,07****2代號3221∕6F****6代號3222∕,其他∕其他∕,有適當之駕照∕有適當之駕照∕,經檢測無酒精反應∕經檢測無酒精反應∕,汽車右側車身∕汽車前車頭∕,未依規定讓車∕未依規定減速∕,未依規定讓車∕未依規定讓車∕,其他∕其他∕,其他∕其他∕,本國∕本國∕
10310,10310Y00020063,YZA1,10310YZ000064,2014,10,19,11,36,金門縣,金寧鄉,,NA,桃園路,,,NA,,,,,,乳山遊客中心路段,NA,NA,NA,NA,NA,NA,NA,NA,NA,0,1,0,晴,日間自然光線,村里道路,60,直路,路肩、路緣,柏油,乾燥,無缺陷,無障礙物,良好,無號誌,無號誌,無標記,車道線（無標記）,未繪設快慢車道分隔線,有,路上翻車、摔倒,超速失控,Y000,YZ00,1,2,2014/10/19,桃園路,,金門縣金寧鄉乳山遊客中心路段,118.3446627,24.4317794,租賃車 小客車∕ ∕,小客車租貸車,20∕0∕,受傷,39****6代號3223,其他,有適當之駕照,經檢測無酒精反應,汽車右前車頭（身）,超速失控∕動物竄出∕,超速失控∕超速失控∕,服務工作者,上、下班,本國∕本國∕
10310,10310Y00020041,YZA1,10310YZ000066,2014,10,20,16,26,金門縣,金城鎮,,NA,西海路,一,,NA,,,,,,水頭碼頭T字路口附近路段,NA,NA,NA,NA,NA,NA,NA,NA,NA,0,1,0,晴,日間自然光線,村里道路,50,直路,一般車道（未劃分快慢車道）,柏油,乾燥,無缺陷,無障礙物,良好,無號誌,無號誌,附標記,未繪設車道線,未繪設快慢車道分隔線,有,側撞,未依規定讓車,Y000,YZ00,1,2,2014/10/20,西海路一段,,金門縣金城鎮水頭碼頭T字路口附近路段,118.2906709,24.4124946,自用 小客車∕普通重型 機車∕,小客車自用∕機車普通重型∕,56∕56∕,未受傷∕受傷∕,6F****9代號224∕97****F代號3224∕,其他∕其他∕,有適當之駕照∕有適當之駕照∕,經檢測無酒精反應∕經呼氣檢測0.26至0.40mg∕L或血液檢測0.051至0.08∕,汽車右側車身∕機車前車頭∕,未依規定讓車∕酒醉（後）駕駛失控∕,未依規定讓車∕未依規定讓車∕,其他∕其他∕,其他∕其他∕,本國∕本國∕
10310,10310Y00020044,YZA1,10310YZ000067,2014,10,21,9,1,金門縣,金城鎮,,NA,民生路,,,NA,60,,,,,,NA,NA,NA,NA,NA,NA,NA,NA,NA,0,1,0,晴,日間自然光線,鄉道,40,三岔路,交岔路口內,柏油,乾燥,無缺陷,無障礙物,良好,無號誌,無號誌,無分向設施,未繪設車道線,未繪設快慢車道分隔線,有,側撞,右轉彎未依規定,Y000,YZ00,1,2,2014/10/21,民生路60號,,金門縣金城鎮,118.3190184,24.43575,自用 小客車∕普通重型 機車∕,小客車自用∕機車普通重型∕,27∕20∕,未受傷∕受傷∕,92****7代號3225∕76****Z代號3226∕,其他∕其他∕,有適當之駕照∕有適當之駕照∕,經檢測無酒精反應∕經檢測無酒精反應∕,汽車右側車身∕機車左側車身∕,右轉彎未依規定∕未注意車前狀態∕,右轉彎未依規定∕右轉彎未依規定∕,事務工作者∕大學（研究）生∕,上、下班∕上、下學∕,本國∕本國∕
10310,10310Y00020047,YZA1,10310YZ000068,2014,10,22,17,5,金門縣,金城鎮,,NA,環島西路,一,,NA,,,,,,庵前路口,NA,NA,NA,NA,NA,NA,NA,NA,NA,0,1,0,晴,日間自然光線,鄉道,50,四岔路,交岔路口內,柏油,乾燥,無缺陷,無障礙物,良好,閃光號誌,正常,無分向設施,未繪設車道線,未繪設快慢車道分隔線,無,路口交岔撞,未依規定讓車,Y000,YZ00,1,2,2014/10/22,環島西路一段,,金門縣金城鎮庵前路口,118.3184801,24.4172073,自用 小客車∕普通輕型 機車∕,小客車自用∕機車普通輕型∕,27∕42∕,未受傷∕受傷∕,25****S代號3227∕WZ****6代號3228∕,其他∕其他∕,有適當之駕照∕駕照被吊（註）銷∕,經檢測無酒精反應∕經呼氣檢測未超過0.15mg∕L或血液檢測未超過0.03∕,汽車右前車頭（身）∕機車左側車身∕,未依規定讓車∕未依規定減速∕,未依規定讓車∕未依規定讓車∕,其他∕其他∕,其他∕其他∕,本國∕本國∕
10310,10310Y00020048,YZA1,10310YZ000071,2014,10,23,20,33,金門縣,金城鎮,,NA,伯玉路,一,,NA,,,,,,冠城自助餐前,NA,NA,NA,NA,NA,NA,NA,NA,NA,0,1,0,晴,夜間（或隧道、地下道、涵洞）有照明,鄉道,60,四岔路,交岔口附近,柏油,乾燥,無缺陷,有堆積物,良好,無號誌,無號誌,無標記,未繪設車道線,快慢車道分隔線,無,其他,未注意車前狀態,Y000,YZ00,1,2,2014/10/23,伯玉路一段,,金門縣金城鎮冠城自助餐前,118.3267756,24.4346914,普通重型 機車∕ ∕,機車普通重型,21∕0∕,受傷,17****H代號3229,其他,有適當之駕照,經檢測無酒精反應,機車前車頭,未注意車前狀態∕尚未發現肇事因素∕,未注意車前狀態∕未注意車前狀態∕,其他,其他,本國∕本國∕
10310,10310Y00020056,YZA1,10310YZ000072,2014,10,23,18,13,金門縣,金城鎮,,NA,民生路,,,NA,,,中興路,,,173巷14弄路口,NA,NA,NA,NA,NA,NA,NA,NA,NA,0,1,0,晴,夜間（或隧道、地下道、涵洞）有照明,鄉道,40,四岔路,交岔路口內,柏油,乾燥,無缺陷,無障礙物,良好,無號誌,無號誌,無分向設施,未繪設車道線,未繪設快慢車道分隔線,有,側撞,未依規定讓車,Y000,YZ00,1,2,2014/10/23,民生路,中興路,,118.319696,24.43433386,自用 小客車∕普通重型 機車∕自用 小客車,小客車自用∕機車普通重型∕小客車自用,35∕30∕32,未受傷∕受傷∕未受傷,9J****5代號1287∕PZ****3代號3230∕13****V代號3231,其他∕其他∕其他,有適當之駕照∕有適當之駕照∕有適當之駕照,經檢測無酒精反應∕經檢測無酒精反應∕經觀察未飲酒,汽車前車頭∕機車左側車身∕汽車左後車尾（身）,未依規定讓車∕未依規定減速∕違規停車或暫停不當而肇事,未依規定讓車∕未依規定讓車∕未依規定讓車,事務工作者∕大學（研究）生∕事務工作者,其他∕其他∕其他,本國∕本國∕本國
10310,10310Y00030004,YZA1,10310YZ000073,2014,10,25,15,42,金門縣,金寧鄉,,NA,慈湖路,一,,NA,101,,,,,,NA,NA,NA,NA,NA,NA,NA,NA,NA,0,0,0,晴,日間自然光線,村里道路,40,三岔路,交岔口附近,柏油,乾燥,無缺陷,無障礙物,良好,無號誌,無號誌,無分向設施,未繪設車道線,未繪設快慢車道分隔線,有,追撞,酒醉（後）駕駛失控,Y000,YZ00,1,3,2014/10/25,慈湖路一段101號,,金門縣金寧鄉,118.3117387,24.4416084,普通重型 機車∕自用 小客車∕,機車普通重型∕小客車自用∕,50∕42∕,未受傷∕未受傷∕,3J****0代號3232∕CK****3代號3233∕,其他∕其他∕,有適當之駕照∕有適當之駕照∕,經呼氣檢測超過0.80mg∕L或血液檢測超過0.16∕經檢測無酒精反應∕,機車前車頭∕汽車右後車尾（身）∕,酒醉（後）駕駛失控∕尚未發現肇事因素∕,酒醉（後）駕駛失控∕酒醉（後）駕駛失控∕,服務工作者∕服務工作者∕,其他∕觀光旅遊∕,本國∕本國∕
10310,,YZA1,10310YZ000075,2014,10,25,18,5,金門縣,金城鎮,,NA,民族路,,,NA,10,,,,,,NA,NA,NA,NA,NA,NA,NA,NA,NA,0,0,0,晴,NA,NA,40,NA,NA,NA,NA,NA,NA,NA,NA,NA,NA,NA,NA,NA,NA,NA,Y000,YZ00,1,4,2014/10/25,民族路10號,,金門縣金城鎮,118.3157499,24.4302723,自用 小貨車(含客、貨兩用)∕自用 小貨車(含客、貨兩用)∕自用 小客車,小貨車自用∕小貨車自用∕小客車自用,19∕45∕36,,6F****0代號3234∕23****S代號1403∕DE****0代號3235,,,,,,,,,本國∕本國∕本國
10310,10310Y00020050,YZA1,10310YZ000076,2014,10,25,12,3,金門縣,金寧鄉,,NA,環島北路,一,,NA,,,,,,鎮西路段,NA,NA,NA,NA,NA,NA,NA,NA,NA,0,1,0,晴,日間自然光線,鄉道,50,直路,一般車道（未劃分快慢車道）,柏油,乾燥,無缺陷,無障礙物,良好,無號誌,無號誌,無標記,未繪設車道線,未繪設快慢車道分隔線,無,倒車撞,倒車未依規定,Y000,YZ00,1,2,2014/10/25,環島北路一段,,金門縣金寧鄉鎮西路段,118.3283226,24.4462231,自用 小貨車(含客、貨兩用)∕普通重型 機車∕,小貨車自用∕機車普通重型∕,65∕18∕,未受傷∕受傷∕,6F****2代號3236∕35****H代號3237∕,其他∕其他∕,有適當之駕照∕有適當之駕照∕,經檢測無酒精反應∕經檢測無酒精反應∕,汽車後車尾∕機車前車頭∕,倒車未依規定∕未注意車前狀態∕,倒車未依規定∕倒車未依規定∕,其他∕其他∕,其他∕其他∕,本國∕本國∕
10310,10310Y00020064,YZA1,10310YZ000077,2014,10,20,16,52,金門縣,金城鎮,,NA,民生路,,,NA,,,中興路,,,,NA,NA,NA,NA,NA,NA,NA,NA,NA,0,1,0,晴,夜間（或隧道、地下道、涵洞）有照明,村里道路,40,四岔路,交岔路口內,柏油,乾燥,無缺陷,無障礙物,良好,行車管制號誌（附設行人專用號誌）,正常,無分向設施,未繪設車道線,未繪設快慢車道分隔線,有,路上翻車、摔倒,未依規定減速,Y000,YZ00,1,2,2014/10/20,民生路,中興路,,118.319696,24.43433386,普通輕型 機車∕ ∕,機車普通輕型,59∕0∕,受傷,RE****2代號3238,其他,有適當之駕照,不明,機車左側車身,未依規定減速∕尚未發現肇事因素∕,未依規定減速∕未依規定減速∕,家庭主婦（夫）,購物,本國∕本國∕
10310,10310Y00020074,YZA1,10310YZ000079,2014,10,27,11,40,金門縣,金城鎮,,NA,伯玉路,,,NA,,,,,,東門圓環,NA,NA,NA,NA,NA,NA,NA,NA,NA,0,1,0,晴,日間自然光線,村里道路,60,圓環,一般車道（未劃分快慢車道）,柏油,乾燥,無缺陷,無障礙物,良好,無號誌,無號誌,無分向設施,未繪設車道線,未繪設快慢車道分隔線,有,其他,未注意車前狀態,Y000,YZ00,1,2,2014/10/27,伯玉路,,金門縣金城鎮東門圓環,118.3267756,24.4346914,自用 小客車∕普通重型 機車∕遊覽車 大客車,小客車自用∕機車普通重型∕遊覽車,71∕30∕50,未受傷∕受傷∕未受傷,6F****8代號3239∕75****Z代號3240∕WW***1代號3241,其他∕其他∕其他,有適當之駕照∕有適當之駕照∕有適當之駕照,經檢測無酒精反應∕經檢測無酒精反應∕經檢測無酒精反應,汽車前車頭∕機車左側車身∕汽車右側車身,未注意車前狀態∕未依規定讓車∕尚未發現肇事因素,未注意車前狀態∕未注意車前狀態∕未注意車前狀態,其他∕家庭主婦（夫）∕汽車、火車駕駛員及船員,購物∕購物∕運輸,本國∕非本國∕本國
10310,10310Y00020066,YZA1,10310YZ000080,2014,10,26,19,10,金門縣,金寧鄉,,NA,慈湖路,一,,NA,12,,,,,,NA,NA,NA,NA,NA,NA,NA,NA,NA,0,1,0,晴,晨或暮光,鄉道,50,直路,一般車道（未劃分快慢車道）,柏油,乾燥,無缺陷,無障礙物,良好,無號誌,無號誌,無標記,未繪設車道線,未繪設快慢車道分隔線,無,撞動物,未注意車前狀態,Y000,YZ00,1,2,2014/10/26,慈湖路一段12號,,金門縣金寧鄉,118.3117387,24.4416084,普通重型 機車∕ ∕,機車普通重型,19∕0∕,受傷,A3****1代號3242,其他,有適當之駕照,經檢測無酒精反應,機車前車頭,未注意車前狀態∕尚未發現肇事因素∕,未注意車前狀態∕未注意車前狀態∕,其他,其他,本國∕本國∕
10310,10310Y00020051,YZA1,10310YZ000081,2014,10,27,22,55,金門縣,金城鎮,,NA,民權路,,,NA,180,,,,,,NA,NA,NA,NA,NA,NA,NA,NA,NA,0,2,0,晴,夜間（或隧道、地下道、涵洞）有照明,村里道路,40,直路,一般車道（未劃分快慢車道）,柏油,乾燥,無缺陷,無障礙物,良好,無號誌,無號誌,附標記,未繪設車道線,未繪設快慢車道分隔線,有,路上翻車、摔倒,未注意車前狀態,Y000,YZ00,NA,NA,2014/10/27,民權路180號,,金門縣金城鎮,118.3183467,24.4371139,普通重型 機車∕ ∕乘客 人,機車普通重型乘客,20∕0∕20,受傷受傷,HC****0代號3243HC****0代號3243,其他其他,有適當之駕照非汽（機）車駕駛人,經檢測無酒精反應非駕駛人，未檢測,機車前車頭非汽（機）車,未注意車前狀態∕尚未發現肇事因素∕尚未發現肇事因素,未注意車前狀態∕未注意車前狀態∕未注意車前狀態,大學（研究）生大學（研究）生,其他其他,本國∕本國∕本國
10310,10310Y00020065,YZA1,10310YZ000082,2014,10,28,13,40,金門縣,金城鎮,,NA,,,,NA,,,,,,金門城1436號旁產業道路路段,NA,NA,NA,NA,NA,NA,NA,NA,NA,0,1,0,晴,日間自然光線,村里道路,40,彎曲路及附近,一般車道（未劃分快慢車道）,柏油,乾燥,無缺陷,無障礙物,良好,無號誌,無號誌,無分向設施,未繪設車道線,未繪設快慢車道分隔線,無,對向擦撞,酒醉（後）駕駛失控,Y000,YZ00,1,2,2014/10/28,金門縣金城鎮金門城1436號旁產業道路路段,,金門縣金城鎮金門城1436號旁產業道路路段,118.306221,24.401537,普通重型 機車∕普通重型 機車∕,機車普通重型∕機車普通重型∕,60∕60∕,未受傷∕受傷∕,NK****5代號3244∕PZ****3代號3245∕,其他∕其他∕,駕照被吊（註）銷∕有適當之駕照∕,經呼氣檢測0.56至0.80mg∕L或血液檢測0.111至0.16∕經檢測無酒精反應∕,機車前車頭∕機車前車頭∕,酒醉（後）駕駛失控∕尚未發現肇事因素∕,酒醉（後）駕駛失控∕酒醉（後）駕駛失控∕,其他∕其他∕,其他∕其他∕,本國∕本國∕
10310,10310Y00020059,YZA1,10310YZ000083,2014,10,28,18,3,金門縣,金城鎮,,NA,環島北路,一,,NA,,,,,,統一精工加油站前,NA,NA,NA,NA,NA,NA,NA,NA,NA,0,2,0,晴,晨或暮光,鄉道,50,三岔路,交岔口附近,柏油,乾燥,無缺陷,無障礙物,其他,無號誌,無號誌,無標記,未繪設車道線,未繪設快慢車道分隔線,無,追撞,未保持行車安全距離,Y000,YZ00,1,2,2014/10/28,環島北路一段,,金門縣金城鎮統一精工加油站前,118.3283226,24.4462231,普通重型 機車∕普通重型 機車∕,機車普通重型∕機車普通重型∕,33∕18∕,受傷∕受傷∕,21****V代號3246∕81****H代號3247∕,其他∕其他∕,有適當之駕照∕有適當之駕照∕,經檢測無酒精反應∕經檢測無酒精反應∕,機車前車頭∕機車後車尾∕,未保持行車安全距離∕尚未發現肇事因素∕,未保持行車安全距離∕未保持行車安全距離∕,其他∕其他∕,其他∕其他∕,本國∕本國∕
10310,10310Y00020060,YZA1,10310YZ000085,2014,10,29,16,5,金門縣,金城鎮,,NA,民生路,,,NA,,,,,,大同之家旁路口,NA,NA,NA,NA,NA,NA,NA,NA,NA,0,1,0,晴,日間自然光線,村里道路,40,四岔路,交岔路口內,柏油,乾燥,無缺陷,無障礙物,良好,無號誌,無號誌,無分向設施,未繪設車道線,未繪設快慢車道分隔線,有,路口交岔撞,未依規定讓車,Y000,YZ00,1,2,2014/10/29,民生路,,金門縣金城鎮大同之家旁路口,118.3190184,24.43575,自用 小客車∕普通輕型 機車∕,小客車自用∕機車普通輕型∕,32∕39∕,未受傷∕受傷∕,6F****9代號3248∕WZ****2代號3249∕,其他∕其他∕,有適當之駕照∕有適當之駕照∕,經檢測無酒精反應∕經檢測無酒精反應∕,汽車前車頭∕機車右側車身∕,未依規定讓車∕尚未發現肇事因素∕,未依規定讓車∕未依規定讓車∕,事務工作者∕家庭主婦（夫）∕,其他∕其他∕,本國∕本國∕
10310,,YZA1,10310YZ000086,2014,10,7,15,23,金門縣,金城鎮,,NA,,,,NA,,,,,,東門圓環,NA,NA,NA,NA,NA,NA,NA,NA,NA,0,1,0,晴,日間自然光線,其他,40,圓環,一般車道（未劃分快慢車道）,柏油,乾燥,無缺陷,無障礙物,良好,無號誌,無號誌,無分向設施,車道線（無標記）,未繪設快慢車道分隔線,有,其他,未依規定讓車,Y000,YZ00,3,2,2014/10/7,金門縣金城鎮東門圓環,,金門縣金城鎮東門圓環,118.321386,24.431515,自用 小客車∕普通輕型 機車∕,小客車自用∕機車普通輕型∕,70∕63∕,未受傷∕受傷∕,06****2代號3250∕WZ****5代號3251∕,其他∕其他∕,有適當之駕照∕有適當之駕照∕,無法檢測∕無法檢測∕,汽車左前車頭（身）∕機車右側車身∕,未依規定讓車∕尚未發現肇事因素∕,未依規定讓車∕未依規定讓車∕,民意代表、行政主管、企業主管及經理人員∕家庭主婦（夫）∕,其他∕購物∕,本國∕本國∕
10310,10310Y00020071,YZA1,10310YZ000087,2014,10,30,10,3,金門縣,金城鎮,,NA,伯玉路,一,,NA,,,,,,東門圓環,NA,NA,NA,NA,NA,NA,NA,NA,NA,0,1,0,晴,日間自然光線,村里道路,40,圓環,一般車道（未劃分快慢車道）,柏油,乾燥,無缺陷,無障礙物,良好,無號誌,無號誌,無分向設施,車道線（無標記）,未繪設快慢車道分隔線,無,其他,未注意車前狀態,Y000,YZ00,1,2,2014/10/30,伯玉路一段,,金門縣金城鎮東門圓環,118.3267756,24.4346914,自用 小客車∕電動自行車 慢車∕,小客車自用∕電動自行車∕,36∕78∕,未受傷∕受傷∕,6F****8代號3252,其他∕其他∕,有適當之駕照∕非汽（機）車駕駛人∕,經檢測無酒精反應∕經檢測無酒精反應∕,汽車右側車身∕非汽（機）車∕,未注意車前狀態∕未注意車前狀態∕,未注意車前狀態∕未注意車前狀態∕,其他∕其他∕,其他∕其他∕,非本國∕本國∕