年月,總編號,處理單位,處理編號,年,月,日,時,分,縣市,區,村里,鄰,街道,段,巷,弄,號,公尺處,街道.1,段.1,側,附近,道路,公里,公尺處.1,向,車道,平交道,公里.1,公尺處.2,附近.1,死,受傷,X2.30,天候,光線,道路類別,速限,道路型態,事故位置,路面鋪裝,路面狀態,路面缺陷,障礙物,視距,號誌種類,號誌動作,分向設施,快車道或一般車道間,快慢車道間,路面邊線,事故類型及型態,主要肇因,警局,分局,案件類別,事故類別,日期,道路1,道路2,概略位置,lon,lat,車種,當事者區分.類別.,年齡,受傷程度,車輛牌照號碼,車輛用途,駕駛資格情形,飲酒情形,車輛撞擊部位最初,肇事因素個別,肇事因素主要,職.業,旅次目的,國籍
10310,10310Y00020067,YZA1,10310YZ000088,2014,10,30,11,58,金門縣,金寧鄉,,NA,伯玉路,一,,NA,222,,,,,,NA,NA,NA,NA,NA,NA,NA,NA,NA,0,1,0,晴,日間自然光線,縣道,60,直路,一般車道（未劃分快慢車道）,柏油,乾燥,無缺陷,無障礙物,良好,無號誌,無號誌,無標記,未繪設車道線,快慢車道分隔線,有,倒車撞,倒車未依規定,Y000,YZ00,1,2,2014/10/30,伯玉路一段222號,,金門縣金寧鄉,118.3267756,24.4346914,自用 小貨車(含客、貨兩用)∕普通重型 機車∕,小貨車自用∕機車普通重型∕,38∕67∕,未受傷∕受傷∕,6F****6代號3253∕89****D代號3254∕,其他∕其他∕,有適當之駕照∕有適當之駕照∕,經檢測無酒精反應∕經檢測無酒精反應∕,汽車左後車尾（身）∕機車左側車身∕,倒車未依規定∕未注意車前狀態∕,倒車未依規定∕倒車未依規定∕,技術工∕無業者∕,其他∕其他∕,本國∕本國∕
10310,10310Y00020072,YZA1,10310YZ000089,2014,10,30,13,18,金門縣,金城鎮,,NA,民生路,,,NA,,,,,,金城車站,NA,NA,NA,NA,NA,NA,NA,NA,NA,0,1,0,晴,日間自然光線,鄉道,40,直路,一般車道（未劃分快慢車道）,柏油,乾燥,無缺陷,無障礙物,良好,無號誌,無號誌,附標記,未繪設車道線,未繪設快慢車道分隔線,有,其他,起步未注意其他車（人）安全,Y000,YZ00,1,2,2014/10/30,民生路,,金門縣金城鎮金城車站,118.3190184,24.43575,普通重型 機車∕自用 小客車∕,機車普通重型∕小客車自用∕,24∕60∕,受傷∕未受傷∕,00****V代號3255∕6F****5代號3256∕,其他∕其他∕,有適當之駕照∕有適當之駕照∕,經檢測無酒精反應∕經檢測無酒精反應∕,機車前車頭∕汽車右側車身∕,起步未注意其他車（人）安全∕未依規定減速∕,起步未注意其他車（人）安全∕起步未注意其他車（人）安全∕,事務工作者∕其他∕,其他∕其他∕,本國∕本國∕
10310,10310Y00020073,YZA1,10310YZ000091,2014,10,31,14,48,金門縣,金城鎮,,NA,民權路,,,NA,,,,,,物資處前路段,NA,NA,NA,NA,NA,NA,NA,NA,NA,0,1,0,晴,日間自然光線,村里道路,40,直路,路肩、路緣,柏油,乾燥,無缺陷,無障礙物,良好,無號誌,無號誌,附標記,未繪設車道線,未繪設快慢車道分隔線,有,路上翻車、摔倒,未依規定減速,Y000,YZ00,1,2,2014/10/31,民權路,,金門縣金城鎮物資處前路段,118.3168946,24.4355379,腳踏自行車 慢車∕ ∕,腳踏自行車,43∕0∕,受傷,,其他,非汽（機）車駕駛人,經檢測無酒精反應,非汽（機）車,未依規定減速∕尚未發現肇事因素∕,未依規定減速∕未依規定減速∕,其他,其他,本國∕本國∕
10310,10310Y00020077,YZA1,10310YZ000093,2014,10,31,20,13,金門縣,金寧鄉,,NA,,,,NA,,,,,,埔後產業道路十字路口Z0056號路燈桿前路口,NA,NA,NA,NA,NA,NA,NA,NA,NA,0,1,0,晴,夜間（或隧道、地下道、涵洞）有照明,村里道路,40,四岔路,交岔路口內,柏油,乾燥,無缺陷,無障礙物,建築物,無號誌,無號誌,無分向設施,未繪設車道線,未繪設快慢車道分隔線,無,路口交岔撞,未依規定讓車,Y000,YZ00,1,2,2014/10/31,金門縣金寧鄉埔後產業道路十字路口Z0056號路燈桿前路口,,金門縣金寧鄉埔後產業道路十字路口Z0056號路燈桿前路口,118.317029,24.442928,普通重型 機車∕自用 小客車∕,機車普通重型∕小客車自用∕,40∕46∕,受傷∕未受傷∕,36****C代號3257∕AF*****1代號3258∕,其他∕其他∕,有適當之駕照∕有適當之駕照∕,經呼氣檢測未超過0.15mg∕L或血液檢測未超過0.03∕經檢測無酒精反應∕,機車前車頭∕汽車左前車頭（身）∕,未依規定讓車∕未依規定減速∕,未依規定讓車∕未依規定讓車∕,其他∕其他∕,其他∕其他∕,本國∕本國∕
10311,10311Y00020004,YYA1,10311YY000001,2014,11,1,2,48,金門縣,金湖鎮,,NA,瓊義路,,,NA,,,,,,瓊林街30號前路段00340路燈,NA,NA,NA,NA,NA,NA,NA,NA,NA,0,1,0,晴,夜間（或隧道、地下道、涵洞）有照明,村里道路,50,直路,一般車道（未劃分快慢車道）,柏油,乾燥,無缺陷,無障礙物,良好,無號誌,無號誌,無標記,未繪設車道線,未繪設快慢車道分隔線,有,其他,酒醉（後）駕駛失控,Y000,YY00,1,2,2014/11/1,瓊義路,,金門縣金湖鎮瓊林街30號前路段00340路燈,118.3750744,24.4504136,自用 小客車∕普通重型 機車∕自用 小貨車(含客、貨兩用),小客車自用∕機車普通重型∕小貨車自用,25∕35∕56,受傷∕未受傷∕未受傷,05****V代號3259∕60****F代號3260∕01****7代號3261,其他∕其他∕其他,有適當之駕照∕有適當之駕照∕有適當之駕照,經呼氣檢測超過0.80mg∕L或血液檢測超過0.16∕不明∕不明,汽車前車頭∕機車左側車身∕汽車後車尾,酒醉（後）駕駛失控∕尚未發現肇事因素∕尚未發現肇事因素,酒醉（後）駕駛失控∕酒醉（後）駕駛失控∕酒醉（後）駕駛失控,其他∕其他∕其他,其他∕其他∕其他,本國∕本國∕本國
10311,10311Y00020007,YYA1,10311YY000003,2014,11,1,11,5,金門縣,金沙鎮,,NA,,,,NA,,,,,,呂厝產業道路07311號路燈桿路段,NA,NA,NA,NA,NA,NA,NA,NA,NA,0,1,0,晴,日間自然光線,村里道路,40,彎曲路及附近,一般車道（未劃分快慢車道）,柏油,乾燥,無缺陷,無障礙物,樹木、農作物,無號誌,無號誌,無分向設施,未繪設車道線,未繪設快慢車道分隔線,有,對向擦撞,未靠右行駛,Y000,YY00,1,2,2014/11/1,金門縣金沙鎮呂厝產業道路07311號路燈桿路段,,金門縣金沙鎮呂厝產業道路07311號路燈桿路段,118.391347,24.485778,自用 小客車∕普通重型 機車∕,小客車自用∕機車普通重型∕,65∕37∕,未受傷∕受傷∕,04****2代號3262∕27****C代號3263∕,其他∕其他∕,有適當之駕照∕有適當之駕照∕,經檢測無酒精反應∕經檢測無酒精反應∕,汽車左前車頭（身）∕機車前車頭∕,未靠右行駛∕尚未發現肇事因素∕,未靠右行駛∕未靠右行駛∕,服務工作者∕其他∕,業務聯繫∕其他∕,本國∕本國∕
10311,10311Y00020017,YYA1,10311YY000006,2014,11,1,7,33,金門縣,金沙鎮,光前里,NA,環島東路,一,,NA,,,,,,0275路燈前陽翟路段,NA,NA,NA,NA,NA,NA,NA,NA,NA,0,1,0,晴,日間自然光線,村里道路,60,直路,一般車道（未劃分快慢車道）,柏油,乾燥,無缺陷,無障礙物,良好,無號誌,無號誌,無標記,未繪設車道線,未繪設快慢車道分隔線,有,路上翻車、摔倒,其他裝載不當肇事,Y000,YY00,1,2,2014/11/1,環島東路一段,,金門縣金沙鎮光前里0275路燈前陽翟路段,118.4213083,24.4841071,普通重型 機車∕ ∕,機車普通重型,58∕0∕,受傷,79****W代號3264,其他,有適當之駕照,經檢測無酒精反應,機車左側車身,其他裝載不當肇事∕尚未發現肇事因素∕,其他裝載不當肇事∕其他裝載不當肇事∕,其他,其他,本國∕本國∕
10311,10311Y00020008,YYA1,10311YY000011,2014,11,3,16,39,金門縣,金沙鎮,,NA,,,,NA,,,,,,金沙圖書館左側路段,NA,NA,NA,NA,NA,NA,NA,NA,NA,0,2,0,晴,日間自然光線,村里道路,50,直路,一般車道（未劃分快慢車道）,柏油,乾燥,無缺陷,無障礙物,建築物,無號誌,無號誌,無分向設施,未繪設車道線,未繪設快慢車道分隔線,有,其他,起步未注意其他車（人）安全,Y000,YY00,1,2,2014/11/3,金門縣金沙鎮金沙圖書館左側路段,,金門縣金沙鎮金沙圖書館左側路段,118.4131317,24.4888973,普通輕型 機車∕普通重型 機車∕,機車普通輕型∕機車普通重型∕,36∕18∕,受傷∕受傷∕,WZ****3代號3265∕28****H代號3266∕,其他∕其他∕,有適當之駕照∕有適當之駕照∕,經檢測無酒精反應∕經檢測無酒精反應∕,機車左側車身∕機車前車頭∕,起步未注意其他車（人）安全∕未注意車前狀態∕,起步未注意其他車（人）安全∕起步未注意其他車（人）安全∕,農林漁牧工作者∕高中生∕,上、下班∕上、下學∕,非本國∕本國∕
10311,10311Y00020009,YYA1,10311YY000013,2014,11,4,11,10,金門縣,金湖鎮,,NA,伯玉路,,,NA,,,中山路,,,,NA,NA,NA,NA,NA,NA,NA,NA,NA,0,1,0,晴,日間自然光線,村里道路,60,四岔路,交岔路口內,柏油,乾燥,無缺陷,無障礙物,良好,閃光號誌,正常,無分向設施,未繪設車道線,未繪設快慢車道分隔線,有,路口交岔撞,未依規定讓車,Y000,YY00,1,2,2014/11/4,伯玉路,中山路,,118.3650088,24.44601623,自用 小貨車(含客、貨兩用)∕普通重型 機車∕,小貨車自用∕機車普通重型∕,54∕70∕,未受傷∕受傷∕,B3****5代號3267∕31****Z代號3268∕,其他∕其他∕,有適當之駕照∕有適當之駕照∕,經檢測無酒精反應∕經檢測無酒精反應∕,汽車前車頭∕機車左側車身∕,未依規定讓車∕未依規定減速∕,未依規定讓車∕未依規定讓車∕,其他∕其他∕,其他∕其他∕,本國∕本國∕
10311,,YYA1,10311YY000014,2014,11,4,17,5,金門縣,金沙鎮,,NA,環島東路,一,,NA,,,復興街,,,,NA,NA,NA,NA,NA,NA,NA,NA,NA,0,0,0,NA,NA,NA,0,NA,NA,NA,NA,NA,NA,NA,NA,NA,NA,NA,NA,NA,NA,NA,Y000,YY00,1,4,2014/11/4,環島東路一段,復興街,,118.413114,24.488629,自用 小客車∕自用 小貨車(含客、貨兩用)∕,小客車自用∕小貨車自用∕,29∕44∕,,6F****2代號3269∕6F****0代號3270∕,,,,,,,,,本國∕本國∕
10311,10311Y00020022,YYA1,10311YY000023,2014,11,10,6,29,金門縣,金湖鎮,新湖里,NA,環島南路,四,,NA,,,,,,湖前路口,NA,NA,NA,NA,NA,NA,NA,NA,NA,0,1,0,晴,日間自然光線,村里道路,50,四岔路,交岔路口內,柏油,乾燥,無缺陷,無障礙物,良好,行車管制號誌,正常,無分向設施,未繪設車道線,未繪設快慢車道分隔線,有,其他,其他引起事故之故障,Y000,YY00,1,2,2014/11/10,環島南路四段,,金門縣金湖鎮新湖里湖前路口,118.40101,24.438041,公營公車 大客車∕普通重型 機車∕,公營公車∕機車普通重型∕,45∕29∕,未受傷∕受傷∕,32***H代號3271∕30****P代號3272∕,其他∕其他∕,有適當之駕照∕有適當之駕照∕,不明∕經檢測無酒精反應∕,不明∕機車左側車身∕,其他引起事故之故障∕尚未發現肇事因素∕,其他引起事故之故障∕其他引起事故之故障∕,汽車、火車駕駛員及船員∕其他∕,運輸∕上、下班∕,本國∕本國∕
10311,10311Y00020013,YYA1,10311YY000025,2014,11,10,17,55,金門縣,金沙鎮,,NA,高陽路,,,NA,111,,,,,,NA,NA,NA,NA,NA,NA,NA,NA,NA,0,1,0,晴,夜間（或隧道、地下道、涵洞）有照明,村里道路,60,三岔路,交岔路口內,柏油,乾燥,無缺陷,無障礙物,良好,無號誌,無號誌,無分向設施,未繪設車道線,未繪設快慢車道分隔線,有,側撞,未依規定讓車,Y000,YY00,1,2,2014/11/10,高陽路111號,,金門縣金沙鎮,118.4078483,24.4727311,自用 小客車∕普通重型 機車∕,小客車自用∕機車普通重型∕,60∕19∕,未受傷∕受傷∕,6F****1代號513∕65****U代號3273∕,其他∕其他∕,有適當之駕照∕有適當之駕照∕,經檢測無酒精反應∕經檢測無酒精反應∕,汽車右側車身∕機車前車頭∕,未依規定讓車∕未依規定減速∕,未依規定讓車∕未依規定讓車∕,農林漁牧工作者∕保安工作者（不含警察人員）∕,社交活動∕社交活動∕,本國∕本國∕
10311,10311Y00020028,YYA1,10311YY000026,2014,11,10,21,14,金門縣,金湖鎮,,NA,瓊義路,,,NA,,,經武路,,,,NA,NA,NA,NA,NA,NA,NA,NA,NA,0,2,0,晴,夜間（或隧道、地下道、涵洞）有照明,村里道路,60,四岔路,交岔路口內,柏油,乾燥,無缺陷,無障礙物,良好,閃光號誌,正常,無分向設施,未繪設車道線,未繪設快慢車道分隔線,有,路口交岔撞,未依規定讓車,Y000,YY00,1,2,2014/11/10,瓊義路,經武路,,118.3762326,24.4440968,普通重型 機車∕普通重型 機車∕,機車普通重型∕機車普通重型∕,23∕19∕,受傷∕受傷∕,85****T代號2181∕77****Z代號3274∕,其他∕其他∕,有適當之駕照∕有適當之駕照∕,經檢測無酒精反應∕經檢測無酒精反應∕,機車左側車身∕機車前車頭∕,未依規定讓車∕未依規定減速∕,未依規定讓車∕未依規定讓車∕,服務工作者∕服務工作者∕,社交活動∕社交活動∕,本國∕本國∕
10311,,YYA1,10311YY000027,2014,11,11,19,9,金門縣,金湖鎮,,NA,環島南路,五,,NA,,,,,,養護工程所前,NA,NA,NA,NA,NA,NA,NA,NA,NA,0,0,0,NA,NA,NA,0,NA,NA,NA,NA,NA,NA,NA,NA,NA,NA,NA,NA,NA,NA,NA,Y000,YY00,1,4,2014/11/11,環島南路五段,,金門縣金湖鎮養護工程所前,118.4239844,24.4324232,自用 小客車∕ ∕,小客車自用,31∕0∕,,AA*****9代號3275,,,,,,,,,非本國∕本國∕
10311,10311Y00020043,YYA1,10311YY000032,2014,11,13,7,57,金門縣,金湖鎮,,NA,瓊徑路,,,NA,,,環島南路,四,,,NA,NA,NA,NA,NA,NA,NA,NA,NA,0,1,0,晴,日間自然光線,村里道路,50,三岔路,交岔口附近,柏油,乾燥,無缺陷,無障礙物,良好,行車管制號誌（附設行人專用號誌）,正常,附標記,未繪設車道線,快慢車道分隔線,有,側撞,變換車道或方向不當,Y000,YY00,1,2,2014/11/13,瓊徑路,環島南路四段,,118.3917905,24.44048713,自用 小貨車(含客、貨兩用)∕普通重型 機車∕,小貨車自用∕機車普通重型∕,51∕32∕,未受傷∕受傷∕,WY****7代號423∕09****A代號3276∕,其他∕其他∕,有適當之駕照∕有適當之駕照∕,經檢測無酒精反應∕經檢測無酒精反應∕,汽車右前車頭（身）∕機車左側車身∕,變換車道或方向不當∕尚未發現肇事因素∕,變換車道或方向不當∕變換車道或方向不當∕,技術工∕其他∕,上、下班∕其他∕,本國∕本國∕
10311,10311Y00020031,YYA1,10311YY000036,2014,11,15,9,0,金門縣,金湖鎮,,NA,黃海路,,,NA,,,,,,福華飯店前,NA,NA,NA,NA,NA,NA,NA,NA,NA,0,1,0,晴,日間自然光線,村里道路,50,直路,一般車道（未劃分快慢車道）,柏油,乾燥,無缺陷,無障礙物,良好,無號誌,無號誌,無標記,未繪設車道線,未繪設快慢車道分隔線,有,同向擦撞,未注意車前狀態,Y000,YY00,1,2,2014/11/15,黃海路,,金門縣金湖鎮福華飯店前,118.4256931,24.452032,自用 小貨車(含客、貨兩用)∕普通重型 機車∕,小貨車自用∕機車普通重型∕,59∕43∕,未受傷∕受傷∕,21****S代號3277∕CG****1代號3278∕,其他∕其他∕,有適當之駕照∕有適當之駕照∕,經檢測無酒精反應∕經檢測無酒精反應∕,汽車右側車身∕機車左側車身∕,未注意車前狀態∕違規超車∕,未注意車前狀態∕未注意車前狀態∕,售貨員∕服務工作者∕,業務聯繫∕上、下班∕,本國∕本國∕
10311,10311Y00020039,YYA1,10311YY000039,2014,11,16,10,55,金門縣,金沙鎮,,NA,環島北路,四,,NA,,,,,,金沙自來水廠前路段,NA,NA,NA,NA,NA,NA,NA,NA,NA,0,1,0,晴,日間自然光線,村里道路,50,直路,一般車道（未劃分快慢車道）,柏油,乾燥,無缺陷,其他障礙物,良好,無號誌,無號誌,無標記,未繪設車道線,未繪設快慢車道分隔線,有,撞護欄（樁）,未注意車前狀態,Y000,YY00,1,2,2014/11/16,環島北路四段,,金門縣金沙鎮金沙自來水廠前路段,118.4045085,24.4840105,普通輕型 機車∕ ∕,機車普通輕型,18∕0∕,受傷,97****B代號3279,其他,有適當之駕照,經檢測無酒精反應,機車右側車身,未注意車前狀態∕尚未發現肇事因素∕,未注意車前狀態∕未注意車前狀態∕,大學（研究）生,其他,非本國∕本國∕
10311,10311Y00020033,YYA1,10311YY000041,2014,11,17,8,55,金門縣,金湖鎮,,NA,黃海路,,,NA,,,林森路,,,,NA,NA,NA,NA,NA,NA,NA,NA,NA,0,2,0,晴,日間自然光線,村里道路,50,四岔路,交岔路口內,柏油,乾燥,無缺陷,無障礙物,良好,無號誌,無號誌,無分向設施,未繪設車道線,未繪設快慢車道分隔線,有,側撞,未依規定讓車,Y000,YY00,1,2,2014/11/17,黃海路,林森路,,118.4146947,24.44280044,普通輕型 機車∕普通重型 機車∕,機車普通輕型∕機車普通重型∕,81∕22∕,受傷∕受傷∕,WZ****2代號3280∕EC****3代號3281∕,其他∕其他∕,有適當之駕照∕有適當之駕照∕,經檢測無酒精反應∕經檢測無酒精反應∕,機車前車頭∕機車前車頭∕,未依規定讓車∕未依規定減速∕,未依規定讓車∕未依規定讓車∕,無業者∕大學（研究）生∕,購物∕上、下班∕,本國∕本國∕
10311,10311Y00030002,YYA1,10311YY000042,2014,11,17,14,49,金門縣,金湖鎮,,NA,復興路,,,NA,89,,,,,,NA,NA,NA,NA,NA,NA,NA,NA,NA,0,0,0,晴,日間自然光線,村里道路,40,直路,一般車道（未劃分快慢車道）,柏油,乾燥,無缺陷,無障礙物,良好,無號誌,無號誌,無標記,未繪設車道線,未繪設快慢車道分隔線,有,倒車撞,倒車未依規定,Y000,YY00,1,3,2014/11/17,復興路89號,,金門縣金湖鎮,118.4161413,24.4412321,自用 小貨車(含客、貨兩用)∕自用 小客車∕,小貨車自用∕小客車自用∕,40∕30∕,未受傷∕未受傷∕,04****X代號3282∕08****V代號3283∕,其他∕其他∕,有適當之駕照∕有適當之駕照∕,經檢測無酒精反應∕經檢測無酒精反應∕,汽車左後車尾（身）∕汽車左前車頭（身）∕,倒車未依規定∕尚未發現肇事因素∕,倒車未依規定∕倒車未依規定∕,服務工作者∕服務工作者∕,購物∕購物∕,本國∕本國∕
10311,10311Y00020051,YYA1,10311YY000044,2014,11,19,14,3,金門縣,金湖鎮,,NA,太湖路,二,,NA,,,,,,復國寺路口附近路段,NA,NA,NA,NA,NA,NA,NA,NA,NA,0,1,0,晴,日間自然光線,村里道路,50,三岔路,交岔口附近,柏油,乾燥,無缺陷,無障礙物,良好,無號誌,無號誌,附標記,未繪設車道線,未繪設快慢車道分隔線,有,路上翻車、摔倒,未注意車前狀態,Y000,YY00,1,2,2014/11/19,太湖路二段,,金門縣金湖鎮復國寺路口附近路段,118.4170143,24.4394812,普通重型 機車∕ ∕,機車普通重型,32∕0∕,受傷,62****K代號3284,其他,有適當之駕照,經檢測無酒精反應,機車右側車身,未注意車前狀態∕尚未發現肇事因素∕,未注意車前狀態∕未注意車前狀態∕,其他,業務聯繫,本國∕本國∕
10311,,YYA1,10311YY000050,2014,11,20,19,5,金門縣,金湖鎮,,NA,太湖路,二,,NA,,,,,,201旁路口,NA,NA,NA,NA,NA,NA,NA,NA,NA,0,0,0,NA,NA,NA,0,NA,NA,NA,NA,NA,NA,NA,NA,NA,NA,NA,NA,NA,NA,NA,Y000,YY00,1,4,2014/11/20,太湖路二段,,金門縣金湖鎮201旁路口,118.4170143,24.4394812,自用 小客車∕自用 小客車∕,小客車自用∕小客車自用∕,34∕30∕,,39****M代號3285∕AK*****0代號3286∕,,,,,,,,,本國∕本國∕
10311,10311Y00020042,YYA1,10311YY000053,2014,11,23,9,5,金門縣,金湖鎮,,NA,市港路,,,NA,,,,,,武德新莊加水站旁路口,NA,NA,NA,NA,NA,NA,NA,NA,NA,0,1,0,晴,日間自然光線,村里道路,40,四岔路,交岔路口內,柏油,乾燥,無缺陷,無障礙物,良好,無號誌,無號誌,無分向設施,未繪設車道線,未繪設快慢車道分隔線,有,路口交岔撞,未依規定讓車,Y000,YY00,1,2,2014/11/23,市港路,,金門縣金湖鎮武德新莊加水站旁路口,118.4099121,24.4348324,自用 小客車∕普通重型 機車∕,小客車自用∕機車普通重型∕,41∕29∕,未受傷∕受傷∕,18****Q代號3287∕96****T代號3288∕,其他∕其他∕,有適當之駕照∕有適當之駕照∕,經檢測無酒精反應∕經檢測無酒精反應∕,汽車前車頭∕機車左側車身∕,未依規定讓車∕未依規定減速∕,未依規定讓車∕未依規定讓車∕,其他∕其他∕,其他∕上、下班∕,本國∕本國∕
10311,10311Y00020052,YYA1,10311YY000055,2014,11,24,9,51,金門縣,金湖鎮,,NA,林森路,,,NA,,,,,,忠義廟與金門醫院路口,NA,NA,NA,NA,NA,NA,NA,NA,NA,0,1,0,晴,日間自然光線,村里道路,40,四岔路,交岔路口內,柏油,乾燥,無缺陷,無障礙物,良好,無號誌,無號誌,無分向設施,未繪設車道線,未繪設快慢車道分隔線,有,側撞,未依規定讓車,Y000,YY00,1,2,2014/11/24,林森路,,金門縣金湖鎮忠義廟與金門醫院路口,118.4162571,24.4417488,普通重型 機車∕自用 小客車∕,機車普通重型∕小客車自用∕,61∕35∕,受傷∕未受傷∕,21****D代號3289∕6F****8代號3290∕,其他∕其他∕,有適當之駕照∕有適當之駕照∕,經檢測無酒精反應∕經檢測無酒精反應∕,機車前車頭∕汽車左側車身∕,未依規定讓車∕未依規定減速∕,未依規定讓車∕未依規定讓車∕,無業者∕專業人員∕,其他∕上、下班∕,本國∕本國∕
10311,10311Y00020040,YYA1,10311YY000056,2014,11,24,18,18,金門縣,金湖鎮,,NA,環島南路,四,,NA,,,,,,漁村路口,NA,NA,NA,NA,NA,NA,NA,NA,NA,0,1,0,晴,夜間（或隧道、地下道、涵洞）無照明,村里道路,50,四岔路,交岔路口內,柏油,乾燥,無缺陷,無障礙物,其他,無號誌,無號誌,無分向設施,未繪設車道線,未繪設快慢車道分隔線,有,側撞,未依規定讓車,Y000,YY00,1,2,2014/11/24,環島南路四段,,金門縣金湖鎮漁村路口,118.40101,24.438041,自用 小客車∕普通重型 機車∕,小客車自用∕機車普通重型∕,33∕50∕,未受傷∕受傷∕,28****H代號3291∕66****H代號3292∕,其他∕其他∕,有適當之駕照∕有適當之駕照∕,經檢測無酒精反應∕經檢測無酒精反應∕,汽車右前車頭（身）∕機車前車頭∕,未依規定讓車∕未依規定減速∕,未依規定讓車∕未依規定讓車∕,其他∕其他∕,其他∕其他∕,本國∕本國∕
10311,10311Y00020053,YYA1,10311YY000057,2014,11,25,8,35,金門縣,金湖鎮,,NA,太湖路,二,,NA,,,自強路,,,,NA,NA,NA,NA,NA,NA,NA,NA,NA,0,1,0,晴,日間自然光線,村里道路,50,四岔路,交岔路口內,柏油,乾燥,無缺陷,無障礙物,良好,行車管制號誌（附設行人專用號誌）,正常,無分向設施,未繪設車道線,未繪設快慢車道分隔線,有,側撞,未保持行車安全距離,Y000,YY00,1,2,2014/11/25,太湖路二段,自強路,,118.4150341,24.44011257,普通重型 機車∕普通重型 機車∕,機車普通重型∕機車普通重型∕,27∕20∕,受傷∕未受傷∕,8F****1代號3293∕39****G代號3294∕,其他∕其他∕,有適當之駕照∕有適當之駕照∕,經檢測無酒精反應∕經檢測無酒精反應∕,機車前車頭∕機車左側車身∕,未保持行車安全距離∕左轉彎未依規定∕,未保持行車安全距離∕未保持行車安全距離∕,服務工作者∕保安工作者（不含警察人員）∕,上、下班∕其他∕,本國∕本國∕
10311,10311Y00020062,YYA1,10311YY000059,2014,11,23,19,40,金門縣,金沙鎮,,NA,環島東路,二,,NA,,,,,,近屏東路口0308路燈桿處,NA,NA,NA,NA,NA,NA,NA,NA,NA,0,1,0,晴,夜間（或隧道、地下道、涵洞）有照明,村里道路,60,直路,一般車道（未劃分快慢車道）,柏油,乾燥,無缺陷,無障礙物,良好,無號誌,無號誌,無標記,車道線（無標記）,未繪設快慢車道分隔線,有,路上翻車、摔倒,不明原因肇事,Y000,YY00,1,2,2014/11/23,環島東路二段,,金門縣金沙鎮近屏東路口0308路燈桿處,118.4328094,24.4713308,普通重型 機車∕ ∕,機車普通重型,29∕0∕,受傷,39****C代號3295,其他,無照（已達考照年齡）,經呼氣檢測0.56至0.80mg∕L或血液檢測0.111至0.16,機車右側車身,不明原因肇事∕尚未發現肇事因素∕,不明原因肇事∕不明原因肇事∕,其他,購物,本國∕本國∕
10311,10311Y00020063,YYA1,10311YY000060,2014,11,24,8,20,金門縣,金湖鎮,,NA,黃海路,,,NA,Jan-90,,,,,,NA,NA,NA,NA,NA,NA,NA,NA,NA,0,2,0,晴,日間自然光線,村里道路,50,直路,一般車道（未劃分快慢車道）,柏油,乾燥,無缺陷,無障礙物,良好,無號誌,無號誌,無標記,車道線（無標記）,未繪設快慢車道分隔線,有,穿越道路中,未注意車前狀態,Y000,YY00,1,2,2014/11/24,黃海路90-1號,,金門縣金湖鎮,118.4256931,24.452032,普通重型 機車∕行人 人∕,機車普通重型∕行人∕,43∕54∕,受傷∕受傷∕,39****U代號3296,其他∕非駕駛人及乘客∕,有適當之駕照∕非汽（機）車駕駛人∕,經呼氣檢測未超過0.15mg∕L或血液檢測未超過0.03∕非駕駛人，未檢測∕,機車前車頭∕非汽（機）車∕,未注意車前狀態∕穿越道路未注意左右來車∕,未注意車前狀態∕未注意車前狀態∕,售貨員∕其他∕,業務聯繫∕不明∕,本國∕本國∕
10311,10311Y00020068,YYA1,10311YY000061,2014,11,24,9,48,金門縣,金湖鎮,,NA,太湖路,一,,NA,,,公園路,,,近公園路口,NA,NA,NA,NA,NA,NA,NA,NA,NA,0,1,0,晴,日間自然光線,村里道路,60,直路,一般車道（未劃分快慢車道）,柏油,乾燥,無缺陷,無障礙物,良好,無號誌,無號誌,無標記,車道線（無標記）,未繪設快慢車道分隔線,有,路上翻車、摔倒,未注意車前狀態,Y000,YY00,1,2,2014/11/24,太湖路一段,公園路,,118.4034739,24.44823238,普通重型 機車∕ ∕,機車普通重型,19∕0∕,受傷,60****Z代號3297,其他,有適當之駕照,經檢測無酒精反應,機車左側車身,未注意車前狀態∕尚未發現肇事因素∕,未注意車前狀態∕未注意車前狀態∕,大學（研究）生,上、下學,本國∕本國∕
10311,10311Y00030004,YYA1,10311YY000065,2014,11,27,8,50,金門縣,金湖鎮,,NA,經武路,,,NA,,,瓊徑路,,,,NA,NA,NA,NA,NA,NA,NA,NA,NA,0,0,0,晴,日間自然光線,村里道路,40,三岔路,交岔口附近,柏油,乾燥,無缺陷,無障礙物,良好,無號誌,無號誌,無分向設施,未繪設車道線,未繪設快慢車道分隔線,有,側撞,未依規定讓車,Y000,YY00,1,3,2014/11/27,經武路,瓊徑路,,118.3880485,24.44342822,自用 小客車∕公營公車 大客車∕,小客車自用∕公營公車∕,74∕42∕,未受傷∕未受傷∕,20****S代號3298∕VU***6代號3299∕,其他∕其他∕,有適當之駕照∕有適當之駕照∕,經檢測無酒精反應∕經檢測無酒精反應∕,汽車左前車頭（身）∕汽車右側車身∕,未依規定讓車∕未注意車前狀態∕,未依規定讓車∕未依規定讓車∕,農林漁牧工作者∕汽車、火車駕駛員及船員∕,其他∕運輸∕,本國∕本國∕