年月,總編號,處理單位,處理編號,年,月,日,時,分,縣市,區,村里,鄰,街道,段,巷,弄,號,公尺處,街道.1,段.1,側,附近,道路,公里,公尺處.1,向,車道,平交道,公里.1,公尺處.2,附近.1,死,受傷,X2.30,天候,光線,道路類別,速限,道路型態,事故位置,路面鋪裝,路面狀態,路面缺陷,障礙物,視距,號誌種類,號誌動作,分向設施,快車道或一般車道間,快慢車道間,路面邊線,事故類型及型態,主要肇因,警局,分局,案件類別,事故類別,日期,道路1,道路2,概略位置,lon,lat,車種,當事者區分.類別.,年齡,受傷程度,車輛牌照號碼,車輛用途,駕駛資格情形,飲酒情形,車輛撞擊部位最初,肇事因素個別,肇事因素主要,職.業,旅次目的,國籍
10311,10311Y00020054,YYA1,10311YY000067,2014,11,27,16,36,金門縣,金沙鎮,,NA,環島北路,,,NA,,,蘭洋路,,,,NA,NA,NA,NA,NA,NA,NA,NA,NA,0,1,0,晴,日間自然光線,村里道路,50,三岔路,交岔路口內,柏油,乾燥,無缺陷,路上有停車,良好,無號誌,無號誌,無分向設施,未繪設車道線,未繪設快慢車道分隔線,有,側撞,未依規定讓車,Y000,YY00,1,2,2014/11/27,環島北路,蘭洋路,,118.3843702,24.461898,自用 小貨車(含客、貨兩用)∕自用 小貨車(含客、貨兩用)∕乘客 人,小貨車自用∕小貨車自用∕乘客,57∕50∕59,未受傷∕未受傷∕受傷,HL****1代號3300∕WY****2代號3301∕HL****1代號3300,其他∕其他∕其他,有適當之駕照∕有適當之駕照∕非汽（機）車駕駛人,經檢測無酒精反應∕經檢測無酒精反應∕非駕駛人，未檢測,汽車右側車身∕汽車前車頭∕非汽（機）車,未依規定讓車∕未依規定減速∕尚未發現肇事因素,未依規定讓車∕未依規定讓車∕未依規定讓車,服務工作者∕售貨員∕服務工作者,觀光旅遊∕運輸∕觀光旅遊,本國∕本國∕本國
10311,10311Y00020045,YYA1,10311YY000069,2014,11,28,8,34,金門縣,金沙鎮,,NA,陽沙路,,,NA,,,光華路,一,,,NA,NA,NA,NA,NA,NA,NA,NA,NA,0,1,0,雨,日間自然光線,村里道路,50,三岔路,交岔路口內,柏油,濕潤,無缺陷,無障礙物,良好,無號誌,無號誌,無分向設施,未繪設車道線,未繪設快慢車道分隔線,有,路上翻車、摔倒,未注意車前狀態,Y000,YY00,1,2,2014/11/28,陽沙路,光華路一段,,118.429223,24.479129,普通輕型 機車∕ ∕,機車普通輕型,76∕0∕,受傷,WZ****5代號3302,其他,有適當之駕照,經檢測無酒精反應,機車右側車身,未注意車前狀態∕尚未發現肇事因素∕,未注意車前狀態∕未注意車前狀態∕,家庭主婦（夫）,購物,本國∕本國∕
10311,,YYA1,10311YY000072,2014,11,28,13,55,金門縣,金湖鎮,,NA,,,,NA,,,,,,尚義機場2號前,NA,NA,NA,NA,NA,NA,NA,NA,NA,0,0,0,NA,NA,NA,0,NA,NA,NA,NA,NA,NA,NA,NA,NA,NA,NA,NA,NA,NA,NA,Y000,YY00,1,4,2014/11/28,金門縣金湖鎮尚義機場2號前,,金門縣金湖鎮尚義機場2號前,118.376631,24.437699,自用 小貨車(含客、貨兩用)∕計程車 小客車∕,小貨車自用∕小客車計程車∕,62∕50∕,,21****S代號3303∕VX***0代號3304∕,,,,,,,,,本國∕本國∕
10311,,YYA1,10311YY000073,2014,11,28,15,55,金門縣,金湖鎮,,NA,黃海路,,,NA,1月5日,,,,,,NA,NA,NA,NA,NA,NA,NA,NA,NA,0,0,0,NA,NA,NA,0,NA,NA,NA,NA,NA,NA,NA,NA,NA,NA,NA,NA,NA,NA,NA,Y000,YY00,1,4,2014/11/28,黃海路1-5號,,金門縣金湖鎮,118.4256931,24.452032,自用 小客車∕公營公車 大客車∕,小客車自用∕公營公車∕,44∕38∕,,AA*****3代號3305∕30***H代號1066∕,,,,,,,,,本國∕本國∕
10311,10311Y00030006,YYA1,10311YY000074,2014,11,29,4,46,金門縣,金沙鎮,,NA,環島東路,,,NA,,,,,,蔡店,NA,NA,NA,NA,NA,NA,NA,NA,NA,0,0,0,晴,夜間（或隧道、地下道、涵洞）有照明,村里道路,50,三岔路,交岔路口內,柏油,乾燥,無缺陷,無障礙物,彎道,無號誌,無號誌,無分向設施,未繪設車道線,未繪設快慢車道分隔線,有,衝出路外,未注意車前狀態,Y000,YY00,1,3,2014/11/29,環島東路,,金門縣金沙鎮蔡店,118.4213083,24.4841071,自用 小客車∕ ∕,小客車自用,58∕0∕,未受傷,16****V代號3306,其他,有適當之駕照,經檢測無酒精反應,汽車左前車頭（身）,未注意車前狀態∕尚未發現肇事因素∕,未注意車前狀態∕未注意車前狀態∕,家庭主婦（夫）,購物,本國∕本國∕
10311,10311Y00020055,YYA1,10311YY000075,2014,11,29,9,45,金門縣,金湖鎮,,NA,伯玉路,四,,NA,,,,,,小徑候車亭,NA,NA,NA,NA,NA,NA,NA,NA,NA,0,1,0,晴,日間自然光線,村里道路,60,直路,慢車道,柏油,乾燥,無缺陷,無障礙物,良好,無號誌,無號誌,無標記,未繪設車道線,快慢車道分隔線,有,追撞,未保持行車安全距離,Y000,YY00,1,2,2014/11/29,伯玉路四段,,金門縣金湖鎮小徑候車亭,118.3798588,24.4470039,普通重型 機車∕普通重型 機車∕,機車普通重型∕機車普通重型∕,39∕52∕,受傷∕未受傷∕,3J****5代號3307∕35****G代號3308∕,其他∕其他∕,有適當之駕照∕越級駕駛∕,經檢測無酒精反應∕經檢測無酒精反應∕,機車前車頭∕機車後車尾∕,未保持行車安全距離∕其他引起事故之違規或不當行為∕,未保持行車安全距離∕未保持行車安全距離∕,事務工作者∕事務工作者∕,購物∕購物∕,本國∕本國∕
10311,10311Y00020056,YYA1,10311YY000078,2014,11,29,14,1,金門縣,金湖鎮,,NA,伯玉路,三,,NA,,,中山路,,,,NA,NA,NA,NA,NA,NA,NA,NA,NA,0,1,0,陰,日間自然光線,村里道路,70,四岔路,交岔路口內,柏油,乾燥,無缺陷,無障礙物,良好,行車管制號誌,正常,無分向設施,未繪設車道線,未繪設快慢車道分隔線,有,側撞,未依規定讓車,Y000,YY00,1,2,2014/11/29,伯玉路三段,中山路,,118.3650088,24.44601623,自用 小貨車(含客、貨兩用)∕普通重型 機車∕,小貨車自用∕機車普通重型∕,56∕15∕,未受傷∕受傷∕,6S****1代號3309∕96****C代號3310∕,其他∕其他∕,有適當之駕照∕無照（未達考照年齡）∕,經檢測無酒精反應∕經檢測無酒精反應∕,汽車左前車頭（身）∕機車前車頭∕,未依規定讓車∕未注意車前狀態∕,未依規定讓車∕未依規定讓車∕,其他∕服務工作者∕,其他∕其他∕,本國∕本國∕
10311,10311Y00020057,YYA1,10311YY000083,2014,11,30,16,51,金門縣,金沙鎮,,NA,環島北路,四,,NA,,,,,,榮湖環湖路路口附近,NA,NA,NA,NA,NA,NA,NA,NA,NA,0,1,0,晴,日間自然光線,村里道路,40,彎曲路及附近,一般車道（未劃分快慢車道）,柏油,乾燥,無缺陷,無障礙物,其他,無號誌,無號誌,附標記,未繪設車道線,未繪設快慢車道分隔線,有,其他,酒醉（後）駕駛失控,Y000,YY00,1,2,2014/11/30,環島北路四段,,金門縣金沙鎮榮湖環湖路路口附近,118.4045085,24.4840105,自用 小貨車(含客、貨兩用)∕ ∕,小貨車自用,30∕0∕,受傷,06****V代號3311,其他,越級駕駛,經呼氣檢測超過0.80mg∕L或血液檢測超過0.16,汽車前車頭,酒醉（後）駕駛失控∕尚未發現肇事因素∕,酒醉（後）駕駛失控∕酒醉（後）駕駛失控∕,其他,其他,本國∕本國∕
10311,,YYA1,10311YY000084,2014,11,30,22,30,金門縣,金湖鎮,,NA,,,,NA,,,,,,塔后2081號前路口,NA,NA,NA,NA,NA,NA,NA,NA,NA,0,1,0,晴,夜間（或隧道、地下道、涵洞）有照明,村里道路,50,四岔路,交岔路口內,柏油,濕潤,無缺陷,無障礙物,建築物,無號誌,無號誌,無分向設施,未繪設車道線,未繪設快慢車道分隔線,有,路口交岔撞,未依規定讓車,Y000,YY00,3,2,2014/11/30,金門縣金湖鎮塔后2081號前路口,,金門縣金湖鎮塔后2081號前路口,118.4101054,24.4411037,自用 小客車∕普通重型 機車∕,小客車自用∕機車普通重型∕,24∕22∕,未受傷∕受傷∕,09****2代號3312∕85****D代號3313∕,其他∕其他∕,有適當之駕照∕有適當之駕照∕,無法檢測∕無法檢測∕,汽車右側車身∕機車前車頭∕,未依規定讓車∕未依規定減速∕,未依規定讓車∕未依規定讓車∕,服務工作者∕大學（研究）生∕,購物∕購物∕,本國∕本國∕
10311,10311Y00020050,YYA1,10311YY000085,2014,11,13,17,39,金門縣,金沙鎮,,NA,環島北路,三,681,NA,12,,,,,路口0169柱路燈旁,NA,NA,NA,NA,NA,NA,NA,NA,NA,0,1,0,陰,夜間（或隧道、地下道、涵洞）有照明,村里道路,60,四岔路,交岔口附近,柏油,乾燥,無缺陷,無障礙物,良好,無號誌,無號誌,附標記,未繪設車道線,未繪設快慢車道分隔線,有,撞動物,動物竄出,Y000,YY00,1,2,2014/11/13,環島北路三段681巷12號,,金門縣金沙鎮路口0169柱路燈旁,118.388325,24.466263, ∕普通重型 機車∕,∕機車普通重型∕,0∕43∕,∕受傷∕,∕13****T代號3314∕,∕其他∕,∕有適當之駕照∕,∕經檢測無酒精反應∕,∕機車前車頭∕,動物竄出∕未注意車前狀態∕,動物竄出∕動物竄出∕,∕其他∕,∕上、下班∕,本國∕本國∕
10311,10311Y00020001,YZA1,10311YZ000002,2014,11,1,7,28,金門縣,金寧鄉,,NA,桃園路,,,NA,,,,,,1309號路燈桿附近,NA,NA,NA,NA,NA,NA,NA,NA,NA,0,2,0,晴,日間自然光線,村里道路,50,三岔路,交岔路口內,柏油,乾燥,無缺陷,無障礙物,良好,無號誌,無號誌,無分向設施,未繪設車道線,未繪設快慢車道分隔線,有,同向擦撞,違規超車,Y000,YZ00,1,2,2014/11/1,桃園路,,金門縣金寧鄉1309號路燈桿附近,118.3446627,24.4317794,普通重型 機車∕普通重型 機車∕,機車普通重型∕機車普通重型∕,39∕28∕,受傷∕受傷∕,26****U代號3315∕78****F代號1230∕,其他∕其他∕,有適當之駕照∕有適當之駕照∕,經檢測無酒精反應∕經檢測無酒精反應∕,機車前車頭∕機車左側車身∕,違規超車∕尚未發現肇事因素∕,違規超車∕違規超車∕,其他∕其他∕,上、下班∕上、下班∕,本國∕本國∕
10311,10311Y00020064,YZA1,10311YZ000004,2014,11,1,9,35,金門縣,金寧鄉,,NA,伯玉路,一,,NA,,,,,,田老爺自助餐前,NA,NA,NA,NA,NA,NA,NA,NA,NA,0,1,0,晴,日間自然光線,村里道路,60,直路,一般車道（未劃分快慢車道）,柏油,乾燥,無缺陷,無障礙物,良好,無號誌,無號誌,無標記,未繪設車道線,快慢車道分隔線,有,側撞,未依規定讓車,Y000,YZ00,1,2,2014/11/1,伯玉路一段,,金門縣金寧鄉田老爺自助餐前,118.3267756,24.4346914,自用 小貨車(含客、貨兩用)∕普通重型 機車∕,小貨車自用∕機車普通重型∕,20∕38∕,未受傷∕受傷∕,6F****8代號3316∕42****G代號3317∕,其他∕其他∕,有適當之駕照∕無照（已達考照年齡）∕,經檢測無酒精反應∕無法檢測∕,汽車右側車身∕機車前車頭∕,未依規定讓車∕未注意車前狀態∕,未依規定讓車∕未依規定讓車∕,其他∕其他∕,其他∕其他∕,本國∕本國∕
10311,10311Y00020002,YZA1,10311YZ000005,2014,11,1,12,8,金門縣,金寧鄉,,NA,大學路,,,NA,1,,,,,,NA,NA,NA,NA,NA,NA,NA,NA,NA,0,2,0,晴,日間自然光線,村里道路,40,三岔路,交岔路口內,水泥,乾燥,無缺陷,無障礙物,良好,無號誌,無號誌,寬式（50公分以上）,未繪設車道線,未繪設快慢車道分隔線,有,側撞,迴轉未依規定,Y000,YZ00,1,2,2014/11/1,大學路1號,,金門縣金寧鄉,118.325279,24.4466751,自用 小客車∕普通重型 機車∕乘客 人,小客車自用∕機車普通重型∕乘客,52∕18∕19,未受傷∕受傷∕受傷,WY****5代號3318∕NH****9代號3319∕NH****9代號3319,其他∕其他∕其他,有適當之駕照∕有適當之駕照∕非汽（機）車駕駛人,經檢測無酒精反應∕經檢測無酒精反應∕非駕駛人，未檢測,汽車左前車頭（身）∕機車右側車身∕非汽（機）車,迴轉未依規定∕未注意車前狀態∕尚未發現肇事因素,迴轉未依規定∕迴轉未依規定∕迴轉未依規定,其他∕大學（研究）生∕大學（研究）生,其他∕其他∕其他,本國∕本國∕本國
10311,10311Y00020018,YZA1,10311YZ000007,2014,11,1,15,5,金門縣,金城鎮,,NA,民生路,,,NA,7,,,,,,NA,NA,NA,NA,NA,NA,NA,NA,NA,0,1,0,晴,日間自然光線,縣道,40,三岔路,交岔路口內,柏油,乾燥,無缺陷,無障礙物,良好,無號誌,無號誌,無分向設施,未繪設車道線,未繪設快慢車道分隔線,有,側撞,左轉彎未依規定,Y000,YZ00,NA,NA,2014/11/1,民生路7號,,金門縣金城鎮,118.3190184,24.43575,自用 小客車∕普通重型 機車∕,小客車自用∕機車普通重型∕,60∕25∕,未受傷∕受傷∕,6F****2代號1898∕AW****6代號3320∕,其他∕其他∕,有適當之駕照∕有適當之駕照∕,經檢測無酒精反應∕經檢測無酒精反應∕,汽車左前車頭（身）∕機車前車頭∕,左轉彎未依規定∕未保持行車安全距離∕,左轉彎未依規定∕左轉彎未依規定∕,不明∕服務工作者∕,其他∕上、下班∕,本國∕本國∕
10311,10311Y00020005,YZA1,10311YZ000008,2014,11,1,18,16,金門縣,金城鎮,,NA,民生路,,54,NA,,,,,,口,NA,NA,NA,NA,NA,NA,NA,NA,NA,0,2,0,晴,夜間（或隧道、地下道、涵洞）有照明,村里道路,40,三岔路,交岔口附近,柏油,乾燥,無缺陷,無障礙物,良好,無號誌,無號誌,無標記,未繪設車道線,快慢車道分隔線,有,其他,開啟車門不當而肇事,Y000,YZ00,1,2,2014/11/1,民生路54巷,,金門縣金城鎮口,118.3196657,24.436923,自用 小貨車(含客、貨兩用)∕普通重型 機車∕乘客 人,小貨車自用∕機車普通重型∕乘客,38∕18∕18,未受傷∕受傷∕受傷,86****R代號3321∕08****Z代號3322∕08****Z代號3322,其他∕其他∕其他,有適當之駕照∕有適當之駕照∕非汽（機）車駕駛人,經檢測無酒精反應∕經檢測無酒精反應∕非駕駛人，未檢測,汽車左側車身∕機車右側車身∕非汽（機）車,開啟車門不當而肇事∕未注意車前狀態∕尚未發現肇事因素,開啟車門不當而肇事∕開啟車門不當而肇事∕開啟車門不當而肇事,其他∕大學（研究）生∕大學（研究）生,其他∕其他∕其他,本國∕本國∕本國
10311,10311Y00020003,YZA1,10311YZ000009,2014,11,2,8,0,金門縣,金寧鄉,,NA,,,,NA,,,,,,頂堡往伯玉路二段,NA,NA,NA,NA,NA,NA,NA,NA,NA,0,1,0,晴,日間自然光線,村里道路,40,三岔路,交岔路口內,柏油,乾燥,無缺陷,無障礙物,良好,無號誌,無號誌,無分向設施,未繪設車道線,未繪設快慢車道分隔線,有,追撞,未保持行車安全距離,Y000,YZ00,1,2,2014/11/2,金門縣金寧鄉頂堡往伯玉路二段,,金門縣金寧鄉頂堡往伯玉路二段,118.3416148,24.4414563,普通重型 機車∕自用 大貨車∕,機車普通重型∕大貨車自用∕,21∕46∕,受傷∕未受傷∕,20****T代號3323∕02***J代號3324∕,其他∕其他∕,有適當之駕照∕無照（已達考照年齡）∕,經檢測無酒精反應∕經檢測無酒精反應∕,機車前車頭∕汽車後車尾∕,未保持行車安全距離∕尚未發現肇事因素∕,未保持行車安全距離∕未保持行車安全距離∕,大學（研究）生∕非技術工及體力工∕,上、下班∕上、下班∕,本國∕本國∕
10311,10311Y00020006,YZA1,10311YZ000010,2014,11,3,12,43,金門縣,金寧鄉,,NA,大學路,,,NA,1,,,,,,NA,NA,NA,NA,NA,NA,NA,NA,NA,0,1,0,晴,日間自然光線,村里道路,40,三岔路,交岔路口內,水泥,乾燥,無缺陷,無障礙物,良好,無號誌,無號誌,無分向設施,未繪設車道線,未繪設快慢車道分隔線,有,側撞,未依規定讓車,Y000,YZ00,1,2,2014/11/3,大學路1號,,金門縣金寧鄉,118.325279,24.4466751,自用 小客車∕普通重型 機車∕,小客車自用∕機車普通重型∕,22∕20∕,未受傷∕受傷∕,6F****8代號3325∕CG****7代號3326∕,其他∕其他∕,有適當之駕照∕有適當之駕照∕,經檢測無酒精反應∕經檢測無酒精反應∕,汽車右側車身∕機車前車頭∕,未依規定讓車∕未依規定減速∕,未依規定讓車∕未依規定讓車∕,大學（研究）生∕大學（研究）生∕,上、下學∕上、下學∕,非本國∕本國∕
10311,10311Y00020019,YZA1,10311YZ000012,2014,11,3,17,37,金門縣,金寧鄉,,NA,桃園路,,,NA,,,盤果路,,,,NA,NA,NA,NA,NA,NA,NA,NA,NA,0,1,0,晴,夜間（或隧道、地下道、涵洞）有照明,村里道路,60,四岔路,交岔路口內,柏油,乾燥,無缺陷,無障礙物,良好,行車管制號誌,正常,無分向設施,未繪設車道線,未繪設快慢車道分隔線,有,其他,變換車道或方向不當,Y000,YZ00,1,2,2014/11/3,桃園路,盤果路,,118.345675,24.43250455,自用 小貨車(含客、貨兩用)∕普通重型 機車∕,小貨車自用∕機車普通重型∕,38∕21∕,未受傷∕受傷∕,AA*****7代號3327∕H7****6代號3328∕,其他∕其他∕,有適當之駕照∕有適當之駕照∕,經檢測無酒精反應∕經檢測無酒精反應∕,汽車右後車尾（身）∕機車左側車身∕,變換車道或方向不當∕尚未發現肇事因素∕,變換車道或方向不當∕變換車道或方向不當∕,技術工∕其他∕,上、下班∕上、下班∕,本國∕本國∕
10311,10311Y00020027,YZA1,10311YZ000015,2014,11,2,14,40,金門縣,金寧鄉,,NA,大學路,,,NA,1,,,,,學生二舍後方,NA,NA,NA,NA,NA,NA,NA,NA,NA,0,3,0,晴,日間自然光線,其他,40,彎曲路及附近,一般車道（未劃分快慢車道）,水泥,乾燥,無缺陷,無障礙物,樹木、農作物,無號誌,無號誌,無分向設施,未繪設車道線,未繪設快慢車道分隔線,無,對向擦撞,未保持行車安全間隔,Y000,YZ00,1,2,2014/11/2,大學路1號,,金門縣金寧鄉學生二舍後方,118.325279,24.4466751,普通重型 機車∕普通重型 機車∕乘客 人∕乘客 人∕,機車普通重型∕機車普通重型∕乘客∕乘客∕,18∕18∕18∕18∕,受傷∕受傷∕受傷∕未受傷∕,25****F代號3329∕61****D代號3330∕61****D代號3330∕25****F代號3329∕,其他∕其他∕其他∕其他∕,有適當之駕照∕有適當之駕照∕非汽（機）車駕駛人∕非汽（機）車駕駛人∕,經檢測無酒精反應∕經檢測無酒精反應∕非駕駛人，未檢測∕非駕駛人，未檢測∕,機車前車頭∕機車左側車身∕非汽（機）車∕非汽（機）車∕,未保持行車安全間隔∕未保持行車安全間隔∕尚未發現肇事因素∕尚未發現肇事因素∕,未保持行車安全間隔∕未保持行車安全間隔∕未保持行車安全間隔∕未保持行車安全間隔∕,大學（研究）生∕大學（研究）生∕大學（研究）生∕大學（研究）生∕,上、下學∕上、下學∕上、下學∕上、下學∕,本國∕本國∕本國∕本國∕
10311,10311Y00020010,YZA1,10311YZ000016,2014,11,5,11,42,金門縣,金城鎮,,NA,伯玉路,一,,NA,,,,,,吳記自助餐前,NA,NA,NA,NA,NA,NA,NA,NA,NA,0,1,0,晴,日間自然光線,村里道路,60,直路,一般車道（未劃分快慢車道）,柏油,乾燥,無缺陷,無障礙物,良好,無號誌,無號誌,無標記,未繪設車道線,快慢車道分隔線,有,其他,起步未注意其他車（人）安全,Y000,YZ00,1,2,2014/11/5,伯玉路一段,,金門縣金城鎮吳記自助餐前,118.3267756,24.4346914,自用 小客車∕普通重型 機車∕,小客車自用∕機車普通重型∕,55∕33∕,未受傷∕受傷∕,6F****5代號3331∕AA*****5代號3332∕,其他∕其他∕,有適當之駕照∕有適當之駕照∕,經檢測無酒精反應∕經檢測無酒精反應∕,汽車左前車頭（身）∕機車前車頭∕,起步未注意其他車（人）安全∕未注意車前狀態∕,起步未注意其他車（人）安全∕起步未注意其他車（人）安全∕,無業者∕事務工作者∕,購物∕上、下班∕,本國∕本國∕
10311,10311Y00020020,YZA1,10311YZ000017,2014,11,6,12,19,金門縣,金城鎮,,NA,民權路,,226,5,22,,,,,旁路口,NA,NA,NA,NA,NA,NA,NA,NA,NA,0,2,0,晴,日間自然光線,村里道路,40,四岔路,交岔路口內,柏油,乾燥,無缺陷,無障礙物,良好,無號誌,無號誌,無分向設施,未繪設車道線,未繪設快慢車道分隔線,有,路口交岔撞,未依規定讓車,Y000,YZ00,1,2,2014/11/6,民權路226巷5弄22號,,金門縣金城鎮旁路口,118.3195283,24.4400461,自用 小客車∕普通重型 機車∕乘客 人,小客車自用∕機車普通重型∕乘客,27∕19∕19,未受傷∕受傷∕受傷,AA*****1代號3333∕H3****9代號3334∕H3****9代號3334,其他∕其他∕其他,有適當之駕照∕有適當之駕照∕非汽（機）車駕駛人,經檢測無酒精反應∕經檢測無酒精反應∕非駕駛人，未檢測,汽車前車頭∕機車左側車身∕非汽（機）車,未依規定讓車∕未依規定減速∕尚未發現肇事因素,未依規定讓車∕未依規定讓車∕未依規定讓車,服務工作者∕大學（研究）生∕大學（研究）生,其他∕上、下學∕上、下學,本國∕本國∕本國
10311,10311Y00020021,YZA1,10311YZ000018,2014,11,7,16,46,金門縣,金城鎮,,NA,西海路,三,,NA,,,,,,06710號燈桿前路段,NA,NA,NA,NA,NA,NA,NA,NA,NA,0,1,0,晴,日間自然光線,縣道,50,四岔路,交岔口附近,柏油,乾燥,無缺陷,無障礙物,良好,無號誌,無號誌,無標記,未繪設車道線,未繪設快慢車道分隔線,有,追撞,未保持行車安全距離,Y000,YZ00,1,2,2014/11/7,西海路三段,,金門縣金城鎮06710號燈桿前路段,118.3124964,24.4226194,普通重型 機車∕自用 小客車∕,機車普通重型∕小客車自用∕,26∕58∕,受傷∕未受傷∕,AD*****9代號3335∕18****V代號3336∕,其他∕其他∕,有適當之駕照∕有適當之駕照∕,經檢測無酒精反應∕經檢測無酒精反應∕,機車前車頭∕汽車右後車尾（身）∕,未保持行車安全距離∕尚未發現肇事因素∕,未保持行車安全距離∕未保持行車安全距離∕,技術員及助理人員∕服務工作者∕,上、下班∕業務聯繫∕,本國∕本國∕
10311,10311Y00020011,YZA1,10311YZ000019,2014,11,8,12,41,金門縣,金城鎮,,NA,民權路,,,NA,,,民生路,,,,NA,NA,NA,NA,NA,NA,NA,NA,NA,0,1,0,陰,日間自然光線,村里道路,40,四岔路,交岔口附近,柏油,乾燥,無缺陷,無障礙物,良好,行車管制號誌（附設行人專用號誌）,正常,附標記,車道線（附標記）,未繪設快慢車道分隔線,有,側撞,未依規定讓車,Y000,YZ00,1,2,2014/11/8,民權路,民生路,,118.318387,24.437086,計程車 小客車∕普通重型 機車∕,小客車計程車∕機車普通重型∕,67∕47∕,未受傷∕受傷∕,09***5代號786∕90****D代號3337∕,其他∕其他∕,有適當之駕照∕有適當之駕照∕,經檢測無酒精反應∕經檢測無酒精反應∕,汽車左前車頭（身）∕機車右側車身∕,未依規定讓車∕未注意車前狀態∕,未依規定讓車∕未依規定讓車∕,汽車、火車駕駛員及船員∕其他∕,其他∕其他∕,本國∕本國∕
10311,10311Y00020014,YZA1,10311YZ000020,2014,11,7,18,8,金門縣,金寧鄉,湖埔村,NA,,,,NA,,,,,,埔後708號旁路口,NA,NA,NA,NA,NA,NA,NA,NA,NA,0,1,0,晴,夜間（或隧道、地下道、涵洞）有照明,村里道路,40,四岔路,交岔路口內,柏油,乾燥,無缺陷,其他障礙物,建築物,無號誌,無號誌,無分向設施,未繪設車道線,未繪設快慢車道分隔線,無,路口交岔撞,未依規定讓車,Y000,YZ00,1,2,2014/11/7,金門縣金寧鄉湖埔村埔後708號旁路口,,金門縣金寧鄉湖埔村埔後708號旁路口,118.317029,24.442928,自用 小客車∕普通重型 機車∕,小客車自用∕機車普通重型∕,22∕20∕,未受傷∕受傷∕,5H****1代號3338∕52****P代號3339∕,其他∕其他∕,有適當之駕照∕有適當之駕照∕,經檢測無酒精反應∕經檢測無酒精反應∕,汽車右前車頭（身）∕機車前車頭∕,未依規定讓車∕未依規定減速∕,未依規定讓車∕未依規定讓車∕,大學（研究）生∕大學（研究）生∕,其他∕其他∕,本國∕本國∕
10311,10311Y00020015,YZA1,10311YZ000021,2014,11,9,13,18,金門縣,金城鎮,,NA,光前路,,,NA,,,,,,新華僑之家前路口,NA,NA,NA,NA,NA,NA,NA,NA,NA,0,1,0,晴,日間自然光線,村里道路,50,三岔路,交岔路口內,柏油,乾燥,無缺陷,無障礙物,良好,無號誌,無號誌,無分向設施,未繪設車道線,未繪設快慢車道分隔線,有,側撞,違規超車,Y000,YZ00,1,2,2014/11/9,光前路,,金門縣金城鎮新華僑之家前路口,118.3142468,24.4339885,普通重型 機車∕普通重型 機車∕,機車普通重型∕機車普通重型∕,19∕51∕,未受傷∕受傷∕,71****P代號3340∕28****T代號3341∕,其他∕其他∕,有適當之駕照∕有適當之駕照∕,經檢測無酒精反應∕經檢測無酒精反應∕,機車前車頭∕機車右側車身∕,違規超車∕右轉彎未依規定∕,違規超車∕違規超車∕,大學（研究）生∕其他∕,其他∕其他∕,本國∕本國∕
10311,10311Y00020012,YZA1,10311YZ000022,2014,11,9,14,53,金門縣,金寧鄉,,NA,環島西路,二,,NA,,,,,,西浦頭路段,NA,NA,NA,NA,NA,NA,NA,NA,NA,0,2,0,晴,日間自然光線,村里道路,50,三岔路,交岔路口內,柏油,乾燥,無缺陷,無障礙物,良好,無號誌,無號誌,無標記,未繪設車道線,未繪設快慢車道分隔線,有,路上翻車、摔倒,未依規定減速,Y000,YZ00,1,2,2014/11/9,環島西路二段,,金門縣金寧鄉西浦頭路段,118.3148723,24.4566699,普通重型 機車∕ ∕乘客 人,機車普通重型乘客,15∕0∕14,受傷受傷,06****Z代號334206****Z代號3342,其他其他,無照（未達考照年齡）非汽（機）車駕駛人,經檢測無酒精反應非駕駛人，未檢測,機車前車頭非汽（機）車,未依規定減速∕尚未發現肇事因素∕尚未發現肇事因素,未依規定減速∕未依規定減速∕未依規定減速,國中生國中生,其他其他,本國∕本國∕本國
10311,10311Y00030001,YZA1,10311YZ000024,2014,11,10,13,30,金門縣,金城鎮,,NA,民權路,,,NA,,,,,,地方法院前,NA,NA,NA,NA,NA,NA,NA,NA,NA,0,0,0,晴,日間自然光線,村里道路,40,四岔路,交岔口附近,柏油,乾燥,無缺陷,無障礙物,良好,無號誌,無號誌,無標記,未繪設車道線,未繪設快慢車道分隔線,有,追撞,未保持行車安全距離,Y000,YZ00,1,3,2014/11/10,民權路,,金門縣金城鎮地方法院前,118.3168946,24.4355379,普通重型 機車∕自用 小客車∕,機車普通重型∕小客車自用∕,18∕20∕,未受傷∕未受傷∕,H5****6代號3343∕EZ****8代號3344∕,其他∕其他∕,有適當之駕照∕有適當之駕照∕,經檢測無酒精反應∕經檢測無酒精反應∕,機車前車頭∕汽車左後車尾（身）∕,未保持行車安全距離∕尚未發現肇事因素∕,未保持行車安全距離∕未保持行車安全距離∕,大學（研究）生∕不明∕,不明∕不明∕,本國∕本國∕