年月,總編號,處理單位,處理編號,年,月,日,時,分,縣市,區,村里,鄰,街道,段,巷,弄,號,公尺處,街道.1,段.1,側,附近,道路,公里,公尺處.1,向,車道,平交道,公里.1,公尺處.2,附近.1,死,受傷,X2.30,天候,光線,道路類別,速限,道路型態,事故位置,路面鋪裝,路面狀態,路面缺陷,障礙物,視距,號誌種類,號誌動作,分向設施,快車道或一般車道間,快慢車道間,路面邊線,事故類型及型態,主要肇因,警局,分局,案件類別,事故類別,日期,道路1,道路2,概略位置,lon,lat,車種,當事者區分.類別.,年齡,受傷程度,車輛牌照號碼,車輛用途,駕駛資格情形,飲酒情形,車輛撞擊部位最初,肇事因素個別,肇事因素主要,職.業,旅次目的,國籍
10311,10311Y00020066,YZA1,10311YZ000028,2014,11,10,22,56,金門縣,金城鎮,,NA,民權路,,,NA,,,,,,中正國小側門前路段,NA,NA,NA,NA,NA,NA,NA,NA,NA,0,2,0,陰,夜間（或隧道、地下道、涵洞）有照明,村里道路,40,三岔路,路肩、路緣,柏油,乾燥,無缺陷,無障礙物,良好,無號誌,無號誌,附標記,未繪設車道線,快慢車道分隔線,有,路上翻車、摔倒,酒醉（後）駕駛失控,Y000,YZ00,1,2,2014/11/10,民權路,,金門縣金城鎮中正國小側門前路段,118.3168946,24.4355379,普通重型 機車∕ ∕乘客 人,機車普通重型乘客,30∕0∕33,受傷受傷,63****B代號334563****B代號3345,其他其他,有適當之駕照非汽（機）車駕駛人,經呼氣檢測超過0.80mg∕L或血液檢測超過0.16經呼氣檢測0.56至0.80mg∕L或血液檢測0.111至0.16,機車右側車身不明,酒醉（後）駕駛失控∕尚未發現肇事因素∕尚未發現肇事因素,酒醉（後）駕駛失控∕酒醉（後）駕駛失控∕酒醉（後）駕駛失控,其他警察人員,其他其他,本國∕本國∕本國
10311,10311Y00020016,YZA1,10311YZ000029,2014,11,12,7,3,金門縣,金城鎮,,NA,西海路,三,,NA,,,,,,向陽吉第前路口,NA,NA,NA,NA,NA,NA,NA,NA,NA,0,1,0,陰,日間自然光線,村里道路,50,四岔路,交岔路口內,柏油,乾燥,無缺陷,無障礙物,良好,無號誌,無號誌,無分向設施,未繪設車道線,未繪設快慢車道分隔線,有,路口交岔撞,未依規定讓車,Y000,YZ00,1,2,2014/11/12,西海路三段,,金門縣金城鎮向陽吉第前路口,118.3124964,24.4226194,普通重型 機車∕自用 小客車∕,機車普通重型∕小客車自用∕,35∕49∕,受傷∕未受傷∕,PZ****6代號3346∕05****X代號3347∕,其他∕其他∕,有適當之駕照∕有適當之駕照∕,經檢測無酒精反應∕經檢測無酒精反應∕,機車前車頭∕汽車左前車頭（身）∕,未依規定讓車∕未依規定減速∕,未依規定讓車∕未依規定讓車∕,其他∕其他∕,其他∕其他∕,本國∕本國∕
10311,10311Y00020029,YZA1,10311YZ000030,2014,11,11,17,12,金門縣,金城鎮,,NA,伯玉路,一,,NA,,,桃園路,,,,NA,NA,NA,NA,NA,NA,NA,NA,NA,0,1,0,晴,日間自然光線,縣道,50,四岔路,交岔路口內,柏油,乾燥,無缺陷,無障礙物,良好,行車管制號誌,正常,無分向設施,未繪設車道線,未繪設快慢車道分隔線,無,側撞,右轉彎未依規定,Y000,YZ00,1,2,2014/11/11,伯玉路一段,桃園路,,118.3245732,24.4324356,自用 小客車∕普通重型 機車∕,小客車自用∕機車普通重型∕,46∕19∕,未受傷∕受傷∕,AG*****9代號3348∕K2****2代號3349∕,其他∕其他∕,有適當之駕照∕有適當之駕照∕,經檢測無酒精反應∕經檢測無酒精反應∕,汽車右前車頭（身）∕機車左側車身∕,右轉彎未依規定∕未注意車前狀態∕,右轉彎未依規定∕右轉彎未依規定∕,其他∕服務工作者∕,其他∕上、下學∕,本國∕本國∕
10311,10311Y00020030,YZA1,10311YZ000031,2014,11,12,14,34,金門縣,金城鎮,,NA,西海路,三,,NA,,,,,,莒光湖旁,NA,NA,NA,NA,NA,NA,NA,NA,NA,0,1,0,晴,日間自然光線,村里道路,50,三岔路,交岔路口內,柏油,乾燥,無缺陷,無障礙物,良好,閃光號誌,正常,無分向設施,未繪設車道線,未繪設快慢車道分隔線,有,側撞,未依規定讓車,Y000,YZ00,1,2,2014/11/12,西海路三段,,金門縣金城鎮莒光湖旁,118.3124964,24.4226194,普通重型 機車∕普通重型 機車∕,機車普通重型∕機車普通重型∕,67∕54∕,受傷∕未受傷∕,60****D代號3350∕M7****6代號3351∕,其他∕其他∕,有適當之駕照∕有適當之駕照∕,經檢測無酒精反應∕經檢測無酒精反應∕,機車左側車身∕機車右側車身∕,未依規定讓車∕未依規定減速∕,未依規定讓車∕未依規定讓車∕,其他∕其他∕,其他∕其他∕,本國∕本國∕
10311,10311Y00020023,YZA1,10311YZ000033,2014,11,13,18,8,金門縣,金城鎮,,NA,環島北路,一,,NA,,,,,,文化局公車候車亭前路段0005號路燈桿,NA,NA,NA,NA,NA,NA,NA,NA,NA,0,1,0,陰,夜間（或隧道、地下道、涵洞）有照明,村里道路,50,直路,一般車道（未劃分快慢車道）,柏油,乾燥,無缺陷,無障礙物,良好,無號誌,無號誌,附標記,未繪設車道線,未繪設快慢車道分隔線,有,追撞,未保持行車安全距離,Y000,YZ00,1,2,2014/11/13,環島北路一段,,金門縣金城鎮文化局公車候車亭前路段0005號路燈桿,118.3283226,24.4462231,普通重型 機車∕公營公車 大客車∕,機車普通重型∕公營公車∕,22∕32∕,受傷∕未受傷∕,AF*****8代號3352∕31***H代號3353∕,其他∕其他∕,有適當之駕照∕有適當之駕照∕,經檢測無酒精反應∕經檢測無酒精反應∕,機車前車頭∕汽車後車尾∕,未保持行車安全距離∕尚未發現肇事因素∕,未保持行車安全距離∕未保持行車安全距離∕,其他∕其他∕,其他∕其他∕,本國∕本國∕
10311,10311Y00020024,YZA1,10311YZ000034,2014,11,13,23,39,金門縣,金城鎮,南門里,NA,西海路,三,,NA,,,北堤路,,,浯江橋頭,NA,NA,NA,NA,NA,NA,NA,NA,NA,0,1,0,晴,夜間（或隧道、地下道、涵洞）有照明,村里道路,40,四岔路,交岔口附近,柏油,乾燥,無缺陷,無障礙物,良好,閃光號誌,正常,附標記,未繪設車道線,未繪設快慢車道分隔線,有,撞橋樑、建築物,未依規定減速,Y000,YZ00,1,2,2014/11/13,西海路三段,北堤路,,118.3155284,24.42927395,自用 小客車∕ ∕乘客 人,小客車自用乘客,19∕0∕23,未受傷受傷,07****X代號335407****X代號3354,其他其他,有適當之駕照非汽（機）車駕駛人,經檢測無酒精反應非駕駛人，未檢測,汽車左前車頭（身）非汽（機）車,未依規定減速∕尚未發現肇事因素∕尚未發現肇事因素,未依規定減速∕未依規定減速∕未依規定減速,其他其他,其他其他,本國∕本國∕本國
10311,10311Y00020025,YZA1,10311YZ000035,2014,11,14,13,26,金門縣,金寧鄉,,NA,大學路,,,NA,,,,,,07711號路燈桿,NA,NA,NA,NA,NA,NA,NA,NA,NA,0,1,0,晴,日間自然光線,村里道路,40,四岔路,交岔路口內,柏油,乾燥,無缺陷,無障礙物,良好,無號誌,無號誌,無標記,未繪設車道線,未繪設快慢車道分隔線,有,路上翻車、摔倒,未依規定減速,Y000,YZ00,1,2,2014/11/14,大學路,,金門縣金寧鄉07711號路燈桿,118.325279,24.4466751,普通重型 機車∕ ∕,機車普通重型,19∕0∕,受傷,AF*****0代號1739,其他,有適當之駕照,經檢測無酒精反應,機車前車頭,未依規定減速∕尚未發現肇事因素∕,未依規定減速∕未依規定減速∕,大學（研究）生,上、下學,本國∕本國∕
10311,10311Y00020038,YZA1,10311YZ000037,2014,11,11,10,20,金門縣,金城鎮,,NA,民權路,,,NA,188,,,,,元大銀行前,NA,NA,NA,NA,NA,NA,NA,NA,NA,0,1,0,晴,日間自然光線,村里道路,40,直路,一般車道（未劃分快慢車道）,柏油,乾燥,無缺陷,無障礙物,良好,無號誌,無號誌,無標記,未繪設車道線,未繪設快慢車道分隔線,有,追撞,未保持行車安全距離,Y000,YZ00,1,2,2014/11/11,民權路188號,,金門縣金城鎮元大銀行前,118.3197267,24.4385954,普通重型 機車∕自用 小客車∕,機車普通重型∕小客車自用∕,21∕43∕,受傷∕未受傷∕,25****V代號3355∕AF*****1代號3356∕,其他∕其他∕,有適當之駕照∕有適當之駕照∕,經檢測無酒精反應∕經檢測無酒精反應∕,機車前車頭∕汽車後車尾∕,未保持行車安全距離∕尚未發現肇事因素∕,未保持行車安全距離∕未保持行車安全距離∕,大學（研究）生∕售貨員∕,購物∕購物∕,本國∕本國∕
10311,10311Y00020032,YZA1,10311YZ000038,2014,11,15,19,0,金門縣,金城鎮,,NA,環島北路,一,,NA,,,,,,文化局前路段,NA,NA,NA,NA,NA,NA,NA,NA,NA,0,3,0,晴,夜間（或隧道、地下道、涵洞）有照明,村里道路,60,三岔路,交岔路口內,柏油,乾燥,無缺陷,無障礙物,良好,無號誌,無號誌,無分向設施,未繪設車道線,未繪設快慢車道分隔線,有,側撞,違規超車,Y000,YZ00,1,2,2014/11/15,環島北路一段,,金門縣金城鎮文化局前路段,118.3283226,24.4462231,普通重型 機車∕普通重型 機車∕乘客 人,機車普通重型∕機車普通重型∕乘客,22∕25∕22,受傷∕受傷∕受傷,J9****6代號3357∕98****L代號3358∕J9****6代號3357,其他∕其他∕其他,有適當之駕照∕有適當之駕照∕非汽（機）車駕駛人,經檢測無酒精反應∕經檢測無酒精反應∕非駕駛人，未檢測,機車右側車身∕機車左側車身∕非汽（機）車,違規超車∕左轉彎未依規定∕尚未發現肇事因素,違規超車∕違規超車∕違規超車,大學（研究）生∕其他∕大學（研究）生,其他∕其他∕其他,非本國∕本國∕非本國
10311,10311Y00020026,YZA1,10311YZ000040,2014,11,16,19,45,金門縣,金寧鄉,,NA,,,,NA,,,,,,下埔下903號前路口,NA,NA,NA,NA,NA,NA,NA,NA,NA,0,3,0,晴,夜間（或隧道、地下道、涵洞）有照明,村里道路,40,四岔路,交岔路口內,水泥,乾燥,無缺陷,其他障礙物,建築物,無號誌,無號誌,無分向設施,未繪設車道線,未繪設快慢車道分隔線,無,路口交岔撞,未依規定讓車,Y000,YZ00,1,2,2014/11/16,金門縣金寧鄉下埔下903號前路口,,金門縣金寧鄉下埔下903號前路口,118.3126857,24.4442026,普通重型 機車∕普通重型 機車∕乘客 人∕ ∕,機車普通重型∕機車普通重型∕乘客,20∕19∕19∕0∕,受傷∕受傷∕受傷,48****B代號3359∕17****V代號2859∕48****B代號3359,其他∕其他∕其他,無照（已達考照年齡）∕有適當之駕照∕非汽（機）車駕駛人,經檢測無酒精反應∕經檢測無酒精反應∕非駕駛人，未檢測,機車右側車身∕機車前車頭∕非汽（機）車,未依規定讓車∕未依規定減速∕尚未發現肇事因素∕尚未發現肇事因素∕,未依規定讓車∕未依規定讓車∕未依規定讓車∕未依規定讓車∕,大學（研究）生∕高中生∕大學（研究）生,上、下班∕上、下班∕不明,本國∕本國∕本國∕本國∕
10311,10311Y00020041,YZA1,10311YZ000043,2014,11,18,8,20,金門縣,金城鎮,,NA,,,,NA,,,,,,金城新莊1巷1號旁路口,NA,NA,NA,NA,NA,NA,NA,NA,NA,0,2,0,晴,日間自然光線,村里道路,40,四岔路,交岔路口內,其他鋪裝,乾燥,無缺陷,無障礙物,良好,無號誌,無號誌,無分向設施,未繪設車道線,未繪設快慢車道分隔線,有,側撞,未依規定讓車,Y000,YZ00,1,2,2014/11/18,金門縣金城鎮金城新莊1巷1號旁路口,,金門縣金城鎮金城新莊1巷1號旁路口,118.319856,24.437936,普通輕型 機車∕自用 小客車∕乘客 人,機車普通輕型∕小客車自用∕乘客,33∕38∕4,受傷∕未受傷∕受傷,WZ****5代號3360∕6F****5代號3361∕WZ****5代號3360,其他∕其他∕其他,有適當之駕照∕有適當之駕照∕非汽（機）車駕駛人,經檢測無酒精反應∕經檢測無酒精反應∕非駕駛人，未檢測,機車前車頭∕汽車左前車頭（身）∕非汽（機）車,未依規定讓車∕未依規定減速∕尚未發現肇事因素,未依規定讓車∕未依規定讓車∕未依規定讓車,服務工作者∕服務工作者∕未就學兒童,上、下班∕上、下班∕上、下學,本國∕本國∕本國
10311,10311Y00020034,YZA1,10311YZ000045,2014,11,20,8,16,金門縣,金寧鄉,,NA,大學路,,,NA,,,,,,綜合體育館前,NA,NA,NA,NA,NA,NA,NA,NA,NA,0,1,0,晴,日間自然光線,鄉道,40,四岔路,交岔路口內,柏油,乾燥,無缺陷,無障礙物,良好,無號誌,無號誌,寬式（50公分以上）,未繪設車道線,未繪設快慢車道分隔線,無,側撞,左轉彎未依規定,Y000,YZ00,1,2,2014/11/20,大學路,,金門縣金寧鄉綜合體育館前,118.325279,24.4466751,普通重型 機車∕普通重型 機車∕,機車普通重型∕機車普通重型∕,20∕21∕,未受傷∕受傷∕,30****N代號3362∕CU****5代號3363∕,其他∕其他∕,有適當之駕照∕有適當之駕照∕,經檢測無酒精反應∕經檢測無酒精反應∕,機車後車尾∕機車前車頭∕,左轉彎未依規定∕未保持行車安全距離∕,左轉彎未依規定∕左轉彎未依規定∕,其他∕其他∕,其他∕其他∕,本國∕本國∕
10311,10311Y00020035,YZA1,10311YZ000046,2014,11,20,10,6,金門縣,金城鎮,,NA,民生路,,,NA,,,,,,憲兵隊前,NA,NA,NA,NA,NA,NA,NA,NA,NA,0,2,0,晴,日間自然光線,鄉道,50,三岔路,交岔口附近,柏油,乾燥,無缺陷,無障礙物,良好,無號誌,無號誌,無標記,未繪設車道線,未繪設快慢車道分隔線,有,同向擦撞,未保持行車安全間隔,Y000,YZ00,1,2,2014/11/20,民生路,,金門縣金城鎮憲兵隊前,118.3190184,24.43575,普通重型 機車∕普通重型 機車∕,機車普通重型∕機車普通重型∕,18∕36∕,受傷∕受傷∕,82****U代號3364∕48****D代號3365∕,其他∕其他∕,有適當之駕照∕有適當之駕照∕,經檢測無酒精反應∕經檢測無酒精反應∕,機車左側車身∕不明∕,未保持行車安全間隔∕尚未發現肇事因素∕,未保持行車安全間隔∕未保持行車安全間隔∕,其他∕其他∕,其他∕其他∕,本國∕本國∕
10311,10311Y00030003,YZA1,10311YZ000047,2014,11,20,13,25,金門縣,金城鎮,,NA,民生路,,,NA,,,民權路,,,,NA,NA,NA,NA,NA,NA,NA,NA,NA,0,0,0,晴,日間自然光線,鄉道,40,四岔路,交岔口附近,柏油,乾燥,無缺陷,無障礙物,良好,行車管制號誌,正常,無標記,未繪設車道線,未繪設快慢車道分隔線,有,其他,未依規定讓車,Y000,YZ00,1,3,2014/11/20,民生路,民權路,,118.318387,24.437086,自用 小客車∕自用 小客車∕,小客車自用∕小客車自用∕,34∕57∕,未受傷∕未受傷∕,06****V代號3366∕94****9代號142∕,其他∕其他∕,有適當之駕照∕有適當之駕照∕,經檢測無酒精反應∕經檢測無酒精反應∕,汽車左前車頭（身）∕汽車右前車頭（身）∕,未依規定讓車∕未注意車前狀態∕,未依規定讓車∕未依規定讓車∕,事務工作者∕技術工∕,上、下班∕上、下班∕,本國∕本國∕
10311,10311Y00020044,YZA1,10311YZ000048,2014,11,20,12,34,金門縣,金寧鄉,,NA,頂林路,,,NA,,,瓊安路,,,,NA,NA,NA,NA,NA,NA,NA,NA,NA,0,1,0,晴,日間自然光線,其他,50,四岔路,交岔路口內,柏油,乾燥,無缺陷,無障礙物,良好,閃光號誌,正常,無分向設施,未繪設車道線,未繪設快慢車道分隔線,有,路口交岔撞,未依規定讓車,Y000,YZ00,1,2,2014/11/20,頂林路,瓊安路,,118.32535,24.46123779,自用 小客車∕普通重型 機車∕,小客車自用∕機車普通重型∕,32∕71∕,未受傷∕受傷∕,84****9代號3367∕01****F代號3368∕,其他∕其他∕,有適當之駕照∕有適當之駕照∕,經檢測無酒精反應∕經檢測無酒精反應∕,汽車左後車尾（身）∕機車前車頭∕,未依規定讓車∕未依規定減速∕,未依規定讓車∕未依規定讓車∕,其他∕其他∕,其他∕其他∕,本國∕本國∕
10311,10311Y00020036,YZA1,10311YZ000049,2014,11,20,15,28,金門縣,金寧鄉,榜林村,NA,伯玉路,二,,NA,,,,,,榜林圓環內,NA,NA,NA,NA,NA,NA,NA,NA,NA,0,1,0,晴,日間自然光線,縣道,70,圓環,一般車道（未劃分快慢車道）,柏油,乾燥,無缺陷,無障礙物,良好,無號誌,無號誌,無分向設施,車道線（無標記）,未繪設快慢車道分隔線,有,其他,未注意車前狀態,Y000,YZ00,1,2,2014/11/20,伯玉路二段,,金門縣金寧鄉榜林村榜林圓環內,118.3416148,24.4414563,自用 小貨車(含客、貨兩用)∕普通重型 機車∕,小貨車自用∕機車普通重型∕,55∕30∕,未受傷∕受傷∕,07****2代號3369∕61****F代號1015∕,其他∕其他∕,有適當之駕照∕有適當之駕照∕,經檢測無酒精反應∕經檢測無酒精反應∕,汽車右側車身∕機車前車頭∕,未注意車前狀態∕未依規定讓車∕,未注意車前狀態∕未注意車前狀態∕,其他∕其他∕,其他∕其他∕,本國∕本國∕
10311,10311Y00020067,YZA1,10311YZ000051,2014,11,21,9,40,金門縣,金寧鄉,,NA,環島西路,二,,NA,,,大學路,,北,往埔後產業道路,NA,NA,NA,NA,NA,NA,NA,NA,NA,0,2,0,晴,日間自然光線,村里道路,50,四岔路,交岔口附近,柏油,乾燥,無缺陷,無障礙物,良好,無號誌,無號誌,無標記,未繪設車道線,未繪設快慢車道分隔線,有,側撞,左轉彎未依規定,Y000,YZ00,NA,NA,2014/11/21,環島西路二段,大學路,,118.319604,24.444293,普通重型 機車∕自用 小貨車(含客、貨兩用)∕乘客 人,機車普通重型∕小貨車自用∕乘客,26∕29∕32,受傷∕未受傷∕受傷,07****J代號3370∕39****6代號3371∕07****J代號3370,其他∕其他∕其他,有適當之駕照∕有適當之駕照∕非汽（機）車駕駛人,經檢測無酒精反應∕經檢測無酒精反應∕非駕駛人，未檢測,機車前車頭∕汽車右前車頭（身）∕不明,左轉彎未依規定∕違規超車∕尚未發現肇事因素,左轉彎未依規定∕左轉彎未依規定∕左轉彎未依規定,大學（研究）生∕技術員及助理人員∕服務工作者,上、下學∕上、下班∕社交活動,本國∕本國∕本國
10311,10311Y00020037,YZA1,10311YZ000052,2014,11,21,13,22,金門縣,金城鎮,,NA,民權路,,,NA,,,莒光路,,,,NA,NA,NA,NA,NA,NA,NA,NA,NA,0,1,0,晴,日間自然光線,鄉道,40,三岔路,交岔路口內,柏油,乾燥,無缺陷,無障礙物,良好,無號誌,無號誌,無分向設施,未繪設車道線,未繪設快慢車道分隔線,無,側撞,未依規定讓車,Y000,YZ00,1,2,2014/11/21,民權路,莒光路,,118.3156202,24.43419458,普通重型 機車∕普通輕型 機車∕,機車普通重型∕機車普通輕型∕,24∕71∕,未受傷∕受傷∕,55****J代號3372∕WZ****0代號3373∕,其他∕其他∕,有適當之駕照∕有適當之駕照∕,經檢測無酒精反應∕經檢測無酒精反應∕,機車前車頭∕機車左側車身∕,未依規定讓車∕未依規定減速∕,未依規定讓車∕未依規定讓車∕,其他∕其他∕,其他∕其他∕,本國∕本國∕
10311,10311Y00020058,YZA1,10311YZ000054,2014,11,23,16,28,金門縣,金城鎮,,NA,伯玉路,一,,NA,,,桃園路,,,,NA,NA,NA,NA,NA,NA,NA,NA,NA,0,1,0,晴,日間自然光線,縣道,60,四岔路,交岔路口內,柏油,乾燥,無缺陷,無障礙物,良好,行車管制號誌,正常,無分向設施,未繪設車道線,未繪設快慢車道分隔線,無,側撞,未注意車前狀態,Y000,YZ00,1,2,2014/11/23,伯玉路一段,桃園路,,118.3245732,24.4324356,普通重型 機車∕自用 小客車∕,機車普通重型∕小客車自用∕,21∕21∕,受傷∕未受傷∕,29****Z代號3374∕04****X代號3375∕,其他∕其他∕,有適當之駕照∕有適當之駕照∕,經檢測無酒精反應∕經檢測無酒精反應∕,機車前車頭∕汽車右前車頭（身）∕,未注意車前狀態∕右轉彎未依規定∕,未注意車前狀態∕未注意車前狀態∕,不明∕不明∕,其他∕其他∕,本國∕本國∕
10311,10311Y00020046,YZA1,10311YZ000058,2014,11,24,22,46,金門縣,金城鎮,,NA,民權路,,,NA,,,,,,金城新莊1巷口,NA,NA,NA,NA,NA,NA,NA,NA,NA,0,4,0,晴,夜間（或隧道、地下道、涵洞）有照明,村里道路,50,三岔路,交岔口附近,柏油,乾燥,無缺陷,無障礙物,良好,無號誌,無號誌,無標記,未繪設車道線,未繪設快慢車道分隔線,有,追撞,未保持行車安全距離,Y000,YZ00,1,2,2014/11/24,民權路,,金門縣金城鎮金城新莊1巷口,118.3168946,24.4355379,普通重型 機車∕普通重型 機車∕乘客 人∕乘客 人∕,機車普通重型∕機車普通重型∕乘客∕乘客∕,19∕70∕18∕71∕,受傷∕受傷∕受傷∕受傷∕,30****S代號3376∕83****U代號3377∕30****S代號3376∕83****U代號3377∕,其他∕其他∕其他∕其他∕,有適當之駕照∕有適當之駕照∕非汽（機）車駕駛人∕非汽（機）車駕駛人∕,經檢測無酒精反應∕經檢測無酒精反應∕非駕駛人，未檢測∕非駕駛人，未檢測∕,機車前車頭∕機車後車尾∕非汽（機）車∕非汽（機）車∕,未保持行車安全距離∕右轉彎未依規定∕尚未發現肇事因素∕尚未發現肇事因素∕,未保持行車安全距離∕未保持行車安全距離∕未保持行車安全距離∕未保持行車安全距離∕,大學（研究）生∕無業者∕大學（研究）生∕無業者∕,其他∕其他∕其他∕其他∕,本國∕本國∕本國∕本國∕
10311,10311Y00020060,YZA1,10311YZ000062,2014,11,25,18,10,金門縣,金城鎮,,NA,民生路,,45,NA,,,,,,,NA,NA,NA,NA,NA,NA,NA,NA,NA,0,2,0,晴,夜間（或隧道、地下道、涵洞）有照明,村里道路,40,三岔路,交岔路口內,柏油,乾燥,無缺陷,無障礙物,良好,無號誌,無號誌,無分向設施,未繪設車道線,未繪設快慢車道分隔線,有,側撞,左轉彎未依規定,Y000,YZ00,1,2,2014/11/25,民生路45巷,,金門縣金城鎮,118.3190184,24.43575,普通輕型 機車∕普通重型 機車∕,機車普通輕型∕機車普通重型∕,60∕19∕,受傷∕受傷∕,76****R代號3378∕78****A代號3379∕,其他∕其他∕,有適當之駕照∕有適當之駕照∕,經檢測無酒精反應∕經檢測無酒精反應∕,機車左側車身∕機車前車頭∕,左轉彎未依規定∕未保持行車安全距離∕,左轉彎未依規定∕左轉彎未依規定∕,家庭主婦（夫）∕大學（研究）生∕,購物∕上、下學∕,本國∕本國∕
10311,10311Y00020047,YZA1,10311YZ000063,2014,11,25,11,35,金門縣,金城鎮,,NA,民權路,,184,6,7,旁路口,,,,,NA,NA,NA,NA,NA,NA,NA,NA,NA,0,1,0,晴,日間自然光線,村里道路,40,四岔路,交岔路口內,柏油,乾燥,無缺陷,無障礙物,良好,無號誌,無號誌,無分向設施,未繪設車道線,未繪設快慢車道分隔線,有,路口交岔撞,未依規定讓車,Y000,YZ00,1,2,2014/11/25,民權路184巷6弄7號,,金門縣金城鎮,118.3190753,24.4394076,電動自行車 慢車∕自用 小貨車(含客、貨兩用)∕,電動自行車∕小貨車自用∕,63∕49∕,受傷∕未受傷∕,∕WY****1代號3380∕,其他∕其他∕,非汽（機）車駕駛人∕有適當之駕照∕,經檢測無酒精反應∕經檢測無酒精反應∕,非汽（機）車∕汽車左前車頭（身）∕,未依規定讓車∕未依規定減速∕,未依規定讓車∕未依規定讓車∕,其他∕其他∕,其他∕其他∕,本國∕本國∕
10311,,YZA1,10311YZ000064,2014,11,26,14,12,金門縣,金城鎮,,NA,民族路,,31,NA,,,,,,,NA,NA,NA,NA,NA,NA,NA,NA,NA,0,0,0,晴,NA,NA,40,NA,NA,NA,NA,NA,NA,NA,NA,NA,NA,NA,NA,NA,NA,NA,Y000,YZ00,1,4,2014/11/26,民族路31巷,,金門縣金城鎮,118.3157499,24.4302723,自用 小客車∕普通輕型 機車∕,小客車自用∕機車普通輕型∕,43∕36∕,,6F****7代號3381∕WZ****8代號3382∕,,,,,,,,,本國∕本國∕
10311,,YZA1,10311YZ000066,2014,11,21,12,5,金門縣,金寧鄉,,NA,桃園路,,,NA,,,,,,中山林1265號路燈桿前,NA,NA,NA,NA,NA,NA,NA,NA,NA,0,1,0,晴,日間自然光線,縣道,60,直路,一般車道（未劃分快慢車道）,柏油,乾燥,無缺陷,無障礙物,良好,無號誌,無號誌,附標記,車道線（無標記）,未繪設快慢車道分隔線,有,側撞,迴轉未依規定,Y000,YZ00,3,2,2014/11/21,桃園路,,金門縣金寧鄉中山林1265號路燈桿前,118.3446627,24.4317794,自用 小客車∕普通重型 機車∕,小客車自用∕機車普通重型∕,28∕36∕,未受傷∕受傷∕,25****S代號3383∕51****A代號3384∕,其他∕其他∕,有適當之駕照∕有適當之駕照∕,不明∕不明∕,汽車左前車頭（身）∕機車前車頭∕,迴轉未依規定∕尚未發現肇事因素∕,迴轉未依規定∕迴轉未依規定∕,其他∕服務工作者∕,其他∕其他∕,本國∕本國∕
10311,,YZA1,10311YZ000068,2014,11,28,9,5,金門縣,金寧鄉,,NA,慈湖路,一,,NA,,,,,,全聯福利中心前,NA,NA,NA,NA,NA,NA,NA,NA,NA,0,0,0,雨,NA,NA,50,NA,NA,NA,NA,NA,NA,NA,NA,NA,NA,NA,NA,NA,NA,NA,Y000,YZ00,1,4,2014/11/28,慈湖路一段,,金門縣金寧鄉全聯福利中心前,118.3117387,24.4416084,自用 小客車∕遊覽車 大客車∕,小客車自用∕遊覽車∕,39∕48∕,,AF*****1代號3385∕LL***1代號3386∕,,,,,,,,,本國∕本國∕
10311,10311Y00020048,YZA1,10311YZ000070,2014,11,28,11,35,金門縣,金寧鄉,,NA,,,,NA,,,,,,埔後191號前路口,NA,NA,NA,NA,NA,NA,NA,NA,NA,0,1,0,陰,日間自然光線,村里道路,40,四岔路,交岔路口內,柏油,乾燥,無缺陷,無障礙物,良好,無號誌,無號誌,無分向設施,未繪設車道線,未繪設快慢車道分隔線,有,路口交岔撞,未依規定讓車,Y000,YZ00,1,2,2014/11/28,金門縣金寧鄉埔後191號前路口,,金門縣金寧鄉埔後191號前路口,118.317029,24.442928,自用 大貨車∕普通重型 機車∕,大貨車自用∕機車普通重型∕,50∕21∕,未受傷∕受傷∕,VU***3代號3387∕60****L代號3388∕,其他∕其他∕,有適當之駕照∕有適當之駕照∕,經檢測無酒精反應∕經檢測無酒精反應∕,汽車左前車頭（身）∕機車前車頭∕,未依規定讓車∕未依規定減速∕,未依規定讓車∕未依規定讓車∕,技術工∕大學（研究）生∕,業務聯繫∕上、下學∕,本國∕本國∕
10311,10311Y00020061,YZA1,10311YZ000071,2014,11,27,17,50,金門縣,金城鎮,,NA,環島北路,,,NA,88,,,,,路口,NA,NA,NA,NA,NA,NA,NA,NA,NA,0,2,0,晴,夜間（或隧道、地下道、涵洞）有照明,村里道路,60,四岔路,交岔口附近,柏油,乾燥,無缺陷,無障礙物,良好,無號誌,無號誌,附標記,未繪設車道線,未繪設快慢車道分隔線,有,穿越道路中,違規超車,Y000,YZ00,1,2,2014/11/27,環島北路88號,,金門縣金城鎮路口,118.322662,24.441264,普通重型 機車∕行人 人∕,機車普通重型∕行人∕,22∕37∕,受傷∕受傷∕,LV****0代號3389,其他∕非駕駛人及乘客∕,有適當之駕照∕非汽（機）車駕駛人∕,經檢測無酒精反應∕非駕駛人，未檢測∕,機車前車頭∕非汽（機）車∕,違規超車∕未依規定行走行人穿越道、地下道、天橋而穿越道路∕,違規超車∕違規超車∕,大學（研究）生∕服務工作者∕,上、下學∕上、下班∕,本國∕本國∕
10311,10311Y00020049,YZA1,10311YZ000076,2014,11,28,22,43,金門縣,金城鎮,,NA,民生路,,,NA,,,,,,大同之家旁路口,NA,NA,NA,NA,NA,NA,NA,NA,NA,0,1,0,晴,夜間（或隧道、地下道、涵洞）有照明,村里道路,40,四岔路,交岔路口內,柏油,乾燥,無缺陷,無障礙物,良好,無號誌,無號誌,無分向設施,未繪設車道線,未繪設快慢車道分隔線,有,追撞,未保持行車安全距離,Y000,YZ00,1,2,2014/11/28,民生路,,金門縣金城鎮大同之家旁路口,118.3190184,24.43575,普通重型 機車∕普通重型 機車∕,機車普通重型∕機車普通重型∕,22∕30∕,未受傷∕受傷∕,10****H代號3390∕29****E代號3391∕,其他∕其他∕,無照（已達考照年齡）∕有適當之駕照∕,經檢測無酒精反應∕經檢測無酒精反應∕,機車前車頭∕機車後車尾∕,未保持行車安全距離∕尚未發現肇事因素∕,未保持行車安全距離∕未保持行車安全距離∕,其他∕其他∕,其他∕其他∕,本國∕本國∕