年月,總編號,處理單位,處理編號,年,月,日,時,分,縣市,區,村里,鄰,街道,段,巷,弄,號,公尺處,街道.1,段.1,側,附近,道路,公里,公尺處.1,向,車道,平交道,公里.1,公尺處.2,附近.1,死,受傷,X2.30,天候,光線,道路類別,速限,道路型態,事故位置,路面鋪裝,路面狀態,路面缺陷,障礙物,視距,號誌種類,號誌動作,分向設施,快車道或一般車道間,快慢車道間,路面邊線,事故類型及型態,主要肇因,警局,分局,案件類別,事故類別,日期,道路1,道路2,概略位置,lon,lat,車種,當事者區分.類別.,年齡,受傷程度,車輛牌照號碼,車輛用途,駕駛資格情形,飲酒情形,車輛撞擊部位最初,肇事因素個別,肇事因素主要,職.業,旅次目的,國籍
10311,,YZA1,10311YZ000077,2014,11,29,8,19,金門縣,金寧鄉,,NA,,,,NA,,,,,,埔後65號前路口,NA,NA,NA,NA,NA,NA,NA,NA,NA,0,0,0,晴,NA,NA,40,NA,NA,NA,NA,NA,NA,NA,NA,NA,NA,NA,NA,NA,NA,NA,Y000,YZ00,1,4,2014/11/29,金門縣金寧鄉埔後65號前路口,,金門縣金寧鄉埔後65號前路口,118.317029,24.442928,自用 小客車∕自用 小客車∕,小客車自用∕小客車自用∕,57∕31∕,,33****K代號3392∕WY****0代號3393∕,,,,,,,,,本國∕本國∕
10311,10311Y00020065,YZA1,10311YZ000079,2014,11,29,17,4,金門縣,金城鎮,,NA,民生路,,,NA,,,,,,大同之家旁路口,NA,NA,NA,NA,NA,NA,NA,NA,NA,0,1,0,晴,夜間（或隧道、地下道、涵洞）有照明,村里道路,40,四岔路,交岔路口內,水泥,乾燥,無缺陷,無障礙物,良好,無號誌,無號誌,無分向設施,未繪設車道線,未繪設快慢車道分隔線,有,對向擦撞,左轉彎未依規定,Y000,YZ00,1,2,2014/11/29,民生路,,金門縣金城鎮大同之家旁路口,118.3190184,24.43575,自用 小客車∕普通輕型 機車∕,小客車自用∕機車普通輕型∕,61∕37∕,未受傷∕受傷∕,05****X代號3394∕36****B代號3395∕,其他∕其他∕,有適當之駕照∕有適當之駕照∕,經檢測無酒精反應∕經檢測無酒精反應∕,汽車前車頭∕機車前車頭∕,左轉彎未依規定∕尚未發現肇事因素∕,左轉彎未依規定∕左轉彎未依規定∕,其他∕其他∕,其他∕其他∕,本國∕本國∕
10311,,YZA1,10311YZ000080,2014,11,27,19,35,金門縣,金寧鄉,,NA,伯玉路,二,,NA,,,,,,聖祖貢糖前路段,NA,NA,NA,NA,NA,NA,NA,NA,NA,0,0,0,陰,夜間（或隧道、地下道、涵洞）有照明,村里道路,70,三岔路,交岔口附近,柏油,乾燥,無缺陷,無障礙物,良好,行車管制號誌,正常,無標記,未繪設車道線,快慢車道分隔線,有,追撞,未保持行車安全距離,Y000,YZ00,1,4,2014/11/27,伯玉路二段,,金門縣金寧鄉聖祖貢糖前路段,118.3416148,24.4414563,自用 小客車∕自用 小客車∕,小客車自用∕小客車自用∕,29∕29∕,未受傷∕未受傷∕,D7****0代號3396∕AA*****3代號3397∕,其他∕其他∕,有適當之駕照∕有適當之駕照∕,經檢測無酒精反應∕經檢測無酒精反應∕,汽車前車頭∕汽車後車尾∕,未保持行車安全距離∕未注意車前狀態∕,未保持行車安全距離∕未保持行車安全距離∕,其他∕其他∕,其他∕其他∕,本國∕本國∕
10311,10311Y00020059,YZA1,10311YZ000081,2014,11,27,16,42,金門縣,金城鎮,,NA,環島北路,,,NA,69,,,,,,NA,NA,NA,NA,NA,NA,NA,NA,NA,0,1,0,晴,日間自然光線,縣道,60,直路,一般車道（未劃分快慢車道）,柏油,乾燥,無缺陷,無障礙物,良好,無號誌,無號誌,附標記,未繪設車道線,未繪設快慢車道分隔線,有,側撞,左轉彎未依規定,Y000,YZ00,1,2,2014/11/27,環島北路69號,,金門縣金城鎮,118.322662,24.441264,普通重型 機車∕普通重型 機車∕,機車普通重型∕機車普通重型∕,27∕20∕,受傷∕未受傷∕,18****J代號3398∕61****B代號3399∕,其他∕其他∕,有適當之駕照∕有適當之駕照∕,經檢測無酒精反應∕經檢測無酒精反應∕,機車左側車身∕機車前車頭∕,左轉彎未依規定∕未保持行車安全距離∕,左轉彎未依規定∕左轉彎未依規定∕,不明∕大學（研究）生∕,其他∕其他∕,本國∕本國∕
10311,10311Y00030005,YZA1,10311YZ000082,2014,11,30,13,11,金門縣,金寧鄉,,NA,,,,NA,,,,,,埔邊三叉路口,NA,NA,NA,NA,NA,NA,NA,NA,NA,0,0,0,晴,日間自然光線,村里道路,40,三岔路,交岔路口內,柏油,乾燥,無缺陷,無障礙物,良好,無號誌,無號誌,無分向設施,未繪設車道線,未繪設快慢車道分隔線,有,同向擦撞,違規超車,Y000,YZ00,1,3,2014/11/30,金門縣金寧鄉埔邊三叉路口,,金門縣金寧鄉埔邊三叉路口,118.317249,24.439896,自用 小客車∕自用 小客車∕,小客車自用∕小客車自用∕,45∕20∕,未受傷∕未受傷∕,06****7代號3400∕57****L代號3401∕,其他∕其他∕,有適當之駕照∕有適當之駕照∕,經檢測無酒精反應∕經檢測無酒精反應∕,汽車右前車頭（身）∕汽車左側車身∕,違規超車∕未靠右行駛∕,違規超車∕違規超車∕,不明∕不明∕,不明∕不明∕,本國∕本國∕
10312,10312Y00020006,YYA1,10312YY000001,2014,12,1,6,20,金門縣,金湖鎮,,NA,市港路,,,NA,62,,,,,,NA,NA,NA,NA,NA,NA,NA,NA,NA,0,1,0,晴,日間自然光線,村里道路,50,直路,慢車道,柏油,乾燥,無缺陷,路上有停車,良好,無號誌,無號誌,無標記,未繪設車道線,快慢車道分隔線,有,其他,違規停車或暫停不當而肇事,Y000,YY00,1,2,2014/12/1,市港路62號,,金門縣金湖鎮,118.4099121,24.4348324,自用 小客車∕普通重型 機車∕,小客車自用∕機車普通重型∕,59∕55∕,未受傷∕受傷∕,D5****3代號3402∕92****U代號3403∕,其他∕其他∕,有適當之駕照∕有適當之駕照∕,經觀察未飲酒∕經檢測無酒精反應∕,汽車後車尾∕機車前車頭∕,違規停車或暫停不當而肇事∕未注意車前狀態∕,違規停車或暫停不當而肇事∕違規停車或暫停不當而肇事∕,技術員及助理人員∕家庭主婦（夫）∕,其他∕購物∕,本國∕本國∕
10312,10312Y00020001,YYA1,10312YY000002,2014,12,1,18,0,金門縣,金沙鎮,,NA,高陽路,,,NA,,,,,,斗門路口,NA,NA,NA,NA,NA,NA,NA,NA,NA,0,1,0,雨,夜間（或隧道、地下道、涵洞）有照明,村里道路,60,四岔路,交岔路口內,柏油,濕潤,無缺陷,無障礙物,良好,無號誌,無號誌,無分向設施,未繪設車道線,未繪設快慢車道分隔線,有,側撞,未依規定讓車,Y000,YY00,1,2,2014/12/1,高陽路,,金門縣金沙鎮斗門路口,118.4078483,24.4727311,自用 小客車∕普通重型 機車∕,小客車自用∕機車普通重型∕,38∕21∕,未受傷∕受傷∕,WY****5代號3404∕37****W代號3405∕,其他∕其他∕,有適當之駕照∕有適當之駕照∕,經檢測無酒精反應∕經檢測無酒精反應∕,汽車右前車頭（身）∕機車前車頭∕,未依規定讓車∕未依規定減速∕,未依規定讓車∕未依規定讓車∕,家庭主婦（夫）∕大學（研究）生∕,社交活動∕上、下班∕,本國∕本國∕
10312,10312Y00020002,YYA1,10312YY000003,2014,12,1,20,49,金門縣,金湖鎮,,NA,環島南路,三,,NA,,,,,,柳營路段,NA,NA,NA,NA,NA,NA,NA,NA,NA,0,1,0,雨,夜間（或隧道、地下道、涵洞）有照明,村里道路,60,直路,一般車道（未劃分快慢車道）,柏油,濕潤,無缺陷,無障礙物,良好,無號誌,無號誌,無標記,未繪設車道線,未繪設快慢車道分隔線,有,路上翻車、摔倒,酒醉（後）駕駛失控,Y000,YY00,1,2,2014/12/1,環島南路三段,,金門縣金湖鎮柳營路段,118.3757827,24.4398961,普通重型 機車∕ ∕,機車普通重型,20∕0∕,受傷,AD*****1代號3406,其他,有適當之駕照,經呼氣檢測超過0.80mg∕L或血液檢測超過0.16,機車前車頭,酒醉（後）駕駛失控∕尚未發現肇事因素∕,酒醉（後）駕駛失控∕酒醉（後）駕駛失控∕,技術工,不明,本國∕本國∕
10312,,YYA1,10312YY000008,2014,12,2,10,58,金門縣,金湖鎮,,NA,太湖路,一,,NA,,,,,,TP15路段,NA,NA,NA,NA,NA,NA,NA,NA,NA,0,0,0,晴,日間自然光線,村里道路,50,直路,一般車道（未劃分快慢車道）,柏油,乾燥,無缺陷,無障礙物,良好,無號誌,無號誌,無標記,未繪設車道線,未繪設快慢車道分隔線,有,撞護欄（樁）,未注意車前狀態,Y000,YY00,1,4,2014/12/2,太湖路一段,,金門縣金湖鎮TP15路段,118.4047483,24.4473343,自用 小客車∕ ∕,小客車自用,44∕0∕,未受傷,6F****7代號3407,其他,駕照被吊（註）銷,經檢測無酒精反應,汽車右前車頭（身）,未注意車前狀態∕尚未發現肇事因素∕,未注意車前狀態∕未注意車前狀態∕,其他,其他,本國∕本國∕
10312,10312Y00030001,YYA1,10312YY000010,2014,12,4,6,53,金門縣,金湖鎮,,NA,黃海路,,,NA,,,復興路,,,,NA,NA,NA,NA,NA,NA,NA,NA,NA,0,0,0,雨,晨或暮光,村里道路,40,多岔路,交岔路口內,柏油,濕潤,無缺陷,無障礙物,良好,閃光號誌,正常,無分向設施,未繪設車道線,未繪設快慢車道分隔線,有,其他,未依規定讓車,Y000,YY00,1,3,2014/12/4,黃海路,復興路,,118.4143341,24.44234488,自用 小客車∕自用 小客車∕,小客車自用∕小客車自用∕,35∕32∕,未受傷∕未受傷∕,35****P代號3408∕17****S代號3409∕,其他∕其他∕,有適當之駕照∕有適當之駕照∕,經檢測無酒精反應∕經檢測無酒精反應∕,汽車左側車身∕汽車左前車頭（身）∕,未依規定讓車∕未注意車前狀態∕,未依規定讓車∕未依規定讓車∕,保安工作者（不含警察人員）∕家庭主婦（夫）∕,上、下班∕其他∕,本國∕本國∕
10312,,YYA1,10312YY000011,2014,12,5,13,12,金門縣,金湖鎮,,NA,伯玉路,四,,NA,,,瓊徑路,,,小徑圓環內,NA,NA,NA,NA,NA,NA,NA,NA,NA,0,0,0,晴,日間自然光線,村里道路,50,圓環,一般車道（未劃分快慢車道）,柏油,乾燥,無缺陷,無障礙物,良好,無號誌,無號誌,無分向設施,車道線（無標記）,未繪設快慢車道分隔線,有,其他,未依規定讓車,Y000,YY00,1,4,2014/12/5,伯玉路四段,瓊徑路,,118.3851529,24.44734108,自用 小客車∕自用 小客車∕,小客車自用∕小客車自用∕,45∕23∕,未受傷∕未受傷∕,6F****9代號3410∕09****2代號3411∕,其他∕其他∕,有適當之駕照∕有適當之駕照∕,經檢測無酒精反應∕經檢測無酒精反應∕,汽車右前車頭（身）∕汽車左後車尾（身）∕,未依規定讓車∕未注意車前狀態∕,未依規定讓車∕未依規定讓車∕,其他∕其他∕,其他∕其他∕,本國∕本國∕
10312,10312Y00020005,YYA1,10312YY000012,2014,12,5,13,53,金門縣,金湖鎮,料羅里,NA,金港路,,,NA,,,,,,1561路燈桿路段,NA,NA,NA,NA,NA,NA,NA,NA,NA,0,2,0,晴,日間自然光線,村里道路,50,三岔路,交岔口附近,柏油,乾燥,無缺陷,無障礙物,良好,無號誌,無號誌,無標記,未繪設車道線,未繪設快慢車道分隔線,有,撞路樹、電桿,未注意車前狀態,Y000,YY00,1,2,2014/12/5,金港路,,金門縣金湖鎮料羅里1561路燈桿路段,118.4341546,24.4172342,自用 小貨車(含客、貨兩用)∕ ∕乘客 人,小貨車自用乘客,21∕0∕50,受傷受傷,AA*****1代號3412AA*****1代號3412,其他其他,有適當之駕照非汽（機）車駕駛人,經檢測無酒精反應非駕駛人，未檢測,汽車前車頭非汽（機）車,未注意車前狀態∕尚未發現肇事因素∕尚未發現肇事因素,未注意車前狀態∕未注意車前狀態∕未注意車前狀態,其他其他,其他其他,本國∕本國∕本國
10312,10312Y00020060,YYA1,10312YY000013,2014,12,5,17,50,金門縣,金湖鎮,,NA,環島南路,四,,NA,,,,,,夏興三角公園路口,NA,NA,NA,NA,NA,NA,NA,NA,NA,0,1,0,晴,夜間（或隧道、地下道、涵洞）有照明,村里道路,50,三岔路,交岔路口內,柏油,乾燥,無缺陷,無障礙物,良好,無號誌,無號誌,無標記,車道線（無標記）,未繪設快慢車道分隔線,有,側撞,右轉彎未依規定,Y000,YY00,1,2,2014/12/5,環島南路四段,,金門縣金湖鎮夏興三角公園路口,118.40101,24.438041,自用 小客車∕普通重型 機車∕,小客車自用∕機車普通重型∕,45∕59∕,未受傷∕受傷∕,20****S代號3413∕KT****5代號3414∕,其他∕其他∕,有適當之駕照∕無照（已達考照年齡）∕,經檢測無酒精反應∕經檢測無酒精反應∕,汽車右後車尾（身）∕機車前車頭∕,右轉彎未依規定∕尚未發現肇事因素∕,右轉彎未依規定∕右轉彎未依規定∕,其他∕其他∕,其他∕其他∕,本國∕本國∕
10312,10312Y00020004,YYA1,10312YY000015,2014,12,9,10,40,金門縣,金湖鎮,新市里,NA,復興路,,,NA,2,,,,,金門醫院急診室前,NA,NA,NA,NA,NA,NA,NA,NA,NA,0,1,0,晴,日間自然光線,村里道路,50,三岔路,交岔路口內,柏油,乾燥,無缺陷,無障礙物,良好,無號誌,無號誌,無分向設施,未繪設車道線,未繪設快慢車道分隔線,有,側撞,右轉彎未依規定,Y000,YY00,1,2,2014/12/9,復興路2號,,金門縣金湖鎮新市里金門醫院急診室前,118.4161413,24.4412321,自用 小客車∕普通重型 機車∕,小客車自用∕機車普通重型∕,59∕22∕,未受傷∕受傷∕,6F****6代號3415∕16****U代號3416∕,其他∕其他∕,有適當之駕照∕有適當之駕照∕,經檢測無酒精反應∕經檢測無酒精反應∕,汽車右前車頭（身）∕機車左側車身∕,右轉彎未依規定∕未保持行車安全距離∕,右轉彎未依規定∕右轉彎未依規定∕,其他∕服務工作者∕,其他∕上、下班∕,本國∕本國∕
10312,,YYA1,10312YY000019,2014,12,11,17,0,金門縣,金湖鎮,,NA,環島南路,三,,NA,,,瓊徑路,,,成功路口,NA,NA,NA,NA,NA,NA,NA,NA,NA,0,0,0,NA,NA,NA,0,NA,NA,NA,NA,NA,NA,NA,NA,NA,NA,NA,NA,NA,NA,NA,Y000,YY00,1,4,2014/12/11,環島南路三段,瓊徑路,,118.3917905,24.44048713,自用 大貨車∕自用 小客車∕,大貨車自用∕小客車自用∕,39∕36∕,,VU***8代號3417∕02****X代號3418∕,,,,,,,,,本國∕非本國∕
10312,10312Y00020008,YYA1,10312YY000020,2014,12,11,18,6,金門縣,金湖鎮,山外里,NA,,,,NA,,,,,,山外22號旁巷口,NA,NA,NA,NA,NA,NA,NA,NA,NA,0,2,0,晴,夜間（或隧道、地下道、涵洞）有照明,村里道路,40,巷弄,一般車道（未劃分快慢車道）,其他鋪裝,乾燥,無缺陷,無障礙物,建築物,無號誌,無號誌,無分向設施,未繪設車道線,未繪設快慢車道分隔線,無,對向擦撞,未靠右行駛,Y000,YY00,1,2,2014/12/11,金門縣金湖鎮山外里山外22號旁巷口,,金門縣金湖鎮山外里山外22號旁巷口,118.4162306,24.4418802,普通重型 機車∕普通重型 機車∕,機車普通重型∕機車普通重型∕,16∕80∕,受傷∕受傷∕,73****L代號3024∕13****A代號3419∕,其他∕其他∕,無照（未達考照年齡）∕無照（已達考照年齡）∕,經檢測無酒精反應∕經檢測無酒精反應∕,機車前車頭∕機車前車頭∕,未靠右行駛∕未靠右行駛∕,未靠右行駛∕未靠右行駛∕,高中生∕無業者∕,其他∕其他∕,本國∕本國∕
10312,10312Y00020009,YYA1,10312YY000023,2014,12,12,18,47,金門縣,金湖鎮,,NA,環島南路,四,,NA,,,,,,塔后段22號旁路口,NA,NA,NA,NA,NA,NA,NA,NA,NA,0,1,0,晴,夜間（或隧道、地下道、涵洞）有照明,村里道路,50,三岔路,交岔路口內,柏油,乾燥,無缺陷,無障礙物,良好,無號誌,無號誌,無分向設施,未繪設車道線,快慢車道分隔線,有,側撞,右轉彎未依規定,Y000,YY00,1,2,2014/12/12,環島南路四段,,金門縣金湖鎮塔后段22號旁路口,118.40101,24.438041,自用 小客車∕普通重型 機車∕自用 小客車,小客車自用∕機車普通重型∕小客車自用,43∕22∕44,未受傷∕受傷∕未受傷,Q7****9代號3420∕98****M代號3421∕AF*****5代號3422,其他∕其他∕其他,有適當之駕照∕有適當之駕照∕有適當之駕照,經檢測無酒精反應∕經檢測無酒精反應∕經檢測無酒精反應,汽車右側車身∕機車前車頭∕汽車左側車身,右轉彎未依規定∕未注意車前狀態∕尚未發現肇事因素,右轉彎未依規定∕右轉彎未依規定∕右轉彎未依規定,服務工作者∕服務工作者∕農林漁牧工作者,購物∕上、下班∕購物,本國∕本國∕本國
10312,10312Y00020010,YYA1,10312YY000029,2014,12,15,9,48,金門縣,金湖鎮,,NA,四維路,,,NA,,,,,,料羅新村1633號路燈桿,NA,NA,NA,NA,NA,NA,NA,NA,NA,0,1,0,晴,日間自然光線,村里道路,50,直路,一般車道（未劃分快慢車道）,柏油,乾燥,無缺陷,無障礙物,良好,無號誌,無號誌,附標記,未繪設車道線,未繪設快慢車道分隔線,有,其他,起步未注意其他車（人）安全,Y000,YY00,1,2,2014/12/15,四維路,,金門縣金湖鎮料羅新村1633號路燈桿,118.4499743,24.4314346,自用 小客車∕普通重型 機車∕,小客車自用∕機車普通重型∕,48∕39∕,未受傷∕受傷∕,9B****6代號3423∕3J****8代號3424∕,其他∕其他∕,有適當之駕照∕有適當之駕照∕,經檢測無酒精反應∕經檢測無酒精反應∕,汽車左前車頭（身）∕機車前車頭∕,起步未注意其他車（人）安全∕尚未發現肇事因素∕,起步未注意其他車（人）安全∕起步未注意其他車（人）安全∕,服務工作者∕技術工∕,其他∕業務聯繫∕,本國∕本國∕
10312,,YYA1,10312YY000032,2014,12,15,12,29,金門縣,金湖鎮,,NA,環島南路,四,,NA,,,市港路,,,,NA,NA,NA,NA,NA,NA,NA,NA,NA,0,0,0,NA,NA,NA,0,NA,NA,NA,NA,NA,NA,NA,NA,NA,NA,NA,NA,NA,NA,NA,Y000,YY00,1,4,2014/12/15,環島南路四段,市港路,,118.4098864,24.43594534,自用 小客車∕自用 小客車∕,小客車自用∕小客車自用∕,81∕35∕,,WY****9代號3425∕EX****6代號3426∕,,,,,,,,,本國∕本國∕
10312,,YYA1,10312YY000033,2014,12,15,7,35,金門縣,金沙鎮,官澳里,NA,,,,NA,99,,,,,,NA,NA,NA,NA,NA,NA,NA,NA,NA,0,1,0,晴,日間自然光線,村里道路,40,三岔路,交岔路口內,水泥,乾燥,無缺陷,無障礙物,良好,無號誌,無號誌,無分向設施,未繪設車道線,未繪設快慢車道分隔線,無,路上翻車、摔倒,未注意車前狀態,Y000,YY00,3,2,2014/12/15,金門縣金沙鎮官澳里99,,金門縣金沙鎮官澳里,118.4135119,24.5212789,普通重型 機車∕ ∕,機車普通重型,53∕0∕,受傷,36****G代號3427,其他,有適當之駕照,經觀察未飲酒,機車右側車身,未注意車前狀態∕動物竄出∕,未注意車前狀態∕未注意車前狀態∕,技術員及助理人員,上、下班,本國∕本國∕
10312,10312Y00020025,YYA1,10312YY000034,2014,12,13,2,40,金門縣,金湖鎮,,NA,伯玉路,四,,NA,,,瓊徑路,,,小徑圓環內,NA,NA,NA,NA,NA,NA,NA,NA,NA,0,2,0,晴,夜間（或隧道、地下道、涵洞）有照明,村里道路,50,圓環,一般車道（未劃分快慢車道）,柏油,乾燥,無缺陷,無障礙物,良好,無號誌,無號誌,無分向設施,車道線（無標記）,未繪設快慢車道分隔線,有,撞護欄（樁）,未依規定減速,Y000,YY00,1,2,2014/12/13,伯玉路四段,瓊徑路,,118.3851529,24.44734108,自用 小客車∕ ∕乘客 人,小客車自用乘客,22∕0∕20,受傷受傷,WY****2代號3428WY****2代號3428,其他其他,有適當之駕照非汽（機）車駕駛人,經檢測無酒精反應非駕駛人，未檢測,汽車前車頭不明,未依規定減速∕尚未發現肇事因素∕尚未發現肇事因素,未依規定減速∕未依規定減速∕未依規定減速,其他其他,其他其他,本國∕本國∕本國
10312,10312Y00020011,YYA1,10312YY000035,2014,12,16,6,50,金門縣,金湖鎮,,NA,士校路,,,NA,,,,,,青年農莊路段,NA,NA,NA,NA,NA,NA,NA,NA,NA,0,2,0,晴,日間自然光線,村里道路,50,三岔路,交岔路口內,柏油,乾燥,無缺陷,無障礙物,良好,無號誌,無號誌,無分向設施,未繪設車道線,未繪設快慢車道分隔線,有,側撞,未依規定讓車,Y000,YY00,1,2,2014/12/16,士校路,,金門縣金湖鎮青年農莊路段,118.4271704,24.4453138,普通重型 機車∕普通重型 機車∕,機車普通重型∕機車普通重型∕,18∕18∕,受傷∕受傷∕,63****H代號3429∕30****E代號3430∕,其他∕其他∕,有適當之駕照∕有適當之駕照∕,經檢測無酒精反應∕經檢測無酒精反應∕,機車後車尾∕機車前車頭∕,未依規定讓車∕未依規定減速∕,未依規定讓車∕未依規定讓車∕,售貨員∕售貨員∕,上、下班∕上、下班∕,本國∕本國∕
10312,10312Y00030002,YYA1,10312YY000037,2014,12,16,15,50,金門縣,金湖鎮,,NA,瓊義路,,,NA,,,雙瓊路,,,旁,NA,NA,NA,NA,NA,NA,NA,NA,NA,0,0,0,晴,日間自然光線,村里道路,50,三岔路,交岔口附近,柏油,乾燥,無缺陷,無障礙物,良好,無號誌,無號誌,寬式（50公分以上）,未繪設車道線,未繪設快慢車道分隔線,有,側撞,未注意車前狀態,Y000,YY00,1,3,2014/12/16,瓊義路,雙瓊路,,118.3713142,24.45522347,自用 小客車∕自用 小貨車(含客、貨兩用)∕,小客車自用∕小貨車自用∕,59∕72∕,未受傷∕未受傷∕,6F****0代號3431∕6F****7代號3432∕,其他∕其他∕,有適當之駕照∕有適當之駕照∕,經檢測無酒精反應∕經檢測無酒精反應∕,汽車左前車頭（身）∕汽車右側車身∕,未注意車前狀態∕違規超車∕,未注意車前狀態∕未注意車前狀態∕,其他∕其他∕,其他∕運輸∕,本國∕本國∕
10312,10312Y00020012,YYA1,10312YY000038,2014,12,17,13,5,金門縣,金湖鎮,,NA,市港路,,,NA,,,,,,武德新莊162號旁路口,NA,NA,NA,NA,NA,NA,NA,NA,NA,0,1,0,晴,日間自然光線,村里道路,50,四岔路,交岔路口內,柏油,乾燥,無缺陷,無障礙物,良好,無號誌,無號誌,無分向設施,未繪設車道線,未繪設快慢車道分隔線,有,側撞,右轉彎未依規定,Y000,YY00,1,2,2014/12/17,市港路,,金門縣金湖鎮武德新莊162號旁路口,118.4099121,24.4348324,自用 小客車∕普通重型 機車∕,小客車自用∕機車普通重型∕,40∕26∕,未受傷∕受傷∕,WY****5代號3433∕27****F代號507∕,其他∕其他∕,有適當之駕照∕有適當之駕照∕,經檢測無酒精反應∕經檢測無酒精反應∕,汽車右後車尾（身）∕機車前車頭∕,右轉彎未依規定∕未保持行車安全距離∕,右轉彎未依規定∕右轉彎未依規定∕,家庭主婦（夫）∕服務工作者∕,其他∕其他∕,本國∕本國∕
10312,10312Y00020013,YYA1,10312YY000039,2014,12,17,15,14,金門縣,金沙鎮,西園里,NA,西園路,,,NA,,,,,,50306路燈桿路段,NA,NA,NA,NA,NA,NA,NA,NA,NA,0,1,0,晴,日間自然光線,村里道路,40,直路,一般車道（未劃分快慢車道）,柏油,乾燥,無缺陷,無障礙物,良好,無號誌,無號誌,無分向設施,未繪設車道線,未繪設快慢車道分隔線,有,路上翻車、摔倒,未注意車前狀態,Y000,YY00,1,2,2014/12/17,西園路,,金門縣金沙鎮西園里50306路燈桿路段,118.4043962,24.5084626,普通重型 機車∕ ∕,機車普通重型,70∕0∕,受傷,PZ****0代號3434,其他,有適當之駕照,經呼氣檢測未超過0.15mg∕L或血液檢測未超過0.03,機車右側車身,未注意車前狀態∕尚未發現肇事因素∕,未注意車前狀態∕未注意車前狀態∕,其他,其他,本國∕本國∕
10312,10312Y00020028,YYA1,10312YY000040,2014,12,18,17,57,金門縣,金湖鎮,,NA,太湖路,一,,NA,,,,,,塔后重劃區段1481號路燈桿,NA,NA,NA,NA,NA,NA,NA,NA,NA,0,1,0,晴,夜間（或隧道、地下道、涵洞）有照明,村里道路,50,直路,一般車道（未劃分快慢車道）,柏油,乾燥,無缺陷,無障礙物,良好,無號誌,無號誌,無標記,未繪設車道線,未繪設快慢車道分隔線,有,同向通行中,未注意車前狀態,Y000,YY00,1,2,2014/12/18,太湖路一段,,金門縣金湖鎮塔后重劃區段1481號路燈桿,118.4047483,24.4473343,普通重型 機車∕行人 人∕,機車普通重型∕行人∕,26∕78∕,受傷∕未受傷∕,36****U代號3435,其他∕非駕駛人及乘客∕,有適當之駕照∕非汽（機）車駕駛人∕,經檢測無酒精反應∕非駕駛人，未檢測∕,機車右側車身∕非汽（機）車∕,未注意車前狀態∕尚未發現肇事因素∕,未注意車前狀態∕未注意車前狀態∕,服務工作者∕無業者∕,上、下班∕其他∕,本國∕本國∕
10312,10312Y00020029,YYA1,10312YY000041,2014,12,18,18,47,金門縣,金湖鎮,,NA,環島南路,四,,NA,,,,,,塔后12610號,NA,NA,NA,NA,NA,NA,NA,NA,NA,0,1,0,晴,夜間（或隧道、地下道、涵洞）有照明,村里道路,50,直路,一般車道（未劃分快慢車道）,柏油,乾燥,突出（高低）不平,道路工事（程）中,其他,無號誌,無號誌,無分向設施,未繪設車道線,未繪設快慢車道分隔線,無,路上翻車、摔倒,未注意車前狀態,Y000,YY00,1,2,2014/12/18,環島南路四段,,金門縣金湖鎮塔后12610號,118.40101,24.438041,普通重型 機車∕ ∕乘客 人,機車普通重型乘客,19∕0∕18,未受傷受傷,87****N代號343687****N代號3436,其他其他,有適當之駕照非汽（機）車駕駛人,經檢測無酒精反應非駕駛人，未檢測,機車前車頭非汽（機）車,未注意車前狀態∕尚未發現肇事因素∕尚未發現肇事因素,未注意車前狀態∕未注意車前狀態∕未注意車前狀態,大學（研究）生大學（研究）生,購物購物,本國∕本國∕本國
10312,10312Y00020032,YYA1,10312YY000043,2014,12,19,7,16,金門縣,金湖鎮,,NA,伯玉路,三,,NA,,,中山路,,,前路段,NA,NA,NA,NA,NA,NA,NA,NA,NA,0,1,0,雨,日間自然光線,村里道路,70,直路,一般車道（未劃分快慢車道）,柏油,濕潤,無缺陷,無障礙物,良好,無號誌,無號誌,無標記,車道線（無標記）,未繪設快慢車道分隔線,有,路上翻車、摔倒,未注意車前狀態,Y000,YY00,1,2,2014/12/19,伯玉路三段,中山路,,118.3650088,24.44601623,普通重型 機車∕ ∕,機車普通重型,33∕0∕,受傷,58****A代號3437,其他,有適當之駕照,經檢測無酒精反應,機車左側車身,未注意車前狀態∕尚未發現肇事因素∕,未注意車前狀態∕未注意車前狀態∕,保安工作者（不含警察人員）,上、下班,本國∕本國∕