年月,總編號,處理單位,處理編號,年,月,日,時,分,縣市,區,村里,鄰,街道,段,巷,弄,號,公尺處,街道.1,段.1,側,附近,道路,公里,公尺處.1,向,車道,平交道,公里.1,公尺處.2,附近.1,死,受傷,X2.30,天候,光線,道路類別,速限,道路型態,事故位置,路面鋪裝,路面狀態,路面缺陷,障礙物,視距,號誌種類,號誌動作,分向設施,快車道或一般車道間,快慢車道間,路面邊線,事故類型及型態,主要肇因,警局,分局,案件類別,事故類別,日期,道路1,道路2,概略位置,lon,lat,車種,當事者區分.類別.,年齡,受傷程度,車輛牌照號碼,車輛用途,駕駛資格情形,飲酒情形,車輛撞擊部位最初,肇事因素個別,肇事因素主要,職.業,旅次目的,國籍
10312,10312Y00020014,YYA1,10312YY000049,2014,12,20,8,30,金門縣,金湖鎮,,NA,環島南路,四,,NA,后園2,,,,,,NA,NA,NA,NA,NA,NA,NA,NA,NA,0,2,0,晴,日間自然光線,村里道路,60,直路,一般車道（未劃分快慢車道）,柏油,乾燥,無缺陷,其他障礙物,良好,無號誌,無號誌,無標記,未繪設車道線,快慢車道分隔線,有,路上翻車、摔倒,未注意車前狀態,Y000,YY00,1,2,2014/12/20,金門縣金湖鎮后園2號,,金門縣金湖鎮,118.402155,24.438436,普通重型 機車∕ ∕乘客 人,機車普通重型乘客,18∕0∕14,受傷受傷,25****V代號343825****V代號3438,其他其他,有適當之駕照非汽（機）車駕駛人,經檢測無酒精反應非駕駛人，未檢測,機車右側車身不明,未注意車前狀態∕尚未發現肇事因素∕尚未發現肇事因素,未注意車前狀態∕未注意車前狀態∕未注意車前狀態,高中生國中生,其他其他,本國∕本國∕本國
10312,,YYA1,10312YY000051,2014,12,21,17,45,金門縣,金湖鎮,,NA,瓊徑路,,,NA,,,經武路,,,,NA,NA,NA,NA,NA,NA,NA,NA,NA,0,0,0,NA,NA,NA,0,NA,NA,NA,NA,NA,NA,NA,NA,NA,NA,NA,NA,NA,NA,NA,Y000,YY00,1,4,2014/12/21,瓊徑路,經武路,,118.3880485,24.44342822,自用 小客車∕普通重型 機車∕,小客車自用∕機車普通重型∕,47∕25∕,,6F****1代號1845∕90****U代號3439∕,,,,,,,,,本國∕本國∕
10312,10312Y00030003,YYA1,10312YY000052,2014,12,22,4,31,金門縣,金湖鎮,,NA,環島南路,,,NA,,,市港路,,,湖前76號前,NA,NA,NA,NA,NA,NA,NA,NA,NA,0,0,0,陰,夜間（或隧道、地下道、涵洞）有照明,村里道路,50,四岔路,人行道,其他鋪裝,乾燥,無缺陷,無障礙物,良好,閃光號誌,正常,無分向設施,未繪設車道線,未繪設快慢車道分隔線,有,其他,酒醉（後）駕駛失控,Y000,YY00,1,3,2014/12/22,環島南路,市港路,,118.4098864,24.43594534,自用 小貨車(含客、貨兩用)∕普通重型 機車∕普通重型 機車∕ ∕,小貨車自用∕機車普通重型∕機車普通重型,25∕56∕56∕0∕,未受傷∕未受傷∕未受傷,WY****6代號3440∕06****G代號3441∕36****D代號3442,其他∕其他∕其他,無照（已達考照年齡）∕有適當之駕照∕有適當之駕照,經呼氣檢測0.56至0.80mg∕L或血液檢測0.111至0.16∕經觀察未飲酒∕經觀察未飲酒,汽車前車頭∕機車右側車身∕機車右側車身,酒醉（後）駕駛失控∕尚未發現肇事因素∕尚未發現肇事因素∕尚未發現肇事因素∕,酒醉（後）駕駛失控∕酒醉（後）駕駛失控∕酒醉（後）駕駛失控∕酒醉（後）駕駛失控∕,服務工作者∕服務工作者∕服務工作者,其他∕其他∕其他,本國∕本國∕本國∕本國∕
10312,10312Y00020015,YYA1,10312YY000053,2014,12,22,15,10,金門縣,金湖鎮,,NA,環島北路,三,,NA,,,瓊徑路,,,,NA,NA,NA,NA,NA,NA,NA,NA,NA,0,1,0,晴,日間自然光線,村里道路,60,三岔路,交岔路口內,柏油,乾燥,無缺陷,無障礙物,良好,閃光號誌,正常,無分向設施,未繪設車道線,未繪設快慢車道分隔線,有,路上翻車、摔倒,酒醉（後）駕駛失控,Y000,YY00,1,2,2014/12/22,環島北路三段,瓊徑路,,118.3759138,24.45751572,普通重型 機車∕ ∕,機車普通重型,38∕0∕,受傷,38****Z代號3443,其他,越級駕駛,經呼氣檢測超過0.80mg∕L或血液檢測超過0.16,機車前車頭,酒醉（後）駕駛失控∕尚未發現肇事因素∕,酒醉（後）駕駛失控∕酒醉（後）駕駛失控∕,非技術工及體力工,上、下班,本國∕本國∕
10312,10312Y00020031,YYA1,10312YY000055,2014,12,23,7,45,金門縣,金湖鎮,,NA,環島東路,五,,NA,,,太湖路,三,,西村路口,NA,NA,NA,NA,NA,NA,NA,NA,NA,0,1,0,晴,日間自然光線,村里道路,60,四岔路,交岔路口內,柏油,乾燥,無缺陷,無障礙物,良好,無號誌,無號誌,無分向設施,未繪設車道線,未繪設快慢車道分隔線,有,側撞,未依規定讓車,Y000,YY00,1,2,2014/12/23,環島東路五段,太湖路三段,,118.4420085,24.43024947,自用 小貨車(含客、貨兩用)∕普通重型 機車∕,小貨車自用∕機車普通重型∕,58∕54∕,未受傷∕受傷∕,AA*****8代號3444∕15****U代號3445∕,其他∕其他∕,有適當之駕照∕越級駕駛∕,經觀察未飲酒∕經觀察未飲酒∕,汽車左後車尾（身）∕機車前車頭∕,未依規定讓車∕未依規定減速∕,未依規定讓車∕未依規定讓車∕,其他∕其他∕,其他∕其他∕,本國∕本國∕
10312,,YYA1,10312YY000057,2014,12,24,13,47,金門縣,金湖鎮,,NA,環島東路,五,,NA,,,太湖路,三,,西村路口,NA,NA,NA,NA,NA,NA,NA,NA,NA,0,0,0,晴,日間自然光線,村里道路,60,四岔路,交岔路口內,柏油,乾燥,無缺陷,無障礙物,良好,無號誌,無號誌,無分向設施,未繪設車道線,未繪設快慢車道分隔線,有,路口交岔撞,未依規定讓車,Y000,YY00,1,4,2014/12/24,環島東路五段,太湖路三段,,118.4420085,24.43024947,自用 小客車∕自用 小客車∕,小客車自用∕小客車自用∕,23∕56∕,未受傷∕未受傷∕,01****X代號3446∕69****V代號3447∕,其他∕其他∕,有適當之駕照∕有適當之駕照∕,經觀察未飲酒∕經觀察未飲酒∕,汽車前車頭∕汽車左前車頭（身）∕,未依規定讓車∕未依規定減速∕,未依規定讓車∕未依規定讓車∕,其他∕機械設備操作工及組裝工∕,其他∕其他∕,本國∕本國∕
10312,10312Y00020043,YYA1,10312YY000064,2014,12,28,11,9,金門縣,金沙鎮,,NA,陽沙路,,,NA,,,,,,獅山砲陣地路口,NA,NA,NA,NA,NA,NA,NA,NA,NA,0,1,0,晴,日間自然光線,村里道路,50,三岔路,交岔路口內,柏油,乾燥,無缺陷,無障礙物,良好,無號誌,無號誌,無分向設施,未繪設車道線,未繪設快慢車道分隔線,有,側撞,未依規定讓車,Y000,YY00,1,2,2014/12/28,陽沙路,,金門縣金沙鎮獅山砲陣地路口,118.432385,24.4814738,自用 小客車∕普通重型 機車∕,小客車自用∕機車普通重型∕,68∕32∕,未受傷∕受傷∕,42****7代號3448∕37****A代號3449∕,其他∕其他∕,有適當之駕照∕有適當之駕照∕,經檢測無酒精反應∕經檢測無酒精反應∕,汽車右側車身∕機車右側車身∕,未依規定讓車∕尚未發現肇事因素∕,未依規定讓車∕未依規定讓車∕,其他∕其他∕,社交活動∕觀光旅遊∕,本國∕本國∕
10312,,YYA1,10312YY000066,2014,12,28,19,30,金門縣,金沙鎮,,NA,環島東路,二,,NA,,,,,,屏東路段0309號路燈桿,NA,NA,NA,NA,NA,NA,NA,NA,NA,0,0,0,NA,NA,NA,0,NA,NA,NA,NA,NA,NA,NA,NA,NA,NA,NA,NA,NA,NA,NA,Y000,YY00,1,4,2014/12/28,環島東路二段,,金門縣金沙鎮屏東路段0309號路燈桿,118.4328094,24.4713308,自用 小客車∕ ∕,小客車自用,29∕0∕,,6F****6代號3450,,,,,,,,,本國∕本國∕
10312,,YYA1,10312YY000069,2014,12,29,11,50,金門縣,金湖鎮,,NA,伯玉路,五,,NA,,,,,,魯王墓路段,NA,NA,NA,NA,NA,NA,NA,NA,NA,0,0,0,NA,NA,NA,0,NA,NA,NA,NA,NA,NA,NA,NA,NA,NA,NA,NA,NA,NA,NA,Y000,YY00,1,4,2014/12/29,伯玉路五段,,金門縣金湖鎮魯王墓路段,118.3897645,24.4505133,租賃車 小客車∕ ∕,小客車租貸車,17∕0∕,,39****6代號3451,,,,,,,,,本國∕本國∕
10312,10312Y00020051,YYA1,10312YY000076,2014,12,30,13,40,金門縣,金湖鎮,,NA,瓊徑路,,,NA,,,經武路,,,,NA,NA,NA,NA,NA,NA,NA,NA,NA,0,1,0,晴,日間自然光線,村里道路,50,四岔路,交岔路口內,柏油,乾燥,無缺陷,無障礙物,良好,行車管制號誌,正常,無分向設施,未繪設車道線,未繪設快慢車道分隔線,有,路口交岔撞,違反號誌管制或指揮,Y000,YY00,1,2,2014/12/30,瓊徑路,經武路,,118.3880485,24.44342822,自用 小客車∕自用 小貨車(含客、貨兩用)∕,小客車自用∕小貨車自用∕,34∕49∕,未受傷∕受傷∕,08****2代號3452∕S8****5代號3453∕,其他∕其他∕,有適當之駕照∕有適當之駕照∕,經檢測無酒精反應∕經檢測無酒精反應∕,汽車前車頭∕汽車右前車頭（身）∕,違反號誌管制或指揮∕尚未發現肇事因素∕,違反號誌管制或指揮∕違反號誌管制或指揮∕,服務工作者∕其他∕,其他∕其他∕,本國∕本國∕
10312,10312Y00020062,YYA1,10312YY000077,2014,12,31,14,12,金門縣,金湖鎮,,NA,士校路,,,NA,,,,,,新頭2137號路燈桿前,NA,NA,NA,NA,NA,NA,NA,NA,NA,0,1,0,晴,日間自然光線,村里道路,50,三岔路,交岔路口內,柏油,乾燥,無缺陷,其他障礙物,彎道,無號誌,無號誌,無分向設施,未繪設車道線,未繪設快慢車道分隔線,有,側撞,未依規定讓車,Y000,YY00,1,2,2014/12/31,士校路,,金門縣金湖鎮新頭2137號路燈桿前,118.4271704,24.4453138,營業用 大貨車∕普通重型 機車∕,大貨車營業用∕機車普通重型∕,49∕47∕,未受傷∕受傷∕,03***L代號3454∕NJ****7代號3455∕,其他∕其他∕,越級駕駛∕有適當之駕照∕,經檢測無酒精反應∕無法檢測∕,汽車右後車尾（身）∕機車前車頭∕,未依規定讓車∕未依規定減速∕,未依規定讓車∕未依規定讓車∕,服務工作者∕農林漁牧工作者∕,上、下班∕購物∕,本國∕本國∕
10312,10312Y00020007,YZA1,10312YZ000004,2014,12,2,17,40,金門縣,金寧鄉,,NA,環島北路,一,,NA,,,,,,地政局路段,NA,NA,NA,NA,NA,NA,NA,NA,NA,0,2,0,晴,夜間（或隧道、地下道、涵洞）有照明,鄉道,50,三岔路,交岔路口內,柏油,乾燥,無缺陷,無障礙物,良好,無號誌,無號誌,無分向設施,未繪設車道線,未繪設快慢車道分隔線,無,側撞,未依規定讓車,Y000,YZ00,1,2,2014/12/2,環島北路一段,,金門縣金寧鄉地政局路段,118.3283226,24.4462231,普通重型 機車∕普通重型 機車∕,機車普通重型∕機車普通重型∕,52∕58∕,受傷∕受傷∕,BE****8代號3456∕PZ****9代號3457∕,其他∕其他∕,有適當之駕照∕有適當之駕照∕,經呼氣檢測未超過0.15mg∕L或血液檢測未超過0.03∕經呼氣檢測未超過0.15mg∕L或血液檢測未超過0.03∕,機車右側車身∕機車前車頭∕,未依規定讓車∕未依規定減速∕,未依規定讓車∕未依規定讓車∕,其他∕其他∕,其他∕其他∕,本國∕本國∕
10312,10312Y00020016,YZA1,10312YZ000005,2014,12,1,8,9,金門縣,金城鎮,,NA,民權路,,,NA,173,,,,,中華電信前路段,NA,NA,NA,NA,NA,NA,NA,NA,NA,0,1,0,晴,日間自然光線,縣道,40,三岔路,交岔口附近,柏油,乾燥,無缺陷,無障礙物,良好,無號誌,無號誌,附標記,禁止雙換車道線（附標記）,未繪設快慢車道分隔線,有,側撞,右轉彎未依規定,Y000,YZ00,NA,NA,2014/12/1,民權路173號,,金門縣金城鎮中華電信前路段,118.3192898,24.4381016,自用 小客車∕普通重型 機車∕,小客車自用∕機車普通重型∕,34∕24∕,未受傷∕受傷∕,17****V代號3458∕69****Z代號3459∕,其他∕其他∕,有適當之駕照∕有適當之駕照∕,經檢測無酒精反應∕經檢測無酒精反應∕,汽車右前車頭（身）∕機車前車頭∕,右轉彎未依規定∕未保持行車安全距離∕,右轉彎未依規定∕右轉彎未依規定∕,其他∕其他∕,不明∕不明∕,本國∕本國∕
10312,10312Y00020024,YZA1,10312YZ000006,2014,12,2,18,48,金門縣,金寧鄉,榜林村,NA,伯玉路,二,,NA,,,,,,榜林圓環,NA,NA,NA,NA,NA,NA,NA,NA,NA,0,2,0,晴,夜間（或隧道、地下道、涵洞）有照明,縣道,70,圓環,一般車道（未劃分快慢車道）,柏油,乾燥,無缺陷,無障礙物,良好,無號誌,無號誌,無分向設施,車道線（無標記）,未繪設快慢車道分隔線,有,其他,未依規定讓車,Y000,YZ00,1,2,2014/12/2,伯玉路二段,,金門縣金寧鄉榜林村榜林圓環,118.3416148,24.4414563,普通輕型 機車∕自用 小客車∕乘客 人,機車普通輕型∕小客車自用∕乘客,19∕25∕18,受傷∕未受傷∕受傷,WZ****9代號3460∕87****N代號3461∕WZ****9代號3460,其他∕其他∕其他,有適當之駕照∕有適當之駕照∕非汽（機）車駕駛人,經檢測無酒精反應∕經檢測無酒精反應∕非駕駛人，未檢測,機車前車頭∕汽車右前車頭（身）∕非汽（機）車,未依規定讓車∕未注意車前狀態∕尚未發現肇事因素,未依規定讓車∕未依規定讓車∕未依規定讓車,大學（研究）生∕其他∕大學（研究）生,其他∕其他∕其他,本國∕本國∕本國
10312,10312Y00020003,YZA1,10312YZ000007,2014,12,3,10,23,金門縣,金城鎮,,NA,民生路,,,NA,,,,,,大同之家旁路口,NA,NA,NA,NA,NA,NA,NA,NA,NA,0,1,0,晴,日間自然光線,村里道路,40,四岔路,交岔路口內,柏油,乾燥,無缺陷,無障礙物,良好,無號誌,無號誌,無分向設施,未繪設車道線,未繪設快慢車道分隔線,有,側撞,未依規定讓車,Y000,YZ00,1,2,2014/12/3,民生路,,金門縣金城鎮大同之家旁路口,118.3190184,24.43575,自用 小客車∕普通重型 機車∕,小客車自用∕機車普通重型∕,27∕65∕,未受傷∕受傷∕,CL****5代號3462∕23****E代號3463∕,其他∕其他∕,有適當之駕照∕有適當之駕照∕,經檢測無酒精反應∕經檢測無酒精反應∕,汽車前車頭∕機車前車頭∕,未依規定讓車∕未依規定減速∕,未依規定讓車∕未依規定讓車∕,其他∕其他∕,上、下班∕其他∕,本國∕本國∕
10312,10312Y00020017,YZA1,10312YZ000014,2014,12,6,10,25,金門縣,金城鎮,,NA,西海路,二,,NA,,,,,,賢聚超商旁路段,NA,NA,NA,NA,NA,NA,NA,NA,NA,0,2,0,晴,日間自然光線,村里道路,40,三岔路,交岔路口內,柏油,乾燥,無缺陷,無障礙物,良好,無號誌,無號誌,無分向設施,未繪設車道線,未繪設快慢車道分隔線,有,其他,起步未注意其他車（人）安全,Y000,YZ00,1,2,2014/12/6,西海路二段,,金門縣金城鎮賢聚超商旁路段,118.3041626,24.4144371,自用 小貨車(含客、貨兩用)∕普通重型 機車∕乘客 人,小貨車自用∕機車普通重型∕乘客,35∕50∕21,未受傷∕受傷∕受傷,RA*****2代號3464∕PK****5代號3465∕PK****5代號3465,其他∕其他∕其他,有適當之駕照∕有適當之駕照∕非汽（機）車駕駛人,經檢測無酒精反應∕經檢測無酒精反應∕非駕駛人，未檢測,不明∕不明∕非汽（機）車,起步未注意其他車（人）安全∕未依規定減速∕尚未發現肇事因素,起步未注意其他車（人）安全∕起步未注意其他車（人）安全∕起步未注意其他車（人）安全,其他∕其他∕其他,其他∕其他∕其他,本國∕本國∕本國
10312,10312Y00020018,YZA1,10312YZ000016,2014,12,9,11,23,金門縣,金城鎮,,NA,西海路,三,,NA,,,,,,石雕公園路口,NA,NA,NA,NA,NA,NA,NA,NA,NA,0,2,0,晴,日間自然光線,縣道,50,三岔路,交岔路口內,柏油,乾燥,無缺陷,無障礙物,良好,閃光號誌,正常,無分向設施,未繪設車道線,未繪設快慢車道分隔線,有,追撞,未注意車前狀態,Y000,YZ00,1,2,2014/12/9,西海路三段,,金門縣金城鎮石雕公園路口,118.3124964,24.4226194,普通重型 機車∕普通重型 機車∕,機車普通重型∕機車普通重型∕,57∕78∕,受傷∕受傷∕,67****T代號3466∕PZ****0代號3467∕,其他∕其他∕,有適當之駕照∕有適當之駕照∕,經檢測無酒精反應∕經檢測無酒精反應∕,機車前車頭∕機車左側車身∕,未注意車前狀態∕尚未發現肇事因素∕,未注意車前狀態∕未注意車前狀態∕,家庭主婦（夫）∕無業者∕,購物∕社交活動∕,本國∕本國∕
10312,10312Y00020020,YZA1,10312YZ000017,2014,12,10,18,45,金門縣,金城鎮,,NA,伯玉路,一,,NA,,,,,,白玉樓餐廳前路段,NA,NA,NA,NA,NA,NA,NA,NA,NA,0,1,0,陰,夜間（或隧道、地下道、涵洞）有照明,村里道路,70,直路,快車道,柏油,乾燥,無缺陷,無障礙物,良好,無號誌,無號誌,附標記,未繪設車道線,快慢車道分隔線,有,側撞,迴轉未依規定,Y000,YZ00,1,2,2014/12/10,伯玉路一段,,金門縣金城鎮白玉樓餐廳前路段,118.3267756,24.4346914,普通重型 機車∕普通重型 機車∕,機車普通重型∕機車普通重型∕,47∕34∕,未受傷∕受傷∕,CX****9代號3468∕12****E代號3469∕,其他∕其他∕,有適當之駕照∕有適當之駕照∕,經檢測無酒精反應∕經檢測無酒精反應∕,機車左側車身∕機車前車頭∕,迴轉未依規定∕未注意車前狀態∕,迴轉未依規定∕迴轉未依規定∕,其他∕其他∕,其他∕其他∕,本國∕本國∕
10312,10312Y00020019,YZA1,10312YZ000018,2014,12,10,11,30,金門縣,金城鎮,,NA,民族路,,,NA,253,,,,,,NA,NA,NA,NA,NA,NA,NA,NA,NA,0,1,0,晴,日間自然光線,專用道路,40,三岔路,交岔路口內,柏油,乾燥,無缺陷,路上有停車,良好,無號誌,無號誌,無分向設施,未繪設車道線,未繪設快慢車道分隔線,有,側撞,未注意車前狀態,Y000,YZ00,1,2,2014/12/10,民族路253號,,金門縣金城鎮,118.3157499,24.4302723,自用 小客車∕普通重型 機車∕,小客車自用∕機車普通重型∕,51∕70∕,未受傷∕受傷∕,WY****5代號3470∕PZ****5代號3471∕,其他∕其他∕,有適當之駕照∕有適當之駕照∕,經檢測無酒精反應∕經檢測無酒精反應∕,汽車左前車頭（身）∕機車前車頭∕,未注意車前狀態∕未注意車前狀態∕,未注意車前狀態∕未注意車前狀態∕,其他∕無業者∕,其他∕其他∕,本國∕本國∕
10312,10312Y00020021,YZA1,10312YZ000021,2014,12,11,18,29,金門縣,金寧鄉,,NA,環島北路,一,,NA,Feb-81,,,,,,NA,NA,NA,NA,NA,NA,NA,NA,NA,0,1,0,晴,夜間（或隧道、地下道、涵洞）有照明,村里道路,40,三岔路,交岔口附近,柏油,乾燥,無缺陷,無障礙物,良好,無號誌,無號誌,無標記,未繪設車道線,未繪設快慢車道分隔線,有,同向擦撞,未保持行車安全距離,Y000,YZ00,1,2,2014/12/11,環島北路一段81-2號,,金門縣金寧鄉,118.3283226,24.4462231,普通重型 機車∕自用 小客車∕,機車普通重型∕小客車自用∕,19∕43∕,受傷∕未受傷∕,81****C代號3472∕WY****6代號3473∕,其他∕其他∕,有適當之駕照∕有適當之駕照∕,經檢測無酒精反應∕經檢測無酒精反應∕,機車左側車身∕汽車右側車身∕,未保持行車安全距離∕左轉彎未依規定∕,未保持行車安全距離∕未保持行車安全距離∕,其他∕其他∕,業務聯繫∕社交活動∕,本國∕本國∕
10312,10312Y00020033,YZA1,10312YZ000022,2014,12,11,20,6,金門縣,金城鎮,西門里,NA,民權路,,,NA,150,,,,,,NA,NA,NA,NA,NA,NA,NA,NA,NA,0,2,0,晴,夜間（或隧道、地下道、涵洞）有照明,縣道,40,直路,一般車道（未劃分快慢車道）,柏油,乾燥,無缺陷,其他障礙物,良好,無號誌,無號誌,附標記,未繪設車道線,快慢車道分隔線,有,側撞,左轉彎未依規定,Y000,YZ00,1,2,2014/12/11,民權路150號,,金門縣金城鎮西門里,118.3173152,24.4360218,自用 小客車∕普通重型 機車∕乘客 人,小客車自用∕機車普通重型∕乘客,26∕19∕15,未受傷∕受傷∕受傷,6F****0代號3474∕AD*****3代號3475∕AD*****3代號3475,其他∕其他∕其他,有適當之駕照∕有適當之駕照∕非汽（機）車駕駛人,經檢測無酒精反應∕經檢測無酒精反應∕非駕駛人，未檢測,汽車右後車尾（身）∕機車前車頭∕非汽（機）車,左轉彎未依規定∕未保持行車安全距離∕尚未發現肇事因素,左轉彎未依規定∕左轉彎未依規定∕左轉彎未依規定,不明∕不明∕國中生,不明∕不明∕不明,本國∕本國∕本國
10312,10312Y00020026,YZA1,10312YZ000024,2014,12,13,8,43,金門縣,金城鎮,,NA,民族路,,,NA,,,,,,天后宮前路段,NA,NA,NA,NA,NA,NA,NA,NA,NA,0,1,0,晴,日間自然光線,村里道路,40,三岔路,交岔路口內,柏油,乾燥,無缺陷,無障礙物,良好,無號誌,無號誌,無分向設施,未繪設車道線,未繪設快慢車道分隔線,有,其他,未依規定讓車,Y000,YZ00,1,2,2014/12/13,民族路,,金門縣金城鎮天后宮前路段,118.3157499,24.4302723,自用 小客車∕普通重型 機車∕,小客車自用∕機車普通重型∕,58∕25∕,未受傷∕受傷∕,AF*****7代號3476∕8G****6代號3477∕,其他∕其他∕,駕照被吊（註）銷∕有適當之駕照∕,經檢測無酒精反應∕經檢測無酒精反應∕,不明∕不明∕,未依規定讓車∕未注意車前狀態∕,未依規定讓車∕未依規定讓車∕,其他∕服務工作者∕,其他∕上、下班∕,本國∕本國∕
10312,10312Y00020035,YZA1,10312YZ000025,2014,12,13,11,55,金門縣,金城鎮,,NA,民權路,,,NA,,,,,,中正國小側門,NA,NA,NA,NA,NA,NA,NA,NA,NA,0,1,0,晴,日間自然光線,村里道路,40,直路,一般車道（未劃分快慢車道）,柏油,乾燥,無缺陷,無障礙物,良好,無號誌,無號誌,無標記,未繪設車道線,未繪設快慢車道分隔線,有,其他,穿越道路未注意左右來車,Y000,YZ00,1,2,2014/12/13,民權路,,金門縣金城鎮中正國小側門,118.3168946,24.4355379,行人 人∕自用 小客車∕,行人∕小客車自用∕,9∕20∕,受傷∕未受傷∕,∕AA*****2代號2530∕,非駕駛人及乘客∕其他∕,非汽（機）車駕駛人∕有適當之駕照∕,非駕駛人，未檢測∕經檢測無酒精反應∕,非汽（機）車∕汽車左前車頭（身）∕,穿越道路未注意左右來車∕未依規定減速∕,穿越道路未注意左右來車∕穿越道路未注意左右來車∕,小學生∕大學（研究）生∕,其他∕社交活動∕,本國∕本國∕
10312,10312Y00030004,YZA1,10312YZ000026,2014,12,14,0,55,金門縣,金寧鄉,,NA,伯玉路,一,,NA,,,,,,0945號燈桿旁,NA,NA,NA,NA,NA,NA,NA,NA,NA,0,0,0,晴,夜間（或隧道、地下道、涵洞）有照明,鄉道,60,直路,一般車道（未劃分快慢車道）,柏油,乾燥,無缺陷,無障礙物,良好,無號誌,無號誌,無標記,未繪設車道線,未繪設快慢車道分隔線,無,衝出路外,未注意車前狀態,Y000,YZ00,1,3,2014/12/14,伯玉路一段,,金門縣金寧鄉0945號燈桿旁,118.3267756,24.4346914,自用 小客車∕ ∕,小客車自用,25∕0∕,未受傷,VW****5代號3478,其他,有適當之駕照,無法檢測,汽車前車頭,未注意車前狀態∕尚未發現肇事因素∕,未注意車前狀態∕未注意車前狀態∕,其他,其他,本國∕本國∕
10312,10312Y00030005,YZA1,10312YZ000027,2014,12,14,1,25,金門縣,金城鎮,,NA,民生路,,7,NA,,,,,,麟閣大樓前,NA,NA,NA,NA,NA,NA,NA,NA,NA,0,0,0,晴,晨或暮光,鄉道,50,三岔路,交岔路口內,柏油,乾燥,無缺陷,無障礙物,其他,無號誌,無號誌,無分向設施,未繪設車道線,未繪設快慢車道分隔線,無,其他,未注意車前狀態,Y000,YZ00,1,3,2014/12/14,民生路7巷,,金門縣金城鎮麟閣大樓前,118.3190184,24.43575,自用 小客車∕ ∕,小客車自用,25∕59∕,未受傷,08****V代號3479,其他,無照（已達考照年齡）,經檢測無酒精反應,汽車前車頭,未注意車前狀態∕尚未發現肇事因素∕,未注意車前狀態∕未注意車前狀態∕,其他,其他,本國∕本國∕
10312,10312Y00020034,YZA1,10312YZ000028,2014,12,12,21,18,金門縣,金城鎮,東門里,NA,北堤路,,,NA,18,,,,,,NA,NA,NA,NA,NA,NA,NA,NA,NA,0,2,0,晴,夜間（或隧道、地下道、涵洞）有照明,鄉道,40,三岔路,交岔口附近,柏油,乾燥,無缺陷,無障礙物,路上停放車輛,無號誌,無號誌,無標記,未繪設車道線,快慢車道分隔線,有,穿越道路中,穿越道路未注意左右來車,Y000,YZ00,1,2,2014/12/12,北堤路18號,,金門縣金城鎮東門里,118.3167419,24.4294062,行人 人∕普通重型 機車∕,行人∕機車普通重型∕,50∕53∕,受傷∕受傷∕,∕49****A代號3480∕,非駕駛人及乘客∕其他∕,非汽（機）車駕駛人∕有適當之駕照∕,非駕駛人，未檢測∕經檢測無酒精反應∕,非汽（機）車∕機車前車頭∕,穿越道路未注意左右來車∕未注意車前狀態∕,穿越道路未注意左右來車∕穿越道路未注意左右來車∕,其他∕不明∕,不明∕不明∕,本國∕本國∕
10312,10312Y00020027,YZA1,10312YZ000030,2014,12,15,9,55,金門縣,金寧鄉,,NA,,,,NA,,,,,,埔後191號前,NA,NA,NA,NA,NA,NA,NA,NA,NA,0,1,0,晴,日間自然光線,鄉道,40,四岔路,交岔路口內,柏油,乾燥,無缺陷,無障礙物,良好,無號誌,無號誌,無分向設施,未繪設車道線,未繪設快慢車道分隔線,無,路口交岔撞,未依規定讓車,Y000,YZ00,1,2,2014/12/15,金門縣金寧鄉埔後191號前,,金門縣金寧鄉埔後191號前,118.317029,24.442928,普通重型 機車∕自用 小客車∕ ,機車普通重型∕小客車自用∕,20∕35∕0,受傷∕未受傷∕,L7****6代號3481∕6F****7代號3482∕,其他∕其他∕,有適當之駕照∕有適當之駕照∕,經檢測無酒精反應∕經檢測無酒精反應∕,機車右側車身∕汽車左前車頭（身）∕,未依規定讓車∕未依規定減速∕尚未發現肇事因素,未依規定讓車∕未依規定讓車∕未依規定讓車,其他∕其他∕,其他∕其他∕,本國∕本國∕本國
10312,10312Y00020022,YZA1,10312YZ000031,2014,12,15,12,20,金門縣,金城鎮,,NA,伯玉路,一,,NA,,,桃園路,,,,NA,NA,NA,NA,NA,NA,NA,NA,NA,0,1,0,晴,日間自然光線,縣道,60,四岔路,交岔路口內,柏油,乾燥,無缺陷,無障礙物,良好,無號誌,無號誌,無分向設施,未繪設車道線,未繪設快慢車道分隔線,有,側撞,未注意車前狀態,Y000,YZ00,1,2,2014/12/15,伯玉路一段,桃園路,,118.3245732,24.4324356,自用 小貨車(含客、貨兩用)∕普通重型 機車∕,小貨車自用∕機車普通重型∕,54∕60∕,未受傷∕受傷∕,60****D代號3483∕97****J代號3484∕,其他∕其他∕,有適當之駕照∕有適當之駕照∕,經檢測無酒精反應∕經檢測無酒精反應∕,汽車右前車頭（身）∕機車左側車身∕,未注意車前狀態∕未注意車前狀態∕,未注意車前狀態∕未注意車前狀態∕,技術工∕技術工∕,購物∕上、下班∕,本國∕本國∕
10312,10312Y00020036,YZA1,10312YZ000036,2014,12,14,13,45,金門縣,金城鎮,,NA,民生路,,,NA,,,,,,陳滄江議員服務處旁路口,NA,NA,NA,NA,NA,NA,NA,NA,NA,0,1,0,晴,日間自然光線,村里道路,40,四岔路,交岔路口內,柏油,乾燥,無缺陷,無障礙物,良好,無號誌,無號誌,無分向設施,未繪設車道線,未繪設快慢車道分隔線,有,路口交岔撞,未依規定讓車,Y000,YZ00,1,2,2014/12/14,民生路,,金門縣金城鎮陳滄江議員服務處旁路口,118.3190184,24.43575,普通重型 機車∕自用 小客車∕,機車普通重型∕小客車自用∕,19∕28∕,受傷∕未受傷∕,61****U代號3485∕08****2代號3486∕,其他∕其他∕,有適當之駕照∕無照（已達考照年齡）∕,經檢測無酒精反應∕經檢測無酒精反應∕,機車前車頭∕汽車右後車尾（身）∕,未依規定讓車∕未依規定減速∕,未依規定讓車∕未依規定讓車∕,大學（研究）生∕服務工作者∕,上、下學∕購物∕,本國∕本國∕