年月,總編號,處理單位,處理編號,年,月,日,時,分,縣市,區,村里,鄰,街道,段,巷,弄,號,公尺處,街道.1,段.1,側,附近,道路,公里,公尺處.1,向,車道,平交道,公里.1,公尺處.2,附近.1,死,受傷,X2.30,天候,光線,道路類別,速限,道路型態,事故位置,路面鋪裝,路面狀態,路面缺陷,障礙物,視距,號誌種類,號誌動作,分向設施,快車道或一般車道間,快慢車道間,路面邊線,事故類型及型態,主要肇因,警局,分局,案件類別,事故類別,日期,道路1,道路2,概略位置,lon,lat,車種,當事者區分.類別.,年齡,受傷程度,車輛牌照號碼,車輛用途,駕駛資格情形,飲酒情形,車輛撞擊部位最初,肇事因素個別,肇事因素主要,職.業,旅次目的,國籍
10312,10312Y00030006,YZA1,10312YZ000042,2014,12,18,19,14,金門縣,金寧鄉,,NA,,,,NA,,,,,,埔後127號旁,NA,NA,NA,NA,NA,NA,NA,NA,NA,0,0,0,晴,晨或暮光,鄉道,40,直路,一般車道（未劃分快慢車道）,柏油,乾燥,無缺陷,道路工事（程）中,良好,無號誌,無號誌,無分向設施,未繪設車道線,未繪設快慢車道分隔線,無,其他,未注意車前狀態,Y000,YZ00,1,3,2014/12/18,金門縣金寧鄉埔後127號旁,,金門縣金寧鄉埔後127號旁,118.317029,24.442928,自用 小客車∕ ∕,小客車自用,32∕0∕,未受傷,AF*****6代號3487,其他,有適當之駕照,經檢測無酒精反應,汽車左前車頭（身）,未注意車前狀態∕尚未發現肇事因素∕,未注意車前狀態∕未注意車前狀態∕,其他,其他,本國∕本國∕
10312,10312Y00020023,YZA1,10312YZ000044,2014,12,19,7,25,金門縣,金城鎮,,NA,民族路,,,NA,,,,,,代天府前,NA,NA,NA,NA,NA,NA,NA,NA,NA,0,1,0,雨,日間自然光線,村里道路,40,直路,一般車道（未劃分快慢車道）,柏油,濕潤,無缺陷,無障礙物,良好,無號誌,無號誌,無標記,未繪設車道線,未繪設快慢車道分隔線,無,同向通行中,未注意車前狀態,Y000,YZ00,1,2,2014/12/19,民族路,,金門縣金城鎮代天府前,118.3157499,24.4302723,普通重型 機車∕行人 人∕,機車普通重型∕行人∕,65∕60∕,未受傷∕受傷∕,PZ****1代號3488,其他∕非駕駛人及乘客∕,有適當之駕照∕非汽（機）車駕駛人∕,經檢測無酒精反應∕非駕駛人，未檢測∕,機車前車頭∕非汽（機）車∕,未注意車前狀態∕尚未發現肇事因素∕,未注意車前狀態∕未注意車前狀態∕,其他∕其他∕,其他∕其他∕,本國∕本國∕
10312,10312Y00020030,YZA1,10312YZ000045,2014,12,19,13,55,金門縣,金城鎮,,NA,民族路,,,NA,18,,,,,,NA,NA,NA,NA,NA,NA,NA,NA,NA,0,1,0,雨,日間自然光線,村里道路,40,直路,一般車道（未劃分快慢車道）,柏油,濕潤,無缺陷,無障礙物,良好,無號誌,無號誌,無分向設施,車道線（無標記）,未繪設快慢車道分隔線,有,路上翻車、摔倒,酒醉（後）駕駛失控,Y000,YZ00,1,2,2014/12/19,民族路18號,,金門縣金城鎮,118.3157499,24.4302723,普通重型 機車∕ ∕,機車普通重型,45∕0∕,受傷,PZ****6代號3489,其他,有適當之駕照,經呼氣檢測超過0.80mg∕L或血液檢測超過0.16,機車前車頭,酒醉（後）駕駛失控∕尚未發現肇事因素∕,酒醉（後）駕駛失控∕酒醉（後）駕駛失控∕,非技術工及體力工,購物,本國∕本國∕
10312,10312Y00020038,YZA1,10312YZ000046,2014,12,19,14,10,金門縣,金城鎮,,NA,西海路,一,,NA,,,,,,水頭T字路口,NA,NA,NA,NA,NA,NA,NA,NA,NA,0,1,0,晴,日間自然光線,鄉道,50,三岔路,交岔路口內,柏油,濕潤,無缺陷,無障礙物,良好,無號誌,無號誌,無分向設施,未繪設車道線,未繪設快慢車道分隔線,無,其他,未依規定減速,Y000,YZ00,1,2,2014/12/19,西海路一段,,金門縣金城鎮水頭T字路口,118.2906709,24.4124946,普通重型 機車∕遊覽車 大客車∕,機車普通重型∕遊覽車∕,19∕49∕,受傷∕未受傷∕,62****L代號3490∕17***L代號3491∕,其他∕其他∕,有適當之駕照∕有適當之駕照∕,經檢測無酒精反應∕經檢測無酒精反應∕,機車前車頭∕汽車左前車頭（身）∕,未依規定減速∕尚未發現肇事因素∕,未依規定減速∕未依規定減速∕,其他∕其他∕,其他∕其他∕,本國∕本國∕
10312,10312Y00020037,YZA1,10312YZ000047,2014,12,19,11,11,金門縣,金城鎮,,NA,環島西路,一,,NA,,,北堤路,,,,NA,NA,NA,NA,NA,NA,NA,NA,NA,0,1,0,雨,日間自然光線,村里道路,40,四岔路,交岔路口內,柏油,濕潤,無缺陷,無障礙物,其他,行車管制號誌,正常,無分向設施,未繪設車道線,未繪設快慢車道分隔線,有,側撞,未依規定讓車,Y000,YZ00,1,2,2014/12/19,環島西路一段,北堤路,,118.3213944,24.42983234,普通重型 機車∕普通重型 機車∕,機車普通重型∕機車普通重型∕,70∕23∕,受傷∕未受傷∕,20****V代號2436∕77****G代號3492∕,其他∕其他∕,有適當之駕照∕有適當之駕照∕,經檢測無酒精反應∕經檢測無酒精反應∕,機車右側車身∕機車前車頭∕,未依規定讓車∕未注意車前狀態∕,未依規定讓車∕未依規定讓車∕,其他∕其他∕,其他∕其他∕,本國∕本國∕
10312,10312Y00020052,YZA1,10312YZ000048,2014,12,19,17,45,金門縣,金城鎮,,NA,伯玉路,一,,NA,,,,,,東門圓環口,NA,NA,NA,NA,NA,NA,NA,NA,NA,0,1,0,雨,夜間（或隧道、地下道、涵洞）有照明,村里道路,60,廣場,一般車道（未劃分快慢車道）,柏油,濕潤,無缺陷,無障礙物,良好,無號誌,無號誌,無分向設施,車道線（無標記）,未繪設快慢車道分隔線,有,路上翻車、摔倒,酒醉（後）駕駛失控,Y000,YZ00,1,2,2014/12/19,伯玉路一段,,金門縣金城鎮東門圓環口,118.3267756,24.4346914,普通重型 機車∕ ∕,機車普通重型,46∕0∕,受傷,PZ****9代號239,其他,無照（已達考照年齡）,經呼氣檢測超過0.80mg∕L或血液檢測超過0.16,機車右側車身,酒醉（後）駕駛失控∕尚未發現肇事因素∕,酒醉（後）駕駛失控∕酒醉（後）駕駛失控∕,非技術工及體力工,上、下班,本國∕本國∕
10312,10312Y00020040,YZA1,10312YZ000050,2014,12,20,20,0,金門縣,金城鎮,,NA,民生路,,,NA,,,,,,53號前,NA,NA,NA,NA,NA,NA,NA,NA,NA,0,2,0,陰,夜間（或隧道、地下道、涵洞）有照明,村里道路,40,直路,一般車道（未劃分快慢車道）,柏油,乾燥,無缺陷,無障礙物,良好,無號誌,無號誌,無標記,未繪設車道線,未繪設快慢車道分隔線,有,側撞,未依規定讓車,Y000,YZ00,1,2,2014/12/20,民生路,,金門縣金城鎮53號前,118.3190184,24.43575,普通重型 機車∕普通重型 機車∕自用 小客車,機車普通重型∕機車普通重型∕小客車自用,46∕19∕29,受傷∕受傷∕未受傷,2J****5代號1528∕BG****6代號3493∕09****V代號2571,其他∕其他∕其他,有適當之駕照∕有適當之駕照∕有適當之駕照,經檢測無酒精反應∕經檢測無酒精反應∕經檢測無酒精反應,機車前車頭∕機車前車頭∕汽車左側車身,未依規定讓車∕未注意車前狀態∕違規停車或暫停不當而肇事,未依規定讓車∕未依規定讓車∕未依規定讓車,其他∕其他∕其他,其他∕其他∕其他,本國∕本國∕本國
10312,10312Y00020041,YZA1,10312YZ000054,2014,12,22,17,35,金門縣,金城鎮,,NA,珠浦西路,,,NA,,,,,,宏德宮旁路口,NA,NA,NA,NA,NA,NA,NA,NA,NA,0,1,0,晴,夜間（或隧道、地下道、涵洞）有照明,村里道路,40,多岔路,交岔路口內,柏油,乾燥,無缺陷,無障礙物,良好,無號誌,無號誌,無分向設施,未繪設車道線,未繪設快慢車道分隔線,有,路上翻車、摔倒,未注意車前狀態,Y000,YZ00,1,2,2014/12/22,珠浦西路,,金門縣金城鎮宏德宮旁路口,118.3147803,24.4384226,普通重型 機車∕ ∕,機車普通重型,19∕0∕,受傷,62****Z代號3494,其他,有適當之駕照,經檢測無酒精反應,機車右側車身,未注意車前狀態∕尚未發現肇事因素∕,未注意車前狀態∕未注意車前狀態∕,大學（研究）生,上、下學,本國∕本國∕
10312,10312Y00020053,YZA1,10312YZ000056,2014,12,24,13,46,金門縣,金寧鄉,,NA,伯玉路,二,,NA,,,,,,王大夫一條根文化館前路段,NA,NA,NA,NA,NA,NA,NA,NA,NA,0,1,0,晴,日間自然光線,村里道路,70,直路,慢車道,柏油,乾燥,無缺陷,無障礙物,良好,無號誌,無號誌,無標記,未繪設車道線,快慢車道分隔線,有,追撞,未注意車前狀態,Y000,YZ00,1,2,2014/12/24,伯玉路二段,,金門縣金寧鄉王大夫一條根文化館前路段,118.3416148,24.4414563,普通重型 機車∕自用 小客車∕,機車普通重型∕小客車自用∕,25∕20∕,受傷∕未受傷∕,50****Y代號3495∕06****X代號3496∕,其他∕其他∕,有適當之駕照∕有適當之駕照∕,經檢測無酒精反應∕經觀察未飲酒∕,機車前車頭∕汽車後車尾∕,未注意車前狀態∕拋錨未採安全措施∕,未注意車前狀態∕未注意車前狀態∕,其他∕其他∕,其他∕其他∕,本國∕本國∕
10312,10312Y00020058,YZA1,10312YZ000058,2014,12,24,7,4,金門縣,金城鎮,西門里,NA,珠浦西路,,,NA,,,,,,宏德宮旁路口,NA,NA,NA,NA,NA,NA,NA,NA,NA,0,1,0,晴,日間自然光線,村里道路,40,多岔路,交岔路口內,柏油,乾燥,無缺陷,無障礙物,良好,無號誌,無號誌,無分向設施,未繪設車道線,未繪設快慢車道分隔線,無,路口交岔撞,未依規定讓車,Y000,YZ00,1,2,2014/12/24,珠浦西路,,金門縣金城鎮西門里宏德宮旁路口,118.3147803,24.4384226,普通重型 機車∕自用 小客車∕,機車普通重型∕小客車自用∕,53∕44∕,受傷∕未受傷∕,35****J代號3497∕6F****7代號3498∕,其他∕其他∕,無照（已達考照年齡）∕有適當之駕照∕,經檢測無酒精反應∕經檢測無酒精反應∕,機車後車尾∕汽車前車頭∕,未依規定讓車∕未依規定減速∕,未依規定讓車∕未依規定讓車∕,其他∕其他∕,其他∕其他∕,本國∕本國∕
10312,,YZA1,10312YZ000059,2014,12,24,18,30,金門縣,金城鎮,,NA,民生路,,,NA,2,,,,,車站圓環,NA,NA,NA,NA,NA,NA,NA,NA,NA,0,0,0,晴,NA,NA,40,NA,NA,NA,NA,NA,NA,NA,NA,NA,NA,NA,NA,NA,NA,NA,Y000,YZ00,1,4,2014/12/24,民生路2號,,金門縣金城鎮車站圓環,118.3190184,24.43575,公營公車 大客車∕自用 小客車∕,公營公車∕小客車自用∕,47∕50∕,,VU***3代號3499∕98****S代號3500∕,,,,,,,,,本國∕本國∕
10312,10312Y00020042,YZA1,10312YZ000060,2014,12,25,9,50,金門縣,金城鎮,,NA,民權路,,,NA,156,,,,,,NA,NA,NA,NA,NA,NA,NA,NA,NA,0,1,0,陰,日間自然光線,鄉道,40,四岔路,交岔口附近,柏油,乾燥,無缺陷,無障礙物,良好,無號誌,無號誌,無標記,未繪設車道線,快慢車道分隔線,有,側撞,迴轉未依規定,Y000,YZ00,1,2,2014/12/25,民權路156號,,金門縣金城鎮,118.3177629,24.4364948,自用 小貨車(含客、貨兩用)∕普通重型 機車∕,小貨車自用∕機車普通重型∕,26∕26∕,未受傷∕受傷∕,WY****0代號3501∕BA****2代號3502∕,其他∕其他∕,有適當之駕照∕有適當之駕照∕,經檢測無酒精反應∕經檢測無酒精反應∕,汽車左側車身∕機車前車頭∕,迴轉未依規定∕未注意車前狀態∕,迴轉未依規定∕迴轉未依規定∕,售貨員∕售貨員∕,業務聯繫∕上、下班∕,本國∕本國∕
10312,10312Y00020039,YZA1,10312YZ000061,2014,12,20,18,25,金門縣,金城鎮,,NA,金山路,,,NA,21,,,,,,NA,NA,NA,NA,NA,NA,NA,NA,NA,0,1,0,晴,夜間（或隧道、地下道、涵洞）有照明,鄉道,40,直路,一般車道（未劃分快慢車道）,柏油,乾燥,無缺陷,無障礙物,良好,無號誌,無號誌,附標記,未繪設車道線,未繪設快慢車道分隔線,有,同向通行中,未注意車前狀態,Y000,YZ00,1,2,2014/12/20,金山路21號,,金門縣金城鎮,118.3277754,24.4167689,普通重型 機車∕行人 人∕,機車普通重型∕行人∕,32∕22∕,未受傷∕受傷∕,81****G代號3503,其他∕非駕駛人及乘客∕,有適當之駕照∕非汽（機）車駕駛人∕,經檢測無酒精反應∕非駕駛人，未檢測∕,機車前車頭∕非汽（機）車∕,未注意車前狀態∕尚未發現肇事因素∕,未注意車前狀態∕未注意車前狀態∕,不明∕不明∕,其他∕不明∕,本國∕本國∕
10312,10312Y00020054,YZA1,10312YZ000062,2014,12,25,20,50,金門縣,金寧鄉,,NA,,,,NA,下埔下90-3,,,,,,NA,NA,NA,NA,NA,NA,NA,NA,NA,0,3,0,晴,夜間（或隧道、地下道、涵洞）有照明,村里道路,40,四岔路,交岔路口內,水泥,乾燥,無缺陷,無障礙物,良好,無號誌,無號誌,無分向設施,未繪設車道線,未繪設快慢車道分隔線,無,側撞,未依規定讓車,Y000,YZ00,1,2,2014/12/25,金門縣金寧鄉下埔下90-3號,,金門縣金寧鄉,118.3126857,24.4442026,普通重型 機車∕普通重型 機車∕乘客 人,機車普通重型∕機車普通重型∕乘客,20∕21∕20,受傷∕受傷∕受傷,IW****9代號3504∕38****D代號3505∕IW****9代號3504,其他∕其他∕其他,有適當之駕照∕有適當之駕照∕非汽（機）車駕駛人,經檢測無酒精反應∕經檢測無酒精反應∕非駕駛人，未檢測,機車右側車身∕機車前車頭∕非汽（機）車,未依規定讓車∕未依規定減速∕尚未發現肇事因素,未依規定讓車∕未依規定讓車∕未依規定讓車,大學（研究）生∕大學（研究）生∕大學（研究）生,上、下學∕社交活動∕上、下學,本國∕本國∕本國
10312,10312Y00020061,YZA1,10312YZ000063,2014,12,25,17,45,金門縣,金城鎮,,NA,環島西路,二,3,NA,,,,,,口,NA,NA,NA,NA,NA,NA,NA,NA,NA,0,2,0,雨,夜間（或隧道、地下道、涵洞）有照明,鄉道,40,四岔路,交岔路口內,柏油,濕潤,無缺陷,無障礙物,良好,無號誌,無號誌,無分向設施,未繪設車道線,未繪設快慢車道分隔線,有,側撞,未依規定讓車,Y000,YZ00,1,2,2014/12/25,環島西路二段3巷,,金門縣金城鎮口,118.3148723,24.4566699,自用 小客車∕普通重型 機車∕普通重型 機車,小客車自用∕機車普通重型∕機車普通重型,71∕18∕19,未受傷∕受傷∕受傷,DS****6代號3506∕59****Q代號3507∕OA****0代號3508,其他∕其他∕其他,有適當之駕照∕有適當之駕照∕有適當之駕照,經檢測無酒精反應∕經檢測無酒精反應∕經檢測無酒精反應,不明∕機車後車尾∕機車前車頭,未依規定讓車∕未依規定減速∕尚未發現肇事因素,未依規定讓車∕未依規定讓車∕未依規定讓車,不明∕大學（研究）生∕大學（研究）生,其他∕上、下學∕上、下學,本國∕本國∕本國
10312,10312Y00020055,YZA1,10312YZ000065,2014,12,28,18,44,金門縣,金城鎮,,NA,環島北路,一,,NA,,,環島西路,二,,救國團旁,NA,NA,NA,NA,NA,NA,NA,NA,NA,0,1,0,晴,夜間（或隧道、地下道、涵洞）有照明,鄉道,50,三岔路,交岔路口內,柏油,乾燥,無缺陷,無障礙物,良好,無號誌,無號誌,無分向設施,未繪設車道線,未繪設快慢車道分隔線,無,側撞,未依規定讓車,Y000,YZ00,1,2,2014/12/28,環島北路一段,環島西路二段,,118.321074,24.439927,自用 小客車∕普通重型 機車∕,小客車自用∕機車普通重型∕,40∕18∕,未受傷∕受傷∕,F3****8代號3509∕52****S代號3510∕,其他∕其他∕,有適當之駕照∕有適當之駕照∕,經檢測無酒精反應∕經檢測無酒精反應∕,汽車右前車頭（身）∕機車前車頭∕,未依規定讓車∕未注意車前狀態∕,未依規定讓車∕未依規定讓車∕,其他∕其他∕,其他∕其他∕,本國∕本國∕
10312,10312Y00020044,YZA1,10312YZ000067,2014,12,28,11,30,金門縣,金城鎮,,NA,中興路,,205,NA,,,,,,寶貝園地托兒所,NA,NA,NA,NA,NA,NA,NA,NA,NA,0,1,0,陰,日間自然光線,其他,40,三岔路,交岔路口內,柏油,乾燥,無缺陷,無障礙物,良好,無號誌,無號誌,無分向設施,未繪設車道線,未繪設快慢車道分隔線,無,倒車撞,倒車未依規定,Y000,YZ00,1,2,2014/12/28,中興路205巷,,金門縣金城鎮寶貝園地托兒所,118.3208731,24.4352122,自用 小客車∕普通重型 機車∕,小客車自用∕機車普通重型∕,23∕64∕,未受傷∕受傷∕,6F****0代號3511∕20****U代號3512∕,其他∕其他∕,有適當之駕照∕有適當之駕照∕,經檢測無酒精反應∕經檢測無酒精反應∕,汽車左後車尾（身）∕機車右側車身∕,倒車未依規定∕未注意車前狀態∕,倒車未依規定∕倒車未依規定∕,其他∕其他∕,其他∕其他∕,本國∕本國∕
10312,10312Y00020045,YZA1,10312YZ000068,2014,12,29,5,5,金門縣,金城鎮,,NA,民生路,,,NA,,,,,,中興路路口,NA,NA,NA,NA,NA,NA,NA,NA,NA,0,2,0,晴,夜間（或隧道、地下道、涵洞）有照明,村里道路,40,四岔路,交岔路口內,柏油,乾燥,無缺陷,無障礙物,良好,閃光號誌,正常,無分向設施,未繪設車道線,未繪設快慢車道分隔線,有,撞號誌、標誌桿,酒醉（後）駕駛失控,Y000,YZ00,1,2,2014/12/29,民生路,,金門縣金城鎮中興路路口,118.3190184,24.43575,自用 小客車∕ ∕乘客 人,小客車自用乘客,37∕0∕27,受傷受傷,AF*****2代號3513AF*****2代號3513,其他其他,有適當之駕照非汽（機）車駕駛人,經呼氣檢測未超過0.15mg∕L或血液檢測未超過0.03非駕駛人，未檢測,汽車前車頭非汽（機）車,酒醉（後）駕駛失控∕尚未發現肇事因素∕尚未發現肇事因素,酒醉（後）駕駛失控∕酒醉（後）駕駛失控∕酒醉（後）駕駛失控,其他其他,其他其他,本國∕本國∕非本國
10312,,YZA1,10312YZ000070,2014,12,29,19,19,金門縣,金城鎮,,NA,民生路,,,NA,,,中興路,,,,NA,NA,NA,NA,NA,NA,NA,NA,NA,0,1,0,晴,夜間（或隧道、地下道、涵洞）有照明,鄉道,50,四岔路,交岔路口內,柏油,乾燥,無缺陷,無障礙物,良好,行車管制號誌（附設行人專用號誌）,正常,無分向設施,未繪設車道線,未繪設快慢車道分隔線,無,側撞,左轉彎未依規定,Y000,YZ00,3,2,2014/12/29,民生路,中興路,,118.319696,24.43433386,普通重型 機車∕普通重型 機車∕,機車普通重型∕機車普通重型∕,19∕20∕,受傷∕未受傷∕,55****W代號3514∕JY****7代號3515∕,其他∕其他∕,有適當之駕照∕有適當之駕照∕,經檢測無酒精反應∕經檢測無酒精反應∕,機車左側車身∕機車前車頭∕,左轉彎未依規定∕違規超車∕,左轉彎未依規定∕左轉彎未依規定∕,其他∕其他∕,其他∕其他∕,本國∕本國∕
10312,10312Y00020046,YZA1,10312YZ000071,2014,12,29,22,10,金門縣,金城鎮,,NA,民權路,,,NA,,,,,,元大銀行前路段,NA,NA,NA,NA,NA,NA,NA,NA,NA,0,1,0,陰,夜間（或隧道、地下道、涵洞）有照明,村里道路,40,直路,一般車道（未劃分快慢車道）,柏油,乾燥,無缺陷,無障礙物,良好,無號誌,無號誌,無標記,未繪設車道線,未繪設快慢車道分隔線,無,側撞,未保持行車安全距離,Y000,YZ00,1,2,2014/12/29,民權路,,金門縣金城鎮元大銀行前路段,118.3168946,24.4355379,普通重型 機車∕自用 小客車∕,機車普通重型∕小客車自用∕,20∕25∕,受傷∕未受傷∕,85****E代號3516∕39****6代號68∕,其他∕其他∕,有適當之駕照∕有適當之駕照∕,經檢測無酒精反應∕經檢測無酒精反應∕,機車左側車身∕汽車右側車身∕,未保持行車安全距離∕右轉彎未依規定∕,未保持行車安全距離∕未保持行車安全距離∕,其他∕其他∕,其他∕其他∕,本國∕本國∕
10312,10312Y00020056,YZA1,10312YZ000072,2014,12,30,8,0,金門縣,金寧鄉,榜林村,NA,,,,NA,,,,,,和成衛浴公司前,NA,NA,NA,NA,NA,NA,NA,NA,NA,0,1,0,晴,日間自然光線,村里道路,40,彎曲路及附近,一般車道（未劃分快慢車道）,柏油,乾燥,無缺陷,無障礙物,良好,無號誌,無號誌,無分向設施,未繪設車道線,未繪設快慢車道分隔線,有,對撞,未靠右行駛,Y000,YZ00,1,2,2014/12/30,金門縣金寧鄉榜林村和成衛浴公司前,,金門縣金寧鄉榜林村和成衛浴公司前,118.329691,24.436387,普通重型 機車∕自用 小客車∕,機車普通重型∕小客車自用∕,19∕38∕,受傷∕未受傷∕,F6****1代號3517∕10****X代號3518∕,其他∕其他∕,有適當之駕照∕有適當之駕照∕,經檢測無酒精反應∕經檢測無酒精反應∕,機車前車頭∕汽車前車頭∕,未靠右行駛∕未注意車前狀態∕,未靠右行駛∕未靠右行駛∕,大學（研究）生∕事務工作者∕,上、下學∕社交活動∕,本國∕本國∕
10312,10312Y00020057,YZA1,10312YZ000073,2014,12,30,8,22,金門縣,金城鎮,,NA,光前路,,,NA,147,,,,,路口,NA,NA,NA,NA,NA,NA,NA,NA,NA,0,1,0,晴,日間自然光線,村里道路,50,三岔路,交岔路口內,柏油,乾燥,無缺陷,無障礙物,良好,無號誌,無號誌,無標記,禁止雙換車道線（無標記）,未繪設快慢車道分隔線,有,側撞,未依規定讓車,Y000,YZ00,1,2,2014/12/30,光前路147號,,金門縣金城鎮路口,118.3142468,24.4339885,自用 小客車∕普通輕型 機車∕,小客車自用∕機車普通輕型∕,44∕77∕,未受傷∕受傷∕,WY****8代號3519∕WZ****8代號2140∕,其他∕其他∕,有適當之駕照∕有適當之駕照∕,經檢測無酒精反應∕經檢測無酒精反應∕,汽車左後車尾（身）∕機車前車頭∕,未依規定讓車∕未依規定減速∕,未依規定讓車∕未依規定讓車∕,其他∕其他∕,其他∕上、下學∕,本國∕本國∕
10312,10312Y00020059,YZA1,10312YZ000074,2014,12,30,15,44,金門縣,金城鎮,,NA,民生路,,45,NA,,,,,,LANEW旁,NA,NA,NA,NA,NA,NA,NA,NA,NA,0,1,0,晴,日間自然光線,鄉道,50,三岔路,交岔口附近,柏油,乾燥,無缺陷,無障礙物,良好,無號誌,無號誌,無標記,未繪設車道線,未繪設快慢車道分隔線,無,追撞,未注意車前狀態,Y000,YZ00,1,2,2014/12/30,民生路45巷,,金門縣金城鎮LANEW旁,118.3190184,24.43575,自用 小客車∕普通重型 機車∕,小客車自用∕機車普通重型∕,35∕45∕,未受傷∕受傷∕,49****2代號3520∕17****A代號3521∕,其他∕其他∕,有適當之駕照∕有適當之駕照∕,經檢測無酒精反應∕經檢測無酒精反應∕,汽車右前車頭（身）∕機車後車尾∕,未注意車前狀態∕尚未發現肇事因素∕,未注意車前狀態∕未注意車前狀態∕,其他∕其他∕,其他∕其他∕,本國∕本國∕
10312,10312Y00020049,YZA1,10312YZ000078,2014,12,31,18,8,金門縣,金寧鄉,,NA,大學路,,,NA,,,,,,莫瑪傢俱前路口,NA,NA,NA,NA,NA,NA,NA,NA,NA,0,1,0,陰,夜間（或隧道、地下道、涵洞）有照明,村里道路,40,四岔路,交岔路口內,柏油,乾燥,無缺陷,無障礙物,良好,無號誌,無號誌,無分向設施,未繪設車道線,未繪設快慢車道分隔線,無,側撞,違規超車,Y000,YZ00,1,2,2014/12/31,大學路,,金門縣金寧鄉莫瑪傢俱前路口,118.325279,24.4466751,普通重型 機車∕自用 小客車∕,機車普通重型∕小客車自用∕,18∕26∕,受傷∕未受傷∕,20****H代號3522∕WY****0代號3523∕,其他∕其他∕,有適當之駕照∕有適當之駕照∕,經檢測無酒精反應∕經檢測無酒精反應∕,機車前車頭∕汽車左前車頭（身）∕,違規超車∕左轉彎未依規定∕,違規超車∕違規超車∕,大學（研究）生∕其他∕,其他∕其他∕,本國∕本國∕
10312,10312Y00020048,YZA1,10312YZ000079,2014,12,31,17,40,金門縣,金寧鄉,,NA,伯玉路,一,,NA,,,,,,0929號燈桿附近,NA,NA,NA,NA,NA,NA,NA,NA,NA,0,2,0,晴,夜間（或隧道、地下道、涵洞）有照明,村里道路,60,四岔路,交岔路口內,柏油,乾燥,無缺陷,無障礙物,良好,無號誌,無號誌,無分向設施,未繪設車道線,未繪設快慢車道分隔線,無,路口交岔撞,未依規定讓車,Y000,YZ00,1,2,2014/12/31,伯玉路一段,,金門縣金寧鄉0929號燈桿附近,118.3267756,24.4346914,腳踏自行車 慢車∕普通重型 機車∕,腳踏自行車∕機車普通重型∕,46∕18∕,受傷∕受傷∕,∕95****H代號3524∕,其他∕其他∕,非汽（機）車駕駛人∕有適當之駕照∕,無法檢測∕經檢測無酒精反應∕,非汽（機）車∕機車前車頭∕,未依規定讓車∕未依規定減速∕,未依規定讓車∕未依規定讓車∕,其他∕高中生∕,其他∕其他∕,本國∕本國∕
10312,10312Y00020047,YZA1,10312YZ000080,2014,12,31,15,41,金門縣,金城鎮,,NA,民權路,,70,2,4,,,,,,NA,NA,NA,NA,NA,NA,NA,NA,NA,0,1,0,晴,日間自然光線,村里道路,40,四岔路,交岔路口內,其他鋪裝,乾燥,無缺陷,無障礙物,良好,無號誌,無號誌,無分向設施,未繪設車道線,未繪設快慢車道分隔線,有,路口交岔撞,未依規定讓車,Y000,YZ00,1,2,2014/12/31,民權路70巷2弄4號,,金門縣金城鎮,118.3120733,24.4331197,自用 小客車∕普通重型 機車∕,小客車自用∕機車普通重型∕,37∕31∕,未受傷∕受傷∕,AF*****5代號3525∕53****U代號3526∕,其他∕其他∕,有適當之駕照∕有適當之駕照∕,經檢測無酒精反應∕經檢測無酒精反應∕,汽車右前車頭（身）∕機車前車頭∕,未依規定讓車∕未依規定減速∕,未依規定讓車∕未依規定讓車∕,其他∕其他∕,其他∕其他∕,本國∕本國∕
10312,,YZA1,10312YZ000081,2014,12,31,16,12,金門縣,金城鎮,,NA,伯玉路,一,,NA,90,,,,,陳金福號貢糖前,NA,NA,NA,NA,NA,NA,NA,NA,NA,0,0,0,晴,NA,NA,60,NA,NA,NA,NA,NA,NA,NA,NA,NA,NA,NA,NA,NA,NA,NA,Y000,YZ00,1,4,2014/12/31,伯玉路一段90號,,金門縣金城鎮陳金福號貢糖前,118.3267756,24.4346914,自用 小客車∕自用 小客車∕,小客車自用∕小客車自用∕,29∕47∕,,26****S代號3527∕AF*****5代號3528∕,,,,,,,,,非本國∕本國∕
10312,10312Y00020050,YZA1,10312YZ000082,2014,12,31,19,11,金門縣,金寧鄉,盤山村,NA,大學路,,,NA,1,,,,,,NA,NA,NA,NA,NA,NA,NA,NA,NA,0,1,0,晴,夜間（或隧道、地下道、涵洞）有照明,縣道,40,直路,一般車道（未劃分快慢車道）,水泥,乾燥,無缺陷,無障礙物,良好,無號誌,無號誌,寬式（50公分以上）,未繪設車道線,未繪設快慢車道分隔線,有,路上翻車、摔倒,未注意車前狀態,Y000,YZ00,1,2,2014/12/31,大學路1號,,金門縣金寧鄉盤山村,118.325279,24.4466751,普通輕型 機車∕ ∕,機車普通輕型,19∕0∕,受傷,ZV****9代號3529,其他,有適當之駕照,經檢測無酒精反應,機車右側車身,未注意車前狀態∕尚未發現肇事因素∕,未注意車前狀態∕未注意車前狀態∕,大學（研究）生,上、下學,本國∕本國∕